<?xml version='1.0' encoding='UTF-8' standalone='yes' ?>
<gpx xmlns="http://www.topografix.com/GPX/1/1" xmlns:geotracker="http://ilyabogdanovich.com/gpx/extensions/geotracker" xmlns:xsi="http://www.w3.org/2001/XMLSchema-instance" xsi:schemaLocation="http://www.topografix.com/GPX/1/1 http://www.topografix.com/GPX/1/1/gpx.xsd" version="1.1" creator="Recorded in Geo Tracker for Android from Ilya Bogdanovich">
  <metadata>
    <name>Sep 1, 2026 08:20:25</name>
    <author>
      <name>Recorded in Geo Tracker for Android from Ilya Bogdanovich</name>
      <link href="https://play.google.com/store/apps/details?id=com.ilyabogdanovich.geotracker" />
    </author>
    <link href="https://play.google.com/store/apps/details?id=com.ilyabogdanovich.geotracker" />
    <time>2026-08-31T22:20:25Z</time>
  </metadata>
  <trk>
    <name>Sep 1, 2026 08:20:25</name>
    <src>Recorded in Geo Tracker for Android from Ilya Bogdanovich</src>
    <link href="https://play.google.com/store/apps/details?id=com.ilyabogdanovich.geotracker" />
    <extensions>
      <geotracker:meta>
        <geotracker:length>165666.93</geotracker:length>
        <geotracker:duration>8934128</geotracker:duration>
        <geotracker:creationtime>2026-08-31T22:20:25Z</geotracker:creationtime>
        <geotracker:activity>0</geotracker:activity>
      </geotracker:meta>
    </extensions>
    <trkseg>
      <trkpt lat="-21.58446404" lon="142.07005043">
        <ele>245.99</ele>
        <time>2026-08-31T22:21:29Z</time>
        <extensions>
          <geotracker:meta c="0.06" s="14.52" />
        </extensions>
      </trkpt>
      <trkpt lat="-21.58367251" lon="142.07009381">
        <ele>247.74</ele>
        <time>2026-08-31T22:21:34Z</time>
        <extensions>
          <geotracker:meta c="0.03" s="17.18" />
        </extensions>
      </trkpt>
      <trkpt lat="-21.58202028" lon="142.07013495">
        <ele>245.82</ele>
        <time>2026-08-31T22:21:45Z</time>
        <extensions>
          <geotracker:meta c="0.02" s="17.62" />
        </extensions>
      </trkpt>
      <trkpt lat="-21.58040314" lon="142.07020457">
        <ele>250.25</ele>
        <time>2026-08-31T22:21:55Z</time>
        <extensions>
          <geotracker:meta c="0.04" s="18.38" />
        </extensions>
      </trkpt>
      <trkpt lat="-21.57828025" lon="142.07027966">
        <ele>247.05</ele>
        <time>2026-08-31T22:22:07Z</time>
        <extensions>
          <geotracker:meta c="0.04" s="20.59" />
        </extensions>
      </trkpt>
      <trkpt lat="-21.57445336" lon="142.07043799">
        <ele>247.64</ele>
        <time>2026-08-31T22:22:27Z</time>
        <extensions>
          <geotracker:meta c="0.03" s="21.36" />
        </extensions>
      </trkpt>
      <trkpt lat="-21.57062016" lon="142.07061112">
        <ele>253.71</ele>
        <time>2026-08-31T22:22:47Z</time>
        <extensions>
          <geotracker:meta c="0.03" s="21.25" />
        </extensions>
      </trkpt>
      <trkpt lat="-21.56680043" lon="142.07073301">
        <ele>253.49</ele>
        <time>2026-08-31T22:23:07Z</time>
        <extensions>
          <geotracker:meta c="0.04" s="21.08" />
        </extensions>
      </trkpt>
      <trkpt lat="-21.56329813" lon="142.07065222">
        <ele>252.35</ele>
        <time>2026-08-31T22:23:27Z</time>
        <extensions>
          <geotracker:meta c="5.92" s="16.86" />
        </extensions>
      </trkpt>
      <trkpt lat="-21.56205281" lon="142.06955836">
        <ele>252.5</ele>
        <time>2026-08-31T22:23:37Z</time>
        <extensions>
          <geotracker:meta c="5.5" s="18.93" />
        </extensions>
      </trkpt>
      <trkpt lat="-21.56079733" lon="142.06820735">
        <ele>253.61</ele>
        <time>2026-08-31T22:23:47Z</time>
        <extensions>
          <geotracker:meta c="5.49" s="20.97" />
        </extensions>
      </trkpt>
      <trkpt lat="-21.5594173" lon="142.06672561">
        <ele>256.51</ele>
        <time>2026-08-31T22:23:57Z</time>
        <extensions>
          <geotracker:meta c="5.49" s="21.43" />
        </extensions>
      </trkpt>
      <trkpt lat="-21.55805219" lon="142.06522735">
        <ele>250.51</ele>
        <time>2026-08-31T22:24:07Z</time>
        <extensions>
          <geotracker:meta c="5.49" s="22.57" />
        </extensions>
      </trkpt>
      <trkpt lat="-21.55656873" lon="142.06362824">
        <ele>255.37</ele>
        <time>2026-08-31T22:24:17Z</time>
        <extensions>
          <geotracker:meta c="5.49" s="22.92" />
        </extensions>
      </trkpt>
      <trkpt lat="-21.55521785" lon="142.06215884">
        <ele>256.31</ele>
        <time>2026-08-31T22:24:27Z</time>
        <extensions>
          <geotracker:meta c="5.48" s="21.22" />
        </extensions>
      </trkpt>
      <trkpt lat="-21.55397426" lon="142.06079319">
        <ele>258.71</ele>
        <time>2026-08-31T22:24:36Z</time>
        <extensions>
          <geotracker:meta c="5.48" s="22.02" />
        </extensions>
      </trkpt>
      <trkpt lat="-21.55237011" lon="142.05906853">
        <ele>258.09</ele>
        <time>2026-08-31T22:24:49Z</time>
        <extensions>
          <geotracker:meta c="5.48" s="17.75" />
        </extensions>
      </trkpt>
      <trkpt lat="-21.55127889" lon="142.05786072">
        <ele>259.23</ele>
        <time>2026-08-31T22:24:59Z</time>
        <extensions>
          <geotracker:meta c="5.48" s="17.35" />
        </extensions>
      </trkpt>
      <trkpt lat="-21.55024535" lon="142.05689948">
        <ele>258.47</ele>
        <time>2026-08-31T22:25:09Z</time>
        <extensions>
          <geotracker:meta c="5.81" s="14.49" />
        </extensions>
      </trkpt>
      <trkpt lat="-21.54878828" lon="142.05687283">
        <ele>259.59</ele>
        <time>2026-08-31T22:25:19Z</time>
        <extensions>
          <geotracker:meta c="0.15" s="18.28" />
        </extensions>
      </trkpt>
      <trkpt lat="-21.54695722" lon="142.05712847">
        <ele>258.5</ele>
        <time>2026-08-31T22:25:29Z</time>
        <extensions>
          <geotracker:meta c="0.12" s="21.69" />
        </extensions>
      </trkpt>
      <trkpt lat="-21.54490969" lon="142.05742498">
        <ele>253.33</ele>
        <time>2026-08-31T22:25:39Z</time>
        <extensions>
          <geotracker:meta c="0.13" s="23.2" />
        </extensions>
      </trkpt>
      <trkpt lat="-21.5428344" lon="142.05777802">
        <ele>255.38</ele>
        <time>2026-08-31T22:25:49Z</time>
        <extensions>
          <geotracker:meta c="0.19" s="23.02" />
        </extensions>
      </trkpt>
      <trkpt lat="-21.54093352" lon="142.05821729">
        <ele>259.54</ele>
        <time>2026-08-31T22:25:59Z</time>
        <extensions>
          <geotracker:meta c="0.21" s="19.21" />
        </extensions>
      </trkpt>
      <trkpt lat="-21.53949374" lon="142.0585035">
        <ele>258.24</ele>
        <time>2026-08-31T22:26:09Z</time>
        <extensions>
          <geotracker:meta c="0.19" s="13.99" />
        </extensions>
      </trkpt>
      <trkpt lat="-21.53866353" lon="142.0586724">
        <ele>260.97</ele>
        <time>2026-08-31T22:26:19Z</time>
        <extensions>
          <geotracker:meta c="0.08" s="4.42" />
        </extensions>
      </trkpt>
      <trkpt lat="-21.53843809" lon="142.05804305">
        <ele>258.11</ele>
        <time>2026-08-31T22:26:28Z</time>
        <extensions>
          <geotracker:meta c="4.85" s="12.28" />
        </extensions>
      </trkpt>
      <trkpt lat="-21.5382302" lon="142.0560901">
        <ele>257.03</ele>
        <time>2026-08-31T22:26:40Z</time>
        <extensions>
          <geotracker:meta c="4.83" s="20.64" />
        </extensions>
      </trkpt>
      <trkpt lat="-21.53800798" lon="142.05392609">
        <ele>257.7</ele>
        <time>2026-08-31T22:26:50Z</time>
        <extensions>
          <geotracker:meta c="4.82" s="23.89" />
        </extensions>
      </trkpt>
      <trkpt lat="-21.53777581" lon="142.05174371">
        <ele>257.38</ele>
        <time>2026-08-31T22:26:59Z</time>
        <extensions>
          <geotracker:meta c="4.8" s="25.64" />
        </extensions>
      </trkpt>
      <trkpt lat="-21.53737276" lon="142.04804146">
        <ele>261.12</ele>
        <time>2026-08-31T22:27:14Z</time>
        <extensions>
          <geotracker:meta c="4.83" s="26.46" />
        </extensions>
      </trkpt>
      <trkpt lat="-21.53708575" lon="142.04552115">
        <ele>260.93</ele>
        <time>2026-08-31T22:27:24Z</time>
        <extensions>
          <geotracker:meta c="4.83" s="25.85" />
        </extensions>
      </trkpt>
      <trkpt lat="-21.53683876" lon="142.04299634">
        <ele>261.22</ele>
        <time>2026-08-31T22:27:34Z</time>
        <extensions>
          <geotracker:meta c="4.81" s="26.21" />
        </extensions>
      </trkpt>
      <trkpt lat="-21.53657661" lon="142.04043201">
        <ele>258.8</ele>
        <time>2026-08-31T22:27:44Z</time>
        <extensions>
          <geotracker:meta c="4.82" s="27.4" />
        </extensions>
      </trkpt>
      <trkpt lat="-21.53629621" lon="142.03785902">
        <ele>265.11</ele>
        <time>2026-08-31T22:27:54Z</time>
        <extensions>
          <geotracker:meta c="4.81" s="27.19" />
        </extensions>
      </trkpt>
      <trkpt lat="-21.53600685" lon="142.03526587">
        <ele>266.35</ele>
        <time>2026-08-31T22:28:04Z</time>
        <extensions>
          <geotracker:meta c="4.83" s="27.12" />
        </extensions>
      </trkpt>
      <trkpt lat="-21.53574638" lon="142.032706">
        <ele>269.24</ele>
        <time>2026-08-31T22:28:14Z</time>
        <extensions>
          <geotracker:meta c="4.84" s="26.2" />
        </extensions>
      </trkpt>
      <trkpt lat="-21.5354727" lon="142.03012308">
        <ele>270.02</ele>
        <time>2026-08-31T22:28:24Z</time>
        <extensions>
          <geotracker:meta c="4.82" s="27.42" />
        </extensions>
      </trkpt>
      <trkpt lat="-21.53518453" lon="142.02749169">
        <ele>272.02</ele>
        <time>2026-08-31T22:28:34Z</time>
        <extensions>
          <geotracker:meta c="4.84" s="26.81" />
        </extensions>
      </trkpt>
      <trkpt lat="-21.53492856" lon="142.02493705">
        <ele>268.7</ele>
        <time>2026-08-31T22:28:44Z</time>
        <extensions>
          <geotracker:meta c="4.81" s="26" />
        </extensions>
      </trkpt>
      <trkpt lat="-21.53464935" lon="142.0224153">
        <ele>265.11</ele>
        <time>2026-08-31T22:28:54Z</time>
        <extensions>
          <geotracker:meta c="4.84" s="26.77" />
        </extensions>
      </trkpt>
      <trkpt lat="-21.53439334" lon="142.01986691">
        <ele>266.91</ele>
        <time>2026-08-31T22:29:04Z</time>
        <extensions>
          <geotracker:meta c="4.84" s="26.69" />
        </extensions>
      </trkpt>
      <trkpt lat="-21.53389092" lon="142.01523651">
        <ele>262.15</ele>
        <time>2026-08-31T22:29:22Z</time>
        <extensions>
          <geotracker:meta c="4.83" s="26.86" />
        </extensions>
      </trkpt>
      <trkpt lat="-21.53356881" lon="142.01210348">
        <ele>262.82</ele>
        <time>2026-08-31T22:29:34Z</time>
        <extensions>
          <geotracker:meta c="4.81" s="27.44" />
        </extensions>
      </trkpt>
      <trkpt lat="-21.5330307" lon="142.00694656">
        <ele>256.28</ele>
        <time>2026-08-31T22:29:54Z</time>
        <extensions>
          <geotracker:meta c="4.83" s="26.72" />
        </extensions>
      </trkpt>
      <trkpt lat="-21.53272611" lon="142.00432507">
        <ele>261.1</ele>
        <time>2026-08-31T22:30:04Z</time>
        <extensions>
          <geotracker:meta c="4.85" s="27.14" />
        </extensions>
      </trkpt>
      <trkpt lat="-21.53244105" lon="142.00171558">
        <ele>263.33</ele>
        <time>2026-08-31T22:30:14Z</time>
        <extensions>
          <geotracker:meta c="4.83" s="27.55" />
        </extensions>
      </trkpt>
      <trkpt lat="-21.53217" lon="141.99902826">
        <ele>262.75</ele>
        <time>2026-08-31T22:30:24Z</time>
        <extensions>
          <geotracker:meta c="4.84" s="27.74" />
        </extensions>
      </trkpt>
      <trkpt lat="-21.53190479" lon="141.99653144">
        <ele>261.06</ele>
        <time>2026-08-31T22:30:34Z</time>
        <extensions>
          <geotracker:meta c="4.84" s="25.93" />
        </extensions>
      </trkpt>
      <trkpt lat="-21.53165723" lon="141.99412302">
        <ele>262.76</ele>
        <time>2026-08-31T22:30:44Z</time>
        <extensions>
          <geotracker:meta c="4.8" s="25.07" />
        </extensions>
      </trkpt>
      <trkpt lat="-21.5316912" lon="141.99161783">
        <ele>256.31</ele>
        <time>2026-08-31T22:30:54Z</time>
        <extensions>
          <geotracker:meta c="4.59" s="26.76" />
        </extensions>
      </trkpt>
      <trkpt lat="-21.53225443" lon="141.989133">
        <ele>262.75</ele>
        <time>2026-08-31T22:31:04Z</time>
        <extensions>
          <geotracker:meta c="4.37" s="26.18" />
        </extensions>
      </trkpt>
      <trkpt lat="-21.53331666" lon="141.98685825">
        <ele>263.37</ele>
        <time>2026-08-31T22:31:14Z</time>
        <extensions>
          <geotracker:meta c="4.16" s="26.8" />
        </extensions>
      </trkpt>
      <trkpt lat="-21.53478483" lon="141.98485801">
        <ele>257.78</ele>
        <time>2026-08-31T22:31:24Z</time>
        <extensions>
          <geotracker:meta c="3.98" s="24.61" />
        </extensions>
      </trkpt>
      <trkpt lat="-21.53631426" lon="141.9830198">
        <ele>253.19</ele>
        <time>2026-08-31T22:31:34Z</time>
        <extensions>
          <geotracker:meta c="4" s="25.99" />
        </extensions>
      </trkpt>
      <trkpt lat="-21.53791025" lon="141.98111024">
        <ele>256.16</ele>
        <time>2026-08-31T22:31:44Z</time>
        <extensions>
          <geotracker:meta c="3.99" s="27.39" />
        </extensions>
      </trkpt>
      <trkpt lat="-21.5395822" lon="141.97906042">
        <ele>257.84</ele>
        <time>2026-08-31T22:31:54Z</time>
        <extensions>
          <geotracker:meta c="4" s="28.6" />
        </extensions>
      </trkpt>
      <trkpt lat="-21.54103145" lon="141.97731103">
        <ele>256.95</ele>
        <time>2026-08-31T22:32:03Z</time>
        <extensions>
          <geotracker:meta c="3.98" s="27.36" />
        </extensions>
      </trkpt>
      <trkpt lat="-21.54254723" lon="141.97548459">
        <ele>256.81</ele>
        <time>2026-08-31T22:32:12Z</time>
        <extensions>
          <geotracker:meta c="3.99" s="28.57" />
        </extensions>
      </trkpt>
      <trkpt lat="-21.54424373" lon="141.973443">
        <ele>257.93</ele>
        <time>2026-08-31T22:32:22Z</time>
        <extensions>
          <geotracker:meta c="3.99" s="26.8" />
        </extensions>
      </trkpt>
      <trkpt lat="-21.54564002" lon="141.97173651">
        <ele>256.58</ele>
        <time>2026-08-31T22:32:31Z</time>
        <extensions>
          <geotracker:meta c="3.99" s="26.17" />
        </extensions>
      </trkpt>
      <trkpt lat="-21.54708265" lon="141.9699998">
        <ele>253.05</ele>
        <time>2026-08-31T22:32:40Z</time>
        <extensions>
          <geotracker:meta c="3.98" s="27.31" />
        </extensions>
      </trkpt>
      <trkpt lat="-21.54852432" lon="141.96825707">
        <ele>250.96</ele>
        <time>2026-08-31T22:32:49Z</time>
        <extensions>
          <geotracker:meta c="3.99" s="26.19" />
        </extensions>
      </trkpt>
      <trkpt lat="-21.54996664" lon="141.96651393">
        <ele>250.87</ele>
        <time>2026-08-31T22:32:58Z</time>
        <extensions>
          <geotracker:meta c="3.99" s="27.14" />
        </extensions>
      </trkpt>
      <trkpt lat="-21.55143228" lon="141.96473987">
        <ele>250.85</ele>
        <time>2026-08-31T22:33:07Z</time>
        <extensions>
          <geotracker:meta c="4" s="27.08" />
        </extensions>
      </trkpt>
      <trkpt lat="-21.55290433" lon="141.96294629">
        <ele>252.85</ele>
        <time>2026-08-31T22:33:16Z</time>
        <extensions>
          <geotracker:meta c="3.98" s="27.82" />
        </extensions>
      </trkpt>
      <trkpt lat="-21.55583298" lon="141.95943447">
        <ele>257.46</ele>
        <time>2026-08-31T22:33:34Z</time>
        <extensions>
          <geotracker:meta c="3.99" s="27" />
        </extensions>
      </trkpt>
      <trkpt lat="-21.55730316" lon="141.95769143">
        <ele>257.92</ele>
        <time>2026-08-31T22:33:43Z</time>
        <extensions>
          <geotracker:meta c="3.96" s="26.7" />
        </extensions>
      </trkpt>
      <trkpt lat="-21.55875319" lon="141.95598973">
        <ele>257.11</ele>
        <time>2026-08-31T22:33:52Z</time>
        <extensions>
          <geotracker:meta c="3.96" s="26.09" />
        </extensions>
      </trkpt>
      <trkpt lat="-21.56169542" lon="141.95259457">
        <ele>254.61</ele>
        <time>2026-08-31T22:34:10Z</time>
        <extensions>
          <geotracker:meta c="3.96" s="27.11" />
        </extensions>
      </trkpt>
      <trkpt lat="-21.56368964" lon="141.95023995">
        <ele>252.25</ele>
        <time>2026-08-31T22:34:22Z</time>
        <extensions>
          <geotracker:meta c="3.96" s="27.2" />
        </extensions>
      </trkpt>
      <trkpt lat="-21.5653144" lon="141.94832793">
        <ele>251.22</ele>
        <time>2026-08-31T22:34:32Z</time>
        <extensions>
          <geotracker:meta c="4.01" s="26.66" />
        </extensions>
      </trkpt>
      <trkpt lat="-21.56698483" lon="141.94640065">
        <ele>252.14</ele>
        <time>2026-08-31T22:34:42Z</time>
        <extensions>
          <geotracker:meta c="3.98" s="27.51" />
        </extensions>
      </trkpt>
      <trkpt lat="-21.56849392" lon="141.94462699">
        <ele>252.89</ele>
        <time>2026-08-31T22:34:51Z</time>
        <extensions>
          <geotracker:meta c="4.07" s="27.65" />
        </extensions>
      </trkpt>
      <trkpt lat="-21.57000129" lon="141.94286997">
        <ele>255.05</ele>
        <time>2026-08-31T22:35:00Z</time>
        <extensions>
          <geotracker:meta c="3.96" s="27.48" />
        </extensions>
      </trkpt>
      <trkpt lat="-21.57149865" lon="141.94112517">
        <ele>254.25</ele>
        <time>2026-08-31T22:35:09Z</time>
        <extensions>
          <geotracker:meta c="3.97" s="27.74" />
        </extensions>
      </trkpt>
      <trkpt lat="-21.57293381" lon="141.93935319">
        <ele>254.13</ele>
        <time>2026-08-31T22:35:18Z</time>
        <extensions>
          <geotracker:meta c="4.02" s="26.29" />
        </extensions>
      </trkpt>
      <trkpt lat="-21.57420568" lon="141.93754153">
        <ele>251.88</ele>
        <time>2026-08-31T22:35:27Z</time>
        <extensions>
          <geotracker:meta c="3.99" s="24.56" />
        </extensions>
      </trkpt>
      <trkpt lat="-21.57492523" lon="141.9363543">
        <ele>250.58</ele>
        <time>2026-08-31T22:35:36Z</time>
        <extensions>
          <geotracker:meta c="4.01" s="6.75" />
        </extensions>
      </trkpt>
      <trkpt lat="-21.57625944" lon="141.93374792">
        <ele>251.05</ele>
        <time>2026-08-31T22:36:04Z</time>
        <extensions>
          <geotracker:meta c="4.27" s="18.47" />
        </extensions>
      </trkpt>
      <trkpt lat="-21.57690705" lon="141.93217755">
        <ele>249.53</ele>
        <time>2026-08-31T22:36:13Z</time>
        <extensions>
          <geotracker:meta c="4.32" s="20.82" />
        </extensions>
      </trkpt>
      <trkpt lat="-21.57751547" lon="141.93043298">
        <ele>249.42</ele>
        <time>2026-08-31T22:36:22Z</time>
        <extensions>
          <geotracker:meta c="4.37" s="21.64" />
        </extensions>
      </trkpt>
      <trkpt lat="-21.57802564" lon="141.92862132">
        <ele>249.99</ele>
        <time>2026-08-31T22:36:31Z</time>
        <extensions>
          <geotracker:meta c="4.45" s="21.59" />
        </extensions>
      </trkpt>
      <trkpt lat="-21.57853307" lon="141.92616793">
        <ele>250.53</ele>
        <time>2026-08-31T22:36:44Z</time>
        <extensions>
          <geotracker:meta c="4.54" s="17.9" />
        </extensions>
      </trkpt>
      <trkpt lat="-21.57873421" lon="141.92473179">
        <ele>251.51</ele>
        <time>2026-08-31T22:36:53Z</time>
        <extensions>
          <geotracker:meta c="4.58" s="16.5" />
        </extensions>
      </trkpt>
      <trkpt lat="-21.57890195" lon="141.92347849">
        <ele>250.46</ele>
        <time>2026-08-31T22:37:02Z</time>
        <extensions>
          <geotracker:meta c="4.58" s="13.2" />
        </extensions>
      </trkpt>
      <trkpt lat="-21.57902713" lon="141.9224711">
        <ele>251.66</ele>
        <time>2026-08-31T22:37:11Z</time>
        <extensions>
          <geotracker:meta c="4.59" s="10.63" />
        </extensions>
      </trkpt>
      <trkpt lat="-21.57909364" lon="141.92164697">
        <ele>253.27</ele>
        <time>2026-08-31T22:37:20Z</time>
        <extensions>
          <geotracker:meta c="4.76" s="9.62" />
        </extensions>
      </trkpt>
      <trkpt lat="-21.57892397" lon="141.92078277">
        <ele>253.97</ele>
        <time>2026-08-31T22:37:29Z</time>
        <extensions>
          <geotracker:meta c="5.04" s="10.58" />
        </extensions>
      </trkpt>
      <trkpt lat="-21.5784571" lon="141.91990056">
        <ele>256.02</ele>
        <time>2026-08-31T22:37:38Z</time>
        <extensions>
          <geotracker:meta c="5.35" s="12.79" />
        </extensions>
      </trkpt>
      <trkpt lat="-21.57776729" lon="141.91887795">
        <ele>255.09</ele>
        <time>2026-08-31T22:37:47Z</time>
        <extensions>
          <geotracker:meta c="5.37" s="15.95" />
        </extensions>
      </trkpt>
      <trkpt lat="-21.57693949" lon="141.91768514">
        <ele>255.9</ele>
        <time>2026-08-31T22:37:56Z</time>
        <extensions>
          <geotracker:meta c="5.35" s="18.11" />
        </extensions>
      </trkpt>
      <trkpt lat="-21.57500048" lon="141.91485303">
        <ele>255.55</ele>
        <time>2026-08-31T22:38:14Z</time>
        <extensions>
          <geotracker:meta c="5.33" s="21.73" />
        </extensions>
      </trkpt>
      <trkpt lat="-21.57412511" lon="141.91320787">
        <ele>256.1</ele>
        <time>2026-08-31T22:38:23Z</time>
        <extensions>
          <geotracker:meta c="5.14" s="22.06" />
        </extensions>
      </trkpt>
      <trkpt lat="-21.57332234" lon="141.90894236">
        <ele>256.03</ele>
        <time>2026-08-31T22:38:42Z</time>
        <extensions>
          <geotracker:meta c="4.75" s="25.68" />
        </extensions>
      </trkpt>
      <trkpt lat="-21.57321208" lon="141.90640864">
        <ele>257.84</ele>
        <time>2026-08-31T22:38:52Z</time>
        <extensions>
          <geotracker:meta c="4.77" s="26.24" />
        </extensions>
      </trkpt>
      <trkpt lat="-21.57298111" lon="141.90385857">
        <ele>257.67</ele>
        <time>2026-08-31T22:39:02Z</time>
        <extensions>
          <geotracker:meta c="4.84" s="26.62" />
        </extensions>
      </trkpt>
      <trkpt lat="-21.57260973" lon="141.90132293">
        <ele>258.73</ele>
        <time>2026-08-31T22:39:12Z</time>
        <extensions>
          <geotracker:meta c="4.9" s="26.62" />
        </extensions>
      </trkpt>
      <trkpt lat="-21.57206097" lon="141.89883053">
        <ele>257.58</ele>
        <time>2026-08-31T22:39:22Z</time>
        <extensions>
          <geotracker:meta c="4.97" s="27.03" />
        </extensions>
      </trkpt>
      <trkpt lat="-21.57129313" lon="141.8962973">
        <ele>259.7</ele>
        <time>2026-08-31T22:39:32Z</time>
        <extensions>
          <geotracker:meta c="5.04" s="26.79" />
        </extensions>
      </trkpt>
      <trkpt lat="-21.57048822" lon="141.8938924">
        <ele>256.98</ele>
        <time>2026-08-31T22:39:42Z</time>
        <extensions>
          <geotracker:meta c="5.1" s="27.03" />
        </extensions>
      </trkpt>
      <trkpt lat="-21.56947445" lon="141.89151421">
        <ele>258.33</ele>
        <time>2026-08-31T22:39:52Z</time>
        <extensions>
          <geotracker:meta c="5.16" s="26.97" />
        </extensions>
      </trkpt>
      <trkpt lat="-21.56839598" lon="141.88919669">
        <ele>259.07</ele>
        <time>2026-08-31T22:40:02Z</time>
        <extensions>
          <geotracker:meta c="5.17" s="26.61" />
        </extensions>
      </trkpt>
      <trkpt lat="-21.56731817" lon="141.88688591">
        <ele>259.67</ele>
        <time>2026-08-31T22:40:12Z</time>
        <extensions>
          <geotracker:meta c="5.18" s="26.8" />
        </extensions>
      </trkpt>
      <trkpt lat="-21.5662052" lon="141.8845601">
        <ele>263.03</ele>
        <time>2026-08-31T22:40:22Z</time>
        <extensions>
          <geotracker:meta c="5.19" s="26.94" />
        </extensions>
      </trkpt>
      <trkpt lat="-21.5650716" lon="141.88225863">
        <ele>261.86</ele>
        <time>2026-08-31T22:40:32Z</time>
        <extensions>
          <geotracker:meta c="5.2" s="27.1" />
        </extensions>
      </trkpt>
      <trkpt lat="-21.56393821" lon="141.87996266">
        <ele>265.09</ele>
        <time>2026-08-31T22:40:42Z</time>
        <extensions>
          <geotracker:meta c="5.2" s="26.73" />
        </extensions>
      </trkpt>
      <trkpt lat="-21.56278821" lon="141.87769844">
        <ele>262.01</ele>
        <time>2026-08-31T22:40:52Z</time>
        <extensions>
          <geotracker:meta c="5.21" s="27.07" />
        </extensions>
      </trkpt>
      <trkpt lat="-21.56160477" lon="141.87538138">
        <ele>262.58</ele>
        <time>2026-08-31T22:41:02Z</time>
        <extensions>
          <geotracker:meta c="5.22" s="27.27" />
        </extensions>
      </trkpt>
      <trkpt lat="-21.56040268" lon="141.87308613">
        <ele>260.63</ele>
        <time>2026-08-31T22:41:12Z</time>
        <extensions>
          <geotracker:meta c="5.23" s="27.07" />
        </extensions>
      </trkpt>
      <trkpt lat="-21.55919055" lon="141.8708175">
        <ele>259.51</ele>
        <time>2026-08-31T22:41:22Z</time>
        <extensions>
          <geotracker:meta c="5.23" s="27.25" />
        </extensions>
      </trkpt>
      <trkpt lat="-21.5579549" lon="141.86852754">
        <ele>260.33</ele>
        <time>2026-08-31T22:41:32Z</time>
        <extensions>
          <geotracker:meta c="5.24" s="27.1" />
        </extensions>
      </trkpt>
      <trkpt lat="-21.55672493" lon="141.86627314">
        <ele>262.24</ele>
        <time>2026-08-31T22:41:42Z</time>
        <extensions>
          <geotracker:meta c="5.41" s="26.88" />
        </extensions>
      </trkpt>
      <trkpt lat="-21.55559223" lon="141.86424478">
        <ele>261.57</ele>
        <time>2026-08-31T22:41:51Z</time>
        <extensions>
          <geotracker:meta c="5.31" s="27.43" />
        </extensions>
      </trkpt>
      <trkpt lat="-21.55442388" lon="141.86219814">
        <ele>261.67</ele>
        <time>2026-08-31T22:42:00Z</time>
        <extensions>
          <geotracker:meta c="5.33" s="27.82" />
        </extensions>
      </trkpt>
      <trkpt lat="-21.55323891" lon="141.86013518">
        <ele>262.08</ele>
        <time>2026-08-31T22:42:09Z</time>
        <extensions>
          <geotracker:meta c="5.3" s="27.42" />
        </extensions>
      </trkpt>
      <trkpt lat="-21.55211389" lon="141.85820278">
        <ele>263.35</ele>
        <time>2026-08-31T22:42:18Z</time>
        <extensions>
          <geotracker:meta c="5.31" s="26.07" />
        </extensions>
      </trkpt>
      <trkpt lat="-21.55097253" lon="141.85631401">
        <ele>263.38</ele>
        <time>2026-08-31T22:42:27Z</time>
        <extensions>
          <geotracker:meta c="5.31" s="25.38" />
        </extensions>
      </trkpt>
      <trkpt lat="-21.54982847" lon="141.85443068">
        <ele>263.55</ele>
        <time>2026-08-31T22:42:36Z</time>
        <extensions>
          <geotracker:meta c="5.31" s="26.28" />
        </extensions>
      </trkpt>
      <trkpt lat="-21.54837947" lon="141.85204527">
        <ele>264.73</ele>
        <time>2026-08-31T22:42:47Z</time>
        <extensions>
          <geotracker:meta c="5.28" s="26.66" />
        </extensions>
      </trkpt>
      <trkpt lat="-21.54718751" lon="141.85012142">
        <ele>267.35</ele>
        <time>2026-08-31T22:42:56Z</time>
        <extensions>
          <geotracker:meta c="5.3" s="26.73" />
        </extensions>
      </trkpt>
      <trkpt lat="-21.54448398" lon="141.84587277">
        <ele>268.49</ele>
        <time>2026-08-31T22:43:16Z</time>
        <extensions>
          <geotracker:meta c="5.31" s="25.96" />
        </extensions>
      </trkpt>
      <trkpt lat="-21.54311007" lon="141.84378096">
        <ele>267.74</ele>
        <time>2026-08-31T22:43:26Z</time>
        <extensions>
          <geotracker:meta c="5.32" s="26.81" />
        </extensions>
      </trkpt>
      <trkpt lat="-21.54172879" lon="141.84167082">
        <ele>262.89</ele>
        <time>2026-08-31T22:43:36Z</time>
        <extensions>
          <geotracker:meta c="5.31" s="26.93" />
        </extensions>
      </trkpt>
      <trkpt lat="-21.54033258" lon="141.83952439">
        <ele>265.59</ele>
        <time>2026-08-31T22:43:46Z</time>
        <extensions>
          <geotracker:meta c="5.32" s="26.98" />
        </extensions>
      </trkpt>
      <trkpt lat="-21.5389565" lon="141.83735728">
        <ele>266.12</ele>
        <time>2026-08-31T22:43:56Z</time>
        <extensions>
          <geotracker:meta c="5.3" s="26.79" />
        </extensions>
      </trkpt>
      <trkpt lat="-21.53765441" lon="141.83523296">
        <ele>264.27</ele>
        <time>2026-08-31T22:44:06Z</time>
        <extensions>
          <geotracker:meta c="5.29" s="26.41" />
        </extensions>
      </trkpt>
      <trkpt lat="-21.53637354" lon="141.83310845">
        <ele>265.3</ele>
        <time>2026-08-31T22:44:16Z</time>
        <extensions>
          <geotracker:meta c="5.28" s="26.15" />
        </extensions>
      </trkpt>
      <trkpt lat="-21.535117" lon="141.83095016">
        <ele>262.08</ele>
        <time>2026-08-31T22:44:26Z</time>
        <extensions>
          <geotracker:meta c="5.26" s="26.31" />
        </extensions>
      </trkpt>
      <trkpt lat="-21.53387872" lon="141.82875521">
        <ele>260.63</ele>
        <time>2026-08-31T22:44:36Z</time>
        <extensions>
          <geotracker:meta c="5.25" s="26.58" />
        </extensions>
      </trkpt>
      <trkpt lat="-21.53263703" lon="141.82653626">
        <ele>267.04</ele>
        <time>2026-08-31T22:44:46Z</time>
        <extensions>
          <geotracker:meta c="5.24" s="27.22" />
        </extensions>
      </trkpt>
      <trkpt lat="-21.53142584" lon="141.82423882">
        <ele>268.65</ele>
        <time>2026-08-31T22:44:56Z</time>
        <extensions>
          <geotracker:meta c="5.23" s="27.11" />
        </extensions>
      </trkpt>
      <trkpt lat="-21.53023557" lon="141.82191186">
        <ele>268.51</ele>
        <time>2026-08-31T22:45:06Z</time>
        <extensions>
          <geotracker:meta c="5.21" s="26.85" />
        </extensions>
      </trkpt>
      <trkpt lat="-21.52908567" lon="141.81963041">
        <ele>268.68</ele>
        <time>2026-08-31T22:45:16Z</time>
        <extensions>
          <geotracker:meta c="5.21" s="27.38" />
        </extensions>
      </trkpt>
      <trkpt lat="-21.52799072" lon="141.81733329">
        <ele>269.4</ele>
        <time>2026-08-31T22:45:26Z</time>
        <extensions>
          <geotracker:meta c="5.18" s="25.92" />
        </extensions>
      </trkpt>
      <trkpt lat="-21.52699726" lon="141.81514372">
        <ele>269.62</ele>
        <time>2026-08-31T22:45:36Z</time>
        <extensions>
          <geotracker:meta c="5.16" s="24.9" />
        </extensions>
      </trkpt>
      <trkpt lat="-21.52601354" lon="141.81300007">
        <ele>274.54</ele>
        <time>2026-08-31T22:45:46Z</time>
        <extensions>
          <geotracker:meta c="5.16" s="24.55" />
        </extensions>
      </trkpt>
      <trkpt lat="-21.52506262" lon="141.81081403">
        <ele>274.74</ele>
        <time>2026-08-31T22:45:56Z</time>
        <extensions>
          <geotracker:meta c="5.13" s="25.2" />
        </extensions>
      </trkpt>
      <trkpt lat="-21.5241154" lon="141.80857968">
        <ele>276.02</ele>
        <time>2026-08-31T22:46:06Z</time>
        <extensions>
          <geotracker:meta c="5.13" s="25.3" />
        </extensions>
      </trkpt>
      <trkpt lat="-21.5231797" lon="141.80629331">
        <ele>280.03</ele>
        <time>2026-08-31T22:46:16Z</time>
        <extensions>
          <geotracker:meta c="5.11" s="26.5" />
        </extensions>
      </trkpt>
      <trkpt lat="-21.52220013" lon="141.80385443">
        <ele>280.78</ele>
        <time>2026-08-31T22:46:26Z</time>
        <extensions>
          <geotracker:meta c="5.11" s="28.24" />
        </extensions>
      </trkpt>
      <trkpt lat="-21.52127471" lon="141.80140529">
        <ele>278.29</ele>
        <time>2026-08-31T22:46:36Z</time>
        <extensions>
          <geotracker:meta c="5.09" s="27.28" />
        </extensions>
      </trkpt>
      <trkpt lat="-21.52037926" lon="141.7989514">
        <ele>281.86</ele>
        <time>2026-08-31T22:46:46Z</time>
        <extensions>
          <geotracker:meta c="5.08" s="26.79" />
        </extensions>
      </trkpt>
      <trkpt lat="-21.51954213" lon="141.7965717">
        <ele>280.84</ele>
        <time>2026-08-31T22:46:56Z</time>
        <extensions>
          <geotracker:meta c="5.07" s="26.11" />
        </extensions>
      </trkpt>
      <trkpt lat="-21.51871056" lon="141.79420843">
        <ele>282.77</ele>
        <time>2026-08-31T22:47:06Z</time>
        <extensions>
          <geotracker:meta c="5.08" s="26.52" />
        </extensions>
      </trkpt>
      <trkpt lat="-21.5177853" lon="141.79178335">
        <ele>284.26</ele>
        <time>2026-08-31T22:47:16Z</time>
        <extensions>
          <geotracker:meta c="5.11" s="27.36" />
        </extensions>
      </trkpt>
      <trkpt lat="-21.5168409" lon="141.78942868">
        <ele>281.44</ele>
        <time>2026-08-31T22:47:26Z</time>
        <extensions>
          <geotracker:meta c="5.12" s="26.54" />
        </extensions>
      </trkpt>
      <trkpt lat="-21.51583106" lon="141.78705687">
        <ele>281.17</ele>
        <time>2026-08-31T22:47:36Z</time>
        <extensions>
          <geotracker:meta c="5.14" s="27.35" />
        </extensions>
      </trkpt>
      <trkpt lat="-21.51477823" lon="141.78470291">
        <ele>283.56</ele>
        <time>2026-08-31T22:47:46Z</time>
        <extensions>
          <geotracker:meta c="5.17" s="26.79" />
        </extensions>
      </trkpt>
      <trkpt lat="-21.51366633" lon="141.78235794">
        <ele>283.19</ele>
        <time>2026-08-31T22:47:56Z</time>
        <extensions>
          <geotracker:meta c="5.19" s="27.65" />
        </extensions>
      </trkpt>
      <trkpt lat="-21.51251194" lon="141.78004418">
        <ele>284.27</ele>
        <time>2026-08-31T22:48:06Z</time>
        <extensions>
          <geotracker:meta c="5.19" s="26.81" />
        </extensions>
      </trkpt>
      <trkpt lat="-21.51129031" lon="141.7777393">
        <ele>284.01</ele>
        <time>2026-08-31T22:48:16Z</time>
        <extensions>
          <geotracker:meta c="5.24" s="27.98" />
        </extensions>
      </trkpt>
      <trkpt lat="-21.51003617" lon="141.77552323">
        <ele>286.45</ele>
        <time>2026-08-31T22:48:26Z</time>
        <extensions>
          <geotracker:meta c="5.28" s="26.36" />
        </extensions>
      </trkpt>
      <trkpt lat="-21.50874783" lon="141.77329828">
        <ele>285.62</ele>
        <time>2026-08-31T22:48:36Z</time>
        <extensions>
          <geotracker:meta c="5.27" s="27.18" />
        </extensions>
      </trkpt>
      <trkpt lat="-21.5073881" lon="141.77107722">
        <ele>283.63</ele>
        <time>2026-08-31T22:48:46Z</time>
        <extensions>
          <geotracker:meta c="5.28" s="27.78" />
        </extensions>
      </trkpt>
      <trkpt lat="-21.50612531" lon="141.76890136">
        <ele>286.38</ele>
        <time>2026-08-31T22:48:56Z</time>
        <extensions>
          <geotracker:meta c="5.26" s="25.97" />
        </extensions>
      </trkpt>
      <trkpt lat="-21.50492325" lon="141.76673908">
        <ele>286.37</ele>
        <time>2026-08-31T22:49:06Z</time>
        <extensions>
          <geotracker:meta c="5.24" s="26.34" />
        </extensions>
      </trkpt>
      <trkpt lat="-21.50372976" lon="141.76450406">
        <ele>286.95</ele>
        <time>2026-08-31T22:49:16Z</time>
        <extensions>
          <geotracker:meta c="5.22" s="26.87" />
        </extensions>
      </trkpt>
      <trkpt lat="-21.50251431" lon="141.76220227">
        <ele>290.33</ele>
        <time>2026-08-31T22:49:26Z</time>
        <extensions>
          <geotracker:meta c="5.22" s="27.87" />
        </extensions>
      </trkpt>
      <trkpt lat="-21.50138687" lon="141.75990586">
        <ele>289.27</ele>
        <time>2026-08-31T22:49:36Z</time>
        <extensions>
          <geotracker:meta c="5.19" s="26.89" />
        </extensions>
      </trkpt>
      <trkpt lat="-21.50027441" lon="141.75754383">
        <ele>287.19</ele>
        <time>2026-08-31T22:49:46Z</time>
        <extensions>
          <geotracker:meta c="5.17" s="26.65" />
        </extensions>
      </trkpt>
      <trkpt lat="-21.49920485" lon="141.7552308">
        <ele>284.87</ele>
        <time>2026-08-31T22:49:56Z</time>
        <extensions>
          <geotracker:meta c="5.16" s="27.21" />
        </extensions>
      </trkpt>
      <trkpt lat="-21.49818246" lon="141.75285372">
        <ele>286.89</ele>
        <time>2026-08-31T22:50:06Z</time>
        <extensions>
          <geotracker:meta c="5.13" s="26.24" />
        </extensions>
      </trkpt>
      <trkpt lat="-21.49718598" lon="141.75050544">
        <ele>283.62</ele>
        <time>2026-08-31T22:50:16Z</time>
        <extensions>
          <geotracker:meta c="5.14" s="26.97" />
        </extensions>
      </trkpt>
      <trkpt lat="-21.49615917" lon="141.74818211">
        <ele>280.47</ele>
        <time>2026-08-31T22:50:26Z</time>
        <extensions>
          <geotracker:meta c="5.16" s="26.52" />
        </extensions>
      </trkpt>
      <trkpt lat="-21.49512574" lon="141.74588566">
        <ele>282.92</ele>
        <time>2026-08-31T22:50:36Z</time>
        <extensions>
          <geotracker:meta c="5.17" s="26.4" />
        </extensions>
      </trkpt>
      <trkpt lat="-21.49404193" lon="141.74363068">
        <ele>281.58</ele>
        <time>2026-08-31T22:50:46Z</time>
        <extensions>
          <geotracker:meta c="5.19" s="26.02" />
        </extensions>
      </trkpt>
      <trkpt lat="-21.49294525" lon="141.74141489">
        <ele>279.81</ele>
        <time>2026-08-31T22:50:56Z</time>
        <extensions>
          <geotracker:meta c="5.2" s="25.86" />
        </extensions>
      </trkpt>
      <trkpt lat="-21.49179944" lon="141.7392001">
        <ele>275.24</ele>
        <time>2026-08-31T22:51:06Z</time>
        <extensions>
          <geotracker:meta c="5.22" s="26.72" />
        </extensions>
      </trkpt>
      <trkpt lat="-21.49059579" lon="141.73698469">
        <ele>275.6</ele>
        <time>2026-08-31T22:51:16Z</time>
        <extensions>
          <geotracker:meta c="5.25" s="26.64" />
        </extensions>
      </trkpt>
      <trkpt lat="-21.48937049" lon="141.73482075">
        <ele>275.23</ele>
        <time>2026-08-31T22:51:26Z</time>
        <extensions>
          <geotracker:meta c="5.27" s="24.4" />
        </extensions>
      </trkpt>
      <trkpt lat="-21.48829481" lon="141.73304755">
        <ele>275.18</ele>
        <time>2026-08-31T22:51:36Z</time>
        <extensions>
          <geotracker:meta c="5.28" s="20.84" />
        </extensions>
      </trkpt>
      <trkpt lat="-21.48714301" lon="141.73111685">
        <ele>273.86</ele>
        <time>2026-08-31T22:51:47Z</time>
        <extensions>
          <geotracker:meta c="5.29" s="19.33" />
        </extensions>
      </trkpt>
      <trkpt lat="-21.4860519" lon="141.72938241">
        <ele>274.08</ele>
        <time>2026-08-31T22:51:58Z</time>
        <extensions>
          <geotracker:meta c="5.3" s="21.79" />
        </extensions>
      </trkpt>
      <trkpt lat="-21.48489789" lon="141.72753771">
        <ele>274.33</ele>
        <time>2026-08-31T22:52:08Z</time>
        <extensions>
          <geotracker:meta c="5.32" s="24.52" />
        </extensions>
      </trkpt>
      <trkpt lat="-21.48355696" lon="141.72552144">
        <ele>271.83</ele>
        <time>2026-08-31T22:52:18Z</time>
        <extensions>
          <geotracker:meta c="5.35" s="26.46" />
        </extensions>
      </trkpt>
      <trkpt lat="-21.48215941" lon="141.72352333">
        <ele>270.92</ele>
        <time>2026-08-31T22:52:28Z</time>
        <extensions>
          <geotracker:meta c="5.35" s="25.67" />
        </extensions>
      </trkpt>
      <trkpt lat="-21.48072754" lon="141.72153484">
        <ele>269.79</ele>
        <time>2026-08-31T22:52:38Z</time>
        <extensions>
          <geotracker:meta c="5.37" s="26.19" />
        </extensions>
      </trkpt>
      <trkpt lat="-21.47926745" lon="141.71950615">
        <ele>268.17</ele>
        <time>2026-08-31T22:52:48Z</time>
        <extensions>
          <geotracker:meta c="5.38" s="26.62" />
        </extensions>
      </trkpt>
      <trkpt lat="-21.47778943" lon="141.71746766">
        <ele>266.52</ele>
        <time>2026-08-31T22:52:58Z</time>
        <extensions>
          <geotracker:meta c="5.37" s="26.75" />
        </extensions>
      </trkpt>
      <trkpt lat="-21.47633204" lon="141.71540411">
        <ele>264.45</ele>
        <time>2026-08-31T22:53:08Z</time>
        <extensions>
          <geotracker:meta c="5.34" s="26.73" />
        </extensions>
      </trkpt>
      <trkpt lat="-21.47501409" lon="141.71320412">
        <ele>263.63</ele>
        <time>2026-08-31T22:53:18Z</time>
        <extensions>
          <geotracker:meta c="5.24" s="27.54" />
        </extensions>
      </trkpt>
      <trkpt lat="-21.47392311" lon="141.71088398">
        <ele>265.65</ele>
        <time>2026-08-31T22:53:28Z</time>
        <extensions>
          <geotracker:meta c="5.13" s="26.92" />
        </extensions>
      </trkpt>
      <trkpt lat="-21.47305303" lon="141.70843655">
        <ele>267.86</ele>
        <time>2026-08-31T22:53:38Z</time>
        <extensions>
          <geotracker:meta c="5.03" s="27.35" />
        </extensions>
      </trkpt>
      <trkpt lat="-21.47242276" lon="141.70596774">
        <ele>267.07</ele>
        <time>2026-08-31T22:53:48Z</time>
        <extensions>
          <geotracker:meta c="4.93" s="26.38" />
        </extensions>
      </trkpt>
      <trkpt lat="-21.47205623" lon="141.70342078">
        <ele>266.66</ele>
        <time>2026-08-31T22:53:58Z</time>
        <extensions>
          <geotracker:meta c="4.83" s="26.07" />
        </extensions>
      </trkpt>
      <trkpt lat="-21.47191645" lon="141.70092">
        <ele>264.12</ele>
        <time>2026-08-31T22:54:08Z</time>
        <extensions>
          <geotracker:meta c="4.73" s="26.28" />
        </extensions>
      </trkpt>
      <trkpt lat="-21.47201876" lon="141.69836461">
        <ele>263.31</ele>
        <time>2026-08-31T22:54:18Z</time>
        <extensions>
          <geotracker:meta c="4.62" s="26.94" />
        </extensions>
      </trkpt>
      <trkpt lat="-21.47231707" lon="141.69576892">
        <ele>260.68</ele>
        <time>2026-08-31T22:54:28Z</time>
        <extensions>
          <geotracker:meta c="4.56" s="26.65" />
        </extensions>
      </trkpt>
      <trkpt lat="-21.47264994" lon="141.69326587">
        <ele>261.04</ele>
        <time>2026-08-31T22:54:38Z</time>
        <extensions>
          <geotracker:meta c="4.59" s="26.14" />
        </extensions>
      </trkpt>
      <trkpt lat="-21.47275298" lon="141.6906852">
        <ele>260.51</ele>
        <time>2026-08-31T22:54:48Z</time>
        <extensions>
          <geotracker:meta c="4.75" s="26.96" />
        </extensions>
      </trkpt>
      <trkpt lat="-21.47241176" lon="141.68813793">
        <ele>257.12</ele>
        <time>2026-08-31T22:54:58Z</time>
        <extensions>
          <geotracker:meta c="4.93" s="26.69" />
        </extensions>
      </trkpt>
      <trkpt lat="-21.47167459" lon="141.6857514">
        <ele>259.58</ele>
        <time>2026-08-31T22:55:08Z</time>
        <extensions>
          <geotracker:meta c="5.11" s="25.23" />
        </extensions>
      </trkpt>
      <trkpt lat="-21.47076963" lon="141.68352267">
        <ele>254.73</ele>
        <time>2026-08-31T22:55:18Z</time>
        <extensions>
          <geotracker:meta c="5.12" s="25.49" />
        </extensions>
      </trkpt>
      <trkpt lat="-21.46983733" lon="141.68128824">
        <ele>253.54</ele>
        <time>2026-08-31T22:55:28Z</time>
        <extensions>
          <geotracker:meta c="5.13" s="25.1" />
        </extensions>
      </trkpt>
      <trkpt lat="-21.46890697" lon="141.67903326">
        <ele>252.71</ele>
        <time>2026-08-31T22:55:38Z</time>
        <extensions>
          <geotracker:meta c="5.13" s="25.87" />
        </extensions>
      </trkpt>
      <trkpt lat="-21.46799741" lon="141.67679826">
        <ele>256.74</ele>
        <time>2026-08-31T22:55:48Z</time>
        <extensions>
          <geotracker:meta c="5.13" s="24.65" />
        </extensions>
      </trkpt>
      <trkpt lat="-21.46717134" lon="141.67458171">
        <ele>258.31</ele>
        <time>2026-08-31T22:55:58Z</time>
        <extensions>
          <geotracker:meta c="5.02" s="25.39" />
        </extensions>
      </trkpt>
      <trkpt lat="-21.46670681" lon="141.67217024">
        <ele>262.25</ele>
        <time>2026-08-31T22:56:08Z</time>
        <extensions>
          <geotracker:meta c="4.85" s="25.58" />
        </extensions>
      </trkpt>
      <trkpt lat="-21.46654615" lon="141.66967188">
        <ele>265.59</ele>
        <time>2026-08-31T22:56:18Z</time>
        <extensions>
          <geotracker:meta c="4.76" s="26.27" />
        </extensions>
      </trkpt>
      <trkpt lat="-21.46643955" lon="141.66714839">
        <ele>263.87</ele>
        <time>2026-08-31T22:56:28Z</time>
        <extensions>
          <geotracker:meta c="4.77" s="25.92" />
        </extensions>
      </trkpt>
      <trkpt lat="-21.46630635" lon="141.6646688">
        <ele>265.39</ele>
        <time>2026-08-31T22:56:38Z</time>
        <extensions>
          <geotracker:meta c="4.76" s="26.03" />
        </extensions>
      </trkpt>
      <trkpt lat="-21.46619823" lon="141.66213497">
        <ele>261.96</ele>
        <time>2026-08-31T22:56:48Z</time>
        <extensions>
          <geotracker:meta c="4.76" s="26.37" />
        </extensions>
      </trkpt>
      <trkpt lat="-21.46607602" lon="141.65956559">
        <ele>259.34</ele>
        <time>2026-08-31T22:56:58Z</time>
        <extensions>
          <geotracker:meta c="4.77" s="26.89" />
        </extensions>
      </trkpt>
      <trkpt lat="-21.46594653" lon="141.65693195">
        <ele>260.11</ele>
        <time>2026-08-31T22:57:08Z</time>
        <extensions>
          <geotracker:meta c="4.76" s="27.34" />
        </extensions>
      </trkpt>
      <trkpt lat="-21.4658222" lon="141.65431115">
        <ele>264.39</ele>
        <time>2026-08-31T22:57:18Z</time>
        <extensions>
          <geotracker:meta c="4.76" s="26.98" />
        </extensions>
      </trkpt>
      <trkpt lat="-21.46569349" lon="141.65170187">
        <ele>262.57</ele>
        <time>2026-08-31T22:57:28Z</time>
        <extensions>
          <geotracker:meta c="4.77" s="27.18" />
        </extensions>
      </trkpt>
      <trkpt lat="-21.46555956" lon="141.64909186">
        <ele>264.4</ele>
        <time>2026-08-31T22:57:38Z</time>
        <extensions>
          <geotracker:meta c="4.76" s="27.19" />
        </extensions>
      </trkpt>
      <trkpt lat="-21.46544488" lon="141.64646146">
        <ele>264.46</ele>
        <time>2026-08-31T22:57:48Z</time>
        <extensions>
          <geotracker:meta c="4.76" s="26.92" />
        </extensions>
      </trkpt>
      <trkpt lat="-21.46532106" lon="141.64384418">
        <ele>268.29</ele>
        <time>2026-08-31T22:57:58Z</time>
        <extensions>
          <geotracker:meta c="4.76" s="27.33" />
        </extensions>
      </trkpt>
      <trkpt lat="-21.4652053" lon="141.64126303">
        <ele>264.19</ele>
        <time>2026-08-31T22:58:08Z</time>
        <extensions>
          <geotracker:meta c="4.76" s="26.75" />
        </extensions>
      </trkpt>
      <trkpt lat="-21.46507251" lon="141.63871067">
        <ele>263.69</ele>
        <time>2026-08-31T22:58:18Z</time>
        <extensions>
          <geotracker:meta c="4.77" s="26.12" />
        </extensions>
      </trkpt>
      <trkpt lat="-21.46493903" lon="141.63614525">
        <ele>259.7</ele>
        <time>2026-08-31T22:58:28Z</time>
        <extensions>
          <geotracker:meta c="4.76" s="27.21" />
        </extensions>
      </trkpt>
      <trkpt lat="-21.46482459" lon="141.63350525">
        <ele>260.58</ele>
        <time>2026-08-31T22:58:38Z</time>
        <extensions>
          <geotracker:meta c="4.76" s="27.27" />
        </extensions>
      </trkpt>
      <trkpt lat="-21.46471476" lon="141.63087046">
        <ele>263.52</ele>
        <time>2026-08-31T22:58:48Z</time>
        <extensions>
          <geotracker:meta c="4.76" s="27.17" />
        </extensions>
      </trkpt>
      <trkpt lat="-21.46457741" lon="141.6282328">
        <ele>259.28</ele>
        <time>2026-08-31T22:58:58Z</time>
        <extensions>
          <geotracker:meta c="4.77" s="27.61" />
        </extensions>
      </trkpt>
      <trkpt lat="-21.46445606" lon="141.62565419">
        <ele>259.69</ele>
        <time>2026-08-31T22:59:08Z</time>
        <extensions>
          <geotracker:meta c="4.76" s="26.1" />
        </extensions>
      </trkpt>
      <trkpt lat="-21.46434001" lon="141.62314789">
        <ele>264.88</ele>
        <time>2026-08-31T22:59:18Z</time>
        <extensions>
          <geotracker:meta c="4.76" s="26.35" />
        </extensions>
      </trkpt>
      <trkpt lat="-21.46416454" lon="141.62055405">
        <ele>264.06</ele>
        <time>2026-08-31T22:59:28Z</time>
        <extensions>
          <geotracker:meta c="4.83" s="27.38" />
        </extensions>
      </trkpt>
      <trkpt lat="-21.46368359" lon="141.61797779">
        <ele>264</ele>
        <time>2026-08-31T22:59:38Z</time>
        <extensions>
          <geotracker:meta c="4.98" s="27.09" />
        </extensions>
      </trkpt>
      <trkpt lat="-21.46282406" lon="141.6155278">
        <ele>264.9</ele>
        <time>2026-08-31T22:59:48Z</time>
        <extensions>
          <geotracker:meta c="5.13" s="27.11" />
        </extensions>
      </trkpt>
      <trkpt lat="-21.4616238" lon="141.61324232">
        <ele>263.75</ele>
        <time>2026-08-31T22:59:58Z</time>
        <extensions>
          <geotracker:meta c="5.26" s="27.04" />
        </extensions>
      </trkpt>
      <trkpt lat="-21.46034326" lon="141.61099698">
        <ele>259.93</ele>
        <time>2026-08-31T23:00:08Z</time>
        <extensions>
          <geotracker:meta c="5.25" s="27.67" />
        </extensions>
      </trkpt>
      <trkpt lat="-21.45909145" lon="141.60874851">
        <ele>262.41</ele>
        <time>2026-08-31T23:00:18Z</time>
        <extensions>
          <geotracker:meta c="5.26" s="26.68" />
        </extensions>
      </trkpt>
      <trkpt lat="-21.45784311" lon="141.60653697">
        <ele>258.52</ele>
        <time>2026-08-31T23:00:28Z</time>
        <extensions>
          <geotracker:meta c="5.24" s="26.95" />
        </extensions>
      </trkpt>
      <trkpt lat="-21.45679538" lon="141.60417615">
        <ele>259.49</ele>
        <time>2026-08-31T23:00:38Z</time>
        <extensions>
          <geotracker:meta c="5.08" s="27.38" />
        </extensions>
      </trkpt>
      <trkpt lat="-21.45610273" lon="141.60166641">
        <ele>258.15</ele>
        <time>2026-08-31T23:00:48Z</time>
        <extensions>
          <geotracker:meta c="4.95" s="26.66" />
        </extensions>
      </trkpt>
      <trkpt lat="-21.45551352" lon="141.59914078">
        <ele>256.21</ele>
        <time>2026-08-31T23:00:58Z</time>
        <extensions>
          <geotracker:meta c="4.96" s="27.26" />
        </extensions>
      </trkpt>
      <trkpt lat="-21.45490275" lon="141.59656014">
        <ele>257.93</ele>
        <time>2026-08-31T23:01:08Z</time>
        <extensions>
          <geotracker:meta c="4.95" s="27.22" />
        </extensions>
      </trkpt>
      <trkpt lat="-21.45435149" lon="141.59409943">
        <ele>256.03</ele>
        <time>2026-08-31T23:01:18Z</time>
        <extensions>
          <geotracker:meta c="4.95" s="26.08" />
        </extensions>
      </trkpt>
      <trkpt lat="-21.4537867" lon="141.59162363">
        <ele>253.5</ele>
        <time>2026-08-31T23:01:28Z</time>
        <extensions>
          <geotracker:meta c="4.96" s="26.41" />
        </extensions>
      </trkpt>
      <trkpt lat="-21.45304896" lon="141.58916622">
        <ele>252.04</ele>
        <time>2026-08-31T23:01:38Z</time>
        <extensions>
          <geotracker:meta c="5.09" s="27.2" />
        </extensions>
      </trkpt>
      <trkpt lat="-21.45191175" lon="141.58684269">
        <ele>249.36</ele>
        <time>2026-08-31T23:01:48Z</time>
        <extensions>
          <geotracker:meta c="5.28" s="27.33" />
        </extensions>
      </trkpt>
      <trkpt lat="-21.45041173" lon="141.58476915">
        <ele>250.45</ele>
        <time>2026-08-31T23:01:58Z</time>
        <extensions>
          <geotracker:meta c="5.4" s="27" />
        </extensions>
      </trkpt>
      <trkpt lat="-21.44884907" lon="141.58275952">
        <ele>248.42</ele>
        <time>2026-08-31T23:02:08Z</time>
        <extensions>
          <geotracker:meta c="5.41" s="27.1" />
        </extensions>
      </trkpt>
      <trkpt lat="-21.44730692" lon="141.58073942">
        <ele>246.16</ele>
        <time>2026-08-31T23:02:18Z</time>
        <extensions>
          <geotracker:meta c="5.4" s="27.23" />
        </extensions>
      </trkpt>
      <trkpt lat="-21.44572081" lon="141.57871471">
        <ele>245.46</ele>
        <time>2026-08-31T23:02:28Z</time>
        <extensions>
          <geotracker:meta c="5.4" s="27.07" />
        </extensions>
      </trkpt>
      <trkpt lat="-21.44410896" lon="141.57679865">
        <ele>246.23</ele>
        <time>2026-08-31T23:02:38Z</time>
        <extensions>
          <geotracker:meta c="5.5" s="27.04" />
        </extensions>
      </trkpt>
      <trkpt lat="-21.44222692" lon="141.57516125">
        <ele>247.26</ele>
        <time>2026-08-31T23:02:48Z</time>
        <extensions>
          <geotracker:meta c="5.69" s="26.66" />
        </extensions>
      </trkpt>
      <trkpt lat="-21.44016361" lon="141.57388842">
        <ele>247.27</ele>
        <time>2026-08-31T23:02:58Z</time>
        <extensions>
          <geotracker:meta c="5.78" s="26.07" />
        </extensions>
      </trkpt>
      <trkpt lat="-21.43812308" lon="141.57265989">
        <ele>245.53</ele>
        <time>2026-08-31T23:03:08Z</time>
        <extensions>
          <geotracker:meta c="5.77" s="26.01" />
        </extensions>
      </trkpt>
      <trkpt lat="-21.43604782" lon="141.57143716">
        <ele>248.55</ele>
        <time>2026-08-31T23:03:18Z</time>
        <extensions>
          <geotracker:meta c="5.77" s="26.19" />
        </extensions>
      </trkpt>
      <trkpt lat="-21.43398096" lon="141.57020395">
        <ele>249.26</ele>
        <time>2026-08-31T23:03:28Z</time>
        <extensions>
          <geotracker:meta c="5.78" s="26.69" />
        </extensions>
      </trkpt>
      <trkpt lat="-21.43206895" lon="141.56904465">
        <ele>247.43</ele>
        <time>2026-08-31T23:03:37Z</time>
        <extensions>
          <geotracker:meta c="5.78" s="27.13" />
        </extensions>
      </trkpt>
      <trkpt lat="-21.42886938" lon="141.56712329">
        <ele>244.47</ele>
        <time>2026-08-31T23:03:52Z</time>
        <extensions>
          <geotracker:meta c="5.77" s="26.86" />
        </extensions>
      </trkpt>
      <trkpt lat="-21.4267513" lon="141.56587861">
        <ele>242.2</ele>
        <time>2026-08-31T23:04:02Z</time>
        <extensions>
          <geotracker:meta c="5.77" s="26.65" />
        </extensions>
      </trkpt>
      <trkpt lat="-21.4246574" lon="141.564624">
        <ele>241.81</ele>
        <time>2026-08-31T23:04:12Z</time>
        <extensions>
          <geotracker:meta c="5.77" s="26.59" />
        </extensions>
      </trkpt>
      <trkpt lat="-21.42253503" lon="141.56334623">
        <ele>247.26</ele>
        <time>2026-08-31T23:04:22Z</time>
        <extensions>
          <geotracker:meta c="5.77" s="27.48" />
        </extensions>
      </trkpt>
      <trkpt lat="-21.42042842" lon="141.56208404">
        <ele>241.4</ele>
        <time>2026-08-31T23:04:32Z</time>
        <extensions>
          <geotracker:meta c="5.78" s="26.35" />
        </extensions>
      </trkpt>
      <trkpt lat="-21.4183632" lon="141.56085271">
        <ele>239.58</ele>
        <time>2026-08-31T23:04:42Z</time>
        <extensions>
          <geotracker:meta c="5.78" s="26.08" />
        </extensions>
      </trkpt>
      <trkpt lat="-21.41627231" lon="141.55960868">
        <ele>240.13</ele>
        <time>2026-08-31T23:04:52Z</time>
        <extensions>
          <geotracker:meta c="5.77" s="26.7" />
        </extensions>
      </trkpt>
      <trkpt lat="-21.41418609" lon="141.5582732">
        <ele>244.58</ele>
        <time>2026-08-31T23:05:02Z</time>
        <extensions>
          <geotracker:meta c="5.71" s="27.4" />
        </extensions>
      </trkpt>
      <trkpt lat="-21.41221661" lon="141.55667457">
        <ele>240.79</ele>
        <time>2026-08-31T23:05:12Z</time>
        <extensions>
          <geotracker:meta c="5.57" s="27.39" />
        </extensions>
      </trkpt>
      <trkpt lat="-21.41048252" lon="141.55478238">
        <ele>241.42</ele>
        <time>2026-08-31T23:05:22Z</time>
        <extensions>
          <geotracker:meta c="5.43" s="27.55" />
        </extensions>
      </trkpt>
      <trkpt lat="-21.4090321" lon="141.5526897">
        <ele>239.29</ele>
        <time>2026-08-31T23:05:32Z</time>
        <extensions>
          <geotracker:meta c="5.28" s="26.72" />
        </extensions>
      </trkpt>
      <trkpt lat="-21.40786565" lon="141.55044252">
        <ele>239.71</ele>
        <time>2026-08-31T23:05:42Z</time>
        <extensions>
          <geotracker:meta c="5.16" s="26.59" />
        </extensions>
      </trkpt>
      <trkpt lat="-21.40701412" lon="141.54807981">
        <ele>238.52</ele>
        <time>2026-08-31T23:05:52Z</time>
        <extensions>
          <geotracker:meta c="5.03" s="26.27" />
        </extensions>
      </trkpt>
      <trkpt lat="-21.40633163" lon="141.54562248">
        <ele>237.15</ele>
        <time>2026-08-31T23:06:02Z</time>
        <extensions>
          <geotracker:meta c="4.99" s="26.51" />
        </extensions>
      </trkpt>
      <trkpt lat="-21.4056761" lon="141.54325768">
        <ele>234.62</ele>
        <time>2026-08-31T23:06:12Z</time>
        <extensions>
          <geotracker:meta c="5.01" s="23.51" />
        </extensions>
      </trkpt>
      <trkpt lat="-21.40512111" lon="141.54114984">
        <ele>237</ele>
        <time>2026-08-31T23:06:22Z</time>
        <extensions>
          <geotracker:meta c="4.97" s="23.14" />
        </extensions>
      </trkpt>
      <trkpt lat="-21.40450942" lon="141.53895043">
        <ele>241.04</ele>
        <time>2026-08-31T23:06:32Z</time>
        <extensions>
          <geotracker:meta c="4.99" s="24.33" />
        </extensions>
      </trkpt>
      <trkpt lat="-21.4038779" lon="141.53660631">
        <ele>242.96</ele>
        <time>2026-08-31T23:06:42Z</time>
        <extensions>
          <geotracker:meta c="5.02" s="25.08" />
        </extensions>
      </trkpt>
      <trkpt lat="-21.40330428" lon="141.53492332">
        <ele>246.48</ele>
        <time>2026-08-31T23:06:49Z</time>
        <extensions>
          <geotracker:meta c="5.1" s="25.85" />
        </extensions>
      </trkpt>
      <trkpt lat="-21.40235872" lon="141.53275428">
        <ele>244.76</ele>
        <time>2026-08-31T23:06:59Z</time>
        <extensions>
          <geotracker:meta c="5.19" s="25.79" />
        </extensions>
      </trkpt>
      <trkpt lat="-21.40115055" lon="141.53063204">
        <ele>246.05</ele>
        <time>2026-08-31T23:07:09Z</time>
        <extensions>
          <geotracker:meta c="5.3" s="25.74" />
        </extensions>
      </trkpt>
      <trkpt lat="-21.3997232" lon="141.52865081">
        <ele>241.13</ele>
        <time>2026-08-31T23:07:19Z</time>
        <extensions>
          <geotracker:meta c="5.41" s="26.21" />
        </extensions>
      </trkpt>
      <trkpt lat="-21.39807825" lon="141.52683966">
        <ele>239</ele>
        <time>2026-08-31T23:07:29Z</time>
        <extensions>
          <geotracker:meta c="5.53" s="26.33" />
        </extensions>
      </trkpt>
      <trkpt lat="-21.39628398" lon="141.52521432">
        <ele>234.2</ele>
        <time>2026-08-31T23:07:39Z</time>
        <extensions>
          <geotracker:meta c="5.58" s="26.37" />
        </extensions>
      </trkpt>
      <trkpt lat="-21.39444372" lon="141.52357639">
        <ele>236.88</ele>
        <time>2026-08-31T23:07:49Z</time>
        <extensions>
          <geotracker:meta c="5.59" s="26.39" />
        </extensions>
      </trkpt>
      <trkpt lat="-21.39262316" lon="141.52191939">
        <ele>235.07</ele>
        <time>2026-08-31T23:07:59Z</time>
        <extensions>
          <geotracker:meta c="5.57" s="26.29" />
        </extensions>
      </trkpt>
      <trkpt lat="-21.39080971" lon="141.5202766">
        <ele>233.9</ele>
        <time>2026-08-31T23:08:09Z</time>
        <extensions>
          <geotracker:meta c="5.57" s="26.21" />
        </extensions>
      </trkpt>
      <trkpt lat="-21.38901794" lon="141.51864461">
        <ele>232.59</ele>
        <time>2026-08-31T23:08:19Z</time>
        <extensions>
          <geotracker:meta c="5.56" s="26.26" />
        </extensions>
      </trkpt>
      <trkpt lat="-21.38727511" lon="141.51688845">
        <ele>237.75</ele>
        <time>2026-08-31T23:08:29Z</time>
        <extensions>
          <geotracker:meta c="5.5" s="26.48" />
        </extensions>
      </trkpt>
      <trkpt lat="-21.38562113" lon="141.51502202">
        <ele>235.32</ele>
        <time>2026-08-31T23:08:39Z</time>
        <extensions>
          <geotracker:meta c="5.45" s="26.78" />
        </extensions>
      </trkpt>
      <trkpt lat="-21.38399568" lon="141.51313326">
        <ele>233.51</ele>
        <time>2026-08-31T23:08:49Z</time>
        <extensions>
          <geotracker:meta c="5.46" s="26.48" />
        </extensions>
      </trkpt>
      <trkpt lat="-21.38236777" lon="141.51122055">
        <ele>234.51</ele>
        <time>2026-08-31T23:08:59Z</time>
        <extensions>
          <geotracker:meta c="5.45" s="27.08" />
        </extensions>
      </trkpt>
      <trkpt lat="-21.38068542" lon="141.50926757">
        <ele>235.5</ele>
        <time>2026-08-31T23:09:09Z</time>
        <extensions>
          <geotracker:meta c="5.45" s="27.97" />
        </extensions>
      </trkpt>
      <trkpt lat="-21.37900248" lon="141.50729919">
        <ele>239.39</ele>
        <time>2026-08-31T23:09:19Z</time>
        <extensions>
          <geotracker:meta c="5.45" s="26.57" />
        </extensions>
      </trkpt>
      <trkpt lat="-21.37739065" lon="141.50540459">
        <ele>235.55</ele>
        <time>2026-08-31T23:09:29Z</time>
        <extensions>
          <geotracker:meta c="5.45" s="26.76" />
        </extensions>
      </trkpt>
      <trkpt lat="-21.37591254" lon="141.50367929">
        <ele>233.6</ele>
        <time>2026-08-31T23:09:38Z</time>
        <extensions>
          <geotracker:meta c="5.45" s="26.96" />
        </extensions>
      </trkpt>
      <trkpt lat="-21.37245466" lon="141.49963874">
        <ele>232.23</ele>
        <time>2026-08-31T23:09:59Z</time>
        <extensions>
          <geotracker:meta c="5.46" s="26.58" />
        </extensions>
      </trkpt>
      <trkpt lat="-21.37081764" lon="141.49773541">
        <ele>231.5</ele>
        <time>2026-08-31T23:10:09Z</time>
        <extensions>
          <geotracker:meta c="5.47" s="27.43" />
        </extensions>
      </trkpt>
      <trkpt lat="-21.36922193" lon="141.49588927">
        <ele>230.16</ele>
        <time>2026-08-31T23:10:19Z</time>
        <extensions>
          <geotracker:meta c="5.48" s="25.65" />
        </extensions>
      </trkpt>
      <trkpt lat="-21.36773259" lon="141.49395339">
        <ele>231.34</ele>
        <time>2026-08-31T23:10:29Z</time>
        <extensions>
          <geotracker:meta c="5.38" s="26.53" />
        </extensions>
      </trkpt>
      <trkpt lat="-21.36640939" lon="141.49177679">
        <ele>230.53</ele>
        <time>2026-08-31T23:10:39Z</time>
        <extensions>
          <geotracker:meta c="5.26" s="26.82" />
        </extensions>
      </trkpt>
      <trkpt lat="-21.365367" lon="141.48953559">
        <ele>229.79</ele>
        <time>2026-08-31T23:10:49Z</time>
        <extensions>
          <geotracker:meta c="5.14" s="25.97" />
        </extensions>
      </trkpt>
      <trkpt lat="-21.36452994" lon="141.48716134">
        <ele>228.27</ele>
        <time>2026-08-31T23:10:59Z</time>
        <extensions>
          <geotracker:meta c="5.06" s="26.64" />
        </extensions>
      </trkpt>
      <trkpt lat="-21.36373829" lon="141.48470389">
        <ele>230.16</ele>
        <time>2026-08-31T23:11:09Z</time>
        <extensions>
          <geotracker:meta c="5.05" s="26.67" />
        </extensions>
      </trkpt>
      <trkpt lat="-21.36295719" lon="141.48227674">
        <ele>230.01</ele>
        <time>2026-08-31T23:11:19Z</time>
        <extensions>
          <geotracker:meta c="5.04" s="26.84" />
        </extensions>
      </trkpt>
      <trkpt lat="-21.36216858" lon="141.47980877">
        <ele>231.04</ele>
        <time>2026-08-31T23:11:29Z</time>
        <extensions>
          <geotracker:meta c="5.06" s="27.41" />
        </extensions>
      </trkpt>
      <trkpt lat="-21.36136936" lon="141.47736747">
        <ele>230.82</ele>
        <time>2026-08-31T23:11:39Z</time>
        <extensions>
          <geotracker:meta c="5.05" s="26.95" />
        </extensions>
      </trkpt>
      <trkpt lat="-21.3605588" lon="141.47487108">
        <ele>229.99</ele>
        <time>2026-08-31T23:11:49Z</time>
        <extensions>
          <geotracker:meta c="5.05" s="27.48" />
        </extensions>
      </trkpt>
      <trkpt lat="-21.35977902" lon="141.47244252">
        <ele>232.61</ele>
        <time>2026-08-31T23:11:59Z</time>
        <extensions>
          <geotracker:meta c="5.05" s="26.17" />
        </extensions>
      </trkpt>
      <trkpt lat="-21.35898837" lon="141.47002747">
        <ele>234.71</ele>
        <time>2026-08-31T23:12:09Z</time>
        <extensions>
          <geotracker:meta c="5.06" s="26.84" />
        </extensions>
      </trkpt>
      <trkpt lat="-21.35807267" lon="141.46761971">
        <ele>236.59</ele>
        <time>2026-08-31T23:12:19Z</time>
        <extensions>
          <geotracker:meta c="5.15" s="27.14" />
        </extensions>
      </trkpt>
      <trkpt lat="-21.35688047" lon="141.46535962">
        <ele>234.18</ele>
        <time>2026-08-31T23:12:29Z</time>
        <extensions>
          <geotracker:meta c="5.28" s="26.91" />
        </extensions>
      </trkpt>
      <trkpt lat="-21.3554595" lon="141.463255">
        <ele>232.51</ele>
        <time>2026-08-31T23:12:39Z</time>
        <extensions>
          <geotracker:meta c="5.4" s="27.29" />
        </extensions>
      </trkpt>
      <trkpt lat="-21.35377904" lon="141.46133179">
        <ele>234.06</ele>
        <time>2026-08-31T23:12:49Z</time>
        <extensions>
          <geotracker:meta c="5.52" s="25.93" />
        </extensions>
      </trkpt>
      <trkpt lat="-21.35205764" lon="141.45966132">
        <ele>230.48</ele>
        <time>2026-08-31T23:12:59Z</time>
        <extensions>
          <geotracker:meta c="5.56" s="25.42" />
        </extensions>
      </trkpt>
      <trkpt lat="-21.35033861" lon="141.45801152">
        <ele>231.22</ele>
        <time>2026-08-31T23:13:09Z</time>
        <extensions>
          <geotracker:meta c="5.56" s="25.99" />
        </extensions>
      </trkpt>
      <trkpt lat="-21.34866273" lon="141.45628207">
        <ele>230.69</ele>
        <time>2026-08-31T23:13:19Z</time>
        <extensions>
          <geotracker:meta c="5.48" s="25.51" />
        </extensions>
      </trkpt>
      <trkpt lat="-21.34719347" lon="141.45439074">
        <ele>229.7</ele>
        <time>2026-08-31T23:13:29Z</time>
        <extensions>
          <geotracker:meta c="5.35" s="25.26" />
        </extensions>
      </trkpt>
      <trkpt lat="-21.34594514" lon="141.45236003">
        <ele>229.63</ele>
        <time>2026-08-31T23:13:39Z</time>
        <extensions>
          <geotracker:meta c="5.24" s="25.69" />
        </extensions>
      </trkpt>
      <trkpt lat="-21.34459507" lon="141.44972769">
        <ele>230.26</ele>
        <time>2026-08-31T23:13:52Z</time>
        <extensions>
          <geotracker:meta c="5.22" s="21.27" />
        </extensions>
      </trkpt>
      <trkpt lat="-21.34378866" lon="141.44813991">
        <ele>231.9</ele>
        <time>2026-08-31T23:14:02Z</time>
        <extensions>
          <geotracker:meta c="5.2" s="17.76" />
        </extensions>
      </trkpt>
      <trkpt lat="-21.3429936" lon="141.44656881">
        <ele>233.01</ele>
        <time>2026-08-31T23:14:12Z</time>
        <extensions>
          <geotracker:meta c="5.2" s="19.77" />
        </extensions>
      </trkpt>
      <trkpt lat="-21.3420825" lon="141.44475679">
        <ele>235.66</ele>
        <time>2026-08-31T23:14:22Z</time>
        <extensions>
          <geotracker:meta c="5.21" s="22.34" />
        </extensions>
      </trkpt>
      <trkpt lat="-21.3410876" lon="141.44277635">
        <ele>234.9</ele>
        <time>2026-08-31T23:14:32Z</time>
        <extensions>
          <geotracker:meta c="5.22" s="23.76" />
        </extensions>
      </trkpt>
      <trkpt lat="-21.34005003" lon="141.44072946">
        <ele>235.12</ele>
        <time>2026-08-31T23:14:42Z</time>
        <extensions>
          <geotracker:meta c="5.21" s="25.04" />
        </extensions>
      </trkpt>
      <trkpt lat="-21.3389386" lon="141.4385289">
        <ele>237.62</ele>
        <time>2026-08-31T23:14:52Z</time>
        <extensions>
          <geotracker:meta c="5.21" s="26.33" />
        </extensions>
      </trkpt>
      <trkpt lat="-21.33779721" lon="141.43628484">
        <ele>241.65</ele>
        <time>2026-08-31T23:15:02Z</time>
        <extensions>
          <geotracker:meta c="5.22" s="26.85" />
        </extensions>
      </trkpt>
      <trkpt lat="-21.33663915" lon="141.43396075">
        <ele>241</ele>
        <time>2026-08-31T23:15:12Z</time>
        <extensions>
          <geotracker:meta c="5.2" s="27.11" />
        </extensions>
      </trkpt>
      <trkpt lat="-21.33546747" lon="141.43162724">
        <ele>244.49</ele>
        <time>2026-08-31T23:15:22Z</time>
        <extensions>
          <geotracker:meta c="5.21" s="27.29" />
        </extensions>
      </trkpt>
      <trkpt lat="-21.33431598" lon="141.42932887">
        <ele>242.85</ele>
        <time>2026-08-31T23:15:32Z</time>
        <extensions>
          <geotracker:meta c="5.2" s="27.22" />
        </extensions>
      </trkpt>
      <trkpt lat="-21.33258945" lon="141.42587866">
        <ele>238.49</ele>
        <time>2026-08-31T23:15:47Z</time>
        <extensions>
          <geotracker:meta c="5.2" s="26.83" />
        </extensions>
      </trkpt>
      <trkpt lat="-21.33117408" lon="141.42310889">
        <ele>237.75</ele>
        <time>2026-08-31T23:15:59Z</time>
        <extensions>
          <geotracker:meta c="5.21" s="27.07" />
        </extensions>
      </trkpt>
      <trkpt lat="-21.32886726" lon="141.41850321">
        <ele>236.61</ele>
        <time>2026-08-31T23:16:19Z</time>
        <extensions>
          <geotracker:meta c="5.2" s="26.94" />
        </extensions>
      </trkpt>
      <trkpt lat="-21.32772474" lon="141.41621444">
        <ele>236.9</ele>
        <time>2026-08-31T23:16:29Z</time>
        <extensions>
          <geotracker:meta c="5.2" s="26.87" />
        </extensions>
      </trkpt>
      <trkpt lat="-21.32659472" lon="141.41395538">
        <ele>232.35</ele>
        <time>2026-08-31T23:16:39Z</time>
        <extensions>
          <geotracker:meta c="5.2" s="26.35" />
        </extensions>
      </trkpt>
      <trkpt lat="-21.32545605" lon="141.41170583">
        <ele>239.61</ele>
        <time>2026-08-31T23:16:49Z</time>
        <extensions>
          <geotracker:meta c="5.21" s="27" />
        </extensions>
      </trkpt>
      <trkpt lat="-21.32427094" lon="141.40939107">
        <ele>242.12</ele>
        <time>2026-08-31T23:16:59Z</time>
        <extensions>
          <geotracker:meta c="5.21" s="27.35" />
        </extensions>
      </trkpt>
      <trkpt lat="-21.3231373" lon="141.40709583">
        <ele>241.83</ele>
        <time>2026-08-31T23:17:09Z</time>
        <extensions>
          <geotracker:meta c="5.2" s="26.49" />
        </extensions>
      </trkpt>
      <trkpt lat="-21.32200267" lon="141.40482094">
        <ele>238.56</ele>
        <time>2026-08-31T23:17:19Z</time>
        <extensions>
          <geotracker:meta c="5.2" s="26.93" />
        </extensions>
      </trkpt>
      <trkpt lat="-21.32083412" lon="141.40252792">
        <ele>235.36</ele>
        <time>2026-08-31T23:17:29Z</time>
        <extensions>
          <geotracker:meta c="5.21" s="27.19" />
        </extensions>
      </trkpt>
      <trkpt lat="-21.3196637" lon="141.40020155">
        <ele>234.48</ele>
        <time>2026-08-31T23:17:39Z</time>
        <extensions>
          <geotracker:meta c="5.21" s="27.36" />
        </extensions>
      </trkpt>
      <trkpt lat="-21.31862794" lon="141.39812506">
        <ele>232.7</ele>
        <time>2026-08-31T23:17:48Z</time>
        <extensions>
          <geotracker:meta c="5.21" s="26.88" />
        </extensions>
      </trkpt>
      <trkpt lat="-21.31680473" lon="141.39449509">
        <ele>230.5</ele>
        <time>2026-08-31T23:18:04Z</time>
        <extensions>
          <geotracker:meta c="5.21" s="26.53" />
        </extensions>
      </trkpt>
      <trkpt lat="-21.31556094" lon="141.39202482">
        <ele>226.66</ele>
        <time>2026-08-31T23:18:15Z</time>
        <extensions>
          <geotracker:meta c="5.2" s="26.68" />
        </extensions>
      </trkpt>
      <trkpt lat="-21.31440616" lon="141.38975354">
        <ele>227.03</ele>
        <time>2026-08-31T23:18:25Z</time>
        <extensions>
          <geotracker:meta c="5.21" s="26.93" />
        </extensions>
      </trkpt>
      <trkpt lat="-21.31325353" lon="141.38745967">
        <ele>227.26</ele>
        <time>2026-08-31T23:18:35Z</time>
        <extensions>
          <geotracker:meta c="5.2" s="26.88" />
        </extensions>
      </trkpt>
      <trkpt lat="-21.31210156" lon="141.38517651">
        <ele>225.4</ele>
        <time>2026-08-31T23:18:45Z</time>
        <extensions>
          <geotracker:meta c="5.22" s="26.78" />
        </extensions>
      </trkpt>
      <trkpt lat="-21.31097277" lon="141.38291894">
        <ele>225.65</ele>
        <time>2026-08-31T23:18:55Z</time>
        <extensions>
          <geotracker:meta c="5.23" s="26.88" />
        </extensions>
      </trkpt>
      <trkpt lat="-21.30982225" lon="141.38062693">
        <ele>225.14</ele>
        <time>2026-08-31T23:19:05Z</time>
        <extensions>
          <geotracker:meta c="5.31" s="26.77" />
        </extensions>
      </trkpt>
      <trkpt lat="-21.30867788" lon="141.37836672">
        <ele>224.13</ele>
        <time>2026-08-31T23:19:15Z</time>
        <extensions>
          <geotracker:meta c="5.21" s="26.82" />
        </extensions>
      </trkpt>
      <trkpt lat="-21.30751518" lon="141.37605062">
        <ele>224.74</ele>
        <time>2026-08-31T23:19:25Z</time>
        <extensions>
          <geotracker:meta c="5.23" s="27.42" />
        </extensions>
      </trkpt>
      <trkpt lat="-21.30634286" lon="141.37370643">
        <ele>228.53</ele>
        <time>2026-08-31T23:19:35Z</time>
        <extensions>
          <geotracker:meta c="5.21" s="27.31" />
        </extensions>
      </trkpt>
      <trkpt lat="-21.30517171" lon="141.37139214">
        <ele>228.49</ele>
        <time>2026-08-31T23:19:45Z</time>
        <extensions>
          <geotracker:meta c="5.23" s="27.46" />
        </extensions>
      </trkpt>
      <trkpt lat="-21.3040039" lon="141.36906457">
        <ele>230.79</ele>
        <time>2026-08-31T23:19:55Z</time>
        <extensions>
          <geotracker:meta c="5.2" s="27.35" />
        </extensions>
      </trkpt>
      <trkpt lat="-21.30283799" lon="141.36675826">
        <ele>231.71</ele>
        <time>2026-08-31T23:20:05Z</time>
        <extensions>
          <geotracker:meta c="5.21" s="27.44" />
        </extensions>
      </trkpt>
      <trkpt lat="-21.30164896" lon="141.3644118">
        <ele>230.59</ele>
        <time>2026-08-31T23:20:15Z</time>
        <extensions>
          <geotracker:meta c="5.21" s="27.03" />
        </extensions>
      </trkpt>
      <trkpt lat="-21.3005429" lon="141.36219389">
        <ele>224.34</ele>
        <time>2026-08-31T23:20:25Z</time>
        <extensions>
          <geotracker:meta c="5.19" s="25.85" />
        </extensions>
      </trkpt>
      <trkpt lat="-21.29945774" lon="141.36001389">
        <ele>225.77</ele>
        <time>2026-08-31T23:20:35Z</time>
        <extensions>
          <geotracker:meta c="5.19" s="25.7" />
        </extensions>
      </trkpt>
      <trkpt lat="-21.29831795" lon="141.35777717">
        <ele>225.73</ele>
        <time>2026-08-31T23:20:45Z</time>
        <extensions>
          <geotracker:meta c="5.2" s="26.97" />
        </extensions>
      </trkpt>
      <trkpt lat="-21.29717299" lon="141.35550494">
        <ele>224.28</ele>
        <time>2026-08-31T23:20:55Z</time>
        <extensions>
          <geotracker:meta c="5.22" s="27.04" />
        </extensions>
      </trkpt>
      <trkpt lat="-21.29601441" lon="141.35320483">
        <ele>224.44</ele>
        <time>2026-08-31T23:21:05Z</time>
        <extensions>
          <geotracker:meta c="5.23" s="26.66" />
        </extensions>
      </trkpt>
      <trkpt lat="-21.29484006" lon="141.35088172">
        <ele>221.22</ele>
        <time>2026-08-31T23:21:15Z</time>
        <extensions>
          <geotracker:meta c="5.17" s="27.6" />
        </extensions>
      </trkpt>
      <trkpt lat="-21.29343999" lon="141.34808426">
        <ele>223.84</ele>
        <time>2026-08-31T23:21:27Z</time>
        <extensions>
          <geotracker:meta c="5.21" s="27.02" />
        </extensions>
      </trkpt>
      <trkpt lat="-21.29215647" lon="141.34554747">
        <ele>222.18</ele>
        <time>2026-08-31T23:21:38Z</time>
        <extensions>
          <geotracker:meta c="5.2" s="27.11" />
        </extensions>
      </trkpt>
      <trkpt lat="-21.29099526" lon="141.34325943">
        <ele>222.77</ele>
        <time>2026-08-31T23:21:48Z</time>
        <extensions>
          <geotracker:meta c="5.22" s="27.04" />
        </extensions>
      </trkpt>
      <trkpt lat="-21.28961865" lon="141.34050238">
        <ele>218.89</ele>
        <time>2026-08-31T23:22:00Z</time>
        <extensions>
          <geotracker:meta c="5.19" s="26.86" />
        </extensions>
      </trkpt>
      <trkpt lat="-21.28858527" lon="141.33845049">
        <ele>215.59</ele>
        <time>2026-08-31T23:22:09Z</time>
        <extensions>
          <geotracker:meta c="5.18" s="26.69" />
        </extensions>
      </trkpt>
      <trkpt lat="-21.28734798" lon="141.33600635">
        <ele>217.22</ele>
        <time>2026-08-31T23:22:20Z</time>
        <extensions>
          <geotracker:meta c="5.2" s="26.28" />
        </extensions>
      </trkpt>
      <trkpt lat="-21.28632105" lon="141.3339831">
        <ele>214.12</ele>
        <time>2026-08-31T23:22:29Z</time>
        <extensions>
          <geotracker:meta c="5.2" s="26.87" />
        </extensions>
      </trkpt>
      <trkpt lat="-21.28514879" lon="141.3316578">
        <ele>217.98</ele>
        <time>2026-08-31T23:22:39Z</time>
        <extensions>
          <geotracker:meta c="5.2" s="27.2" />
        </extensions>
      </trkpt>
      <trkpt lat="-21.28400213" lon="141.32936476">
        <ele>215.83</ele>
        <time>2026-08-31T23:22:49Z</time>
        <extensions>
          <geotracker:meta c="5.21" s="27.08" />
        </extensions>
      </trkpt>
      <trkpt lat="-21.28284163" lon="141.32705293">
        <ele>219.22</ele>
        <time>2026-08-31T23:22:59Z</time>
        <extensions>
          <geotracker:meta c="5.2" s="26.93" />
        </extensions>
      </trkpt>
      <trkpt lat="-21.28166529" lon="141.3247327">
        <ele>218.18</ele>
        <time>2026-08-31T23:23:09Z</time>
        <extensions>
          <geotracker:meta c="5.2" s="27.55" />
        </extensions>
      </trkpt>
      <trkpt lat="-21.28049049" lon="141.32239472">
        <ele>214.42</ele>
        <time>2026-08-31T23:23:19Z</time>
        <extensions>
          <geotracker:meta c="5.22" s="27.54" />
        </extensions>
      </trkpt>
      <trkpt lat="-21.27934675" lon="141.32010656">
        <ele>213.19</ele>
        <time>2026-08-31T23:23:29Z</time>
        <extensions>
          <geotracker:meta c="5.21" s="26.5" />
        </extensions>
      </trkpt>
      <trkpt lat="-21.27820168" lon="141.31785887">
        <ele>215.8</ele>
        <time>2026-08-31T23:23:39Z</time>
        <extensions>
          <geotracker:meta c="5.21" s="26.75" />
        </extensions>
      </trkpt>
      <trkpt lat="-21.27707248" lon="141.31555005">
        <ele>218.48</ele>
        <time>2026-08-31T23:23:49Z</time>
        <extensions>
          <geotracker:meta c="5.17" s="26.84" />
        </extensions>
      </trkpt>
      <trkpt lat="-21.27623981" lon="141.31342087">
        <ele>213.07</ele>
        <time>2026-08-31T23:23:58Z</time>
        <extensions>
          <geotracker:meta c="5.07" s="26.73" />
        </extensions>
      </trkpt>
      <trkpt lat="-21.27519378" lon="141.30863662">
        <ele>219.46</ele>
        <time>2026-08-31T23:24:17Z</time>
        <extensions>
          <geotracker:meta c="4.82" s="25.98" />
        </extensions>
      </trkpt>
      <trkpt lat="-21.27481184" lon="141.30502706">
        <ele>219.62</ele>
        <time>2026-08-31T23:24:32Z</time>
        <extensions>
          <geotracker:meta c="4.82" s="24.84" />
        </extensions>
      </trkpt>
      <trkpt lat="-21.2745549" lon="141.30258802">
        <ele>220.7</ele>
        <time>2026-08-31T23:24:42Z</time>
        <extensions>
          <geotracker:meta c="4.82" s="26.01" />
        </extensions>
      </trkpt>
      <trkpt lat="-21.274319" lon="141.30035371">
        <ele>223.06</ele>
        <time>2026-08-31T23:24:51Z</time>
        <extensions>
          <geotracker:meta c="4.82" s="24.64" />
        </extensions>
      </trkpt>
      <trkpt lat="-21.27412254" lon="141.29844179">
        <ele>224.07</ele>
        <time>2026-08-31T23:25:00Z</time>
        <extensions>
          <geotracker:meta c="4.83" s="21.08" />
        </extensions>
      </trkpt>
      <trkpt lat="-21.27395718" lon="141.29675634">
        <ele>223.54</ele>
        <time>2026-08-31T23:25:09Z</time>
        <extensions>
          <geotracker:meta c="4.83" s="18.52" />
        </extensions>
      </trkpt>
      <trkpt lat="-21.27362413" lon="141.29393737">
        <ele>221.35</ele>
        <time>2026-08-31T23:25:27Z</time>
        <extensions>
          <geotracker:meta c="4.94" s="14.98" />
        </extensions>
      </trkpt>
      <trkpt lat="-21.27323068" lon="141.29279007">
        <ele>219.6</ele>
        <time>2026-08-31T23:25:36Z</time>
        <extensions>
          <geotracker:meta c="5.16" s="13.92" />
        </extensions>
      </trkpt>
      <trkpt lat="-21.27274497" lon="141.29171704">
        <ele>218.63</ele>
        <time>2026-08-31T23:25:45Z</time>
        <extensions>
          <geotracker:meta c="5.09" s="13.62" />
        </extensions>
      </trkpt>
      <trkpt lat="-21.27228159" lon="141.29072439">
        <ele>218.07</ele>
        <time>2026-08-31T23:25:54Z</time>
        <extensions>
          <geotracker:meta c="5.13" s="12.09" />
        </extensions>
      </trkpt>
      <trkpt lat="-21.2718767" lon="141.28982931">
        <ele>217.95</ele>
        <time>2026-08-31T23:26:03Z</time>
        <extensions>
          <geotracker:meta c="5.17" s="10.76" />
        </extensions>
      </trkpt>
      <trkpt lat="-21.27145256" lon="141.28892229">
        <ele>217.02</ele>
        <time>2026-08-31T23:26:12Z</time>
        <extensions>
          <geotracker:meta c="5.16" s="13.39" />
        </extensions>
      </trkpt>
      <trkpt lat="-21.2709245" lon="141.28782873">
        <ele>214.78</ele>
        <time>2026-08-31T23:26:21Z</time>
        <extensions>
          <geotracker:meta c="5.26" s="14.67" />
        </extensions>
      </trkpt>
      <trkpt lat="-21.27016802" lon="141.28668476">
        <ele>214.46</ele>
        <time>2026-08-31T23:26:30Z</time>
        <extensions>
          <geotracker:meta c="5.44" s="16.8" />
        </extensions>
      </trkpt>
      <trkpt lat="-21.2691785" lon="141.28562542">
        <ele>216.03</ele>
        <time>2026-08-31T23:26:39Z</time>
        <extensions>
          <geotracker:meta c="5.56" s="17.42" />
        </extensions>
      </trkpt>
      <trkpt lat="-21.26674752" lon="141.28317767">
        <ele>217.52</ele>
        <time>2026-08-31T23:26:57Z</time>
        <extensions>
          <geotracker:meta c="5.52" s="23.12" />
        </extensions>
      </trkpt>
      <trkpt lat="-21.26530094" lon="141.28174371">
        <ele>217.3</ele>
        <time>2026-08-31T23:27:06Z</time>
        <extensions>
          <geotracker:meta c="5.55" s="24.95" />
        </extensions>
      </trkpt>
      <trkpt lat="-21.26381802" lon="141.28024703">
        <ele>216.51</ele>
        <time>2026-08-31T23:27:15Z</time>
        <extensions>
          <geotracker:meta c="5.52" s="25.38" />
        </extensions>
      </trkpt>
      <trkpt lat="-21.26213283" lon="141.27855056">
        <ele>215.34</ele>
        <time>2026-08-31T23:27:25Z</time>
        <extensions>
          <geotracker:meta c="5.53" s="25.98" />
        </extensions>
      </trkpt>
      <trkpt lat="-21.26038722" lon="141.27681294">
        <ele>214.1</ele>
        <time>2026-08-31T23:27:35Z</time>
        <extensions>
          <geotracker:meta c="5.53" s="26.52" />
        </extensions>
      </trkpt>
      <trkpt lat="-21.25828912" lon="141.27470105">
        <ele>212.86</ele>
        <time>2026-08-31T23:27:47Z</time>
        <extensions>
          <geotracker:meta c="5.52" s="27" />
        </extensions>
      </trkpt>
      <trkpt lat="-21.25614704" lon="141.27256031">
        <ele>212.58</ele>
        <time>2026-08-31T23:27:59Z</time>
        <extensions>
          <geotracker:meta c="5.4" s="27.25" />
        </extensions>
      </trkpt>
      <trkpt lat="-21.25437427" lon="141.27078147">
        <ele>214.09</ele>
        <time>2026-08-31T23:28:09Z</time>
        <extensions>
          <geotracker:meta c="5.53" s="26.88" />
        </extensions>
      </trkpt>
      <trkpt lat="-21.25258858" lon="141.26901009">
        <ele>214.21</ele>
        <time>2026-08-31T23:28:19Z</time>
        <extensions>
          <geotracker:meta c="5.53" s="27.34" />
        </extensions>
      </trkpt>
      <trkpt lat="-21.25077134" lon="141.26718171">
        <ele>211.66</ele>
        <time>2026-08-31T23:28:29Z</time>
        <extensions>
          <geotracker:meta c="5.53" s="27.47" />
        </extensions>
      </trkpt>
      <trkpt lat="-21.24900025" lon="141.26541174">
        <ele>214.56</ele>
        <time>2026-08-31T23:28:39Z</time>
        <extensions>
          <geotracker:meta c="5.54" s="26.89" />
        </extensions>
      </trkpt>
      <trkpt lat="-21.24601677" lon="141.26220009">
        <ele>213.37</ele>
        <time>2026-08-31T23:28:57Z</time>
        <extensions>
          <geotracker:meta c="5.36" s="26.17" />
        </extensions>
      </trkpt>
      <trkpt lat="-21.2445929" lon="141.26014649">
        <ele>212.52</ele>
        <time>2026-08-31T23:29:07Z</time>
        <extensions>
          <geotracker:meta c="5.3" s="26.66" />
        </extensions>
      </trkpt>
      <trkpt lat="-21.2433142" lon="141.2583571">
        <ele>215.71</ele>
        <time>2026-08-31T23:29:16Z</time>
        <extensions>
          <geotracker:meta c="5.37" s="26.19" />
        </extensions>
      </trkpt>
      <trkpt lat="-21.24191282" lon="141.25657271">
        <ele>216.06</ele>
        <time>2026-08-31T23:29:25Z</time>
        <extensions>
          <geotracker:meta c="5.46" s="27.1" />
        </extensions>
      </trkpt>
      <trkpt lat="-21.24037164" lon="141.25485923">
        <ele>216.16</ele>
        <time>2026-08-31T23:29:34Z</time>
        <extensions>
          <geotracker:meta c="5.51" s="27.43" />
        </extensions>
      </trkpt>
      <trkpt lat="-21.23887363" lon="141.25317753">
        <ele>216.03</ele>
        <time>2026-08-31T23:29:43Z</time>
        <extensions>
          <geotracker:meta c="5.46" s="26.59" />
        </extensions>
      </trkpt>
      <trkpt lat="-21.23742892" lon="141.25148251">
        <ele>215.74</ele>
        <time>2026-08-31T23:29:52Z</time>
        <extensions>
          <geotracker:meta c="5.44" s="26.36" />
        </extensions>
      </trkpt>
      <trkpt lat="-21.23601128" lon="141.24976531">
        <ele>214.53</ele>
        <time>2026-08-31T23:30:01Z</time>
        <extensions>
          <geotracker:meta c="5.4" s="26.48" />
        </extensions>
      </trkpt>
      <trkpt lat="-21.23460933" lon="141.24800961">
        <ele>214.8</ele>
        <time>2026-08-31T23:30:10Z</time>
        <extensions>
          <geotracker:meta c="5.4" s="26.51" />
        </extensions>
      </trkpt>
      <trkpt lat="-21.23322888" lon="141.24622813">
        <ele>216.32</ele>
        <time>2026-08-31T23:30:19Z</time>
        <extensions>
          <geotracker:meta c="5.4" s="26.79" />
        </extensions>
      </trkpt>
      <trkpt lat="-21.23170383" lon="141.24419241">
        <ele>216.59</ele>
        <time>2026-08-31T23:30:29Z</time>
        <extensions>
          <geotracker:meta c="5.38" s="27.21" />
        </extensions>
      </trkpt>
      <trkpt lat="-21.23022022" lon="141.24213842">
        <ele>215.69</ele>
        <time>2026-08-31T23:30:39Z</time>
        <extensions>
          <geotracker:meta c="5.37" s="26.93" />
        </extensions>
      </trkpt>
      <trkpt lat="-21.22875029" lon="141.24001179">
        <ele>217</ele>
        <time>2026-08-31T23:30:49Z</time>
        <extensions>
          <geotracker:meta c="5.41" s="27.45" />
        </extensions>
      </trkpt>
      <trkpt lat="-21.22730574" lon="141.23787635">
        <ele>215.67</ele>
        <time>2026-08-31T23:30:59Z</time>
        <extensions>
          <geotracker:meta c="5.33" s="27.39" />
        </extensions>
      </trkpt>
      <trkpt lat="-21.22606375" lon="141.23594023">
        <ele>213.29</ele>
        <time>2026-08-31T23:31:08Z</time>
        <extensions>
          <geotracker:meta c="5.35" s="26.68" />
        </extensions>
      </trkpt>
      <trkpt lat="-21.22353904" lon="141.23194673">
        <ele>214.25</ele>
        <time>2026-08-31T23:31:27Z</time>
        <extensions>
          <geotracker:meta c="5.34" s="26.07" />
        </extensions>
      </trkpt>
      <trkpt lat="-21.22206051" lon="141.22972621">
        <ele>213.54</ele>
        <time>2026-08-31T23:31:38Z</time>
        <extensions>
          <geotracker:meta c="5.22" s="25.67" />
        </extensions>
      </trkpt>
      <trkpt lat="-21.22068856" lon="141.22772528">
        <ele>212.86</ele>
        <time>2026-08-31T23:31:48Z</time>
        <extensions>
          <geotracker:meta c="5.33" s="25.7" />
        </extensions>
      </trkpt>
      <trkpt lat="-21.21929124" lon="141.22568273">
        <ele>212.54</ele>
        <time>2026-08-31T23:31:58Z</time>
        <extensions>
          <geotracker:meta c="5.36" s="26.51" />
        </extensions>
      </trkpt>
      <trkpt lat="-21.21654814" lon="141.2217821">
        <ele>214.19</ele>
        <time>2026-08-31T23:32:17Z</time>
        <extensions>
          <geotracker:meta c="5.38" s="27.27" />
        </extensions>
      </trkpt>
      <trkpt lat="-21.21269531" lon="141.21631209">
        <ele>217.74</ele>
        <time>2026-08-31T23:32:43Z</time>
        <extensions>
          <geotracker:meta c="5.35" s="27.29" />
        </extensions>
      </trkpt>
      <trkpt lat="-21.20973939" lon="141.21223654">
        <ele>219.08</ele>
        <time>2026-08-31T23:33:03Z</time>
        <extensions>
          <geotracker:meta c="5.4" s="26.39" />
        </extensions>
      </trkpt>
      <trkpt lat="-21.20825873" lon="141.21029541">
        <ele>221.32</ele>
        <time>2026-08-31T23:33:13Z</time>
        <extensions>
          <geotracker:meta c="5.4" s="26.07" />
        </extensions>
      </trkpt>
      <trkpt lat="-21.20670087" lon="141.20833936">
        <ele>223.63</ele>
        <time>2026-08-31T23:33:23Z</time>
        <extensions>
          <geotracker:meta c="5.42" s="26.79" />
        </extensions>
      </trkpt>
      <trkpt lat="-21.20507041" lon="141.20635624">
        <ele>223.19</ele>
        <time>2026-08-31T23:33:33Z</time>
        <extensions>
          <geotracker:meta c="5.44" s="27.52" />
        </extensions>
      </trkpt>
      <trkpt lat="-21.19998029" lon="141.20066011">
        <ele>223.96</ele>
        <time>2026-08-31T23:34:03Z</time>
        <extensions>
          <geotracker:meta c="5.5" s="27.22" />
        </extensions>
      </trkpt>
      <trkpt lat="-21.19839506" lon="141.1989824">
        <ele>222.2</ele>
        <time>2026-08-31T23:34:12Z</time>
        <extensions>
          <geotracker:meta c="5.51" s="27.29" />
        </extensions>
      </trkpt>
      <trkpt lat="-21.19680146" lon="141.19734679">
        <ele>222.71</ele>
        <time>2026-08-31T23:34:21Z</time>
        <extensions>
          <geotracker:meta c="5.51" s="27.07" />
        </extensions>
      </trkpt>
      <trkpt lat="-21.19526721" lon="141.19573135">
        <ele>223.1</ele>
        <time>2026-08-31T23:34:30Z</time>
        <extensions>
          <geotracker:meta c="5.49" s="26.27" />
        </extensions>
      </trkpt>
      <trkpt lat="-21.19374546" lon="141.19407729">
        <ele>222.41</ele>
        <time>2026-08-31T23:34:39Z</time>
        <extensions>
          <geotracker:meta c="5.53" s="26.7" />
        </extensions>
      </trkpt>
      <trkpt lat="-21.19211154" lon="141.19225033">
        <ele>221.77</ele>
        <time>2026-08-31T23:34:49Z</time>
        <extensions>
          <geotracker:meta c="5.48" s="25.8" />
        </extensions>
      </trkpt>
      <trkpt lat="-21.19067656" lon="141.19064219">
        <ele>220.6</ele>
        <time>2026-08-31T23:34:58Z</time>
        <extensions>
          <geotracker:meta c="5.46" s="25.62" />
        </extensions>
      </trkpt>
      <trkpt lat="-21.1892947" lon="141.18909719">
        <ele>220.09</ele>
        <time>2026-08-31T23:35:07Z</time>
        <extensions>
          <geotracker:meta c="5.47" s="24.36" />
        </extensions>
      </trkpt>
      <trkpt lat="-21.18652025" lon="141.18599775">
        <ele>220.07</ele>
        <time>2026-08-31T23:35:25Z</time>
        <extensions>
          <geotracker:meta c="5.48" s="24.62" />
        </extensions>
      </trkpt>
      <trkpt lat="-21.18514207" lon="141.18444771">
        <ele>219.88</ele>
        <time>2026-08-31T23:35:34Z</time>
        <extensions>
          <geotracker:meta c="5.42" s="24.64" />
        </extensions>
      </trkpt>
      <trkpt lat="-21.18191403" lon="141.17963358">
        <ele>220.64</ele>
        <time>2026-08-31T23:35:58Z</time>
        <extensions>
          <geotracker:meta c="5.27" s="26.79" />
        </extensions>
      </trkpt>
      <trkpt lat="-21.17803601" lon="141.17308767">
        <ele>219.72</ele>
        <time>2026-08-31T23:36:28Z</time>
        <extensions>
          <geotracker:meta c="5.28" s="27.4" />
        </extensions>
      </trkpt>
      <trkpt lat="-21.17539439" lon="141.16863032">
        <ele>220.14</ele>
        <time>2026-08-31T23:36:48Z</time>
        <extensions>
          <geotracker:meta c="5.28" s="26.99" />
        </extensions>
      </trkpt>
      <trkpt lat="-21.17414712" lon="141.16648822">
        <ele>223.85</ele>
        <time>2026-08-31T23:36:58Z</time>
        <extensions>
          <geotracker:meta c="5.27" s="26.23" />
        </extensions>
      </trkpt>
      <trkpt lat="-21.17293513" lon="141.16447696">
        <ele>223.61</ele>
        <time>2026-08-31T23:37:07Z</time>
        <extensions>
          <geotracker:meta c="5.27" s="26.04" />
        </extensions>
      </trkpt>
      <trkpt lat="-21.17162489" lon="141.16223869">
        <ele>220.53</ele>
        <time>2026-08-31T23:37:18Z</time>
        <extensions>
          <geotracker:meta c="5.27" s="25.88" />
        </extensions>
      </trkpt>
      <trkpt lat="-21.17039707" lon="141.16015803">
        <ele>221.92</ele>
        <time>2026-08-31T23:37:28Z</time>
        <extensions>
          <geotracker:meta c="5.28" s="24.99" />
        </extensions>
      </trkpt>
      <trkpt lat="-21.16917775" lon="141.1581158">
        <ele>219.08</ele>
        <time>2026-08-31T23:37:38Z</time>
        <extensions>
          <geotracker:meta c="5.27" s="25.19" />
        </extensions>
      </trkpt>
      <trkpt lat="-21.16796637" lon="141.15602116">
        <ele>224.48</ele>
        <time>2026-08-31T23:37:48Z</time>
        <extensions>
          <geotracker:meta c="5.28" s="25.7" />
        </extensions>
      </trkpt>
      <trkpt lat="-21.16668139" lon="141.15389369">
        <ele>223.7</ele>
        <time>2026-08-31T23:37:58Z</time>
        <extensions>
          <geotracker:meta c="5.27" s="26.65" />
        </extensions>
      </trkpt>
      <trkpt lat="-21.16414999" lon="141.14960392">
        <ele>224.29</ele>
        <time>2026-08-31T23:38:18Z</time>
        <extensions>
          <geotracker:meta c="5.27" s="25.94" />
        </extensions>
      </trkpt>
      <trkpt lat="-21.16165208" lon="141.1453904">
        <ele>223.39</ele>
        <time>2026-08-31T23:38:38Z</time>
        <extensions>
          <geotracker:meta c="5.28" s="25.69" />
        </extensions>
      </trkpt>
      <trkpt lat="-21.15786448" lon="141.13899097">
        <ele>223.39</ele>
        <time>2026-08-31T23:39:08Z</time>
        <extensions>
          <geotracker:meta c="5.28" s="26.18" />
        </extensions>
      </trkpt>
      <trkpt lat="-21.15658936" lon="141.13683714">
        <ele>223.43</ele>
        <time>2026-08-31T23:39:18Z</time>
        <extensions>
          <geotracker:meta c="5.27" s="26.79" />
        </extensions>
      </trkpt>
      <trkpt lat="-21.15521831" lon="141.13474143">
        <ele>225.45</ele>
        <time>2026-08-31T23:39:28Z</time>
        <extensions>
          <geotracker:meta c="5.42" s="26.95" />
        </extensions>
      </trkpt>
      <trkpt lat="-21.15348703" lon="141.13286473">
        <ele>221</ele>
        <time>2026-08-31T23:39:38Z</time>
        <extensions>
          <geotracker:meta c="5.5" s="27.44" />
        </extensions>
      </trkpt>
      <trkpt lat="-21.15173616" lon="141.13106007">
        <ele>224.37</ele>
        <time>2026-08-31T23:39:48Z</time>
        <extensions>
          <geotracker:meta c="5.5" s="27.29" />
        </extensions>
      </trkpt>
      <trkpt lat="-21.14821299" lon="141.12735271">
        <ele>227.35</ele>
        <time>2026-08-31T23:40:08Z</time>
        <extensions>
          <geotracker:meta c="5.48" s="26.92" />
        </extensions>
      </trkpt>
    </trkseg>
    <trkseg>
      <trkpt lat="-21.12909974" lon="141.09693457">
        <ele>229.73</ele>
        <time>2026-08-31T23:42:32Z</time>
        <extensions>
          <geotracker:meta c="5.35" s="25.79" />
        </extensions>
      </trkpt>
      <trkpt lat="-21.12771702" lon="141.09492966">
        <ele>226.49</ele>
        <time>2026-08-31T23:42:42Z</time>
        <extensions>
          <geotracker:meta c="5.35" s="26.15" />
        </extensions>
      </trkpt>
      <trkpt lat="-21.12596443" lon="141.09244317">
        <ele>230.64</ele>
        <time>2026-08-31T23:42:54Z</time>
        <extensions>
          <geotracker:meta c="5.38" s="27.03" />
        </extensions>
      </trkpt>
      <trkpt lat="-21.12442868" lon="141.09038805">
        <ele>231.48</ele>
        <time>2026-08-31T23:43:04Z</time>
        <extensions>
          <geotracker:meta c="5.4" s="26.91" />
        </extensions>
      </trkpt>
      <trkpt lat="-21.12291444" lon="141.08842096">
        <ele>233.68</ele>
        <time>2026-08-31T23:43:14Z</time>
        <extensions>
          <geotracker:meta c="5.41" s="25.79" />
        </extensions>
      </trkpt>
      <trkpt lat="-21.12148826" lon="141.08653082">
        <ele>232.84</ele>
        <time>2026-08-31T23:43:24Z</time>
        <extensions>
          <geotracker:meta c="5.39" s="25.21" />
        </extensions>
      </trkpt>
      <trkpt lat="-21.12008828" lon="141.08458783">
        <ele>232.8</ele>
        <time>2026-08-31T23:43:34Z</time>
        <extensions>
          <geotracker:meta c="5.35" s="25.23" />
        </extensions>
      </trkpt>
      <trkpt lat="-21.1176713" lon="141.0810695">
        <ele>236.27</ele>
        <time>2026-08-31T23:43:52Z</time>
        <extensions>
          <geotracker:meta c="5.3" s="25.29" />
        </extensions>
      </trkpt>
      <trkpt lat="-21.11636255" lon="141.07908439">
        <ele>233.17</ele>
        <time>2026-08-31T23:44:02Z</time>
        <extensions>
          <geotracker:meta c="5.33" s="25.09" />
        </extensions>
      </trkpt>
      <trkpt lat="-21.11507137" lon="141.07707042">
        <ele>235.68</ele>
        <time>2026-08-31T23:44:12Z</time>
        <extensions>
          <geotracker:meta c="5.3" s="25.58" />
        </extensions>
      </trkpt>
      <trkpt lat="-21.11351848" lon="141.07447819">
        <ele>234.93</ele>
        <time>2026-08-31T23:44:24Z</time>
        <extensions>
          <geotracker:meta c="5.28" s="27.43" />
        </extensions>
      </trkpt>
      <trkpt lat="-21.11086172" lon="141.07006267">
        <ele>237.13</ele>
        <time>2026-08-31T23:44:44Z</time>
        <extensions>
          <geotracker:meta c="5.3" s="27.11" />
        </extensions>
      </trkpt>
      <trkpt lat="-21.1095117" lon="141.06792375">
        <ele>236.33</ele>
        <time>2026-08-31T23:44:54Z</time>
        <extensions>
          <geotracker:meta c="5.31" s="26.22" />
        </extensions>
      </trkpt>
      <trkpt lat="-21.10815881" lon="141.06584989">
        <ele>237.09</ele>
        <time>2026-08-31T23:45:04Z</time>
        <extensions>
          <geotracker:meta c="5.33" s="26.28" />
        </extensions>
      </trkpt>
      <trkpt lat="-21.1067318" lon="141.06378899">
        <ele>238.3</ele>
        <time>2026-08-31T23:45:14Z</time>
        <extensions>
          <geotracker:meta c="5.35" s="26.92" />
        </extensions>
      </trkpt>
      <trkpt lat="-21.10530402" lon="141.06178585">
        <ele>238.42</ele>
        <time>2026-08-31T23:45:24Z</time>
        <extensions>
          <geotracker:meta c="5.36" s="25.63" />
        </extensions>
      </trkpt>
      <trkpt lat="-21.10384813" lon="141.05978457">
        <ele>241.24</ele>
        <time>2026-08-31T23:45:34Z</time>
        <extensions>
          <geotracker:meta c="5.38" s="27" />
        </extensions>
      </trkpt>
      <trkpt lat="-21.10233688" lon="141.05775512">
        <ele>239.75</ele>
        <time>2026-08-31T23:45:44Z</time>
        <extensions>
          <geotracker:meta c="5.38" s="26.5" />
        </extensions>
      </trkpt>
      <trkpt lat="-21.10090805" lon="141.05575007">
        <ele>236.78</ele>
        <time>2026-08-31T23:45:54Z</time>
        <extensions>
          <geotracker:meta c="5.36" s="25.83" />
        </extensions>
      </trkpt>
      <trkpt lat="-21.09951867" lon="141.05377327">
        <ele>238.49</ele>
        <time>2026-08-31T23:46:04Z</time>
        <extensions>
          <geotracker:meta c="5.35" s="25.81" />
        </extensions>
      </trkpt>
      <trkpt lat="-21.09813207" lon="141.05173728">
        <ele>240.56</ele>
        <time>2026-08-31T23:46:14Z</time>
        <extensions>
          <geotracker:meta c="5.33" s="26.54" />
        </extensions>
      </trkpt>
      <trkpt lat="-21.09674329" lon="141.0496155">
        <ele>239.78</ele>
        <time>2026-08-31T23:46:24Z</time>
        <extensions>
          <geotracker:meta c="5.32" s="26.68" />
        </extensions>
      </trkpt>
      <trkpt lat="-21.09527485" lon="141.04731728">
        <ele>240.51</ele>
        <time>2026-08-31T23:46:35Z</time>
        <extensions>
          <geotracker:meta c="5.31" s="26.24" />
        </extensions>
      </trkpt>
      <trkpt lat="-21.09366912" lon="141.04485937">
        <ele>240.74</ele>
        <time>2026-08-31T23:46:47Z</time>
        <extensions>
          <geotracker:meta c="5.33" s="26.19" />
        </extensions>
      </trkpt>
      <trkpt lat="-21.09088384" lon="141.04082926">
        <ele>242.96</ele>
        <time>2026-08-31T23:47:07Z</time>
        <extensions>
          <geotracker:meta c="5.36" s="24.77" />
        </extensions>
      </trkpt>
      <trkpt lat="-21.08953324" lon="141.03896836">
        <ele>241.8</ele>
        <time>2026-08-31T23:47:17Z</time>
        <extensions>
          <geotracker:meta c="5.39" s="24.46" />
        </extensions>
      </trkpt>
      <trkpt lat="-21.08814727" lon="141.03709288">
        <ele>242.39</ele>
        <time>2026-08-31T23:47:27Z</time>
        <extensions>
          <geotracker:meta c="5.37" s="25.29" />
        </extensions>
      </trkpt>
      <trkpt lat="-21.08673123" lon="141.03516856">
        <ele>245.62</ele>
        <time>2026-08-31T23:47:37Z</time>
        <extensions>
          <geotracker:meta c="5.36" s="25.46" />
        </extensions>
      </trkpt>
      <trkpt lat="-21.08535369" lon="141.03321959">
        <ele>246.42</ele>
        <time>2026-08-31T23:47:47Z</time>
        <extensions>
          <geotracker:meta c="5.34" s="25.31" />
        </extensions>
      </trkpt>
      <trkpt lat="-21.08395993" lon="141.03120658">
        <ele>247.83</ele>
        <time>2026-08-31T23:47:57Z</time>
        <extensions>
          <geotracker:meta c="5.34" s="26.18" />
        </extensions>
      </trkpt>
      <trkpt lat="-21.08258114" lon="141.02912412">
        <ele>247.01</ele>
        <time>2026-08-31T23:48:07Z</time>
        <extensions>
          <geotracker:meta c="5.32" s="26.83" />
        </extensions>
      </trkpt>
      <trkpt lat="-21.08120782" lon="141.02701303">
        <ele>247.39</ele>
        <time>2026-08-31T23:48:17Z</time>
        <extensions>
          <geotracker:meta c="5.31" s="26.5" />
        </extensions>
      </trkpt>
      <trkpt lat="-21.07985555" lon="141.02491237">
        <ele>246.06</ele>
        <time>2026-08-31T23:48:27Z</time>
        <extensions>
          <geotracker:meta c="5.32" s="26.46" />
        </extensions>
      </trkpt>
      <trkpt lat="-21.07846131" lon="141.02278663">
        <ele>249.73</ele>
        <time>2026-08-31T23:48:37Z</time>
        <extensions>
          <geotracker:meta c="5.32" s="27.16" />
        </extensions>
      </trkpt>
      <trkpt lat="-21.07702713" lon="141.02067837">
        <ele>249.67</ele>
        <time>2026-08-31T23:48:47Z</time>
        <extensions>
          <geotracker:meta c="5.32" s="27.06" />
        </extensions>
      </trkpt>
      <trkpt lat="-21.0755542" lon="141.0185887">
        <ele>252.95</ele>
        <time>2026-08-31T23:48:57Z</time>
        <extensions>
          <geotracker:meta c="5.37" s="26.83" />
        </extensions>
      </trkpt>
      <trkpt lat="-21.07408418" lon="141.0165525">
        <ele>249.09</ele>
        <time>2026-08-31T23:49:07Z</time>
        <extensions>
          <geotracker:meta c="5.36" s="26.8" />
        </extensions>
      </trkpt>
      <trkpt lat="-21.07258617" lon="141.0145247">
        <ele>251.91</ele>
        <time>2026-08-31T23:49:17Z</time>
        <extensions>
          <geotracker:meta c="5.39" s="26.58" />
        </extensions>
      </trkpt>
      <trkpt lat="-21.07108949" lon="141.01250687">
        <ele>251.64</ele>
        <time>2026-08-31T23:49:27Z</time>
        <extensions>
          <geotracker:meta c="5.38" s="26.65" />
        </extensions>
      </trkpt>
      <trkpt lat="-21.06963628" lon="141.01046185">
        <ele>253.36</ele>
        <time>2026-08-31T23:49:37Z</time>
        <extensions>
          <geotracker:meta c="5.36" s="26.84" />
        </extensions>
      </trkpt>
      <trkpt lat="-21.06818403" lon="141.00836155">
        <ele>251.26</ele>
        <time>2026-08-31T23:49:47Z</time>
        <extensions>
          <geotracker:meta c="5.35" s="27.5" />
        </extensions>
      </trkpt>
      <trkpt lat="-21.06674055" lon="141.00623511">
        <ele>250.62</ele>
        <time>2026-08-31T23:49:57Z</time>
        <extensions>
          <geotracker:meta c="5.33" s="27.26" />
        </extensions>
      </trkpt>
      <trkpt lat="-21.06536046" lon="141.00409873">
        <ele>251.3</ele>
        <time>2026-08-31T23:50:07Z</time>
        <extensions>
          <geotracker:meta c="5.31" s="26.85" />
        </extensions>
      </trkpt>
      <trkpt lat="-21.06399813" lon="141.00196437">
        <ele>250.99</ele>
        <time>2026-08-31T23:50:17Z</time>
        <extensions>
          <geotracker:meta c="5.26" s="26.67" />
        </extensions>
      </trkpt>
      <trkpt lat="-21.06264676" lon="140.99987744">
        <ele>252.6</ele>
        <time>2026-08-31T23:50:27Z</time>
        <extensions>
          <geotracker:meta c="5.33" s="26.15" />
        </extensions>
      </trkpt>
      <trkpt lat="-21.06126982" lon="140.99783834">
        <ele>254.81</ele>
        <time>2026-08-31T23:50:37Z</time>
        <extensions>
          <geotracker:meta c="5.36" s="26.13" />
        </extensions>
      </trkpt>
      <trkpt lat="-21.05986695" lon="140.99580425">
        <ele>255.71</ele>
        <time>2026-08-31T23:50:47Z</time>
        <extensions>
          <geotracker:meta c="5.35" s="26.34" />
        </extensions>
      </trkpt>
      <trkpt lat="-21.05840897" lon="140.99375262">
        <ele>256.91</ele>
        <time>2026-08-31T23:50:57Z</time>
        <extensions>
          <geotracker:meta c="5.37" s="26.94" />
        </extensions>
      </trkpt>
      <trkpt lat="-21.05693733" lon="140.99174022">
        <ele>254.38</ele>
        <time>2026-08-31T23:51:07Z</time>
        <extensions>
          <geotracker:meta c="5.37" s="26.6" />
        </extensions>
      </trkpt>
      <trkpt lat="-21.05540978" lon="140.98971713">
        <ele>255.21</ele>
        <time>2026-08-31T23:51:17Z</time>
        <extensions>
          <geotracker:meta c="5.4" s="27.13" />
        </extensions>
      </trkpt>
      <trkpt lat="-21.05390183" lon="140.98763755">
        <ele>254.65</ele>
        <time>2026-08-31T23:51:27Z</time>
        <extensions>
          <geotracker:meta c="5.37" s="26.71" />
        </extensions>
      </trkpt>
      <trkpt lat="-21.05242857" lon="140.98556944">
        <ele>253.8</ele>
        <time>2026-08-31T23:51:37Z</time>
        <extensions>
          <geotracker:meta c="5.36" s="26.94" />
        </extensions>
      </trkpt>
      <trkpt lat="-21.05102274" lon="140.98349864">
        <ele>253.56</ele>
        <time>2026-08-31T23:51:47Z</time>
        <extensions>
          <geotracker:meta c="5.33" s="26.92" />
        </extensions>
      </trkpt>
      <trkpt lat="-21.04964459" lon="140.9814296">
        <ele>255.25</ele>
        <time>2026-08-31T23:51:57Z</time>
        <extensions>
          <geotracker:meta c="5.32" s="25.61" />
        </extensions>
      </trkpt>
      <trkpt lat="-21.04834249" lon="140.97940942">
        <ele>252.52</ele>
        <time>2026-08-31T23:52:07Z</time>
        <extensions>
          <geotracker:meta c="5.3" s="25.57" />
        </extensions>
      </trkpt>
      <trkpt lat="-21.04737112" lon="140.97789424">
        <ele>255.63</ele>
        <time>2026-08-31T23:52:14Z</time>
        <extensions>
          <geotracker:meta c="5.32" s="26.09" />
        </extensions>
      </trkpt>
      <trkpt lat="-21.04589603" lon="140.97568568">
        <ele>256.14</ele>
        <time>2026-08-31T23:52:25Z</time>
        <extensions>
          <geotracker:meta c="5.33" s="26.76" />
        </extensions>
      </trkpt>
      <trkpt lat="-21.04445711" lon="140.97360797">
        <ele>254.79</ele>
        <time>2026-08-31T23:52:35Z</time>
        <extensions>
          <geotracker:meta c="5.37" s="26.94" />
        </extensions>
      </trkpt>
      <trkpt lat="-21.04295962" lon="140.97151116">
        <ele>252.48</ele>
        <time>2026-08-31T23:52:45Z</time>
        <extensions>
          <geotracker:meta c="5.38" s="27.08" />
        </extensions>
      </trkpt>
      <trkpt lat="-21.04145912" lon="140.96950423">
        <ele>251.74</ele>
        <time>2026-08-31T23:52:55Z</time>
        <extensions>
          <geotracker:meta c="5.39" s="26.76" />
        </extensions>
      </trkpt>
      <trkpt lat="-21.03992924" lon="140.96748022">
        <ele>253.18</ele>
        <time>2026-08-31T23:53:05Z</time>
        <extensions>
          <geotracker:meta c="5.39" s="26.77" />
        </extensions>
      </trkpt>
      <trkpt lat="-21.0384298" lon="140.96545832">
        <ele>255.85</ele>
        <time>2026-08-31T23:53:15Z</time>
        <extensions>
          <geotracker:meta c="5.37" s="27.01" />
        </extensions>
      </trkpt>
      <trkpt lat="-21.03696333" lon="140.96340401">
        <ele>255.08</ele>
        <time>2026-08-31T23:53:25Z</time>
        <extensions>
          <geotracker:meta c="5.35" s="26.72" />
        </extensions>
      </trkpt>
      <trkpt lat="-21.03552413" lon="140.96132835">
        <ele>256.72</ele>
        <time>2026-08-31T23:53:35Z</time>
        <extensions>
          <geotracker:meta c="5.35" s="27.2" />
        </extensions>
      </trkpt>
      <trkpt lat="-21.0340538" lon="140.95919931">
        <ele>253.01</ele>
        <time>2026-08-31T23:53:45Z</time>
        <extensions>
          <geotracker:meta c="5.34" s="27.64" />
        </extensions>
      </trkpt>
      <trkpt lat="-21.03145995" lon="140.95542715">
        <ele>255.52</ele>
        <time>2026-08-31T23:54:03Z</time>
        <extensions>
          <geotracker:meta c="5.34" s="27.1" />
        </extensions>
      </trkpt>
      <trkpt lat="-21.02999931" lon="140.95333625">
        <ele>251.56</ele>
        <time>2026-08-31T23:54:13Z</time>
        <extensions>
          <geotracker:meta c="5.35" s="26.94" />
        </extensions>
      </trkpt>
      <trkpt lat="-21.02859642" lon="140.9513038">
        <ele>251.08</ele>
        <time>2026-08-31T23:54:23Z</time>
        <extensions>
          <geotracker:meta c="5.35" s="25.74" />
        </extensions>
      </trkpt>
      <trkpt lat="-21.02723166" lon="140.9493219">
        <ele>253.97</ele>
        <time>2026-08-31T23:54:33Z</time>
        <extensions>
          <geotracker:meta c="5.34" s="25.34" />
        </extensions>
      </trkpt>
      <trkpt lat="-21.0258426" lon="140.94734282">
        <ele>258.06</ele>
        <time>2026-08-31T23:54:43Z</time>
        <extensions>
          <geotracker:meta c="5.36" s="26.11" />
        </extensions>
      </trkpt>
      <trkpt lat="-21.02440608" lon="140.94526095">
        <ele>260.65</ele>
        <time>2026-08-31T23:54:53Z</time>
        <extensions>
          <geotracker:meta c="5.35" s="27.13" />
        </extensions>
      </trkpt>
      <trkpt lat="-21.02297015" lon="140.9431518">
        <ele>257.26</ele>
        <time>2026-08-31T23:55:03Z</time>
        <extensions>
          <geotracker:meta c="5.34" s="27.12" />
        </extensions>
      </trkpt>
      <trkpt lat="-21.02159465" lon="140.94096382">
        <ele>260.37</ele>
        <time>2026-08-31T23:55:13Z</time>
        <extensions>
          <geotracker:meta c="5.29" s="26.9" />
        </extensions>
      </trkpt>
      <trkpt lat="-21.01889902" lon="140.93679867">
        <ele>254.34</ele>
        <time>2026-08-31T23:55:33Z</time>
        <extensions>
          <geotracker:meta c="5.4" s="26.74" />
        </extensions>
      </trkpt>
    </trkseg>
    <trkseg>
      <trkpt lat="-20.96101556" lon="140.90496086">
        <ele>250.73</ele>
        <time>2026-09-01T00:00:03Z</time>
        <extensions>
          <geotracker:meta c="5.83" s="26.36" />
        </extensions>
      </trkpt>
    </trkseg>
    <trkseg>
      <trkpt lat="-20.92468449" lon="140.87958459">
        <ele>247.75</ele>
        <time>2026-09-01T00:03:03Z</time>
        <extensions>
          <geotracker:meta c="5.61" s="26.5" />
        </extensions>
      </trkpt>
    </trkseg>
    <trkseg>
      <trkpt lat="-20.90382727" lon="140.8620425">
        <ele>235.66</ele>
        <time>2026-09-01T00:04:53Z</time>
        <extensions>
          <geotracker:meta c="5.62" s="25.48" />
        </extensions>
      </trkpt>
      <trkpt lat="-20.90158664" lon="140.86016247">
        <ele>236.77</ele>
        <time>2026-09-01T00:05:05Z</time>
        <extensions>
          <geotracker:meta c="5.61" s="26.72" />
        </extensions>
      </trkpt>
      <trkpt lat="-20.89965309" lon="140.85853601">
        <ele>237.13</ele>
        <time>2026-09-01T00:05:15Z</time>
        <extensions>
          <geotracker:meta c="5.61" s="27.26" />
        </extensions>
      </trkpt>
      <trkpt lat="-20.89558861" lon="140.85510142">
        <ele>237.93</ele>
        <time>2026-09-01T00:05:36Z</time>
        <extensions>
          <geotracker:meta c="5.6" s="27.64" />
        </extensions>
      </trkpt>
      <trkpt lat="-20.89236854" lon="140.85237617">
        <ele>241.65</ele>
        <time>2026-09-01T00:05:53Z</time>
        <extensions>
          <geotracker:meta c="5.6" s="26.62" />
        </extensions>
      </trkpt>
      <trkpt lat="-20.89020393" lon="140.8505617">
        <ele>238.26</ele>
        <time>2026-09-01T00:06:04Z</time>
        <extensions>
          <geotracker:meta c="5.61" s="27.57" />
        </extensions>
      </trkpt>
      <trkpt lat="-20.88810117" lon="140.84878951">
        <ele>234.59</ele>
        <time>2026-09-01T00:06:15Z</time>
        <extensions>
          <geotracker:meta c="5.62" s="27.01" />
        </extensions>
      </trkpt>
    </trkseg>
    <trkseg>
      <trkpt lat="-20.84911063" lon="140.81627096">
        <ele>235.86</ele>
        <time>2026-09-01T00:09:35Z</time>
        <extensions>
          <geotracker:meta c="5.63" s="27.66" />
        </extensions>
      </trkpt>
      <trkpt lat="-20.84664065" lon="140.81427166">
        <ele>238.24</ele>
        <time>2026-09-01T00:09:47Z</time>
        <extensions>
          <geotracker:meta c="5.63" s="27.67" />
        </extensions>
      </trkpt>
      <trkpt lat="-20.84101533" lon="140.80967776">
        <ele>230.35</ele>
        <time>2026-09-01T00:10:16Z</time>
        <extensions>
          <geotracker:meta c="5.65" s="27.23" />
        </extensions>
      </trkpt>
      <trkpt lat="-20.83906254" lon="140.80809601">
        <ele>230.99</ele>
        <time>2026-09-01T00:10:26Z</time>
        <extensions>
          <geotracker:meta c="5.64" s="26.8" />
        </extensions>
      </trkpt>
      <trkpt lat="-20.83523593" lon="140.80496931">
        <ele>229.92</ele>
        <time>2026-09-01T00:10:46Z</time>
        <extensions>
          <geotracker:meta c="5.62" s="26.89" />
        </extensions>
      </trkpt>
      <trkpt lat="-20.83143794" lon="140.80159904">
        <ele>231.43</ele>
        <time>2026-09-01T00:11:06Z</time>
        <extensions>
          <geotracker:meta c="5.59" s="26.95" />
        </extensions>
      </trkpt>
      <trkpt lat="-20.82959713" lon="140.79995314">
        <ele>229.91</ele>
        <time>2026-09-01T00:11:16Z</time>
        <extensions>
          <geotracker:meta c="5.59" s="26.82" />
        </extensions>
      </trkpt>
      <trkpt lat="-20.82771597" lon="140.79829884">
        <ele>230.38</ele>
        <time>2026-09-01T00:11:26Z</time>
        <extensions>
          <geotracker:meta c="5.59" s="27.31" />
        </extensions>
      </trkpt>
      <trkpt lat="-20.82374765" lon="140.79518851">
        <ele>231.15</ele>
        <time>2026-09-01T00:11:46Z</time>
        <extensions>
          <geotracker:meta c="5.83" s="27.56" />
        </extensions>
      </trkpt>
      <trkpt lat="-20.81903601" lon="140.79391451">
        <ele>228.35</ele>
        <time>2026-09-01T00:12:06Z</time>
        <extensions>
          <geotracker:meta c="6.09" s="26.63" />
        </extensions>
      </trkpt>
    </trkseg>
    <trkseg>
      <trkpt lat="-20.78912666" lon="140.74555748">
        <ele>243.63</ele>
        <time>2026-09-01T00:15:56Z</time>
        <extensions>
          <geotracker:meta c="5.16" s="26.83" />
        </extensions>
      </trkpt>
      <trkpt lat="-20.78728442" lon="140.73807892">
        <ele>243.86</ele>
        <time>2026-09-01T00:16:26Z</time>
        <extensions>
          <geotracker:meta c="4.89" s="27.31" />
        </extensions>
      </trkpt>
      <trkpt lat="-20.78596528" lon="140.73038983">
        <ele>247</ele>
        <time>2026-09-01T00:16:56Z</time>
        <extensions>
          <geotracker:meta c="4.89" s="28.02" />
        </extensions>
      </trkpt>
      <trkpt lat="-20.78505253" lon="140.72508294">
        <ele>249.36</ele>
        <time>2026-09-01T00:17:16Z</time>
        <extensions>
          <geotracker:meta c="4.89" s="27.31" />
        </extensions>
      </trkpt>
      <trkpt lat="-20.78377779" lon="140.71754391">
        <ele>255.28</ele>
        <time>2026-09-01T00:17:46Z</time>
        <extensions>
          <geotracker:meta c="4.89" s="26.2" />
        </extensions>
      </trkpt>
    </trkseg>
    <trkseg>
      <trkpt lat="-20.7661974" lon="140.69434744">
        <ele>256.5</ele>
        <time>2026-09-01T00:19:46Z</time>
        <extensions>
          <geotracker:meta c="5.1" s="26.02" />
        </extensions>
      </trkpt>
      <trkpt lat="-20.76530703" lon="140.69201378">
        <ele>256.31</ele>
        <time>2026-09-01T00:19:56Z</time>
        <extensions>
          <geotracker:meta c="5.09" s="26.2" />
        </extensions>
      </trkpt>
      <trkpt lat="-20.76443792" lon="140.68972527">
        <ele>259.84</ele>
        <time>2026-09-01T00:20:06Z</time>
        <extensions>
          <geotracker:meta c="5.1" s="25.5" />
        </extensions>
      </trkpt>
      <trkpt lat="-20.76356545" lon="140.68740371">
        <ele>258.82</ele>
        <time>2026-09-01T00:20:16Z</time>
        <extensions>
          <geotracker:meta c="5.09" s="26.29" />
        </extensions>
      </trkpt>
      <trkpt lat="-20.76190461" lon="140.68305948">
        <ele>261.89</ele>
        <time>2026-09-01T00:20:34Z</time>
        <extensions>
          <geotracker:meta c="5.09" s="27.71" />
        </extensions>
      </trkpt>
      <trkpt lat="-20.76099973" lon="140.68064681">
        <ele>264.56</ele>
        <time>2026-09-01T00:20:44Z</time>
        <extensions>
          <geotracker:meta c="5.09" s="26.94" />
        </extensions>
      </trkpt>
      <trkpt lat="-20.76007294" lon="140.67825876">
        <ele>260.69</ele>
        <time>2026-09-01T00:20:54Z</time>
        <extensions>
          <geotracker:meta c="5.1" s="26.93" />
        </extensions>
      </trkpt>
      <trkpt lat="-20.75899796" lon="140.67536933">
        <ele>258.03</ele>
        <time>2026-09-01T00:21:06Z</time>
        <extensions>
          <geotracker:meta c="5.1" s="27.55" />
        </extensions>
      </trkpt>
      <trkpt lat="-20.7564894" lon="140.67086829">
        <ele>258.92</ele>
        <time>2026-09-01T00:21:26Z</time>
        <extensions>
          <geotracker:meta c="5.5" s="26.86" />
        </extensions>
      </trkpt>
      <trkpt lat="-20.75470556" lon="140.66918277">
        <ele>263.61</ele>
        <time>2026-09-01T00:21:36Z</time>
        <extensions>
          <geotracker:meta c="5.55" s="26.27" />
        </extensions>
      </trkpt>
      <trkpt lat="-20.75311993" lon="140.66736979">
        <ele>265.49</ele>
        <time>2026-09-01T00:21:46Z</time>
        <extensions>
          <geotracker:meta c="5.38" s="25.14" />
        </extensions>
      </trkpt>
      <trkpt lat="-20.75185265" lon="140.66534828">
        <ele>264.18</ele>
        <time>2026-09-01T00:21:56Z</time>
        <extensions>
          <geotracker:meta c="5.27" s="25.54" />
        </extensions>
      </trkpt>
      <trkpt lat="-20.75065848" lon="140.66324395">
        <ele>269.8</ele>
        <time>2026-09-01T00:22:06Z</time>
        <extensions>
          <geotracker:meta c="5.25" s="25.87" />
        </extensions>
      </trkpt>
      <trkpt lat="-20.74813476" lon="140.6588379">
        <ele>274.48</ele>
        <time>2026-09-01T00:22:26Z</time>
        <extensions>
          <geotracker:meta c="5.26" s="26.54" />
        </extensions>
      </trkpt>
      <trkpt lat="-20.74505016" lon="140.65195837">
        <ele>262.56</ele>
        <time>2026-09-01T00:22:56Z</time>
        <extensions>
          <geotracker:meta c="5.05" s="26.74" />
        </extensions>
      </trkpt>
      <trkpt lat="-20.74418738" lon="140.64955725">
        <ele>264.26</ele>
        <time>2026-09-01T00:23:06Z</time>
        <extensions>
          <geotracker:meta c="5.07" s="26.54" />
        </extensions>
      </trkpt>
      <trkpt lat="-20.74069419" lon="140.64288793">
        <ele>266.09</ele>
        <time>2026-09-01T00:23:36Z</time>
        <extensions>
          <geotracker:meta c="5.35" s="26.55" />
        </extensions>
      </trkpt>
      <trkpt lat="-20.73802751" lon="140.63903384">
        <ele>264.82</ele>
        <time>2026-09-01T00:23:56Z</time>
        <extensions>
          <geotracker:meta c="5.35" s="21.81" />
        </extensions>
      </trkpt>
      <trkpt lat="-20.73677543" lon="140.63750259">
        <ele>267.82</ele>
        <time>2026-09-01T00:24:06Z</time>
        <extensions>
          <geotracker:meta c="5.48" s="20.67" />
        </extensions>
      </trkpt>
      <trkpt lat="-20.73438088" lon="140.63544322">
        <ele>264.66</ele>
        <time>2026-09-01T00:24:26Z</time>
        <extensions>
          <geotracker:meta c="5.68" s="14.6" />
        </extensions>
      </trkpt>
      <trkpt lat="-20.73163468" lon="140.63342067">
        <ele>261.79</ele>
        <time>2026-09-01T00:24:56Z</time>
        <extensions>
          <geotracker:meta c="5.68" s="15.4" />
        </extensions>
      </trkpt>
      <trkpt lat="-20.72847506" lon="140.63145969">
        <ele>262.95</ele>
        <time>2026-09-01T00:25:49Z</time>
        <extensions>
          <geotracker:meta c="5.26" s="14.95" />
        </extensions>
      </trkpt>
      <trkpt lat="-20.7273732" lon="140.63011211">
        <ele>257.11</ele>
        <time>2026-09-01T00:25:59Z</time>
        <extensions>
          <geotracker:meta c="5.52" s="21.2" />
        </extensions>
      </trkpt>
      <trkpt lat="-20.72585332" lon="140.62860217">
        <ele>258.95</ele>
        <time>2026-09-01T00:26:09Z</time>
        <extensions>
          <geotracker:meta c="5.5" s="23.85" />
        </extensions>
      </trkpt>
      <trkpt lat="-20.72352877" lon="140.62153275">
        <ele>260.86</ele>
        <time>2026-09-01T00:26:39Z</time>
        <extensions>
          <geotracker:meta c="4.67" s="27.17" />
        </extensions>
      </trkpt>
    </trkseg>
    <trkseg>
      <trkpt lat="-20.72123176" lon="140.58765324">
        <ele>282.22</ele>
        <time>2026-09-01T00:28:59Z</time>
        <extensions>
          <geotracker:meta c="4.9" s="21.32" />
        </extensions>
      </trkpt>
      <trkpt lat="-20.72082826" lon="140.58555943">
        <ele>276.92</ele>
        <time>2026-09-01T00:29:09Z</time>
        <extensions>
          <geotracker:meta c="4.92" s="23.62" />
        </extensions>
      </trkpt>
      <trkpt lat="-20.72037164" lon="140.58322523">
        <ele>276.5</ele>
        <time>2026-09-01T00:29:19Z</time>
        <extensions>
          <geotracker:meta c="4.94" s="25.91" />
        </extensions>
      </trkpt>
      <trkpt lat="-20.71973895" lon="140.58076842">
        <ele>274.49</ele>
        <time>2026-09-01T00:29:29Z</time>
        <extensions>
          <geotracker:meta c="5" s="26.06" />
        </extensions>
      </trkpt>
      <trkpt lat="-20.71907913" lon="140.5783669">
        <ele>281.54</ele>
        <time>2026-09-01T00:29:39Z</time>
        <extensions>
          <geotracker:meta c="5" s="25.53" />
        </extensions>
      </trkpt>
      <trkpt lat="-20.71846163" lon="140.57612166">
        <ele>278.98</ele>
        <time>2026-09-01T00:29:49Z</time>
        <extensions>
          <geotracker:meta c="5" s="23.75" />
        </extensions>
      </trkpt>
      <trkpt lat="-20.71786384" lon="140.57396572">
        <ele>280.27</ele>
        <time>2026-09-01T00:29:59Z</time>
        <extensions>
          <geotracker:meta c="5" s="23.23" />
        </extensions>
      </trkpt>
      <trkpt lat="-20.71602749" lon="140.56725412">
        <ele>280.06</ele>
        <time>2026-09-01T00:30:29Z</time>
        <extensions>
          <geotracker:meta c="4.99" s="24.89" />
        </extensions>
      </trkpt>
      <trkpt lat="-20.71543302" lon="140.56501446">
        <ele>284.91</ele>
        <time>2026-09-01T00:30:39Z</time>
        <extensions>
          <geotracker:meta c="4.99" s="23.2" />
        </extensions>
      </trkpt>
      <trkpt lat="-20.71485227" lon="140.56294404">
        <ele>286.26</ele>
        <time>2026-09-01T00:30:49Z</time>
        <extensions>
          <geotracker:meta c="5" s="22.24" />
        </extensions>
      </trkpt>
      <trkpt lat="-20.71427522" lon="140.56077097">
        <ele>275.89</ele>
        <time>2026-09-01T00:30:59Z</time>
        <extensions>
          <geotracker:meta c="4.99" s="23.59" />
        </extensions>
      </trkpt>
      <trkpt lat="-20.71315703" lon="140.55444163">
        <ele>283.6</ele>
        <time>2026-09-01T00:31:29Z</time>
        <extensions>
          <geotracker:meta c="4.79" s="21.43" />
        </extensions>
      </trkpt>
      <trkpt lat="-20.71257951" lon="140.54669016">
        <ele>284.86</ele>
        <time>2026-09-01T00:32:09Z</time>
        <extensions>
          <geotracker:meta c="4.79" s="14.27" />
        </extensions>
      </trkpt>
      <trkpt lat="-20.71234616" lon="140.5436273">
        <ele>277.65</ele>
        <time>2026-09-01T00:32:29Z</time>
        <extensions>
          <geotracker:meta c="4.82" s="15.94" />
        </extensions>
      </trkpt>
      <trkpt lat="-20.71101511" lon="140.53985736">
        <ele>272.73</ele>
        <time>2026-09-01T00:32:59Z</time>
        <extensions>
          <geotracker:meta c="5.3" s="14.85" />
        </extensions>
      </trkpt>
      <trkpt lat="-20.7087412" lon="140.53669653">
        <ele>267.01</ele>
        <time>2026-09-01T00:33:29Z</time>
        <extensions>
          <geotracker:meta c="5.26" s="12.76" />
        </extensions>
      </trkpt>
      <trkpt lat="-20.70819507" lon="140.53563451">
        <ele>265.21</ele>
        <time>2026-09-01T00:33:39Z</time>
        <extensions>
          <geotracker:meta c="5.16" s="12.73" />
        </extensions>
      </trkpt>
      <trkpt lat="-20.70772433" lon="140.53432135">
        <ele>263.88</ele>
        <time>2026-09-01T00:33:49Z</time>
        <extensions>
          <geotracker:meta c="5.04" s="16.29" />
        </extensions>
      </trkpt>
      <trkpt lat="-20.70734414" lon="140.53277235">
        <ele>261.95</ele>
        <time>2026-09-01T00:33:59Z</time>
        <extensions>
          <geotracker:meta c="4.91" s="16.07" />
        </extensions>
      </trkpt>
      <trkpt lat="-20.70713212" lon="140.5310368">
        <ele>259.48</ele>
        <time>2026-09-01T00:34:10Z</time>
        <extensions>
          <geotracker:meta c="4.77" s="16.88" />
        </extensions>
      </trkpt>
      <trkpt lat="-20.7071103" lon="140.52949801">
        <ele>259.08</ele>
        <time>2026-09-01T00:34:20Z</time>
        <extensions>
          <geotracker:meta c="4.73" s="15.37" />
        </extensions>
      </trkpt>
      <trkpt lat="-20.70710698" lon="140.52798486">
        <ele>254.79</ele>
        <time>2026-09-01T00:34:30Z</time>
        <extensions>
          <geotracker:meta c="4.71" s="16.29" />
        </extensions>
      </trkpt>
      <trkpt lat="-20.70710961" lon="140.52643314">
        <ele>251.54</ele>
        <time>2026-09-01T00:34:40Z</time>
        <extensions>
          <geotracker:meta c="4.84" s="15.33" />
        </extensions>
      </trkpt>
      <trkpt lat="-20.70708536" lon="140.52502753">
        <ele>250.54</ele>
        <time>2026-09-01T00:34:50Z</time>
        <extensions>
          <geotracker:meta c="4.99" s="13.96" />
        </extensions>
      </trkpt>
      <trkpt lat="-20.7070853" lon="140.52310492">
        <ele>250.28</ele>
        <time>2026-09-01T00:35:05Z</time>
        <extensions>
          <geotracker:meta c="4.72" s="12.58" />
        </extensions>
      </trkpt>
      <trkpt lat="-20.7068108" lon="140.52232881">
        <ele>249.83</ele>
        <time>2026-09-01T00:35:25Z</time>
        <extensions>
          <geotracker:meta c="1.17" s="2.93" />
        </extensions>
      </trkpt>
      <trkpt lat="-20.70680364" lon="140.52245003">
        <ele>248.83</ele>
        <time>2026-09-01T00:38:38Z</time>
        <extensions>
          <geotracker:meta c="1.3" s="0.46" />
        </extensions>
      </trkpt>
      <trkpt lat="-20.70684353" lon="140.52243558">
        <ele>248.76</ele>
        <time>2026-09-01T00:49:17Z</time>
        <extensions>
          <geotracker:meta c="3.39" s="2.01" />
        </extensions>
      </trkpt>
    </trkseg>
  </trk>
</gpx>