<?xml version='1.0' encoding='UTF-8'?>
<gpx version="1.1" creator="https://www.komoot.de" xmlns="http://www.topografix.com/GPX/1/1" xmlns:xsi="http://www.w3.org/2001/XMLSchema-instance" xsi:schemaLocation="http://www.topografix.com/GPX/1/1 http://www.topografix.com/GPX/1/1/gpx.xsd">
  <metadata>
    <name>Edith s falls</name>
    <author>
      <link href="https://www.komoot.de">
        <text>komoot</text>
        <type>text/html</type>
      </link>
    </author>
  </metadata>
  <trk>
    <name>Edith s falls</name>
    <type>hike</type>
    <trkseg>
      <trkpt lat="-14.177611" lon="132.195345">
        <ele>200.849950</ele>
        <time>2026-09-09T22:42:41.007Z</time>
      </trkpt>
      <trkpt lat="-14.177648" lon="132.195437">
        <ele>200.849950</ele>
        <time>2026-09-09T22:42:44.465Z</time>
      </trkpt>
      <trkpt lat="-14.177694" lon="132.195527">
        <ele>200.849950</ele>
        <time>2026-09-09T22:42:52.469Z</time>
      </trkpt>
      <trkpt lat="-14.177732" lon="132.195612">
        <ele>200.849950</ele>
        <time>2026-09-09T22:43:00.497Z</time>
      </trkpt>
      <trkpt lat="-14.177782" lon="132.195694">
        <ele>200.849950</ele>
        <time>2026-09-09T22:43:08.481Z</time>
      </trkpt>
      <trkpt lat="-14.177786" lon="132.195789">
        <ele>200.849950</ele>
        <time>2026-09-09T22:43:16.481Z</time>
      </trkpt>
      <trkpt lat="-14.177777" lon="132.195890">
        <ele>200.849950</ele>
        <time>2026-09-09T22:43:26.480Z</time>
      </trkpt>
      <trkpt lat="-14.177757" lon="132.195994">
        <ele>200.849950</ele>
        <time>2026-09-09T22:43:35.482Z</time>
      </trkpt>
      <trkpt lat="-14.177724" lon="132.196090">
        <ele>200.849950</ele>
        <time>2026-09-09T22:43:44.488Z</time>
      </trkpt>
      <trkpt lat="-14.177682" lon="132.196175">
        <ele>200.849950</ele>
        <time>2026-09-09T22:43:52.487Z</time>
      </trkpt>
      <trkpt lat="-14.177662" lon="132.196275">
        <ele>201.032274</ele>
        <time>2026-09-09T22:44:00.480Z</time>
      </trkpt>
      <trkpt lat="-14.177626" lon="132.196363">
        <ele>201.295567</ele>
        <time>2026-09-09T22:44:07.479Z</time>
      </trkpt>
      <trkpt lat="-14.177597" lon="132.196454">
        <ele>201.559623</ele>
        <time>2026-09-09T22:44:15.484Z</time>
      </trkpt>
      <trkpt lat="-14.177563" lon="132.196551">
        <ele>201.843954</ele>
        <time>2026-09-09T22:44:23.479Z</time>
      </trkpt>
      <trkpt lat="-14.177508" lon="132.196632">
        <ele>202.116555</ele>
        <time>2026-09-09T22:44:31.477Z</time>
      </trkpt>
      <trkpt lat="-14.177454" lon="132.196707">
        <ele>202.374076</ele>
        <time>2026-09-09T22:44:37.486Z</time>
      </trkpt>
      <trkpt lat="-14.177399" lon="132.196787">
        <ele>202.644423</ele>
        <time>2026-09-09T22:44:45.485Z</time>
      </trkpt>
      <trkpt lat="-14.177353" lon="132.196871">
        <ele>202.910363</ele>
        <time>2026-09-09T22:44:53.484Z</time>
      </trkpt>
      <trkpt lat="-14.177300" lon="132.196961">
        <ele>203.200639</ele>
        <time>2026-09-09T22:45:01.482Z</time>
      </trkpt>
      <trkpt lat="-14.177249" lon="132.197047">
        <ele>203.478539</ele>
        <time>2026-09-09T22:45:09.489Z</time>
      </trkpt>
      <trkpt lat="-14.177222" lon="132.197137">
        <ele>203.738241</ele>
        <time>2026-09-09T22:45:17.490Z</time>
      </trkpt>
      <trkpt lat="-14.177178" lon="132.197231">
        <ele>204.025983</ele>
        <time>2026-09-09T22:45:25.478Z</time>
      </trkpt>
      <trkpt lat="-14.177162" lon="132.197323">
        <ele>204.283641</ele>
        <time>2026-09-09T22:45:34.487Z</time>
      </trkpt>
      <trkpt lat="-14.177163" lon="132.197422">
        <ele>204.556563</ele>
        <time>2026-09-09T22:45:43.476Z</time>
      </trkpt>
      <trkpt lat="-14.177177" lon="132.197518">
        <ele>204.824176</ele>
        <time>2026-09-09T22:45:52.494Z</time>
      </trkpt>
      <trkpt lat="-14.177266" lon="132.197567">
        <ele>205.111018</ele>
        <time>2026-09-09T22:46:00.478Z</time>
      </trkpt>
      <trkpt lat="-14.177357" lon="132.197580">
        <ele>205.372222</ele>
        <time>2026-09-09T22:46:07.485Z</time>
      </trkpt>
      <trkpt lat="-14.177448" lon="132.197581">
        <ele>205.630970</ele>
        <time>2026-09-09T22:46:15.478Z</time>
      </trkpt>
      <trkpt lat="-14.177539" lon="132.197567">
        <ele>205.892567</ele>
        <time>2026-09-09T22:46:23.480Z</time>
      </trkpt>
      <trkpt lat="-14.177633" lon="132.197558">
        <ele>205.351183</ele>
        <time>2026-09-09T22:46:31.480Z</time>
      </trkpt>
      <trkpt lat="-14.177729" lon="132.197546">
        <ele>204.496354</ele>
        <time>2026-09-09T22:46:39.484Z</time>
      </trkpt>
      <trkpt lat="-14.177827" lon="132.197544">
        <ele>203.629885</ele>
        <time>2026-09-09T22:46:46.482Z</time>
      </trkpt>
      <trkpt lat="-14.177913" lon="132.197509">
        <ele>202.812622</ele>
        <time>2026-09-09T22:46:53.490Z</time>
      </trkpt>
      <trkpt lat="-14.178005" lon="132.197489">
        <ele>201.981494</ele>
        <time>2026-09-09T22:47:00.480Z</time>
      </trkpt>
      <trkpt lat="-14.178094" lon="132.197470">
        <ele>201.178077</ele>
        <time>2026-09-09T22:47:07.483Z</time>
      </trkpt>
      <trkpt lat="-14.178191" lon="132.197481">
        <ele>200.315450</ele>
        <time>2026-09-09T22:47:15.479Z</time>
      </trkpt>
      <trkpt lat="-14.178285" lon="132.197451">
        <ele>199.445640</ele>
        <time>2026-09-09T22:47:23.481Z</time>
      </trkpt>
      <trkpt lat="-14.178379" lon="132.197416">
        <ele>198.562214</ele>
        <time>2026-09-09T22:47:31.482Z</time>
      </trkpt>
      <trkpt lat="-14.178470" lon="132.197391">
        <ele>197.729747</ele>
        <time>2026-09-09T22:47:39.484Z</time>
      </trkpt>
      <trkpt lat="-14.178563" lon="132.197379">
        <ele>196.901238</ele>
        <time>2026-09-09T22:47:47.476Z</time>
      </trkpt>
      <trkpt lat="-14.178658" lon="132.197379">
        <ele>196.061458</ele>
        <time>2026-09-09T22:47:55.487Z</time>
      </trkpt>
      <trkpt lat="-14.178753" lon="132.197344">
        <ele>195.169712</ele>
        <time>2026-09-09T22:48:02.483Z</time>
      </trkpt>
      <trkpt lat="-14.178854" lon="132.197334">
        <ele>194.272790</ele>
        <time>2026-09-09T22:48:11.465Z</time>
      </trkpt>
      <trkpt lat="-14.178951" lon="132.197321">
        <ele>193.408122</ele>
        <time>2026-09-09T22:48:20.481Z</time>
      </trkpt>
      <trkpt lat="-14.179042" lon="132.197298">
        <ele>192.579901</ele>
        <time>2026-09-09T22:48:28.477Z</time>
      </trkpt>
      <trkpt lat="-14.179134" lon="132.197312">
        <ele>191.757837</ele>
        <time>2026-09-09T22:48:36.473Z</time>
      </trkpt>
      <trkpt lat="-14.179222" lon="132.197358">
        <ele>190.885737</ele>
        <time>2026-09-09T22:48:43.471Z</time>
      </trkpt>
      <trkpt lat="-14.179313" lon="132.197368">
        <ele>190.076764</ele>
        <time>2026-09-09T22:48:51.479Z</time>
      </trkpt>
      <trkpt lat="-14.179403" lon="132.197331">
        <ele>189.500087</ele>
        <time>2026-09-09T22:49:00.477Z</time>
      </trkpt>
      <trkpt lat="-14.179495" lon="132.197296">
        <ele>188.920618</ele>
        <time>2026-09-09T22:49:09.486Z</time>
      </trkpt>
      <trkpt lat="-14.179592" lon="132.197283">
        <ele>188.342587</ele>
        <time>2026-09-09T22:49:17.480Z</time>
      </trkpt>
      <trkpt lat="-14.179688" lon="132.197317">
        <ele>187.742770</ele>
        <time>2026-09-09T22:49:25.476Z</time>
      </trkpt>
      <trkpt lat="-14.179767" lon="132.197366">
        <ele>187.198016</ele>
        <time>2026-09-09T22:49:32.487Z</time>
      </trkpt>
      <trkpt lat="-14.179862" lon="132.197399">
        <ele>186.605639</ele>
        <time>2026-09-09T22:49:40.468Z</time>
      </trkpt>
      <trkpt lat="-14.179958" lon="132.197402">
        <ele>186.038075</ele>
        <time>2026-09-09T22:49:47.481Z</time>
      </trkpt>
      <trkpt lat="-14.180056" lon="132.197381">
        <ele>185.446587</ele>
        <time>2026-09-09T22:49:55.481Z</time>
      </trkpt>
      <trkpt lat="-14.180148" lon="132.197388">
        <ele>184.901444</ele>
        <time>2026-09-09T22:50:02.482Z</time>
      </trkpt>
      <trkpt lat="-14.180238" lon="132.197405">
        <ele>184.360752</ele>
        <time>2026-09-09T22:50:09.479Z</time>
      </trkpt>
      <trkpt lat="-14.180329" lon="132.197437">
        <ele>183.792601</ele>
        <time>2026-09-09T22:50:16.477Z</time>
      </trkpt>
      <trkpt lat="-14.180418" lon="132.197463">
        <ele>183.245975</ele>
        <time>2026-09-09T22:50:23.488Z</time>
      </trkpt>
      <trkpt lat="-14.180509" lon="132.197470">
        <ele>182.706725</ele>
        <time>2026-09-09T22:50:30.475Z</time>
      </trkpt>
      <trkpt lat="-14.180664" lon="132.197486">
        <ele>181.786190</ele>
        <time>2026-09-09T22:50:52.470Z</time>
      </trkpt>
      <trkpt lat="-14.180756" lon="132.197481">
        <ele>181.241770</ele>
        <time>2026-09-09T22:50:59.487Z</time>
      </trkpt>
      <trkpt lat="-14.180852" lon="132.197491">
        <ele>180.671581</ele>
        <time>2026-09-09T22:51:06.471Z</time>
      </trkpt>
      <trkpt lat="-14.180946" lon="132.197512">
        <ele>180.103216</ele>
        <time>2026-09-09T22:51:13.468Z</time>
      </trkpt>
      <trkpt lat="-14.181046" lon="132.197525">
        <ele>179.507599</ele>
        <time>2026-09-09T22:51:20.473Z</time>
      </trkpt>
      <trkpt lat="-14.181115" lon="132.197587">
        <ele>179.412435</ele>
        <time>2026-09-09T22:51:27.479Z</time>
      </trkpt>
      <trkpt lat="-14.181210" lon="132.197618">
        <ele>179.383630</ele>
        <time>2026-09-09T22:51:35.479Z</time>
      </trkpt>
      <trkpt lat="-14.181293" lon="132.197670">
        <ele>179.355557</ele>
        <time>2026-09-09T22:51:43.470Z</time>
      </trkpt>
      <trkpt lat="-14.181348" lon="132.197747">
        <ele>179.328751</ele>
        <time>2026-09-09T22:51:50.482Z</time>
      </trkpt>
      <trkpt lat="-14.181419" lon="132.197812">
        <ele>179.301307</ele>
        <time>2026-09-09T22:51:58.479Z</time>
      </trkpt>
      <trkpt lat="-14.181460" lon="132.197894">
        <ele>179.275448</ele>
        <time>2026-09-09T22:52:07.473Z</time>
      </trkpt>
      <trkpt lat="-14.181501" lon="132.197985">
        <ele>179.247324</ele>
        <time>2026-09-09T22:52:15.480Z</time>
      </trkpt>
      <trkpt lat="-14.181511" lon="132.198088">
        <ele>179.218311</ele>
        <time>2026-09-09T22:52:24.470Z</time>
      </trkpt>
      <trkpt lat="-14.181519" lon="132.198187">
        <ele>179.190468</ele>
        <time>2026-09-09T22:52:33.472Z</time>
      </trkpt>
      <trkpt lat="-14.181517" lon="132.198287">
        <ele>179.162435</ele>
        <time>2026-09-09T22:52:42.477Z</time>
      </trkpt>
      <trkpt lat="-14.181481" lon="132.198375">
        <ele>179.135665</ele>
        <time>2026-09-09T22:52:50.475Z</time>
      </trkpt>
      <trkpt lat="-14.181498" lon="132.198474">
        <ele>179.107486</ele>
        <time>2026-09-09T22:52:59.469Z</time>
      </trkpt>
      <trkpt lat="-14.181509" lon="132.198573">
        <ele>179.079557</ele>
        <time>2026-09-09T22:53:07.481Z</time>
      </trkpt>
      <trkpt lat="-14.181550" lon="132.198660">
        <ele>179.052445</ele>
        <time>2026-09-09T22:53:14.478Z</time>
      </trkpt>
      <trkpt lat="-14.181539" lon="132.198765">
        <ele>179.022845</ele>
        <time>2026-09-09T22:53:22.471Z</time>
      </trkpt>
      <trkpt lat="-14.181526" lon="132.198863">
        <ele>178.995122</ele>
        <time>2026-09-09T22:53:29.475Z</time>
      </trkpt>
      <trkpt lat="-14.181560" lon="132.198951">
        <ele>178.968572</ele>
        <time>2026-09-09T22:53:36.477Z</time>
      </trkpt>
      <trkpt lat="-14.181585" lon="132.199041">
        <ele>178.942332</ele>
        <time>2026-09-09T22:53:43.477Z</time>
      </trkpt>
      <trkpt lat="-14.181591" lon="132.199135">
        <ele>178.915929</ele>
        <time>2026-09-09T22:53:50.481Z</time>
      </trkpt>
      <trkpt lat="-14.181628" lon="132.199229">
        <ele>178.819270</ele>
        <time>2026-09-09T22:53:58.472Z</time>
      </trkpt>
      <trkpt lat="-14.181680" lon="132.199321">
        <ele>178.716437</ele>
        <time>2026-09-09T22:54:06.475Z</time>
      </trkpt>
      <trkpt lat="-14.181685" lon="132.199422">
        <ele>178.618782</ele>
        <time>2026-09-09T22:54:14.473Z</time>
      </trkpt>
      <trkpt lat="-14.181692" lon="132.199517">
        <ele>178.526783</ele>
        <time>2026-09-09T22:54:21.470Z</time>
      </trkpt>
      <trkpt lat="-14.181746" lon="132.199600">
        <ele>178.430262</ele>
        <time>2026-09-09T22:54:29.475Z</time>
      </trkpt>
      <trkpt lat="-14.181770" lon="132.199703">
        <ele>178.327970</ele>
        <time>2026-09-09T22:54:37.473Z</time>
      </trkpt>
      <trkpt lat="-14.181793" lon="132.199794">
        <ele>178.237161</ele>
        <time>2026-09-09T22:54:44.481Z</time>
      </trkpt>
      <trkpt lat="-14.181848" lon="132.199874">
        <ele>178.142460</ele>
        <time>2026-09-09T22:54:52.481Z</time>
      </trkpt>
      <trkpt lat="-14.181900" lon="132.199950">
        <ele>178.052638</ele>
        <time>2026-09-09T22:54:59.472Z</time>
      </trkpt>
      <trkpt lat="-14.181967" lon="132.200013">
        <ele>177.962339</ele>
        <time>2026-09-09T22:55:08.478Z</time>
      </trkpt>
      <trkpt lat="-14.181994" lon="132.200104">
        <ele>177.870444</ele>
        <time>2026-09-09T22:55:15.474Z</time>
      </trkpt>
      <trkpt lat="-14.182028" lon="132.200203">
        <ele>177.769027</ele>
        <time>2026-09-09T22:55:23.470Z</time>
      </trkpt>
      <trkpt lat="-14.182115" lon="132.200256">
        <ele>177.668391</ele>
        <time>2026-09-09T22:55:31.464Z</time>
      </trkpt>
      <trkpt lat="-14.182201" lon="132.200289">
        <ele>177.577001</ele>
        <time>2026-09-09T22:55:39.472Z</time>
      </trkpt>
      <trkpt lat="-14.182229" lon="132.200381">
        <ele>177.483889</ele>
        <time>2026-09-09T22:55:48.480Z</time>
      </trkpt>
      <trkpt lat="-14.182266" lon="132.200471">
        <ele>177.389493</ele>
        <time>2026-09-09T22:55:57.472Z</time>
      </trkpt>
      <trkpt lat="-14.182318" lon="132.200556">
        <ele>177.292440</ele>
        <time>2026-09-09T22:56:05.471Z</time>
      </trkpt>
      <trkpt lat="-14.182384" lon="132.200629">
        <ele>177.196056</ele>
        <time>2026-09-09T22:56:13.471Z</time>
      </trkpt>
      <trkpt lat="-14.182450" lon="132.200697">
        <ele>177.204560</ele>
        <time>2026-09-09T22:56:21.478Z</time>
      </trkpt>
      <trkpt lat="-14.182492" lon="132.200789">
        <ele>177.584334</ele>
        <time>2026-09-09T22:56:29.475Z</time>
      </trkpt>
      <trkpt lat="-14.182537" lon="132.200876">
        <ele>177.952597</ele>
        <time>2026-09-09T22:56:38.476Z</time>
      </trkpt>
      <trkpt lat="-14.182571" lon="132.200963">
        <ele>178.302916</ele>
        <time>2026-09-09T22:56:46.469Z</time>
      </trkpt>
      <trkpt lat="-14.182596" lon="132.201062">
        <ele>178.684983</ele>
        <time>2026-09-09T22:56:53.475Z</time>
      </trkpt>
      <trkpt lat="-14.182666" lon="132.201133">
        <ele>179.063161</ele>
        <time>2026-09-09T22:57:01.467Z</time>
      </trkpt>
      <trkpt lat="-14.182716" lon="132.201216">
        <ele>179.428101</ele>
        <time>2026-09-09T22:57:09.470Z</time>
      </trkpt>
      <trkpt lat="-14.182761" lon="132.201296">
        <ele>179.773518</ele>
        <time>2026-09-09T22:57:18.474Z</time>
      </trkpt>
      <trkpt lat="-14.182801" lon="132.201386">
        <ele>180.143272</ele>
        <time>2026-09-09T22:57:28.477Z</time>
      </trkpt>
      <trkpt lat="-14.182850" lon="132.201469">
        <ele>180.506194</ele>
        <time>2026-09-09T22:57:38.477Z</time>
      </trkpt>
      <trkpt lat="-14.182855" lon="132.201567">
        <ele>180.872696</ele>
        <time>2026-09-09T22:57:51.467Z</time>
      </trkpt>
      <trkpt lat="-14.182846" lon="132.201668">
        <ele>181.251486</ele>
        <time>2026-09-09T22:58:01.476Z</time>
      </trkpt>
      <trkpt lat="-14.182892" lon="132.201751">
        <ele>181.608534</ele>
        <time>2026-09-09T22:58:11.469Z</time>
      </trkpt>
      <trkpt lat="-14.182974" lon="132.201803">
        <ele>181.979328</ele>
        <time>2026-09-09T22:58:23.491Z</time>
      </trkpt>
      <trkpt lat="-14.183025" lon="132.201883">
        <ele>182.336903</ele>
        <time>2026-09-09T22:58:33.478Z</time>
      </trkpt>
      <trkpt lat="-14.183022" lon="132.201984">
        <ele>182.714279</ele>
        <time>2026-09-09T22:58:43.471Z</time>
      </trkpt>
      <trkpt lat="-14.183096" lon="132.202047">
        <ele>183.083892</ele>
        <time>2026-09-09T22:59:05.469Z</time>
      </trkpt>
      <trkpt lat="-14.183005" lon="132.202037">
        <ele>183.436414</ele>
        <time>2026-09-09T23:12:27.473Z</time>
      </trkpt>
      <trkpt lat="-14.182932" lon="132.202096">
        <ele>183.793661</ele>
        <time>2026-09-09T23:12:40.485Z</time>
      </trkpt>
      <trkpt lat="-14.182841" lon="132.202118">
        <ele>184.193916</ele>
        <time>2026-09-09T23:12:50.484Z</time>
      </trkpt>
      <trkpt lat="-14.182746" lon="132.202130">
        <ele>184.709076</ele>
        <time>2026-09-09T23:13:00.485Z</time>
      </trkpt>
      <trkpt lat="-14.182655" lon="132.202162">
        <ele>185.226570</ele>
        <time>2026-09-09T23:13:10.491Z</time>
      </trkpt>
      <trkpt lat="-14.182573" lon="132.202208">
        <ele>185.728993</ele>
        <time>2026-09-09T23:13:22.484Z</time>
      </trkpt>
      <trkpt lat="-14.182484" lon="132.202240">
        <ele>186.236309</ele>
        <time>2026-09-09T23:13:32.483Z</time>
      </trkpt>
      <trkpt lat="-14.182387" lon="132.202263">
        <ele>186.772032</ele>
        <time>2026-09-09T23:13:43.484Z</time>
      </trkpt>
      <trkpt lat="-14.182296" lon="132.202294">
        <ele>187.287865</ele>
        <time>2026-09-09T23:13:54.478Z</time>
      </trkpt>
      <trkpt lat="-14.182179" lon="132.202352">
        <ele>187.986580</ele>
        <time>2026-09-09T23:14:27.483Z</time>
      </trkpt>
      <trkpt lat="-14.182088" lon="132.202394">
        <ele>188.523191</ele>
        <time>2026-09-09T23:14:38.465Z</time>
      </trkpt>
      <trkpt lat="-14.181997" lon="132.202425">
        <ele>189.039025</ele>
        <time>2026-09-09T23:14:50.489Z</time>
      </trkpt>
      <trkpt lat="-14.181907" lon="132.202465">
        <ele>189.566511</ele>
        <time>2026-09-09T23:15:01.476Z</time>
      </trkpt>
      <trkpt lat="-14.181818" lon="132.202503">
        <ele>190.084977</ele>
        <time>2026-09-09T23:15:12.482Z</time>
      </trkpt>
      <trkpt lat="-14.181726" lon="132.202517">
        <ele>190.585530</ele>
        <time>2026-09-09T23:15:23.497Z</time>
      </trkpt>
      <trkpt lat="-14.181647" lon="132.202571">
        <ele>191.095650</ele>
        <time>2026-09-09T23:15:36.478Z</time>
      </trkpt>
      <trkpt lat="-14.181624" lon="132.202663">
        <ele>191.591455</ele>
        <time>2026-09-09T23:15:46.463Z</time>
      </trkpt>
      <trkpt lat="-14.181601" lon="132.202758">
        <ele>192.102434</ele>
        <time>2026-09-09T23:15:57.484Z</time>
      </trkpt>
      <trkpt lat="-14.181614" lon="132.202663">
        <ele>192.603104</ele>
        <time>2026-09-09T23:16:29.491Z</time>
      </trkpt>
      <trkpt lat="-14.181633" lon="132.202572">
        <ele>193.088874</ele>
        <time>2026-09-09T23:16:39.492Z</time>
      </trkpt>
      <trkpt lat="-14.181687" lon="132.202495">
        <ele>193.584800</ele>
        <time>2026-09-09T23:16:52.481Z</time>
      </trkpt>
      <trkpt lat="-14.181761" lon="132.202433">
        <ele>193.328368</ele>
        <time>2026-09-09T23:17:23.491Z</time>
      </trkpt>
      <trkpt lat="-14.181841" lon="132.202374">
        <ele>192.739265</ele>
        <time>2026-09-09T23:17:33.502Z</time>
      </trkpt>
      <trkpt lat="-14.181928" lon="132.202349">
        <ele>192.198282</ele>
        <time>2026-09-09T23:17:44.476Z</time>
      </trkpt>
      <trkpt lat="-14.182019" lon="132.202361">
        <ele>191.648748</ele>
        <time>2026-09-09T23:17:55.487Z</time>
      </trkpt>
      <trkpt lat="-14.182187" lon="132.202314">
        <ele>190.606055</ele>
        <time>2026-09-09T23:19:03.460Z</time>
      </trkpt>
      <trkpt lat="-14.182272" lon="132.202271">
        <ele>190.038956</ele>
        <time>2026-09-09T23:19:13.487Z</time>
      </trkpt>
      <trkpt lat="-14.182350" lon="132.202220">
        <ele>189.485762</ele>
        <time>2026-09-09T23:19:26.495Z</time>
      </trkpt>
      <trkpt lat="-14.182440" lon="132.202197">
        <ele>188.930354</ele>
        <time>2026-09-09T23:19:37.478Z</time>
      </trkpt>
      <trkpt lat="-14.182526" lon="132.202168">
        <ele>188.388376</ele>
        <time>2026-09-09T23:19:46.481Z</time>
      </trkpt>
      <trkpt lat="-14.182616" lon="132.202140">
        <ele>187.825279</ele>
        <time>2026-09-09T23:19:55.485Z</time>
      </trkpt>
      <trkpt lat="-14.182707" lon="132.202109">
        <ele>187.251222</ele>
        <time>2026-09-09T23:20:09.487Z</time>
      </trkpt>
      <trkpt lat="-14.182793" lon="132.202152">
        <ele>186.678738</ele>
        <time>2026-09-09T23:20:21.484Z</time>
      </trkpt>
      <trkpt lat="-14.182839" lon="132.202234">
        <ele>186.128553</ele>
        <time>2026-09-09T23:20:32.473Z</time>
      </trkpt>
      <trkpt lat="-14.182907" lon="132.202299">
        <ele>185.573206</ele>
        <time>2026-09-09T23:20:45.485Z</time>
      </trkpt>
      <trkpt lat="-14.182962" lon="132.202389">
        <ele>184.955365</ele>
        <time>2026-09-09T23:21:00.470Z</time>
      </trkpt>
      <trkpt lat="-14.183034" lon="132.202452">
        <ele>184.389795</ele>
        <time>2026-09-09T23:21:13.471Z</time>
      </trkpt>
      <trkpt lat="-14.183093" lon="132.202523">
        <ele>183.846731</ele>
        <time>2026-09-09T23:21:23.481Z</time>
      </trkpt>
      <trkpt lat="-14.183136" lon="132.202608">
        <ele>183.289936</ele>
        <time>2026-09-09T23:21:32.489Z</time>
      </trkpt>
      <trkpt lat="-14.183211" lon="132.202669">
        <ele>182.950329</ele>
        <time>2026-09-09T23:21:45.500Z</time>
      </trkpt>
      <trkpt lat="-14.183247" lon="132.202758">
        <ele>182.928603</ele>
        <time>2026-09-09T23:22:15.479Z</time>
      </trkpt>
      <trkpt lat="-14.183221" lon="132.202852">
        <ele>182.906580</ele>
        <time>2026-09-09T23:22:27.479Z</time>
      </trkpt>
      <trkpt lat="-14.183238" lon="132.202945">
        <ele>182.885258</ele>
        <time>2026-09-09T23:22:36.478Z</time>
      </trkpt>
      <trkpt lat="-14.183266" lon="132.203040">
        <ele>182.862888</ele>
        <time>2026-09-09T23:22:45.484Z</time>
      </trkpt>
      <trkpt lat="-14.183318" lon="132.203125">
        <ele>182.840245</ele>
        <time>2026-09-09T23:22:54.483Z</time>
      </trkpt>
      <trkpt lat="-14.183373" lon="132.203198">
        <ele>182.819416</ele>
        <time>2026-09-09T23:23:03.475Z</time>
      </trkpt>
      <trkpt lat="-14.183415" lon="132.203282">
        <ele>182.798123</ele>
        <time>2026-09-09T23:23:14.480Z</time>
      </trkpt>
      <trkpt lat="-14.183442" lon="132.203377">
        <ele>182.775819</ele>
        <time>2026-09-09T23:23:24.476Z</time>
      </trkpt>
      <trkpt lat="-14.183461" lon="132.203476">
        <ele>182.753082</ele>
        <time>2026-09-09T23:23:35.482Z</time>
      </trkpt>
      <trkpt lat="-14.183510" lon="132.203559">
        <ele>182.731189</ele>
        <time>2026-09-09T23:23:44.479Z</time>
      </trkpt>
      <trkpt lat="-14.183590" lon="132.203619">
        <ele>182.708203</ele>
        <time>2026-09-09T23:23:54.471Z</time>
      </trkpt>
      <trkpt lat="-14.183638" lon="132.203708">
        <ele>182.685258</ele>
        <time>2026-09-09T23:24:04.473Z</time>
      </trkpt>
      <trkpt lat="-14.183671" lon="132.203795">
        <ele>182.664211</ele>
        <time>2026-09-09T23:24:14.474Z</time>
      </trkpt>
      <trkpt lat="-14.183675" lon="132.203890">
        <ele>182.642788</ele>
        <time>2026-09-09T23:27:13.477Z</time>
      </trkpt>
      <trkpt lat="-14.183759" lon="132.203937">
        <ele>182.620581</ele>
        <time>2026-09-09T23:27:22.473Z</time>
      </trkpt>
      <trkpt lat="-14.183809" lon="132.204015">
        <ele>182.599514</ele>
        <time>2026-09-09T23:27:32.471Z</time>
      </trkpt>
      <trkpt lat="-14.183871" lon="132.204087">
        <ele>182.577819</ele>
        <time>2026-09-09T23:27:42.472Z</time>
      </trkpt>
      <trkpt lat="-14.183915" lon="132.204175">
        <ele>182.555512</ele>
        <time>2026-09-09T23:27:52.476Z</time>
      </trkpt>
      <trkpt lat="-14.183972" lon="132.204251">
        <ele>182.586699</ele>
        <time>2026-09-09T23:28:03.470Z</time>
      </trkpt>
      <trkpt lat="-14.184017" lon="132.204376">
        <ele>182.757980</ele>
        <time>2026-09-09T23:29:07.501Z</time>
      </trkpt>
      <trkpt lat="-14.184101" lon="132.204434">
        <ele>182.891910</ele>
        <time>2026-09-09T23:29:16.483Z</time>
      </trkpt>
      <trkpt lat="-14.184143" lon="132.204518">
        <ele>183.013316</ele>
        <time>2026-09-09T23:29:24.475Z</time>
      </trkpt>
      <trkpt lat="-14.184168" lon="132.204610">
        <ele>183.136049</ele>
        <time>2026-09-09T23:29:32.477Z</time>
      </trkpt>
      <trkpt lat="-14.184201" lon="132.204702">
        <ele>183.262056</ele>
        <time>2026-09-09T23:29:40.468Z</time>
      </trkpt>
      <trkpt lat="-14.184195" lon="132.204805">
        <ele>183.394602</ele>
        <time>2026-09-09T23:29:48.476Z</time>
      </trkpt>
      <trkpt lat="-14.184140" lon="132.204881">
        <ele>183.516426</ele>
        <time>2026-09-09T23:29:55.483Z</time>
      </trkpt>
      <trkpt lat="-14.184098" lon="132.204972">
        <ele>183.645889</ele>
        <time>2026-09-09T23:30:03.480Z</time>
      </trkpt>
      <trkpt lat="-14.184082" lon="132.205122">
        <ele>183.839734</ele>
        <time>2026-09-09T23:31:30.479Z</time>
      </trkpt>
      <trkpt lat="-14.184031" lon="132.205199">
        <ele>183.959522</ele>
        <time>2026-09-09T23:31:37.493Z</time>
      </trkpt>
      <trkpt lat="-14.184027" lon="132.205303">
        <ele>184.093220</ele>
        <time>2026-09-09T23:31:44.474Z</time>
      </trkpt>
      <trkpt lat="-14.184015" lon="132.205397">
        <ele>184.215009</ele>
        <time>2026-09-09T23:31:49.485Z</time>
      </trkpt>
      <trkpt lat="-14.184010" lon="132.205506">
        <ele>184.355181</ele>
        <time>2026-09-09T23:31:54.472Z</time>
      </trkpt>
      <trkpt lat="-14.183992" lon="132.205612">
        <ele>184.493416</ele>
        <time>2026-09-09T23:31:59.486Z</time>
      </trkpt>
      <trkpt lat="-14.183964" lon="132.205709">
        <ele>184.623422</ele>
        <time>2026-09-09T23:32:03.481Z</time>
      </trkpt>
      <trkpt lat="-14.183905" lon="132.205795">
        <ele>184.758754</ele>
        <time>2026-09-09T23:32:10.488Z</time>
      </trkpt>
      <trkpt lat="-14.183874" lon="132.205885">
        <ele>184.881442</ele>
        <time>2026-09-09T23:32:15.475Z</time>
      </trkpt>
      <trkpt lat="-14.183847" lon="132.205989">
        <ele>184.985915</ele>
        <time>2026-09-09T23:32:20.489Z</time>
      </trkpt>
      <trkpt lat="-14.183759" lon="132.206055">
        <ele>185.078691</ele>
        <time>2026-09-09T23:32:25.481Z</time>
      </trkpt>
      <trkpt lat="-14.183701" lon="132.206151">
        <ele>185.172201</ele>
        <time>2026-09-09T23:32:30.481Z</time>
      </trkpt>
      <trkpt lat="-14.183662" lon="132.206249">
        <ele>185.259775</ele>
        <time>2026-09-09T23:32:35.492Z</time>
      </trkpt>
      <trkpt lat="-14.183618" lon="132.206332">
        <ele>185.337978</ele>
        <time>2026-09-09T23:32:43.482Z</time>
      </trkpt>
      <trkpt lat="-14.183575" lon="132.206422">
        <ele>185.420923</ele>
        <time>2026-09-09T23:32:49.484Z</time>
      </trkpt>
      <trkpt lat="-14.183532" lon="132.206520">
        <ele>185.509849</ele>
        <time>2026-09-09T23:32:58.481Z</time>
      </trkpt>
      <trkpt lat="-14.183484" lon="132.206605">
        <ele>185.591168</ele>
        <time>2026-09-09T23:33:05.486Z</time>
      </trkpt>
      <trkpt lat="-14.183448" lon="132.206704">
        <ele>185.678578</ele>
        <time>2026-09-09T23:33:12.477Z</time>
      </trkpt>
      <trkpt lat="-14.183427" lon="132.206809">
        <ele>185.767207</ele>
        <time>2026-09-09T23:33:19.484Z</time>
      </trkpt>
      <trkpt lat="-14.183416" lon="132.206915">
        <ele>185.855337</ele>
        <time>2026-09-09T23:33:26.483Z</time>
      </trkpt>
      <trkpt lat="-14.183414" lon="132.207015">
        <ele>185.938023</ele>
        <time>2026-09-09T23:33:33.482Z</time>
      </trkpt>
      <trkpt lat="-14.183405" lon="132.207120">
        <ele>186.025164</ele>
        <time>2026-09-09T23:33:40.485Z</time>
      </trkpt>
      <trkpt lat="-14.183410" lon="132.207217">
        <ele>186.105466</ele>
        <time>2026-09-09T23:33:47.477Z</time>
      </trkpt>
      <trkpt lat="-14.183413" lon="132.207319">
        <ele>186.189827</ele>
        <time>2026-09-09T23:33:54.471Z</time>
      </trkpt>
      <trkpt lat="-14.183357" lon="132.207406">
        <ele>186.276156</ele>
        <time>2026-09-09T23:34:01.481Z</time>
      </trkpt>
      <trkpt lat="-14.183416" lon="132.207489">
        <ele>186.361238</ele>
        <time>2026-09-09T23:34:09.483Z</time>
      </trkpt>
      <trkpt lat="-14.183472" lon="132.207562">
        <ele>186.438193</ele>
        <time>2026-09-09T23:34:16.477Z</time>
      </trkpt>
      <trkpt lat="-14.183489" lon="132.207658">
        <ele>186.588492</ele>
        <time>2026-09-09T23:34:23.473Z</time>
      </trkpt>
      <trkpt lat="-14.183500" lon="132.207763">
        <ele>186.776504</ele>
        <time>2026-09-09T23:34:30.476Z</time>
      </trkpt>
      <trkpt lat="-14.183508" lon="132.207863">
        <ele>186.955132</ele>
        <time>2026-09-09T23:34:37.486Z</time>
      </trkpt>
      <trkpt lat="-14.183502" lon="132.207958">
        <ele>187.124613</ele>
        <time>2026-09-09T23:34:43.497Z</time>
      </trkpt>
      <trkpt lat="-14.183490" lon="132.208063">
        <ele>187.312832</ele>
        <time>2026-09-09T23:34:50.474Z</time>
      </trkpt>
      <trkpt lat="-14.183485" lon="132.208167">
        <ele>187.498203</ele>
        <time>2026-09-09T23:34:57.481Z</time>
      </trkpt>
      <trkpt lat="-14.183486" lon="132.208270">
        <ele>187.681577</ele>
        <time>2026-09-09T23:35:04.476Z</time>
      </trkpt>
      <trkpt lat="-14.183499" lon="132.208372">
        <ele>187.864723</ele>
        <time>2026-09-09T23:35:11.476Z</time>
      </trkpt>
      <trkpt lat="-14.183508" lon="132.208475">
        <ele>188.048830</ele>
        <time>2026-09-09T23:35:18.477Z</time>
      </trkpt>
      <trkpt lat="-14.183524" lon="132.208578">
        <ele>188.234533</ele>
        <time>2026-09-09T23:35:26.474Z</time>
      </trkpt>
      <trkpt lat="-14.183553" lon="132.208678">
        <ele>188.420349</ele>
        <time>2026-09-09T23:35:34.473Z</time>
      </trkpt>
      <trkpt lat="-14.183518" lon="132.208769">
        <ele>188.594633</ele>
        <time>2026-09-09T23:35:41.481Z</time>
      </trkpt>
      <trkpt lat="-14.183491" lon="132.208859">
        <ele>188.762349</ele>
        <time>2026-09-09T23:35:48.476Z</time>
      </trkpt>
      <trkpt lat="-14.183435" lon="132.208939">
        <ele>188.938009</ele>
        <time>2026-09-09T23:35:55.486Z</time>
      </trkpt>
      <trkpt lat="-14.183397" lon="132.209030">
        <ele>189.114398</ele>
        <time>2026-09-09T23:36:02.480Z</time>
      </trkpt>
      <trkpt lat="-14.183374" lon="132.209135">
        <ele>189.306034</ele>
        <time>2026-09-09T23:36:06.480Z</time>
      </trkpt>
      <trkpt lat="-14.183327" lon="132.209219">
        <ele>189.478690</ele>
        <time>2026-09-09T23:36:10.475Z</time>
      </trkpt>
      <trkpt lat="-14.183269" lon="132.209294">
        <ele>189.649480</ele>
        <time>2026-09-09T23:36:14.480Z</time>
      </trkpt>
      <trkpt lat="-14.183270" lon="132.209411">
        <ele>189.713770</ele>
        <time>2026-09-09T23:36:19.481Z</time>
      </trkpt>
      <trkpt lat="-14.183225" lon="132.209496">
        <ele>189.629126</ele>
        <time>2026-09-09T23:36:23.483Z</time>
      </trkpt>
      <trkpt lat="-14.183180" lon="132.209601">
        <ele>189.528789</ele>
        <time>2026-09-09T23:36:28.477Z</time>
      </trkpt>
      <trkpt lat="-14.183121" lon="132.209677">
        <ele>189.443695</ele>
        <time>2026-09-09T23:36:33.485Z</time>
      </trkpt>
      <trkpt lat="-14.183048" lon="132.209745">
        <ele>189.355022</ele>
        <time>2026-09-09T23:36:38.475Z</time>
      </trkpt>
      <trkpt lat="-14.182961" lon="132.209798">
        <ele>189.263935</ele>
        <time>2026-09-09T23:36:42.484Z</time>
      </trkpt>
      <trkpt lat="-14.182874" lon="132.209844">
        <ele>189.175801</ele>
        <time>2026-09-09T23:36:47.471Z</time>
      </trkpt>
      <trkpt lat="-14.182899" lon="132.209938">
        <ele>189.090610</ele>
        <time>2026-09-09T23:37:00.478Z</time>
      </trkpt>
      <trkpt lat="-14.182853" lon="132.210024">
        <ele>189.004765</ele>
        <time>2026-09-09T23:37:06.479Z</time>
      </trkpt>
      <trkpt lat="-14.182790" lon="132.210101">
        <ele>188.916705</ele>
        <time>2026-09-09T23:37:13.480Z</time>
      </trkpt>
      <trkpt lat="-14.182733" lon="132.210187">
        <ele>188.825656</ele>
        <time>2026-09-09T23:37:20.477Z</time>
      </trkpt>
      <trkpt lat="-14.182670" lon="132.210264">
        <ele>188.737596</ele>
        <time>2026-09-09T23:37:27.484Z</time>
      </trkpt>
      <trkpt lat="-14.182637" lon="132.210361">
        <ele>188.647749</ele>
        <time>2026-09-09T23:37:34.477Z</time>
      </trkpt>
      <trkpt lat="-14.182647" lon="132.210466">
        <ele>188.555537</ele>
        <time>2026-09-09T23:37:41.483Z</time>
      </trkpt>
      <trkpt lat="-14.182653" lon="132.210560">
        <ele>188.473203</ele>
        <time>2026-09-09T23:37:47.480Z</time>
      </trkpt>
      <trkpt lat="-14.182668" lon="132.210666">
        <ele>188.379577</ele>
        <time>2026-09-09T23:37:54.473Z</time>
      </trkpt>
      <trkpt lat="-14.182667" lon="132.210774">
        <ele>188.285180</ele>
        <time>2026-09-09T23:38:01.481Z</time>
      </trkpt>
      <trkpt lat="-14.182678" lon="132.210870">
        <ele>188.200691</ele>
        <time>2026-09-09T23:38:07.471Z</time>
      </trkpt>
      <trkpt lat="-14.182716" lon="132.210958">
        <ele>188.108957</ele>
        <time>2026-09-09T23:38:13.474Z</time>
      </trkpt>
      <trkpt lat="-14.182761" lon="132.211045">
        <ele>187.994829</ele>
        <time>2026-09-09T23:38:19.476Z</time>
      </trkpt>
      <trkpt lat="-14.182771" lon="132.211148">
        <ele>187.875021</ele>
        <time>2026-09-09T23:38:25.478Z</time>
      </trkpt>
      <trkpt lat="-14.182791" lon="132.211242">
        <ele>187.763636</ele>
        <time>2026-09-09T23:38:32.473Z</time>
      </trkpt>
      <trkpt lat="-14.182864" lon="132.211314">
        <ele>187.643059</ele>
        <time>2026-09-09T23:38:40.473Z</time>
      </trkpt>
      <trkpt lat="-14.182851" lon="132.211408">
        <ele>187.533163</ele>
        <time>2026-09-09T23:38:50.467Z</time>
      </trkpt>
      <trkpt lat="-14.182895" lon="132.211493">
        <ele>187.421640</ele>
        <time>2026-09-09T23:38:58.468Z</time>
      </trkpt>
      <trkpt lat="-14.182988" lon="132.211518">
        <ele>187.306909</ele>
        <time>2026-09-09T23:39:08.477Z</time>
      </trkpt>
      <trkpt lat="-14.182889" lon="132.211551">
        <ele>187.182706</ele>
        <time>2026-09-09T23:39:16.483Z</time>
      </trkpt>
      <trkpt lat="-14.182802" lon="132.211584">
        <ele>187.072046</ele>
        <time>2026-09-09T23:39:22.484Z</time>
      </trkpt>
      <trkpt lat="-14.182790" lon="132.211683">
        <ele>186.956572</ele>
        <time>2026-09-09T23:39:31.478Z</time>
      </trkpt>
      <trkpt lat="-14.182787" lon="132.211775">
        <ele>186.850031</ele>
        <time>2026-09-09T23:39:38.499Z</time>
      </trkpt>
      <trkpt lat="-14.182812" lon="132.211875">
        <ele>186.730505</ele>
        <time>2026-09-09T23:39:45.467Z</time>
      </trkpt>
      <trkpt lat="-14.182903" lon="132.211919">
        <ele>186.610526</ele>
        <time>2026-09-09T23:39:52.487Z</time>
      </trkpt>
      <trkpt lat="-14.182995" lon="132.211961">
        <ele>186.490421</ele>
        <time>2026-09-09T23:40:00.476Z</time>
      </trkpt>
      <trkpt lat="-14.183081" lon="132.211998">
        <ele>186.379182</ele>
        <time>2026-09-09T23:40:07.492Z</time>
      </trkpt>
      <trkpt lat="-14.183179" lon="132.212029">
        <ele>186.256813</ele>
        <time>2026-09-09T23:40:15.481Z</time>
      </trkpt>
      <trkpt lat="-14.183277" lon="132.212057">
        <ele>186.135417</ele>
        <time>2026-09-09T23:40:22.474Z</time>
      </trkpt>
      <trkpt lat="-14.183363" lon="132.212096">
        <ele>186.023266</ele>
        <time>2026-09-09T23:40:29.485Z</time>
      </trkpt>
      <trkpt lat="-14.183451" lon="132.212152">
        <ele>186.035571</ele>
        <time>2026-09-09T23:40:36.494Z</time>
      </trkpt>
      <trkpt lat="-14.183546" lon="132.212178">
        <ele>186.090011</ele>
        <time>2026-09-09T23:40:43.476Z</time>
      </trkpt>
      <trkpt lat="-14.183641" lon="132.212214">
        <ele>186.146069</ele>
        <time>2026-09-09T23:40:50.485Z</time>
      </trkpt>
      <trkpt lat="-14.183739" lon="132.212243">
        <ele>186.202540</ele>
        <time>2026-09-09T23:40:57.481Z</time>
      </trkpt>
      <trkpt lat="-14.183830" lon="132.212278">
        <ele>186.256334</ele>
        <time>2026-09-09T23:41:04.483Z</time>
      </trkpt>
      <trkpt lat="-14.183923" lon="132.212298">
        <ele>186.308954</ele>
        <time>2026-09-09T23:41:11.474Z</time>
      </trkpt>
      <trkpt lat="-14.184021" lon="132.212309">
        <ele>186.363555</ele>
        <time>2026-09-09T23:41:18.483Z</time>
      </trkpt>
      <trkpt lat="-14.184124" lon="132.212326">
        <ele>186.421332</ele>
        <time>2026-09-09T23:41:25.462Z</time>
      </trkpt>
      <trkpt lat="-14.184212" lon="132.212349">
        <ele>186.471614</ele>
        <time>2026-09-09T23:41:31.461Z</time>
      </trkpt>
      <trkpt lat="-14.184314" lon="132.212368">
        <ele>186.529025</ele>
        <time>2026-09-09T23:41:38.464Z</time>
      </trkpt>
      <trkpt lat="-14.184412" lon="132.212396">
        <ele>186.585350</ele>
        <time>2026-09-09T23:41:45.469Z</time>
      </trkpt>
      <trkpt lat="-14.184526" lon="132.212402">
        <ele>186.648576</ele>
        <time>2026-09-09T23:43:05.473Z</time>
      </trkpt>
      <trkpt lat="-14.184620" lon="132.212418">
        <ele>186.701345</ele>
        <time>2026-09-09T23:43:13.472Z</time>
      </trkpt>
      <trkpt lat="-14.184705" lon="132.212479">
        <ele>186.758701</ele>
        <time>2026-09-09T23:43:21.485Z</time>
      </trkpt>
      <trkpt lat="-14.184785" lon="132.212545">
        <ele>186.815442</ele>
        <time>2026-09-09T23:43:28.479Z</time>
      </trkpt>
      <trkpt lat="-14.184862" lon="132.212610">
        <ele>186.870554</ele>
        <time>2026-09-09T23:43:35.472Z</time>
      </trkpt>
      <trkpt lat="-14.184964" lon="132.212610">
        <ele>186.927051</ele>
        <time>2026-09-09T23:43:43.475Z</time>
      </trkpt>
      <trkpt lat="-14.185059" lon="132.212622">
        <ele>186.980064</ele>
        <time>2026-09-09T23:43:49.474Z</time>
      </trkpt>
      <trkpt lat="-14.185157" lon="132.212627">
        <ele>187.160330</ele>
        <time>2026-09-09T23:43:56.471Z</time>
      </trkpt>
      <trkpt lat="-14.185245" lon="132.212666">
        <ele>187.359834</ele>
        <time>2026-09-09T23:44:03.475Z</time>
      </trkpt>
      <trkpt lat="-14.185340" lon="132.212651">
        <ele>187.560021</ele>
        <time>2026-09-09T23:44:10.477Z</time>
      </trkpt>
      <trkpt lat="-14.185441" lon="132.212623">
        <ele>187.777867</ele>
        <time>2026-09-09T23:44:17.471Z</time>
      </trkpt>
      <trkpt lat="-14.185542" lon="132.212635">
        <ele>187.989638</ele>
        <time>2026-09-09T23:44:24.476Z</time>
      </trkpt>
      <trkpt lat="-14.185640" lon="132.212606">
        <ele>188.202003</ele>
        <time>2026-09-09T23:44:32.475Z</time>
      </trkpt>
      <trkpt lat="-14.185738" lon="132.212588">
        <ele>188.409345</ele>
        <time>2026-09-09T23:44:39.468Z</time>
      </trkpt>
      <trkpt lat="-14.185838" lon="132.212616">
        <ele>188.625180</ele>
        <time>2026-09-09T23:44:46.479Z</time>
      </trkpt>
      <trkpt lat="-14.185923" lon="132.212655">
        <ele>188.818959</ele>
        <time>2026-09-09T23:44:52.478Z</time>
      </trkpt>
      <trkpt lat="-14.186001" lon="132.212708">
        <ele>189.013516</ele>
        <time>2026-09-09T23:44:58.480Z</time>
      </trkpt>
      <trkpt lat="-14.186101" lon="132.212717">
        <ele>189.222604</ele>
        <time>2026-09-09T23:45:06.481Z</time>
      </trkpt>
      <trkpt lat="-14.186194" lon="132.212724">
        <ele>189.416835</ele>
        <time>2026-09-09T23:45:13.472Z</time>
      </trkpt>
      <trkpt lat="-14.186284" lon="132.212701">
        <ele>189.609970</ele>
        <time>2026-09-09T23:45:20.479Z</time>
      </trkpt>
      <trkpt lat="-14.186376" lon="132.212749">
        <ele>189.824724</ele>
        <time>2026-09-09T23:45:27.472Z</time>
      </trkpt>
      <trkpt lat="-14.186466" lon="132.212775">
        <ele>190.019405</ele>
        <time>2026-09-09T23:45:35.469Z</time>
      </trkpt>
      <trkpt lat="-14.186537" lon="132.212835">
        <ele>190.210593</ele>
        <time>2026-09-09T23:45:46.479Z</time>
      </trkpt>
      <trkpt lat="-14.186581" lon="132.212919">
        <ele>190.403402</ele>
        <time>2026-09-09T23:45:55.479Z</time>
      </trkpt>
      <trkpt lat="-14.186624" lon="132.213003">
        <ele>190.595229</ele>
        <time>2026-09-09T23:46:07.478Z</time>
      </trkpt>
      <trkpt lat="-14.186703" lon="132.213057">
        <ele>190.744176</ele>
        <time>2026-09-09T23:46:17.476Z</time>
      </trkpt>
      <trkpt lat="-14.186747" lon="132.213151">
        <ele>190.776772</ele>
        <time>2026-09-09T23:46:25.478Z</time>
      </trkpt>
      <trkpt lat="-14.186790" lon="132.213239">
        <ele>190.807545</ele>
        <time>2026-09-09T23:46:37.479Z</time>
      </trkpt>
      <trkpt lat="-14.186890" lon="132.213249">
        <ele>190.839905</ele>
        <time>2026-09-09T23:53:44.460Z</time>
      </trkpt>
      <trkpt lat="-14.186799" lon="132.213263">
        <ele>190.869541</ele>
        <time>2026-09-09T23:53:57.457Z</time>
      </trkpt>
      <trkpt lat="-14.186746" lon="132.213338">
        <ele>190.898522</ele>
        <time>2026-09-09T23:54:20.487Z</time>
      </trkpt>
      <trkpt lat="-14.186769" lon="132.213430">
        <ele>190.928191</ele>
        <time>2026-09-09T23:54:31.477Z</time>
      </trkpt>
      <trkpt lat="-14.186784" lon="132.213533">
        <ele>190.960717</ele>
        <time>2026-09-09T23:54:40.481Z</time>
      </trkpt>
      <trkpt lat="-14.186748" lon="132.213618">
        <ele>190.989682</ele>
        <time>2026-09-09T23:54:57.473Z</time>
      </trkpt>
      <trkpt lat="-14.186739" lon="132.213711">
        <ele>191.018868</ele>
        <time>2026-09-09T23:55:13.482Z</time>
      </trkpt>
      <trkpt lat="-14.186732" lon="132.213808">
        <ele>191.049242</ele>
        <time>2026-09-09T23:55:22.492Z</time>
      </trkpt>
      <trkpt lat="-14.186754" lon="132.213902">
        <ele>191.079439</ele>
        <time>2026-09-09T23:55:34.478Z</time>
      </trkpt>
      <trkpt lat="-14.186728" lon="132.213991">
        <ele>191.108466</ele>
        <time>2026-09-09T23:55:43.497Z</time>
      </trkpt>
      <trkpt lat="-14.186685" lon="132.214173">
        <ele>191.166963</ele>
        <time>2026-09-09T23:56:20.491Z</time>
      </trkpt>
      <trkpt lat="-14.186656" lon="132.214262">
        <ele>191.196283</ele>
        <time>2026-09-09T23:56:29.475Z</time>
      </trkpt>
      <trkpt lat="-14.186649" lon="132.214358">
        <ele>191.226346</ele>
        <time>2026-09-09T23:56:42.480Z</time>
      </trkpt>
      <trkpt lat="-14.186634" lon="132.214455">
        <ele>191.257020</ele>
        <time>2026-09-09T23:56:53.482Z</time>
      </trkpt>
      <trkpt lat="-14.186618" lon="132.214549">
        <ele>191.286823</ele>
        <time>2026-09-09T23:57:01.484Z</time>
      </trkpt>
      <trkpt lat="-14.186583" lon="132.214641">
        <ele>191.310779</ele>
        <time>2026-09-09T23:57:11.485Z</time>
      </trkpt>
      <trkpt lat="-14.186516" lon="132.214720">
        <ele>191.268979</ele>
        <time>2026-09-09T23:57:33.482Z</time>
      </trkpt>
      <trkpt lat="-14.186481" lon="132.214807">
        <ele>191.231468</ele>
        <time>2026-09-09T23:57:43.480Z</time>
      </trkpt>
      <trkpt lat="-14.186493" lon="132.214904">
        <ele>191.192526</ele>
        <time>2026-09-09T23:57:56.476Z</time>
      </trkpt>
      <trkpt lat="-14.186488" lon="132.215007">
        <ele>191.151456</ele>
        <time>2026-09-09T23:58:09.477Z</time>
      </trkpt>
      <trkpt lat="-14.186449" lon="132.215101">
        <ele>191.110738</ele>
        <time>2026-09-09T23:58:18.469Z</time>
      </trkpt>
      <trkpt lat="-14.186435" lon="132.215202">
        <ele>191.070107</ele>
        <time>2026-09-09T23:58:25.484Z</time>
      </trkpt>
      <trkpt lat="-14.186407" lon="132.215295">
        <ele>191.031326</ele>
        <time>2026-09-09T23:58:33.484Z</time>
      </trkpt>
      <trkpt lat="-14.186388" lon="132.215398">
        <ele>190.989571</ele>
        <time>2026-09-09T23:58:42.481Z</time>
      </trkpt>
      <trkpt lat="-14.186387" lon="132.215498">
        <ele>190.949745</ele>
        <time>2026-09-09T23:58:52.483Z</time>
      </trkpt>
      <trkpt lat="-14.186453" lon="132.215633">
        <ele>190.889534</ele>
        <time>2026-09-09T23:59:17.476Z</time>
      </trkpt>
      <trkpt lat="-14.186482" lon="132.215733">
        <ele>190.847967</ele>
        <time>2026-09-09T23:59:26.481Z</time>
      </trkpt>
      <trkpt lat="-14.186518" lon="132.215826">
        <ele>190.808088</ele>
        <time>2026-09-09T23:59:34.477Z</time>
      </trkpt>
      <trkpt lat="-14.186608" lon="132.215863">
        <ele>190.768291</ele>
        <time>2026-09-09T23:59:42.475Z</time>
      </trkpt>
      <trkpt lat="-14.186678" lon="132.215928">
        <ele>190.729602</ele>
        <time>2026-09-09T23:59:57.481Z</time>
      </trkpt>
      <trkpt lat="-14.186734" lon="132.216009">
        <ele>190.689983</ele>
        <time>2026-09-10T00:00:08.488Z</time>
      </trkpt>
      <trkpt lat="-14.186777" lon="132.216098">
        <ele>190.650382</ele>
        <time>2026-09-10T00:00:19.486Z</time>
      </trkpt>
      <trkpt lat="-14.186802" lon="132.216194">
        <ele>190.610796</ele>
        <time>2026-09-10T00:00:30.493Z</time>
      </trkpt>
      <trkpt lat="-14.186866" lon="132.216262">
        <ele>190.586309</ele>
        <time>2026-09-10T00:00:39.475Z</time>
      </trkpt>
      <trkpt lat="-14.186952" lon="132.216298">
        <ele>190.730315</ele>
        <time>2026-09-10T00:00:48.486Z</time>
      </trkpt>
      <trkpt lat="-14.186999" lon="132.216389">
        <ele>190.885416</ele>
        <time>2026-09-10T00:00:58.483Z</time>
      </trkpt>
      <trkpt lat="-14.187050" lon="132.216473">
        <ele>191.034506</ele>
        <time>2026-09-10T00:01:06.482Z</time>
      </trkpt>
      <trkpt lat="-14.187111" lon="132.216544">
        <ele>191.177211</ele>
        <time>2026-09-10T00:01:14.481Z</time>
      </trkpt>
      <trkpt lat="-14.187204" lon="132.216572">
        <ele>191.327529</ele>
        <time>2026-09-10T00:01:23.475Z</time>
      </trkpt>
      <trkpt lat="-14.187286" lon="132.216627">
        <ele>191.479293</ele>
        <time>2026-09-10T00:01:32.478Z</time>
      </trkpt>
      <trkpt lat="-14.187192" lon="132.216569">
        <ele>191.649246</ele>
        <time>2026-09-10T00:53:39.464Z</time>
      </trkpt>
      <trkpt lat="-14.187102" lon="132.216542">
        <ele>191.794674</ele>
        <time>2026-09-10T00:53:47.461Z</time>
      </trkpt>
      <trkpt lat="-14.187050" lon="132.216456">
        <ele>191.947138</ele>
        <time>2026-09-10T00:53:56.474Z</time>
      </trkpt>
      <trkpt lat="-14.187000" lon="132.216372">
        <ele>192.095411</ele>
        <time>2026-09-10T00:54:04.468Z</time>
      </trkpt>
      <trkpt lat="-14.186945" lon="132.216297">
        <ele>192.236870</ele>
        <time>2026-09-10T00:54:11.479Z</time>
      </trkpt>
      <trkpt lat="-14.186851" lon="132.216262">
        <ele>192.391930</ele>
        <time>2026-09-10T00:54:19.472Z</time>
      </trkpt>
      <trkpt lat="-14.186785" lon="132.216187">
        <ele>192.544294</ele>
        <time>2026-09-10T00:54:28.473Z</time>
      </trkpt>
      <trkpt lat="-14.186757" lon="132.216092">
        <ele>192.693657</ele>
        <time>2026-09-10T00:54:38.484Z</time>
      </trkpt>
      <trkpt lat="-14.186697" lon="132.216011">
        <ele>192.846996</ele>
        <time>2026-09-10T00:54:49.482Z</time>
      </trkpt>
      <trkpt lat="-14.186651" lon="132.215921">
        <ele>193.000041</ele>
        <time>2026-09-10T00:54:59.482Z</time>
      </trkpt>
      <trkpt lat="-14.186579" lon="132.215857">
        <ele>193.147514</ele>
        <time>2026-09-10T00:55:09.487Z</time>
      </trkpt>
      <trkpt lat="-14.186511" lon="132.215790">
        <ele>193.293423</ele>
        <time>2026-09-10T00:55:18.468Z</time>
      </trkpt>
      <trkpt lat="-14.186470" lon="132.215701">
        <ele>193.339065</ele>
        <time>2026-09-10T00:55:26.472Z</time>
      </trkpt>
      <trkpt lat="-14.186432" lon="132.215603">
        <ele>193.280903</ele>
        <time>2026-09-10T00:55:34.476Z</time>
      </trkpt>
      <trkpt lat="-14.186384" lon="132.215513">
        <ele>193.224300</ele>
        <time>2026-09-10T00:55:44.470Z</time>
      </trkpt>
      <trkpt lat="-14.186372" lon="132.215415">
        <ele>193.169869</ele>
        <time>2026-09-10T00:55:52.473Z</time>
      </trkpt>
      <trkpt lat="-14.186391" lon="132.215313">
        <ele>193.112634</ele>
        <time>2026-09-10T00:56:00.474Z</time>
      </trkpt>
      <trkpt lat="-14.186423" lon="132.215224">
        <ele>193.060327</ele>
        <time>2026-09-10T00:56:07.478Z</time>
      </trkpt>
      <trkpt lat="-14.186418" lon="132.215119">
        <ele>193.002398</ele>
        <time>2026-09-10T00:56:14.456Z</time>
      </trkpt>
      <trkpt lat="-14.186446" lon="132.215020">
        <ele>192.945571</ele>
        <time>2026-09-10T00:56:22.468Z</time>
      </trkpt>
      <trkpt lat="-14.186507" lon="132.214944">
        <ele>192.891202</ele>
        <time>2026-09-10T00:56:30.467Z</time>
      </trkpt>
      <trkpt lat="-14.186470" lon="132.214853">
        <ele>192.836826</ele>
        <time>2026-09-10T00:56:43.472Z</time>
      </trkpt>
      <trkpt lat="-14.186451" lon="132.214752">
        <ele>192.780132</ele>
        <time>2026-09-10T00:56:51.463Z</time>
      </trkpt>
      <trkpt lat="-14.186495" lon="132.214662">
        <ele>192.724589</ele>
        <time>2026-09-10T00:57:00.467Z</time>
      </trkpt>
      <trkpt lat="-14.186565" lon="132.214595">
        <ele>192.670312</ele>
        <time>2026-09-10T00:57:12.468Z</time>
      </trkpt>
      <trkpt lat="-14.186618" lon="132.214515">
        <ele>192.616919</ele>
        <time>2026-09-10T00:57:23.476Z</time>
      </trkpt>
      <trkpt lat="-14.186636" lon="132.214418">
        <ele>192.562497</ele>
        <time>2026-09-10T00:57:33.483Z</time>
      </trkpt>
      <trkpt lat="-14.186633" lon="132.214322">
        <ele>192.509570</ele>
        <time>2026-09-10T00:57:44.475Z</time>
      </trkpt>
      <trkpt lat="-14.186639" lon="132.214228">
        <ele>192.457659</ele>
        <time>2026-09-10T00:58:00.467Z</time>
      </trkpt>
      <trkpt lat="-14.186671" lon="132.214137">
        <ele>192.404318</ele>
        <time>2026-09-10T00:58:11.472Z</time>
      </trkpt>
      <trkpt lat="-14.186699" lon="132.214047">
        <ele>192.352233</ele>
        <time>2026-09-10T00:58:22.478Z</time>
      </trkpt>
      <trkpt lat="-14.186724" lon="132.213952">
        <ele>192.241434</ele>
        <time>2026-09-10T00:58:31.464Z</time>
      </trkpt>
      <trkpt lat="-14.186739" lon="132.213850">
        <ele>192.115096</ele>
        <time>2026-09-10T00:58:41.463Z</time>
      </trkpt>
      <trkpt lat="-14.186782" lon="132.213760">
        <ele>191.992226</ele>
        <time>2026-09-10T00:58:50.471Z</time>
      </trkpt>
      <trkpt lat="-14.186724" lon="132.213681">
        <ele>191.870874</ele>
        <time>2026-09-10T00:59:01.463Z</time>
      </trkpt>
      <trkpt lat="-14.186764" lon="132.213591">
        <ele>191.749632</ele>
        <time>2026-09-10T00:59:17.476Z</time>
      </trkpt>
      <trkpt lat="-14.186771" lon="132.213490">
        <ele>191.625632</ele>
        <time>2026-09-10T00:59:35.472Z</time>
      </trkpt>
      <trkpt lat="-14.186766" lon="132.213386">
        <ele>191.498118</ele>
        <time>2026-09-10T00:59:44.473Z</time>
      </trkpt>
      <trkpt lat="-14.186726" lon="132.213295">
        <ele>191.375761</ele>
        <time>2026-09-10T00:59:58.484Z</time>
      </trkpt>
      <trkpt lat="-14.186767" lon="132.213211">
        <ele>191.260595</ele>
        <time>2026-09-10T01:00:11.475Z</time>
      </trkpt>
      <trkpt lat="-14.186727" lon="132.213125">
        <ele>191.143787</ele>
        <time>2026-09-10T01:00:23.467Z</time>
      </trkpt>
      <trkpt lat="-14.186677" lon="132.213039">
        <ele>191.020987</ele>
        <time>2026-09-10T01:00:33.473Z</time>
      </trkpt>
      <trkpt lat="-14.186588" lon="132.212995">
        <ele>190.896323</ele>
        <time>2026-09-10T01:00:42.483Z</time>
      </trkpt>
      <trkpt lat="-14.186547" lon="132.212909">
        <ele>190.778964</ele>
        <time>2026-09-10T01:00:55.471Z</time>
      </trkpt>
      <trkpt lat="-14.186467" lon="132.212854">
        <ele>190.657525</ele>
        <time>2026-09-10T01:01:06.466Z</time>
      </trkpt>
      <trkpt lat="-14.186410" lon="132.212778">
        <ele>190.539858</ele>
        <time>2026-09-10T01:01:15.475Z</time>
      </trkpt>
      <trkpt lat="-14.186325" lon="132.212741">
        <ele>190.423324</ele>
        <time>2026-09-10T01:01:25.474Z</time>
      </trkpt>
      <trkpt lat="-14.186228" lon="132.212729">
        <ele>190.299924</ele>
        <time>2026-09-10T01:01:34.474Z</time>
      </trkpt>
      <trkpt lat="-14.186136" lon="132.212724">
        <ele>190.183556</ele>
        <time>2026-09-10T01:01:41.466Z</time>
      </trkpt>
      <trkpt lat="-14.186034" lon="132.212734">
        <ele>190.078254</ele>
        <time>2026-09-10T01:01:48.472Z</time>
      </trkpt>
      <trkpt lat="-14.185883" lon="132.212627">
        <ele>190.153042</ele>
        <time>2026-09-10T01:02:27.475Z</time>
      </trkpt>
      <trkpt lat="-14.185793" lon="132.212632">
        <ele>190.189836</ele>
        <time>2026-09-10T01:02:38.487Z</time>
      </trkpt>
      <trkpt lat="-14.185697" lon="132.212629">
        <ele>190.229044</ele>
        <time>2026-09-10T01:02:47.468Z</time>
      </trkpt>
      <trkpt lat="-14.185605" lon="132.212658">
        <ele>190.268316</ele>
        <time>2026-09-10T01:02:55.482Z</time>
      </trkpt>
      <trkpt lat="-14.185507" lon="132.212651">
        <ele>190.308419</ele>
        <time>2026-09-10T01:03:03.473Z</time>
      </trkpt>
      <trkpt lat="-14.185417" lon="132.212640">
        <ele>190.345417</ele>
        <time>2026-09-10T01:03:10.464Z</time>
      </trkpt>
      <trkpt lat="-14.185329" lon="132.212665">
        <ele>190.382679</ele>
        <time>2026-09-10T01:03:17.475Z</time>
      </trkpt>
      <trkpt lat="-14.185231" lon="132.212672">
        <ele>190.422781</ele>
        <time>2026-09-10T01:03:25.475Z</time>
      </trkpt>
      <trkpt lat="-14.185145" lon="132.212643">
        <ele>190.459718</ele>
        <time>2026-09-10T01:03:32.473Z</time>
      </trkpt>
      <trkpt lat="-14.185054" lon="132.212637">
        <ele>190.496943</ele>
        <time>2026-09-10T01:03:39.470Z</time>
      </trkpt>
      <trkpt lat="-14.184956" lon="132.212630">
        <ele>190.537045</ele>
        <time>2026-09-10T01:03:47.478Z</time>
      </trkpt>
      <trkpt lat="-14.184859" lon="132.212629">
        <ele>190.576646</ele>
        <time>2026-09-10T01:03:55.483Z</time>
      </trkpt>
      <trkpt lat="-14.184787" lon="132.212566">
        <ele>190.615190</ele>
        <time>2026-09-10T01:04:03.475Z</time>
      </trkpt>
      <trkpt lat="-14.184710" lon="132.212504">
        <ele>190.655068</ele>
        <time>2026-09-10T01:04:11.472Z</time>
      </trkpt>
      <trkpt lat="-14.184639" lon="132.212440">
        <ele>190.693561</ele>
        <time>2026-09-10T01:04:19.467Z</time>
      </trkpt>
      <trkpt lat="-14.184539" lon="132.212432">
        <ele>190.734507</ele>
        <time>2026-09-10T01:04:27.472Z</time>
      </trkpt>
      <trkpt lat="-14.184439" lon="132.212423">
        <ele>190.775485</ele>
        <time>2026-09-10T01:04:35.473Z</time>
      </trkpt>
      <trkpt lat="-14.184351" lon="132.212399">
        <ele>190.798615</ele>
        <time>2026-09-10T01:04:43.464Z</time>
      </trkpt>
      <trkpt lat="-14.184261" lon="132.212372">
        <ele>190.747674</ele>
        <time>2026-09-10T01:04:51.463Z</time>
      </trkpt>
      <trkpt lat="-14.184160" lon="132.212349">
        <ele>190.691460</ele>
        <time>2026-09-10T01:04:59.462Z</time>
      </trkpt>
      <trkpt lat="-14.184069" lon="132.212334">
        <ele>190.641375</ele>
        <time>2026-09-10T01:05:05.470Z</time>
      </trkpt>
      <trkpt lat="-14.183967" lon="132.212313">
        <ele>190.584846</ele>
        <time>2026-09-10T01:05:13.468Z</time>
      </trkpt>
      <trkpt lat="-14.183866" lon="132.212294">
        <ele>190.529048</ele>
        <time>2026-09-10T01:05:20.475Z</time>
      </trkpt>
      <trkpt lat="-14.183784" lon="132.212254">
        <ele>190.479750</ele>
        <time>2026-09-10T01:05:27.468Z</time>
      </trkpt>
      <trkpt lat="-14.183686" lon="132.212223">
        <ele>190.424039</ele>
        <time>2026-09-10T01:05:34.472Z</time>
      </trkpt>
      <trkpt lat="-14.183595" lon="132.212185">
        <ele>190.370683</ele>
        <time>2026-09-10T01:05:41.468Z</time>
      </trkpt>
      <trkpt lat="-14.183495" lon="132.212157">
        <ele>190.314367</ele>
        <time>2026-09-10T01:05:48.472Z</time>
      </trkpt>
      <trkpt lat="-14.183398" lon="132.212119">
        <ele>190.257974</ele>
        <time>2026-09-10T01:05:55.468Z</time>
      </trkpt>
      <trkpt lat="-14.183315" lon="132.212077">
        <ele>190.207729</ele>
        <time>2026-09-10T01:06:02.477Z</time>
      </trkpt>
      <trkpt lat="-14.183220" lon="132.212045">
        <ele>190.153414</ele>
        <time>2026-09-10T01:06:09.468Z</time>
      </trkpt>
      <trkpt lat="-14.183134" lon="132.212012">
        <ele>190.103544</ele>
        <time>2026-09-10T01:06:16.477Z</time>
      </trkpt>
      <trkpt lat="-14.183048" lon="132.211981">
        <ele>190.054032</ele>
        <time>2026-09-10T01:06:23.468Z</time>
      </trkpt>
      <trkpt lat="-14.182954" lon="132.211948">
        <ele>190.000066</ele>
        <time>2026-09-10T01:06:30.476Z</time>
      </trkpt>
      <trkpt lat="-14.182871" lon="132.211901">
        <ele>189.948606</ele>
        <time>2026-09-10T01:06:37.462Z</time>
      </trkpt>
      <trkpt lat="-14.182799" lon="132.211836">
        <ele>189.896603</ele>
        <time>2026-09-10T01:06:44.474Z</time>
      </trkpt>
      <trkpt lat="-14.182796" lon="132.211734">
        <ele>189.842832</ele>
        <time>2026-09-10T01:06:51.469Z</time>
      </trkpt>
      <trkpt lat="-14.182783" lon="132.211640">
        <ele>189.864902</ele>
        <time>2026-09-10T01:06:57.477Z</time>
      </trkpt>
      <trkpt lat="-14.182801" lon="132.211541">
        <ele>189.917289</ele>
        <time>2026-09-10T01:07:04.471Z</time>
      </trkpt>
      <trkpt lat="-14.182775" lon="132.211449">
        <ele>189.967129</ele>
        <time>2026-09-10T01:07:11.481Z</time>
      </trkpt>
      <trkpt lat="-14.182743" lon="132.211360">
        <ele>190.016498</ele>
        <time>2026-09-10T01:07:19.503Z</time>
      </trkpt>
      <trkpt lat="-14.182675" lon="132.211425">
        <ele>190.066232</ele>
        <time>2026-09-10T01:07:34.475Z</time>
      </trkpt>
      <trkpt lat="-14.182585" lon="132.211390">
        <ele>190.117830</ele>
        <time>2026-09-10T01:07:43.480Z</time>
      </trkpt>
      <trkpt lat="-14.182488" lon="132.211378">
        <ele>190.170238</ele>
        <time>2026-09-10T01:07:53.484Z</time>
      </trkpt>
      <trkpt lat="-14.182396" lon="132.211373">
        <ele>190.219659</ele>
        <time>2026-09-10T01:08:03.479Z</time>
      </trkpt>
      <trkpt lat="-14.182487" lon="132.211348">
        <ele>190.270177</ele>
        <time>2026-09-10T01:08:13.452Z</time>
      </trkpt>
      <trkpt lat="-14.182584" lon="132.211373">
        <ele>190.323812</ele>
        <time>2026-09-10T01:08:25.461Z</time>
      </trkpt>
      <trkpt lat="-14.182675" lon="132.211394">
        <ele>190.373836</ele>
        <time>2026-09-10T01:08:37.463Z</time>
      </trkpt>
      <trkpt lat="-14.182675" lon="132.211299">
        <ele>190.423245</ele>
        <time>2026-09-10T01:08:56.470Z</time>
      </trkpt>
      <trkpt lat="-14.182741" lon="132.211226">
        <ele>190.475158</ele>
        <time>2026-09-10T01:09:12.476Z</time>
      </trkpt>
      <trkpt lat="-14.182757" lon="132.211134">
        <ele>190.523770</ele>
        <time>2026-09-10T01:09:20.473Z</time>
      </trkpt>
      <trkpt lat="-14.182753" lon="132.211040">
        <ele>190.572706</ele>
        <time>2026-09-10T01:09:27.466Z</time>
      </trkpt>
      <trkpt lat="-14.182704" lon="132.210958">
        <ele>190.622804</ele>
        <time>2026-09-10T01:09:37.475Z</time>
      </trkpt>
      <trkpt lat="-14.182678" lon="132.210863">
        <ele>190.674143</ele>
        <time>2026-09-10T01:09:45.469Z</time>
      </trkpt>
      <trkpt lat="-14.182666" lon="132.210760">
        <ele>190.728098</ele>
        <time>2026-09-10T01:09:53.466Z</time>
      </trkpt>
      <trkpt lat="-14.182663" lon="132.210654">
        <ele>190.783252</ele>
        <time>2026-09-10T01:10:01.461Z</time>
      </trkpt>
      <trkpt lat="-14.182652" lon="132.210559">
        <ele>190.855766</ele>
        <time>2026-09-10T01:10:08.472Z</time>
      </trkpt>
      <trkpt lat="-14.182644" lon="132.210461">
        <ele>190.936718</ele>
        <time>2026-09-10T01:10:15.464Z</time>
      </trkpt>
      <trkpt lat="-14.182638" lon="132.210366">
        <ele>191.015081</ele>
        <time>2026-09-10T01:10:22.465Z</time>
      </trkpt>
      <trkpt lat="-14.182654" lon="132.210270">
        <ele>191.095261</ele>
        <time>2026-09-10T01:10:29.475Z</time>
      </trkpt>
      <trkpt lat="-14.182719" lon="132.210190">
        <ele>191.181178</ele>
        <time>2026-09-10T01:10:36.477Z</time>
      </trkpt>
      <trkpt lat="-14.182775" lon="132.210103">
        <ele>191.267136</ele>
        <time>2026-09-10T01:10:43.467Z</time>
      </trkpt>
      <trkpt lat="-14.182827" lon="132.210015">
        <ele>191.351964</ele>
        <time>2026-09-10T01:10:50.473Z</time>
      </trkpt>
      <trkpt lat="-14.182823" lon="132.209920">
        <ele>191.430235</ele>
        <time>2026-09-10T01:10:56.471Z</time>
      </trkpt>
      <trkpt lat="-14.182874" lon="132.209836">
        <ele>191.511817</ele>
        <time>2026-09-10T01:11:03.473Z</time>
      </trkpt>
      <trkpt lat="-14.182963" lon="132.209787">
        <ele>191.597469</ele>
        <time>2026-09-10T01:11:10.463Z</time>
      </trkpt>
      <trkpt lat="-14.183055" lon="132.209746">
        <ele>191.682557</ele>
        <time>2026-09-10T01:11:18.472Z</time>
      </trkpt>
      <trkpt lat="-14.183118" lon="132.209672">
        <ele>191.763619</ele>
        <time>2026-09-10T01:11:25.471Z</time>
      </trkpt>
      <trkpt lat="-14.183170" lon="132.209586">
        <ele>191.847047</ele>
        <time>2026-09-10T01:11:32.469Z</time>
      </trkpt>
      <trkpt lat="-14.183203" lon="132.209493">
        <ele>191.928563</ele>
        <time>2026-09-10T01:11:39.473Z</time>
      </trkpt>
      <trkpt lat="-14.183243" lon="132.209408">
        <ele>192.006335</ele>
        <time>2026-09-10T01:11:46.473Z</time>
      </trkpt>
      <trkpt lat="-14.183268" lon="132.209318">
        <ele>192.083398</ele>
        <time>2026-09-10T01:11:53.466Z</time>
      </trkpt>
      <trkpt lat="-14.183281" lon="132.209218">
        <ele>192.166447</ele>
        <time>2026-09-10T01:12:01.467Z</time>
      </trkpt>
      <trkpt lat="-14.183350" lon="132.209140">
        <ele>192.253360</ele>
        <time>2026-09-10T01:12:08.474Z</time>
      </trkpt>
      <trkpt lat="-14.183388" lon="132.209052">
        <ele>192.313474</ele>
        <time>2026-09-10T01:12:15.473Z</time>
      </trkpt>
      <trkpt lat="-14.183404" lon="132.208961">
        <ele>192.264130</ele>
        <time>2026-09-10T01:12:22.483Z</time>
      </trkpt>
      <trkpt lat="-14.183458" lon="132.208870">
        <ele>192.207206</ele>
        <time>2026-09-10T01:12:30.472Z</time>
      </trkpt>
      <trkpt lat="-14.183505" lon="132.208790">
        <ele>192.157298</ele>
        <time>2026-09-10T01:12:37.472Z</time>
      </trkpt>
      <trkpt lat="-14.183531" lon="132.208698">
        <ele>192.106170</ele>
        <time>2026-09-10T01:12:45.475Z</time>
      </trkpt>
      <trkpt lat="-14.183610" lon="132.208644">
        <ele>192.054015</ele>
        <time>2026-09-10T01:13:01.478Z</time>
      </trkpt>
      <trkpt lat="-14.183524" lon="132.208565">
        <ele>191.990640</ele>
        <time>2026-09-10T01:13:07.473Z</time>
      </trkpt>
      <trkpt lat="-14.183485" lon="132.208411">
        <ele>191.905719</ele>
        <time>2026-09-10T01:13:35.469Z</time>
      </trkpt>
      <trkpt lat="-14.183468" lon="132.208307">
        <ele>191.849448</ele>
        <time>2026-09-10T01:13:43.471Z</time>
      </trkpt>
      <trkpt lat="-14.183463" lon="132.208206">
        <ele>191.795491</ele>
        <time>2026-09-10T01:13:51.478Z</time>
      </trkpt>
      <trkpt lat="-14.183486" lon="132.208088">
        <ele>191.731274</ele>
        <time>2026-09-10T01:14:58.461Z</time>
      </trkpt>
      <trkpt lat="-14.183491" lon="132.207988">
        <ele>191.677849</ele>
        <time>2026-09-10T01:15:06.454Z</time>
      </trkpt>
      <trkpt lat="-14.183488" lon="132.207893">
        <ele>191.627136</ele>
        <time>2026-09-10T01:15:15.465Z</time>
      </trkpt>
      <trkpt lat="-14.183489" lon="132.207736">
        <ele>191.543369</ele>
        <time>2026-09-10T01:15:42.477Z</time>
      </trkpt>
      <trkpt lat="-14.183476" lon="132.207629">
        <ele>191.485834</ele>
        <time>2026-09-10T01:15:50.474Z</time>
      </trkpt>
      <trkpt lat="-14.183460" lon="132.207533">
        <ele>191.433863</ele>
        <time>2026-09-10T01:15:57.473Z</time>
      </trkpt>
      <trkpt lat="-14.183405" lon="132.207455">
        <ele>191.382405</ele>
        <time>2026-09-10T01:16:05.471Z</time>
      </trkpt>
      <trkpt lat="-14.183354" lon="132.207374">
        <ele>191.330504</ele>
        <time>2026-09-10T01:16:13.467Z</time>
      </trkpt>
      <trkpt lat="-14.183413" lon="132.207303">
        <ele>191.224124</ele>
        <time>2026-09-10T01:16:20.478Z</time>
      </trkpt>
      <trkpt lat="-14.183409" lon="132.207207">
        <ele>191.114813</ele>
        <time>2026-09-10T01:16:28.470Z</time>
      </trkpt>
      <trkpt lat="-14.183402" lon="132.207110">
        <ele>191.004160</ele>
        <time>2026-09-10T01:16:36.467Z</time>
      </trkpt>
      <trkpt lat="-14.183414" lon="132.207015">
        <ele>190.895173</ele>
        <time>2026-09-10T01:16:43.471Z</time>
      </trkpt>
      <trkpt lat="-14.183416" lon="132.206913">
        <ele>190.779113</ele>
        <time>2026-09-10T01:16:50.469Z</time>
      </trkpt>
      <trkpt lat="-14.183422" lon="132.206805">
        <ele>190.656050</ele>
        <time>2026-09-10T01:16:57.469Z</time>
      </trkpt>
      <trkpt lat="-14.183438" lon="132.206707">
        <ele>190.542994</ele>
        <time>2026-09-10T01:17:04.467Z</time>
      </trkpt>
      <trkpt lat="-14.183478" lon="132.206611">
        <ele>190.424125</ele>
        <time>2026-09-10T01:17:11.473Z</time>
      </trkpt>
      <trkpt lat="-14.183516" lon="132.206513">
        <ele>190.304054</ele>
        <time>2026-09-10T01:17:18.461Z</time>
      </trkpt>
      <trkpt lat="-14.183566" lon="132.206422">
        <ele>190.185062</ele>
        <time>2026-09-10T01:17:25.470Z</time>
      </trkpt>
      <trkpt lat="-14.183599" lon="132.206322">
        <ele>190.064892</ele>
        <time>2026-09-10T01:17:32.463Z</time>
      </trkpt>
      <trkpt lat="-14.183646" lon="132.206235">
        <ele>189.951592</ele>
        <time>2026-09-10T01:17:39.470Z</time>
      </trkpt>
      <trkpt lat="-14.183688" lon="132.206153">
        <ele>189.846091</ele>
        <time>2026-09-10T01:17:46.464Z</time>
      </trkpt>
      <trkpt lat="-14.183745" lon="132.206067">
        <ele>189.727580</ele>
        <time>2026-09-10T01:17:53.470Z</time>
      </trkpt>
      <trkpt lat="-14.183815" lon="132.206003">
        <ele>189.617820</ele>
        <time>2026-09-10T01:18:00.480Z</time>
      </trkpt>
      <trkpt lat="-14.183866" lon="132.205920">
        <ele>189.506032</ele>
        <time>2026-09-10T01:18:07.465Z</time>
      </trkpt>
      <trkpt lat="-14.183884" lon="132.205815">
        <ele>189.384730</ele>
        <time>2026-09-10T01:18:14.471Z</time>
      </trkpt>
      <trkpt lat="-14.183928" lon="132.205724">
        <ele>189.269048</ele>
        <time>2026-09-10T01:18:21.464Z</time>
      </trkpt>
      <trkpt lat="-14.183971" lon="132.205635">
        <ele>189.211479</ele>
        <time>2026-09-10T01:18:28.471Z</time>
      </trkpt>
      <trkpt lat="-14.183997" lon="132.205538">
        <ele>189.195161</ele>
        <time>2026-09-10T01:18:35.462Z</time>
      </trkpt>
      <trkpt lat="-14.184006" lon="132.205439">
        <ele>189.179039</ele>
        <time>2026-09-10T01:18:42.471Z</time>
      </trkpt>
      <trkpt lat="-14.184008" lon="132.205340">
        <ele>189.162984</ele>
        <time>2026-09-10T01:18:50.474Z</time>
      </trkpt>
      <trkpt lat="-14.184008" lon="132.205235">
        <ele>189.145960</ele>
        <time>2026-09-10T01:18:58.472Z</time>
      </trkpt>
      <trkpt lat="-14.184038" lon="132.205137">
        <ele>189.129297</ele>
        <time>2026-09-10T01:19:05.466Z</time>
      </trkpt>
      <trkpt lat="-14.184078" lon="132.205045">
        <ele>189.112949</ele>
        <time>2026-09-10T01:19:12.476Z</time>
      </trkpt>
      <trkpt lat="-14.184087" lon="132.204946">
        <ele>189.096827</ele>
        <time>2026-09-10T01:19:19.468Z</time>
      </trkpt>
      <trkpt lat="-14.184127" lon="132.204858">
        <ele>189.081068</ele>
        <time>2026-09-10T01:19:26.469Z</time>
      </trkpt>
      <trkpt lat="-14.184179" lon="132.204770">
        <ele>189.064359</ele>
        <time>2026-09-10T01:19:33.464Z</time>
      </trkpt>
      <trkpt lat="-14.184177" lon="132.204673">
        <ele>189.048628</ele>
        <time>2026-09-10T01:19:41.462Z</time>
      </trkpt>
      <trkpt lat="-14.184142" lon="132.204580">
        <ele>189.032453</ele>
        <time>2026-09-10T01:24:13.476Z</time>
      </trkpt>
      <trkpt lat="-14.184116" lon="132.204480">
        <ele>189.015666</ele>
        <time>2026-09-10T01:24:21.465Z</time>
      </trkpt>
      <trkpt lat="-14.184068" lon="132.204398">
        <ele>189.000135</ele>
        <time>2026-09-10T01:24:29.470Z</time>
      </trkpt>
      <trkpt lat="-14.183998" lon="132.204326">
        <ele>188.983603</ele>
        <time>2026-09-10T01:24:39.469Z</time>
      </trkpt>
      <trkpt lat="-14.183954" lon="132.204242">
        <ele>188.968122</ele>
        <time>2026-09-10T01:24:47.471Z</time>
      </trkpt>
      <trkpt lat="-14.183897" lon="132.204155">
        <ele>188.951097</ele>
        <time>2026-09-10T01:24:56.461Z</time>
      </trkpt>
      <trkpt lat="-14.183833" lon="132.204079">
        <ele>188.934776</ele>
        <time>2026-09-10T01:25:05.477Z</time>
      </trkpt>
      <trkpt lat="-14.183775" lon="132.204007">
        <ele>188.918872</ele>
        <time>2026-09-10T01:25:14.480Z</time>
      </trkpt>
      <trkpt lat="-14.183711" lon="132.203933">
        <ele>188.865825</ele>
        <time>2026-09-10T01:25:24.478Z</time>
      </trkpt>
      <trkpt lat="-14.183668" lon="132.203847">
        <ele>188.814062</ele>
        <time>2026-09-10T01:25:32.471Z</time>
      </trkpt>
      <trkpt lat="-14.183638" lon="132.203751">
        <ele>188.760106</ele>
        <time>2026-09-10T01:25:40.467Z</time>
      </trkpt>
      <trkpt lat="-14.183585" lon="132.203666">
        <ele>188.706044</ele>
        <time>2026-09-10T01:25:49.475Z</time>
      </trkpt>
      <trkpt lat="-14.183515" lon="132.203602">
        <ele>188.654432</ele>
        <time>2026-09-10T01:26:00.472Z</time>
      </trkpt>
      <trkpt lat="-14.183472" lon="132.203514">
        <ele>188.601716</ele>
        <time>2026-09-10T01:26:08.473Z</time>
      </trkpt>
      <trkpt lat="-14.183444" lon="132.203415">
        <ele>188.546549</ele>
        <time>2026-09-10T01:26:16.475Z</time>
      </trkpt>
      <trkpt lat="-14.183419" lon="132.203318">
        <ele>188.492858</ele>
        <time>2026-09-10T01:26:23.468Z</time>
      </trkpt>
      <trkpt lat="-14.183373" lon="132.203227">
        <ele>188.437959</ele>
        <time>2026-09-10T01:26:32.469Z</time>
      </trkpt>
      <trkpt lat="-14.183307" lon="132.203156">
        <ele>188.385341</ele>
        <time>2026-09-10T01:26:40.475Z</time>
      </trkpt>
      <trkpt lat="-14.183262" lon="132.203072">
        <ele>188.334002</ele>
        <time>2026-09-10T01:26:48.483Z</time>
      </trkpt>
      <trkpt lat="-14.183239" lon="132.202981">
        <ele>188.283696</ele>
        <time>2026-09-10T01:26:55.472Z</time>
      </trkpt>
      <trkpt lat="-14.183208" lon="132.202873">
        <ele>188.223443</ele>
        <time>2026-09-10T01:27:03.468Z</time>
      </trkpt>
      <trkpt lat="-14.183192" lon="132.202778">
        <ele>188.171863</ele>
        <time>2026-09-10T01:27:11.467Z</time>
      </trkpt>
      <trkpt lat="-14.183131" lon="132.202706">
        <ele>188.120713</ele>
        <time>2026-09-10T01:27:20.472Z</time>
      </trkpt>
      <trkpt lat="-14.183064" lon="132.202638">
        <ele>188.068849</ele>
        <time>2026-09-10T01:27:32.463Z</time>
      </trkpt>
      <trkpt lat="-14.183090" lon="132.202540">
        <ele>188.014498</ele>
        <time>2026-09-10T01:27:41.467Z</time>
      </trkpt>
      <trkpt lat="-14.183021" lon="132.202472">
        <ele>187.961842</ele>
        <time>2026-09-10T01:27:51.471Z</time>
      </trkpt>
      <trkpt lat="-14.182977" lon="132.202384">
        <ele>187.828183</ele>
        <time>2026-09-10T01:28:01.472Z</time>
      </trkpt>
      <trkpt lat="-14.182897" lon="132.202333">
        <ele>187.551389</ele>
        <time>2026-09-10T01:28:14.474Z</time>
      </trkpt>
      <trkpt lat="-14.182800" lon="132.202341">
        <ele>187.264993</ele>
        <time>2026-09-10T01:28:25.467Z</time>
      </trkpt>
      <trkpt lat="-14.182743" lon="132.202263">
        <ele>186.986283</ele>
        <time>2026-09-10T01:28:35.466Z</time>
      </trkpt>
      <trkpt lat="-14.182804" lon="132.202184">
        <ele>186.698106</ele>
        <time>2026-09-10T01:28:47.465Z</time>
      </trkpt>
      <trkpt lat="-14.182848" lon="132.202101">
        <ele>186.428179</ele>
        <time>2026-09-10T01:28:55.465Z</time>
      </trkpt>
      <trkpt lat="-14.182932" lon="132.202058">
        <ele>186.152182</ele>
        <time>2026-09-10T01:29:05.471Z</time>
      </trkpt>
      <trkpt lat="-14.182992" lon="132.201981">
        <ele>185.870300</ele>
        <time>2026-09-10T01:29:18.474Z</time>
      </trkpt>
      <trkpt lat="-14.183017" lon="132.201892">
        <ele>185.605901</ele>
        <time>2026-09-10T01:29:35.476Z</time>
      </trkpt>
      <trkpt lat="-14.182956" lon="132.201814">
        <ele>185.319950</ele>
        <time>2026-09-10T01:29:51.473Z</time>
      </trkpt>
      <trkpt lat="-14.182877" lon="132.201769">
        <ele>185.054342</ele>
        <time>2026-09-10T01:30:02.467Z</time>
      </trkpt>
      <trkpt lat="-14.182854" lon="132.201676">
        <ele>184.780476</ele>
        <time>2026-09-10T01:30:12.470Z</time>
      </trkpt>
      <trkpt lat="-14.182852" lon="132.201577">
        <ele>184.497925</ele>
        <time>2026-09-10T01:30:21.468Z</time>
      </trkpt>
      <trkpt lat="-14.182834" lon="132.201480">
        <ele>184.216118</ele>
        <time>2026-09-10T01:30:30.473Z</time>
      </trkpt>
      <trkpt lat="-14.182778" lon="132.201396">
        <ele>183.925232</ele>
        <time>2026-09-10T01:30:41.463Z</time>
      </trkpt>
      <trkpt lat="-14.182732" lon="132.201312">
        <ele>183.649951</ele>
        <time>2026-09-10T01:30:51.475Z</time>
      </trkpt>
      <trkpt lat="-14.182692" lon="132.201227">
        <ele>183.380348</ele>
        <time>2026-09-10T01:31:01.479Z</time>
      </trkpt>
      <trkpt lat="-14.182644" lon="132.201148">
        <ele>183.114318</ele>
        <time>2026-09-10T01:31:10.477Z</time>
      </trkpt>
      <trkpt lat="-14.182586" lon="132.201067">
        <ele>182.826987</ele>
        <time>2026-09-10T01:31:19.468Z</time>
      </trkpt>
      <trkpt lat="-14.182553" lon="132.200969">
        <ele>182.672894</ele>
        <time>2026-09-10T01:31:27.478Z</time>
      </trkpt>
      <trkpt lat="-14.182500" lon="132.200883">
        <ele>182.783297</ele>
        <time>2026-09-10T01:31:36.466Z</time>
      </trkpt>
      <trkpt lat="-14.182473" lon="132.200789">
        <ele>182.889512</ele>
        <time>2026-09-10T01:31:44.463Z</time>
      </trkpt>
      <trkpt lat="-14.182420" lon="132.200711">
        <ele>182.992705</ele>
        <time>2026-09-10T01:31:52.476Z</time>
      </trkpt>
      <trkpt lat="-14.182364" lon="132.200631">
        <ele>183.099607</ele>
        <time>2026-09-10T01:32:00.475Z</time>
      </trkpt>
      <trkpt lat="-14.182292" lon="132.200566">
        <ele>183.206530</ele>
        <time>2026-09-10T01:32:08.476Z</time>
      </trkpt>
      <trkpt lat="-14.182245" lon="132.200480">
        <ele>183.313486</ele>
        <time>2026-09-10T01:32:16.465Z</time>
      </trkpt>
      <trkpt lat="-14.182209" lon="132.200386">
        <ele>183.422983</ele>
        <time>2026-09-10T01:32:24.465Z</time>
      </trkpt>
      <trkpt lat="-14.182157" lon="132.200305">
        <ele>183.528234</ele>
        <time>2026-09-10T01:32:35.481Z</time>
      </trkpt>
      <trkpt lat="-14.182036" lon="132.200240">
        <ele>183.680686</ele>
        <time>2026-09-10T01:34:05.471Z</time>
      </trkpt>
      <trkpt lat="-14.181990" lon="132.200148">
        <ele>183.792833</ele>
        <time>2026-09-10T01:34:12.470Z</time>
      </trkpt>
      <trkpt lat="-14.181954" lon="132.200054">
        <ele>183.902331</ele>
        <time>2026-09-10T01:34:20.461Z</time>
      </trkpt>
      <trkpt lat="-14.181896" lon="132.199979">
        <ele>184.006269</ele>
        <time>2026-09-10T01:34:29.460Z</time>
      </trkpt>
      <trkpt lat="-14.181843" lon="132.199902">
        <ele>184.108577</ele>
        <time>2026-09-10T01:34:37.463Z</time>
      </trkpt>
      <trkpt lat="-14.181786" lon="132.199824">
        <ele>184.214399</ele>
        <time>2026-09-10T01:34:45.472Z</time>
      </trkpt>
      <trkpt lat="-14.181776" lon="132.199718">
        <ele>184.329782</ele>
        <time>2026-09-10T01:34:53.476Z</time>
      </trkpt>
      <trkpt lat="-14.181754" lon="132.199627">
        <ele>184.431391</ele>
        <time>2026-09-10T01:35:00.471Z</time>
      </trkpt>
      <trkpt lat="-14.181700" lon="132.199548">
        <ele>184.536113</ele>
        <time>2026-09-10T01:35:09.482Z</time>
      </trkpt>
      <trkpt lat="-14.181679" lon="132.199456">
        <ele>184.638512</ele>
        <time>2026-09-10T01:35:17.474Z</time>
      </trkpt>
      <trkpt lat="-14.181704" lon="132.199367">
        <ele>184.693111</ele>
        <time>2026-09-10T01:35:24.458Z</time>
      </trkpt>
      <trkpt lat="-14.181629" lon="132.199279">
        <ele>184.758963</ele>
        <time>2026-09-10T01:36:12.474Z</time>
      </trkpt>
      <trkpt lat="-14.181601" lon="132.199189">
        <ele>184.812086</ele>
        <time>2026-09-10T01:36:18.475Z</time>
      </trkpt>
      <trkpt lat="-14.181564" lon="132.199093">
        <ele>184.870148</ele>
        <time>2026-09-10T01:36:26.479Z</time>
      </trkpt>
      <trkpt lat="-14.181560" lon="132.199000">
        <ele>184.922469</ele>
        <time>2026-09-10T01:36:33.470Z</time>
      </trkpt>
      <trkpt lat="-14.181532" lon="132.198911">
        <ele>184.975057</ele>
        <time>2026-09-10T01:36:40.467Z</time>
      </trkpt>
      <trkpt lat="-14.181528" lon="132.198808">
        <ele>185.032993</ele>
        <time>2026-09-10T01:36:47.477Z</time>
      </trkpt>
      <trkpt lat="-14.181542" lon="132.198716">
        <ele>185.085333</ele>
        <time>2026-09-10T01:36:53.474Z</time>
      </trkpt>
      <trkpt lat="-14.181528" lon="132.198617">
        <ele>185.141563</ele>
        <time>2026-09-10T01:37:00.466Z</time>
      </trkpt>
      <trkpt lat="-14.181492" lon="132.198528">
        <ele>185.195763</ele>
        <time>2026-09-10T01:37:07.468Z</time>
      </trkpt>
      <trkpt lat="-14.181497" lon="132.198430">
        <ele>185.250919</ele>
        <time>2026-09-10T01:37:14.462Z</time>
      </trkpt>
      <trkpt lat="-14.181485" lon="132.198328">
        <ele>185.308666</ele>
        <time>2026-09-10T01:37:22.465Z</time>
      </trkpt>
      <trkpt lat="-14.181510" lon="132.198232">
        <ele>185.364534</ele>
        <time>2026-09-10T01:37:30.470Z</time>
      </trkpt>
      <trkpt lat="-14.181506" lon="132.198136">
        <ele>185.418539</ele>
        <time>2026-09-10T01:37:39.476Z</time>
      </trkpt>
      <trkpt lat="-14.181487" lon="132.198032">
        <ele>185.478019</ele>
        <time>2026-09-10T01:37:50.464Z</time>
      </trkpt>
      <trkpt lat="-14.181470" lon="132.197938">
        <ele>185.531762</ele>
        <time>2026-09-10T01:38:03.465Z</time>
      </trkpt>
      <trkpt lat="-14.181447" lon="132.197848">
        <ele>185.584072</ele>
        <time>2026-09-10T01:38:14.456Z</time>
      </trkpt>
      <trkpt lat="-14.181371" lon="132.197782">
        <ele>185.641666</ele>
        <time>2026-09-10T01:38:24.472Z</time>
      </trkpt>
      <trkpt lat="-14.181307" lon="132.197700">
        <ele>185.807366</ele>
        <time>2026-09-10T01:38:32.459Z</time>
      </trkpt>
      <trkpt lat="-14.181227" lon="132.197645">
        <ele>186.275236</ele>
        <time>2026-09-10T01:38:40.461Z</time>
      </trkpt>
      <trkpt lat="-14.181132" lon="132.197613">
        <ele>186.761574</ele>
        <time>2026-09-10T01:38:49.458Z</time>
      </trkpt>
      <trkpt lat="-14.181066" lon="132.197546">
        <ele>187.212224</ele>
        <time>2026-09-10T01:38:57.463Z</time>
      </trkpt>
      <trkpt lat="-14.180976" lon="132.197534">
        <ele>187.653845</ele>
        <time>2026-09-10T01:39:04.470Z</time>
      </trkpt>
      <trkpt lat="-14.180882" lon="132.197518">
        <ele>188.117474</ele>
        <time>2026-09-10T01:39:11.466Z</time>
      </trkpt>
      <trkpt lat="-14.180781" lon="132.197509">
        <ele>188.610812</ele>
        <time>2026-09-10T01:39:18.473Z</time>
      </trkpt>
      <trkpt lat="-14.180685" lon="132.197517">
        <ele>189.079509</ele>
        <time>2026-09-10T01:39:25.467Z</time>
      </trkpt>
      <trkpt lat="-14.180585" lon="132.197519">
        <ele>189.566241</ele>
        <time>2026-09-10T01:39:32.465Z</time>
      </trkpt>
      <trkpt lat="-14.180488" lon="132.197502">
        <ele>190.045049</ele>
        <time>2026-09-10T01:39:39.468Z</time>
      </trkpt>
      <trkpt lat="-14.180393" lon="132.197489">
        <ele>190.511408</ele>
        <time>2026-09-10T01:39:46.465Z</time>
      </trkpt>
      <trkpt lat="-14.180305" lon="132.197456">
        <ele>190.967078</ele>
        <time>2026-09-10T01:39:53.456Z</time>
      </trkpt>
      <trkpt lat="-14.180212" lon="132.197424">
        <ele>191.444173</ele>
        <time>2026-09-10T01:40:00.467Z</time>
      </trkpt>
      <trkpt lat="-14.180121" lon="132.197410">
        <ele>191.891915</ele>
        <time>2026-09-10T01:40:07.461Z</time>
      </trkpt>
      <trkpt lat="-14.180024" lon="132.197412">
        <ele>192.364050</ele>
        <time>2026-09-10T01:40:14.477Z</time>
      </trkpt>
      <trkpt lat="-14.179925" lon="132.197433">
        <ele>192.855907</ele>
        <time>2026-09-10T01:40:21.468Z</time>
      </trkpt>
      <trkpt lat="-14.179836" lon="132.197414">
        <ele>193.298198</ele>
        <time>2026-09-10T01:40:28.461Z</time>
      </trkpt>
      <trkpt lat="-14.179743" lon="132.197375">
        <ele>193.786750</ele>
        <time>2026-09-10T01:40:35.482Z</time>
      </trkpt>
      <trkpt lat="-14.179659" lon="132.197341">
        <ele>194.225878</ele>
        <time>2026-09-10T01:40:42.466Z</time>
      </trkpt>
      <trkpt lat="-14.179570" lon="132.197317">
        <ele>194.864025</ele>
        <time>2026-09-10T01:40:49.473Z</time>
      </trkpt>
      <trkpt lat="-14.179480" lon="132.197331">
        <ele>195.667205</ele>
        <time>2026-09-10T01:40:56.465Z</time>
      </trkpt>
      <trkpt lat="-14.179391" lon="132.197369">
        <ele>196.517211</ele>
        <time>2026-09-10T01:41:05.473Z</time>
      </trkpt>
      <trkpt lat="-14.179296" lon="132.197398">
        <ele>197.391478</ele>
        <time>2026-09-10T01:41:13.473Z</time>
      </trkpt>
      <trkpt lat="-14.179196" lon="132.197386">
        <ele>198.279873</ele>
        <time>2026-09-10T01:41:21.472Z</time>
      </trkpt>
      <trkpt lat="-14.179111" lon="132.197335">
        <ele>199.147631</ele>
        <time>2026-09-10T01:41:30.473Z</time>
      </trkpt>
      <trkpt lat="-14.179017" lon="132.197342">
        <ele>199.979287</ele>
        <time>2026-09-10T01:41:38.489Z</time>
      </trkpt>
      <trkpt lat="-14.178921" lon="132.197375">
        <ele>200.872242</ele>
        <time>2026-09-10T01:41:47.459Z</time>
      </trkpt>
      <trkpt lat="-14.178831" lon="132.197380">
        <ele>201.667592</ele>
        <time>2026-09-10T01:41:55.472Z</time>
      </trkpt>
      <trkpt lat="-14.178736" lon="132.197390">
        <ele>202.510268</ele>
        <time>2026-09-10T01:42:03.449Z</time>
      </trkpt>
      <trkpt lat="-14.178648" lon="132.197412">
        <ele>203.309303</ele>
        <time>2026-09-10T01:42:09.489Z</time>
      </trkpt>
      <trkpt lat="-14.178550" lon="132.197423">
        <ele>204.179204</ele>
        <time>2026-09-10T01:42:18.468Z</time>
      </trkpt>
      <trkpt lat="-14.178453" lon="132.197418">
        <ele>205.036242</ele>
        <time>2026-09-10T01:42:27.467Z</time>
      </trkpt>
      <trkpt lat="-14.178364" lon="132.197441">
        <ele>205.845893</ele>
        <time>2026-09-10T01:42:36.476Z</time>
      </trkpt>
      <trkpt lat="-14.178271" lon="132.197479">
        <ele>206.728617</ele>
        <time>2026-09-10T01:42:47.463Z</time>
      </trkpt>
      <trkpt lat="-14.178172" lon="132.197496">
        <ele>207.614261</ele>
        <time>2026-09-10T01:42:56.458Z</time>
      </trkpt>
      <trkpt lat="-14.178072" lon="132.197502">
        <ele>208.498196</ele>
        <time>2026-09-10T01:43:05.460Z</time>
      </trkpt>
      <trkpt lat="-14.177978" lon="132.197524">
        <ele>209.348780</ele>
        <time>2026-09-10T01:43:13.471Z</time>
      </trkpt>
      <trkpt lat="-14.177883" lon="132.197555">
        <ele>210.228056</ele>
        <time>2026-09-10T01:43:22.466Z</time>
      </trkpt>
      <trkpt lat="-14.177788" lon="132.197575">
        <ele>210.038436</ele>
        <time>2026-09-10T01:43:30.465Z</time>
      </trkpt>
      <trkpt lat="-14.177691" lon="132.197575">
        <ele>209.735950</ele>
        <time>2026-09-10T01:43:38.466Z</time>
      </trkpt>
      <trkpt lat="-14.177602" lon="132.197598">
        <ele>209.449832</ele>
        <time>2026-09-10T01:43:45.473Z</time>
      </trkpt>
      <trkpt lat="-14.177504" lon="132.197620">
        <ele>209.137072</ele>
        <time>2026-09-10T01:43:53.467Z</time>
      </trkpt>
      <trkpt lat="-14.177410" lon="132.197613">
        <ele>208.843178</ele>
        <time>2026-09-10T01:44:00.479Z</time>
      </trkpt>
      <trkpt lat="-14.177319" lon="132.197599">
        <ele>208.556263</ele>
        <time>2026-09-10T01:44:08.474Z</time>
      </trkpt>
      <trkpt lat="-14.177229" lon="132.197558">
        <ele>208.249449</ele>
        <time>2026-09-10T01:44:16.459Z</time>
      </trkpt>
      <trkpt lat="-14.177169" lon="132.197482">
        <ele>207.953125</ele>
        <time>2026-09-10T01:44:24.474Z</time>
      </trkpt>
      <trkpt lat="-14.177168" lon="132.197388">
        <ele>207.668905</ele>
        <time>2026-09-10T01:44:31.469Z</time>
      </trkpt>
      <trkpt lat="-14.177173" lon="132.197285">
        <ele>207.357101</ele>
        <time>2026-09-10T01:44:38.466Z</time>
      </trkpt>
      <trkpt lat="-14.177190" lon="132.197186">
        <ele>207.053122</ele>
        <time>2026-09-10T01:44:46.464Z</time>
      </trkpt>
      <trkpt lat="-14.177234" lon="132.197095">
        <ele>206.745674</ele>
        <time>2026-09-10T01:44:54.470Z</time>
      </trkpt>
      <trkpt lat="-14.177278" lon="132.197005">
        <ele>206.440928</ele>
        <time>2026-09-10T01:45:02.480Z</time>
      </trkpt>
      <trkpt lat="-14.177326" lon="132.196919">
        <ele>206.140905</ele>
        <time>2026-09-10T01:45:09.475Z</time>
      </trkpt>
      <trkpt lat="-14.177379" lon="132.196837">
        <ele>205.842943</ele>
        <time>2026-09-10T01:45:16.469Z</time>
      </trkpt>
      <trkpt lat="-14.177425" lon="132.196747">
        <ele>205.535339</ele>
        <time>2026-09-10T01:45:23.475Z</time>
      </trkpt>
      <trkpt lat="-14.177478" lon="132.196668">
        <ele>205.244881</ele>
        <time>2026-09-10T01:45:30.472Z</time>
      </trkpt>
      <trkpt lat="-14.177542" lon="132.196591">
        <ele>204.938238</ele>
        <time>2026-09-10T01:45:38.472Z</time>
      </trkpt>
      <trkpt lat="-14.177594" lon="132.196502">
        <ele>204.732703</ele>
        <time>2026-09-10T01:45:46.462Z</time>
      </trkpt>
      <trkpt lat="-14.177617" lon="132.196412">
        <ele>204.841367</ele>
        <time>2026-09-10T01:45:54.468Z</time>
      </trkpt>
      <trkpt lat="-14.177646" lon="132.196319">
        <ele>204.955421</ele>
        <time>2026-09-10T01:46:02.464Z</time>
      </trkpt>
      <trkpt lat="-14.177683" lon="132.196233">
        <ele>205.065267</ele>
        <time>2026-09-10T01:46:10.473Z</time>
      </trkpt>
      <trkpt lat="-14.177696" lon="132.196138">
        <ele>205.177279</ele>
        <time>2026-09-10T01:46:18.475Z</time>
      </trkpt>
      <trkpt lat="-14.177739" lon="132.196050">
        <ele>205.292329</ele>
        <time>2026-09-10T01:46:26.473Z</time>
      </trkpt>
      <trkpt lat="-14.177764" lon="132.195959">
        <ele>205.402754</ele>
        <time>2026-09-10T01:46:34.470Z</time>
      </trkpt>
      <trkpt lat="-14.177785" lon="132.195860">
        <ele>205.521070</ele>
        <time>2026-09-10T01:46:43.473Z</time>
      </trkpt>
      <trkpt lat="-14.177803" lon="132.195767">
        <ele>205.631789</ele>
        <time>2026-09-10T01:46:52.460Z</time>
      </trkpt>
      <trkpt lat="-14.177789" lon="132.195670">
        <ele>205.746284</ele>
        <time>2026-09-10T01:47:01.464Z</time>
      </trkpt>
      <trkpt lat="-14.177732" lon="132.195590">
        <ele>205.862192</ele>
        <time>2026-09-10T01:47:09.465Z</time>
      </trkpt>
      <trkpt lat="-14.177695" lon="132.195503">
        <ele>205.973107</ele>
        <time>2026-09-10T01:47:17.469Z</time>
      </trkpt>
      <trkpt lat="-14.177654" lon="132.195420">
        <ele>206.081861</ele>
        <time>2026-09-10T01:47:25.465Z</time>
      </trkpt>
      <trkpt lat="-14.177593" lon="132.195343">
        <ele>206.197952</ele>
        <time>2026-09-10T01:47:34.464Z</time>
      </trkpt>
      <trkpt lat="-14.177547" lon="132.195260">
        <ele>206.309569</ele>
        <time>2026-09-10T01:47:43.468Z</time>
      </trkpt>
      <trkpt lat="-14.177546" lon="132.195164">
        <ele>206.421655</ele>
        <time>2026-09-10T01:47:51.463Z</time>
      </trkpt>
      <trkpt lat="-14.177539" lon="132.195066">
        <ele>206.536380</ele>
        <time>2026-09-10T01:47:59.465Z</time>
      </trkpt>
      <trkpt lat="-14.177488" lon="132.194979">
        <ele>206.655075</ele>
        <time>2026-09-10T01:48:07.484Z</time>
      </trkpt>
      <trkpt lat="-14.177476" lon="132.194875">
        <ele>206.777351</ele>
        <time>2026-09-10T01:48:16.456Z</time>
      </trkpt>
      <trkpt lat="-14.177504" lon="132.194781">
        <ele>206.829837</ele>
        <time>2026-09-10T01:48:24.467Z</time>
      </trkpt>
      <trkpt lat="-14.177581" lon="132.194726">
        <ele>206.647769</ele>
        <time>2026-09-10T01:48:42.466Z</time>
      </trkpt>
      <trkpt lat="-14.177669" lon="132.194685">
        <ele>206.460063</ele>
        <time>2026-09-10T01:48:50.473Z</time>
      </trkpt>
      <trkpt lat="-14.177761" lon="132.194689">
        <ele>206.281066</ele>
        <time>2026-09-10T01:48:57.462Z</time>
      </trkpt>
      <trkpt lat="-14.177851" lon="132.194736">
        <ele>206.084968</ele>
        <time>2026-09-10T01:49:06.457Z</time>
      </trkpt>
      <trkpt lat="-14.177936" lon="132.194681">
        <ele>205.889914</ele>
        <time>2026-09-10T01:49:15.468Z</time>
      </trkpt>
      <trkpt lat="-14.178036" lon="132.194630">
        <ele>205.673059</ele>
        <time>2026-09-10T01:50:03.448Z</time>
      </trkpt>
      <trkpt lat="-14.178099" lon="132.194556">
        <ele>205.487455</ele>
        <time>2026-09-10T01:50:12.452Z</time>
      </trkpt>
      <trkpt lat="-14.178178" lon="132.194506">
        <ele>205.307280</ele>
        <time>2026-09-10T01:50:21.472Z</time>
      </trkpt>
      <trkpt lat="-14.178229" lon="132.194425">
        <ele>205.125254</ele>
        <time>2026-09-10T01:50:30.460Z</time>
      </trkpt>
      <trkpt lat="-14.178261" lon="132.194332">
        <ele>204.939268</ele>
        <time>2026-09-10T01:50:40.456Z</time>
      </trkpt>
      <trkpt lat="-14.178312" lon="132.194251">
        <ele>204.757243</ele>
        <time>2026-09-10T01:50:50.459Z</time>
      </trkpt>
      <trkpt lat="-14.178374" lon="132.194173">
        <ele>204.567148</ele>
        <time>2026-09-10T01:51:00.462Z</time>
      </trkpt>
      <trkpt lat="-14.178424" lon="132.194091">
        <ele>204.384582</ele>
        <time>2026-09-10T01:51:09.471Z</time>
      </trkpt>
      <trkpt lat="-14.178489" lon="132.194020">
        <ele>204.200541</ele>
        <time>2026-09-10T01:51:18.453Z</time>
      </trkpt>
      <trkpt lat="-14.178532" lon="132.193930">
        <ele>204.011443</ele>
        <time>2026-09-10T01:51:25.464Z</time>
      </trkpt>
      <trkpt lat="-14.178577" lon="132.193837">
        <ele>203.815552</ele>
        <time>2026-09-10T01:51:35.459Z</time>
      </trkpt>
      <trkpt lat="-14.178655" lon="132.193773">
        <ele>203.621802</ele>
        <time>2026-09-10T01:51:43.465Z</time>
      </trkpt>
      <trkpt lat="-14.178702" lon="132.193688">
        <ele>203.437383</ele>
        <time>2026-09-10T01:51:50.466Z</time>
      </trkpt>
      <trkpt lat="-14.178758" lon="132.193608">
        <ele>203.130543</ele>
        <time>2026-09-10T01:51:58.467Z</time>
      </trkpt>
      <trkpt lat="-14.178830" lon="132.193541">
        <ele>202.752992</ele>
        <time>2026-09-10T01:52:07.446Z</time>
      </trkpt>
      <trkpt lat="-14.178915" lon="132.193506">
        <ele>202.396657</ele>
        <time>2026-09-10T01:52:15.466Z</time>
      </trkpt>
      <trkpt lat="-14.178993" lon="132.193445">
        <ele>202.015547</ele>
        <time>2026-09-10T01:52:25.459Z</time>
      </trkpt>
      <trkpt lat="-14.178990" lon="132.193344">
        <ele>201.634116</ele>
        <time>2026-09-10T01:52:37.457Z</time>
      </trkpt>
      <trkpt lat="-14.178942" lon="132.193260">
        <ele>201.266059</ele>
        <time>2026-09-10T01:52:47.464Z</time>
      </trkpt>
      <trkpt lat="-14.178911" lon="132.193160">
        <ele>200.869755</ele>
        <time>2026-09-10T01:52:56.467Z</time>
      </trkpt>
      <trkpt lat="-14.178891" lon="132.193069">
        <ele>200.517535</ele>
        <time>2026-09-10T01:53:06.463Z</time>
      </trkpt>
      <trkpt lat="-14.178822" lon="132.192995">
        <ele>200.129983</ele>
        <time>2026-09-10T01:53:15.461Z</time>
      </trkpt>
      <trkpt lat="-14.178754" lon="132.192921">
        <ele>199.745119</ele>
        <time>2026-09-10T01:53:23.459Z</time>
      </trkpt>
      <trkpt lat="-14.178706" lon="132.192836">
        <ele>199.373805</ele>
        <time>2026-09-10T01:53:31.465Z</time>
      </trkpt>
      <trkpt lat="-14.178672" lon="132.192738">
        <ele>198.980905</ele>
        <time>2026-09-10T01:53:40.462Z</time>
      </trkpt>
      <trkpt lat="-14.178608" lon="132.192666">
        <ele>198.612184</ele>
        <time>2026-09-10T01:53:48.466Z</time>
      </trkpt>
      <trkpt lat="-14.178545" lon="132.192588">
        <ele>198.228967</ele>
        <time>2026-09-10T01:53:56.460Z</time>
      </trkpt>
      <trkpt lat="-14.178498" lon="132.192502">
        <ele>197.856314</ele>
        <time>2026-09-10T01:54:04.470Z</time>
      </trkpt>
      <trkpt lat="-14.178416" lon="132.192457">
        <ele>197.494679</ele>
        <time>2026-09-10T01:54:12.454Z</time>
      </trkpt>
      <trkpt lat="-14.178327" lon="132.192432">
        <ele>197.135547</ele>
        <time>2026-09-10T01:54:19.467Z</time>
      </trkpt>
      <trkpt lat="-14.178234" lon="132.192401">
        <ele>196.755022</ele>
        <time>2026-09-10T01:54:26.461Z</time>
      </trkpt>
      <trkpt lat="-14.178139" lon="132.192287">
        <ele>196.273613</ele>
        <time>2026-09-10T01:54:56.458Z</time>
      </trkpt>
      <trkpt lat="-14.178068" lon="132.192213">
        <ele>196.066847</ele>
        <time>2026-09-10T01:55:04.465Z</time>
      </trkpt>
      <trkpt lat="-14.178031" lon="132.192128">
        <ele>195.881800</ele>
        <time>2026-09-10T01:55:11.461Z</time>
      </trkpt>
      <trkpt lat="-14.177969" lon="132.192023">
        <ele>195.637634</ele>
        <time>2026-09-10T01:55:28.467Z</time>
      </trkpt>
      <trkpt lat="-14.177889" lon="132.191969">
        <ele>195.441785</ele>
        <time>2026-09-10T01:55:37.466Z</time>
      </trkpt>
      <trkpt lat="-14.177800" lon="132.191940">
        <ele>195.250592</ele>
        <time>2026-09-10T01:55:54.456Z</time>
      </trkpt>
      <trkpt lat="-14.177703" lon="132.191921">
        <ele>195.048342</ele>
        <time>2026-09-10T01:56:02.463Z</time>
      </trkpt>
      <trkpt lat="-14.177616" lon="132.191866">
        <ele>194.839315</ele>
        <time>2026-09-10T01:56:09.465Z</time>
      </trkpt>
      <trkpt lat="-14.177566" lon="132.191782">
        <ele>194.643555</ele>
        <time>2026-09-10T01:56:16.463Z</time>
      </trkpt>
      <trkpt lat="-14.177529" lon="132.191692">
        <ele>194.449406</ele>
        <time>2026-09-10T01:56:23.459Z</time>
      </trkpt>
      <trkpt lat="-14.177492" lon="132.191600">
        <ele>194.251593</ele>
        <time>2026-09-10T01:56:31.470Z</time>
      </trkpt>
      <trkpt lat="-14.177449" lon="132.191509">
        <ele>194.050541</ele>
        <time>2026-09-10T01:56:40.464Z</time>
      </trkpt>
      <trkpt lat="-14.177423" lon="132.191410">
        <ele>193.846836</ele>
        <time>2026-09-10T01:56:49.460Z</time>
      </trkpt>
      <trkpt lat="-14.177394" lon="132.191317">
        <ele>193.652815</ele>
        <time>2026-09-10T01:56:57.462Z</time>
      </trkpt>
      <trkpt lat="-14.177335" lon="132.191239">
        <ele>193.456335</ele>
        <time>2026-09-10T01:57:05.462Z</time>
      </trkpt>
      <trkpt lat="-14.177285" lon="132.191161">
        <ele>193.270626</ele>
        <time>2026-09-10T01:57:14.464Z</time>
      </trkpt>
      <trkpt lat="-14.177244" lon="132.191073">
        <ele>193.076721</ele>
        <time>2026-09-10T01:57:24.461Z</time>
      </trkpt>
      <trkpt lat="-14.177197" lon="132.190989">
        <ele>192.884105</ele>
        <time>2026-09-10T01:57:34.466Z</time>
      </trkpt>
      <trkpt lat="-14.177263" lon="132.190922">
        <ele>192.694408</ele>
        <time>2026-09-10T01:57:42.468Z</time>
      </trkpt>
      <trkpt lat="-14.177290" lon="132.190826">
        <ele>191.101000</ele>
        <time>2026-09-10T01:57:51.468Z</time>
      </trkpt>
      <trkpt lat="-14.177317" lon="132.190732">
        <ele>189.467943</ele>
        <time>2026-09-10T01:57:59.462Z</time>
      </trkpt>
      <trkpt lat="-14.177379" lon="132.190659">
        <ele>187.851384</ele>
        <time>2026-09-10T01:58:06.461Z</time>
      </trkpt>
      <trkpt lat="-14.177419" lon="132.190570">
        <ele>186.217343</ele>
        <time>2026-09-10T01:58:14.450Z</time>
      </trkpt>
      <trkpt lat="-14.177508" lon="132.190526">
        <ele>184.521690</ele>
        <time>2026-09-10T01:58:22.466Z</time>
      </trkpt>
      <trkpt lat="-14.177579" lon="132.190458">
        <ele>182.857066</ele>
        <time>2026-09-10T01:58:33.467Z</time>
      </trkpt>
      <trkpt lat="-14.177660" lon="132.190415">
        <ele>181.291925</ele>
        <time>2026-09-10T01:58:41.458Z</time>
      </trkpt>
      <trkpt lat="-14.177738" lon="132.190360">
        <ele>179.668605</ele>
        <time>2026-09-10T01:58:55.471Z</time>
      </trkpt>
      <trkpt lat="-14.177827" lon="132.190323">
        <ele>178.019995</ele>
        <time>2026-09-10T01:59:04.465Z</time>
      </trkpt>
      <trkpt lat="-14.177922" lon="132.190309">
        <ele>176.371261</ele>
        <time>2026-09-10T01:59:13.475Z</time>
      </trkpt>
      <trkpt lat="-14.177986" lon="132.190242">
        <ele>174.804555</ele>
        <time>2026-09-10T01:59:23.465Z</time>
      </trkpt>
      <trkpt lat="-14.178053" lon="132.190171">
        <ele>173.154181</ele>
        <time>2026-09-10T01:59:32.462Z</time>
      </trkpt>
      <trkpt lat="-14.178123" lon="132.190106">
        <ele>171.535961</ele>
        <time>2026-09-10T01:59:41.455Z</time>
      </trkpt>
      <trkpt lat="-14.178171" lon="132.190028">
        <ele>169.997074</ele>
        <time>2026-09-10T01:59:51.467Z</time>
      </trkpt>
      <trkpt lat="-14.178184" lon="132.189933">
        <ele>168.398950</ele>
        <time>2026-09-10T02:00:00.452Z</time>
      </trkpt>
      <trkpt lat="-14.178193" lon="132.189831">
        <ele>166.692887</ele>
        <time>2026-09-10T02:00:09.466Z</time>
      </trkpt>
      <trkpt lat="-14.178264" lon="132.189765">
        <ele>165.050754</ele>
        <time>2026-09-10T02:00:18.465Z</time>
      </trkpt>
      <trkpt lat="-14.178324" lon="132.189693">
        <ele>163.469299</ele>
        <time>2026-09-10T02:00:26.475Z</time>
      </trkpt>
      <trkpt lat="-14.178381" lon="132.189615">
        <ele>161.842306</ele>
        <time>2026-09-10T02:00:34.463Z</time>
      </trkpt>
      <trkpt lat="-14.178442" lon="132.189535">
        <ele>161.782932</ele>
        <time>2026-09-10T02:00:43.467Z</time>
      </trkpt>
      <trkpt lat="-14.178549" lon="132.189458">
        <ele>161.782932</ele>
        <time>2026-09-10T02:01:38.467Z</time>
      </trkpt>
      <trkpt lat="-14.178632" lon="132.189403">
        <ele>161.782932</ele>
        <time>2026-09-10T02:01:44.486Z</time>
      </trkpt>
      <trkpt lat="-14.178720" lon="132.189365">
        <ele>161.782932</ele>
        <time>2026-09-10T02:01:52.453Z</time>
      </trkpt>
      <trkpt lat="-14.178785" lon="132.189296">
        <ele>161.782932</ele>
        <time>2026-09-10T02:02:01.471Z</time>
      </trkpt>
      <trkpt lat="-14.178860" lon="132.189229">
        <ele>161.782932</ele>
        <time>2026-09-10T02:02:10.453Z</time>
      </trkpt>
      <trkpt lat="-14.178916" lon="132.189154">
        <ele>161.782932</ele>
        <time>2026-09-10T02:02:18.454Z</time>
      </trkpt>
      <trkpt lat="-14.178970" lon="132.189079">
        <ele>161.782932</ele>
        <time>2026-09-10T02:02:25.463Z</time>
      </trkpt>
      <trkpt lat="-14.179028" lon="132.188998">
        <ele>161.782932</ele>
        <time>2026-09-10T02:02:33.465Z</time>
      </trkpt>
      <trkpt lat="-14.179087" lon="132.188917">
        <ele>161.782932</ele>
        <time>2026-09-10T02:02:41.459Z</time>
      </trkpt>
      <trkpt lat="-14.179154" lon="132.188845">
        <ele>161.782932</ele>
        <time>2026-09-10T02:02:49.452Z</time>
      </trkpt>
      <trkpt lat="-14.179206" lon="132.188756">
        <ele>161.782932</ele>
        <time>2026-09-10T02:02:58.454Z</time>
      </trkpt>
      <trkpt lat="-14.179123" lon="132.188647">
        <ele>161.782932</ele>
        <time>2026-09-10T02:04:38.460Z</time>
      </trkpt>
    </trkseg>
  </trk>
</gpx>