<?xml version='1.0' encoding='UTF-8' standalone='yes' ?>
<gpx xmlns="http://www.topografix.com/GPX/1/1" xmlns:geotracker="http://ilyabogdanovich.com/gpx/extensions/geotracker" xmlns:xsi="http://www.w3.org/2001/XMLSchema-instance" xsi:schemaLocation="http://www.topografix.com/GPX/1/1 http://www.topografix.com/GPX/1/1/gpx.xsd" version="1.1" creator="Recorded in Geo Tracker for Android from Ilya Bogdanovich">
  <metadata>
    <name>Víctoria River</name>
    <author>
      <name>Recorded in Geo Tracker for Android from Ilya Bogdanovich</name>
      <link href="https://play.google.com/store/apps/details?id=com.ilyabogdanovich.geotracker" />
    </author>
    <link href="https://play.google.com/store/apps/details?id=com.ilyabogdanovich.geotracker" />
    <time>2026-09-11T04:15:52Z</time>
  </metadata>
  <wpt lat="-14.43150782" lon="132.30539914">
    <ele>144.85</ele>
    <time>2026-09-12T00:42:05Z</time>
    <name>Stop for ~38 min</name>
    <desc>Elevation: 145 m
Time from start: 20:26:12
Distance from start: 21.67 km</desc>
    <extensions>
      <geotracker:meta emoji="⏱️" />
    </extensions>
  </wpt>
  <wpt lat="-14.46619468" lon="132.26506746">
    <ele>156.89</ele>
    <time>2026-09-12T01:26:25Z</time>
    <name>Stop for ~1 h 28 min</name>
    <desc>Elevation: 157 m
Time from start: 21:10:32
Distance from start: 28.82 km</desc>
    <extensions>
      <geotracker:meta emoji="⏱️" />
    </extensions>
  </wpt>
  <wpt lat="-15.58174886" lon="131.10379965">
    <ele>81.24</ele>
    <time>2026-09-12T07:16:31Z</time>
    <name>Stop for ~32 min</name>
    <desc>Elevation: 81 m
Time from start: 27:00:38
Distance from start: 231 km</desc>
    <extensions>
      <geotracker:meta emoji="⏱️" />
    </extensions>
  </wpt>
  <trk>
    <name>Víctoria River</name>
    <src>Recorded in Geo Tracker for Android from Ilya Bogdanovich</src>
    <link href="https://play.google.com/store/apps/details?id=com.ilyabogdanovich.geotracker" />
    <extensions>
      <geotracker:meta>
        <geotracker:length>230836.02</geotracker:length>
        <geotracker:duration>32020207</geotracker:duration>
        <geotracker:creationtime>2026-09-11T04:15:52Z</geotracker:creationtime>
        <geotracker:activity>0</geotracker:activity>
      </geotracker:meta>
    </extensions>
    <trkseg>
      <trkpt lat="-14.3238624" lon="132.42328972">
        <ele>177.2</ele>
        <time>2026-09-12T00:20:37Z</time>
        <extensions>
          <geotracker:meta c="3.05" s="16.5" />
        </extensions>
      </trkpt>
      <trkpt lat="-14.32696086" lon="132.42306242">
        <ele>175.71</ele>
        <time>2026-09-12T00:20:57Z</time>
        <extensions>
          <geotracker:meta c="3.27" s="18.65" />
        </extensions>
      </trkpt>
      <trkpt lat="-14.32855949" lon="132.42287787">
        <ele>182.25</ele>
        <time>2026-09-12T00:21:07Z</time>
        <extensions>
          <geotracker:meta c="3.26" s="17.21" />
        </extensions>
      </trkpt>
      <trkpt lat="-14.33006154" lon="132.42274262">
        <ele>180.75</ele>
        <time>2026-09-12T00:21:17Z</time>
        <extensions>
          <geotracker:meta c="3.25" s="16.73" />
        </extensions>
      </trkpt>
      <trkpt lat="-14.3316279" lon="132.42269051">
        <ele>180.55</ele>
        <time>2026-09-12T00:21:27Z</time>
        <extensions>
          <geotracker:meta c="3.08" s="17.68" />
        </extensions>
      </trkpt>
      <trkpt lat="-14.33304519" lon="132.42295411">
        <ele>183.04</ele>
        <time>2026-09-12T00:21:36Z</time>
        <extensions>
          <geotracker:meta c="2.83" s="17.28" />
        </extensions>
      </trkpt>
      <trkpt lat="-14.33447416" lon="132.423542">
        <ele>180.35</ele>
        <time>2026-09-12T00:21:46Z</time>
        <extensions>
          <geotracker:meta c="2.77" s="17.14" />
        </extensions>
      </trkpt>
      <trkpt lat="-14.33595187" lon="132.42417591">
        <ele>175.91</ele>
        <time>2026-09-12T00:21:56Z</time>
        <extensions>
          <geotracker:meta c="2.77" s="18.21" />
        </extensions>
      </trkpt>
      <trkpt lat="-14.33735167" lon="132.42476676">
        <ele>175.7</ele>
        <time>2026-09-12T00:22:05Z</time>
        <extensions>
          <geotracker:meta c="2.76" s="18.99" />
        </extensions>
      </trkpt>
      <trkpt lat="-14.33897264" lon="132.42544649">
        <ele>176.72</ele>
        <time>2026-09-12T00:22:15Z</time>
        <extensions>
          <geotracker:meta c="2.74" s="19.68" />
        </extensions>
      </trkpt>
      <trkpt lat="-14.34057041" lon="132.42624694">
        <ele>177.25</ele>
        <time>2026-09-12T00:22:25Z</time>
        <extensions>
          <geotracker:meta c="2.57" s="19.93" />
        </extensions>
      </trkpt>
      <trkpt lat="-14.3418048" lon="132.42738708">
        <ele>180.64</ele>
        <time>2026-09-12T00:22:34Z</time>
        <extensions>
          <geotracker:meta c="2.23" s="20.69" />
        </extensions>
      </trkpt>
      <trkpt lat="-14.34280804" lon="132.42877576">
        <ele>183.28</ele>
        <time>2026-09-12T00:22:43Z</time>
        <extensions>
          <geotracker:meta c="2.18" s="20.68" />
        </extensions>
      </trkpt>
      <trkpt lat="-14.34387735" lon="132.43028735">
        <ele>185.59</ele>
        <time>2026-09-12T00:22:53Z</time>
        <extensions>
          <geotracker:meta c="2.21" s="19.65" />
        </extensions>
      </trkpt>
      <trkpt lat="-14.34602688" lon="132.43268785">
        <ele>188.65</ele>
        <time>2026-09-12T00:23:11Z</time>
        <extensions>
          <geotracker:meta c="2.57" s="20.71" />
        </extensions>
      </trkpt>
      <trkpt lat="-14.34746846" lon="132.43341017">
        <ele>184.01</ele>
        <time>2026-09-12T00:23:20Z</time>
        <extensions>
          <geotracker:meta c="2.81" s="18.75" />
        </extensions>
      </trkpt>
      <trkpt lat="-14.35042309" lon="132.43471109">
        <ele>184.14</ele>
        <time>2026-09-12T00:23:38Z</time>
        <extensions>
          <geotracker:meta c="2.73" s="20.18" />
        </extensions>
      </trkpt>
      <trkpt lat="-14.35225232" lon="132.43549564">
        <ele>181.57</ele>
        <time>2026-09-12T00:23:50Z</time>
        <extensions>
          <geotracker:meta c="2.82" s="19.81" />
        </extensions>
      </trkpt>
      <trkpt lat="-14.35606905" lon="132.43512286">
        <ele>182.86</ele>
        <time>2026-09-12T00:24:10Z</time>
        <extensions>
          <geotracker:meta c="3.6" s="23.84" />
        </extensions>
      </trkpt>
      <trkpt lat="-14.35771281" lon="132.43369906">
        <ele>179.72</ele>
        <time>2026-09-12T00:24:20Z</time>
        <extensions>
          <geotracker:meta c="4.06" s="23.53" />
        </extensions>
      </trkpt>
      <trkpt lat="-14.35863789" lon="132.43170031">
        <ele>176.78</ele>
        <time>2026-09-12T00:24:30Z</time>
        <extensions>
          <geotracker:meta c="4.4" s="24.45" />
        </extensions>
      </trkpt>
      <trkpt lat="-14.35923872" lon="132.42944908">
        <ele>185.06</ele>
        <time>2026-09-12T00:24:40Z</time>
        <extensions>
          <geotracker:meta c="4.44" s="24.89" />
        </extensions>
      </trkpt>
      <trkpt lat="-14.35989311" lon="132.42720468">
        <ele>185.42</ele>
        <time>2026-09-12T00:24:50Z</time>
        <extensions>
          <geotracker:meta c="4.4" s="24.91" />
        </extensions>
      </trkpt>
      <trkpt lat="-14.36091656" lon="132.42515828">
        <ele>181.14</ele>
        <time>2026-09-12T00:25:00Z</time>
        <extensions>
          <geotracker:meta c="4.04" s="25.59" />
        </extensions>
      </trkpt>
      <trkpt lat="-14.36271972" lon="132.42360965">
        <ele>171.5</ele>
        <time>2026-09-12T00:25:10Z</time>
        <extensions>
          <geotracker:meta c="3.76" s="25.68" />
        </extensions>
      </trkpt>
      <trkpt lat="-14.364686" lon="132.42224612">
        <ele>170.37</ele>
        <time>2026-09-12T00:25:20Z</time>
        <extensions>
          <geotracker:meta c="3.74" s="26.34" />
        </extensions>
      </trkpt>
      <trkpt lat="-14.36655418" lon="132.42091425">
        <ele>175.16</ele>
        <time>2026-09-12T00:25:30Z</time>
        <extensions>
          <geotracker:meta c="3.74" s="24.52" />
        </extensions>
      </trkpt>
      <trkpt lat="-14.36831095" lon="132.41967401">
        <ele>174.84</ele>
        <time>2026-09-12T00:25:40Z</time>
        <extensions>
          <geotracker:meta c="3.74" s="23.52" />
        </extensions>
      </trkpt>
      <trkpt lat="-14.37006612" lon="132.41844209">
        <ele>172.78</ele>
        <time>2026-09-12T00:25:50Z</time>
        <extensions>
          <geotracker:meta c="3.73" s="24.07" />
        </extensions>
      </trkpt>
      <trkpt lat="-14.37198628" lon="132.41719742">
        <ele>172.34</ele>
        <time>2026-09-12T00:26:00Z</time>
        <extensions>
          <geotracker:meta c="3.6" s="25.9" />
        </extensions>
      </trkpt>
      <trkpt lat="-14.37419935" lon="132.41645491">
        <ele>172.18</ele>
        <time>2026-09-12T00:26:10Z</time>
        <extensions>
          <geotracker:meta c="3.32" s="25.3" />
        </extensions>
      </trkpt>
      <trkpt lat="-14.37644138" lon="132.41635875">
        <ele>168.47</ele>
        <time>2026-09-12T00:26:20Z</time>
        <extensions>
          <geotracker:meta c="3.11" s="24.11" />
        </extensions>
      </trkpt>
      <trkpt lat="-14.37850036" lon="132.41630508">
        <ele>168.05</ele>
        <time>2026-09-12T00:26:30Z</time>
        <extensions>
          <geotracker:meta c="3.27" s="22.61" />
        </extensions>
      </trkpt>
      <trkpt lat="-14.38043741" lon="132.41563405">
        <ele>159.86</ele>
        <time>2026-09-12T00:26:40Z</time>
        <extensions>
          <geotracker:meta c="3.64" s="22.91" />
        </extensions>
      </trkpt>
      <trkpt lat="-14.38213176" lon="132.41427543">
        <ele>162</ele>
        <time>2026-09-12T00:26:50Z</time>
        <extensions>
          <geotracker:meta c="3.83" s="23.55" />
        </extensions>
      </trkpt>
      <trkpt lat="-14.38376622" lon="132.41291163">
        <ele>171.06</ele>
        <time>2026-09-12T00:27:00Z</time>
        <extensions>
          <geotracker:meta c="3.81" s="23.42" />
        </extensions>
      </trkpt>
      <trkpt lat="-14.38542913" lon="132.4115869">
        <ele>173.25</ele>
        <time>2026-09-12T00:27:10Z</time>
        <extensions>
          <geotracker:meta c="3.81" s="23.33" />
        </extensions>
      </trkpt>
      <trkpt lat="-14.38710461" lon="132.41023203">
        <ele>169.85</ele>
        <time>2026-09-12T00:27:20Z</time>
        <extensions>
          <geotracker:meta c="3.8" s="23.64" />
        </extensions>
      </trkpt>
      <trkpt lat="-14.38875523" lon="132.4088996">
        <ele>179.18</ele>
        <time>2026-09-12T00:27:30Z</time>
        <extensions>
          <geotracker:meta c="3.79" s="23.32" />
        </extensions>
      </trkpt>
      <trkpt lat="-14.39048166" lon="132.40743681">
        <ele>174.04</ele>
        <time>2026-09-12T00:27:40Z</time>
        <extensions>
          <geotracker:meta c="3.89" s="25.11" />
        </extensions>
      </trkpt>
      <trkpt lat="-14.3919199" lon="132.40564828">
        <ele>175.38</ele>
        <time>2026-09-12T00:27:50Z</time>
        <extensions>
          <geotracker:meta c="4.14" s="24.96" />
        </extensions>
      </trkpt>
      <trkpt lat="-14.39282032" lon="132.40359002">
        <ele>176.25</ele>
        <time>2026-09-12T00:28:00Z</time>
        <extensions>
          <geotracker:meta c="4.4" s="23.93" />
        </extensions>
      </trkpt>
      <trkpt lat="-14.39310408" lon="132.40130787">
        <ele>175.08</ele>
        <time>2026-09-12T00:28:10Z</time>
        <extensions>
          <geotracker:meta c="4.71" s="26.04" />
        </extensions>
      </trkpt>
      <trkpt lat="-14.39309545" lon="132.39884325">
        <ele>176.64</ele>
        <time>2026-09-12T00:28:20Z</time>
        <extensions>
          <geotracker:meta c="4.72" s="26.08" />
        </extensions>
      </trkpt>
      <trkpt lat="-14.39306957" lon="132.39652473">
        <ele>183.62</ele>
        <time>2026-09-12T00:28:30Z</time>
        <extensions>
          <geotracker:meta c="4.72" s="24.92" />
        </extensions>
      </trkpt>
      <trkpt lat="-14.39305432" lon="132.39423671">
        <ele>183.03</ele>
        <time>2026-09-12T00:28:40Z</time>
        <extensions>
          <geotracker:meta c="4.72" s="24.43" />
        </extensions>
      </trkpt>
      <trkpt lat="-14.39306959" lon="132.39192819">
        <ele>173.93</ele>
        <time>2026-09-12T00:28:50Z</time>
        <extensions>
          <geotracker:meta c="4.7" s="25.04" />
        </extensions>
      </trkpt>
      <trkpt lat="-14.39305781" lon="132.38962956">
        <ele>173.8</ele>
        <time>2026-09-12T00:29:00Z</time>
        <extensions>
          <geotracker:meta c="4.72" s="24.92" />
        </extensions>
      </trkpt>
      <trkpt lat="-14.39314572" lon="132.38734729">
        <ele>177.73</ele>
        <time>2026-09-12T00:29:10Z</time>
        <extensions>
          <geotracker:meta c="4.54" s="24.13" />
        </extensions>
      </trkpt>
      <trkpt lat="-14.39391865" lon="132.38530981">
        <ele>171.45</ele>
        <time>2026-09-12T00:29:20Z</time>
        <extensions>
          <geotracker:meta c="4.2" s="23.84" />
        </extensions>
      </trkpt>
      <trkpt lat="-14.39507854" lon="132.38344117">
        <ele>173.74</ele>
        <time>2026-09-12T00:29:30Z</time>
        <extensions>
          <geotracker:meta c="4.15" s="24.08" />
        </extensions>
      </trkpt>
      <trkpt lat="-14.39619928" lon="132.38156114">
        <ele>177.64</ele>
        <time>2026-09-12T00:29:40Z</time>
        <extensions>
          <geotracker:meta c="4.15" s="23.5" />
        </extensions>
      </trkpt>
      <trkpt lat="-14.39731469" lon="132.37968925">
        <ele>185.78</ele>
        <time>2026-09-12T00:29:50Z</time>
        <extensions>
          <geotracker:meta c="4.21" s="23.62" />
        </extensions>
      </trkpt>
      <trkpt lat="-14.39792831" lon="132.37760897">
        <ele>190.38</ele>
        <time>2026-09-12T00:30:00Z</time>
        <extensions>
          <geotracker:meta c="4.58" s="23.92" />
        </extensions>
      </trkpt>
      <trkpt lat="-14.39818062" lon="132.37537696">
        <ele>186.83</ele>
        <time>2026-09-12T00:30:10Z</time>
        <extensions>
          <geotracker:meta c="4.6" s="23.41" />
        </extensions>
      </trkpt>
      <trkpt lat="-14.39840835" lon="132.37325884">
        <ele>188.8</ele>
        <time>2026-09-12T00:30:20Z</time>
        <extensions>
          <geotracker:meta c="4.61" s="23.07" />
        </extensions>
      </trkpt>
      <trkpt lat="-14.39866226" lon="132.37100647">
        <ele>185.13</ele>
        <time>2026-09-12T00:30:30Z</time>
        <extensions>
          <geotracker:meta c="4.59" s="25.25" />
        </extensions>
      </trkpt>
      <trkpt lat="-14.39917489" lon="132.36880318">
        <ele>185.6</ele>
        <time>2026-09-12T00:30:40Z</time>
        <extensions>
          <geotracker:meta c="4.37" s="24.46" />
        </extensions>
      </trkpt>
      <trkpt lat="-14.3999958" lon="132.36659449">
        <ele>185.15</ele>
        <time>2026-09-12T00:30:50Z</time>
        <extensions>
          <geotracker:meta c="4.34" s="26.55" />
        </extensions>
      </trkpt>
      <trkpt lat="-14.40086968" lon="132.36422687">
        <ele>191.49</ele>
        <time>2026-09-12T00:31:00Z</time>
        <extensions>
          <geotracker:meta c="4.36" s="26.85" />
        </extensions>
      </trkpt>
      <trkpt lat="-14.40168986" lon="132.36202075">
        <ele>195.7</ele>
        <time>2026-09-12T00:31:10Z</time>
        <extensions>
          <geotracker:meta c="4.34" s="25.06" />
        </extensions>
      </trkpt>
      <trkpt lat="-14.40316756" lon="132.35758667">
        <ele>180.04</ele>
        <time>2026-09-12T00:31:30Z</time>
        <extensions>
          <geotracker:meta c="4.49" s="25.73" />
        </extensions>
      </trkpt>
      <trkpt lat="-14.40361636" lon="132.35528146">
        <ele>177.56</ele>
        <time>2026-09-12T00:31:40Z</time>
        <extensions>
          <geotracker:meta c="4.52" s="24.89" />
        </extensions>
      </trkpt>
      <trkpt lat="-14.40408465" lon="132.3529844">
        <ele>174.1</ele>
        <time>2026-09-12T00:31:50Z</time>
        <extensions>
          <geotracker:meta c="4.5" s="25.96" />
        </extensions>
      </trkpt>
      <trkpt lat="-14.40455494" lon="132.35064827">
        <ele>175.69</ele>
        <time>2026-09-12T00:32:00Z</time>
        <extensions>
          <geotracker:meta c="4.47" s="25.14" />
        </extensions>
      </trkpt>
      <trkpt lat="-14.40548126" lon="132.34845302">
        <ele>167.25</ele>
        <time>2026-09-12T00:32:10Z</time>
        <extensions>
          <geotracker:meta c="4.24" s="26.92" />
        </extensions>
      </trkpt>
      <trkpt lat="-14.40655925" lon="132.34621281">
        <ele>166.66</ele>
        <time>2026-09-12T00:32:20Z</time>
        <extensions>
          <geotracker:meta c="4.26" s="26.32" />
        </extensions>
      </trkpt>
      <trkpt lat="-14.40758092" lon="132.34409939">
        <ele>164.52</ele>
        <time>2026-09-12T00:32:30Z</time>
        <extensions>
          <geotracker:meta c="4.25" s="24.84" />
        </extensions>
      </trkpt>
      <trkpt lat="-14.40856918" lon="132.34206307">
        <ele>166.94</ele>
        <time>2026-09-12T00:32:40Z</time>
        <extensions>
          <geotracker:meta c="4.25" s="24.8" />
        </extensions>
      </trkpt>
      <trkpt lat="-14.40959924" lon="132.33994303">
        <ele>171.6</ele>
        <time>2026-09-12T00:32:50Z</time>
        <extensions>
          <geotracker:meta c="4.25" s="25.33" />
        </extensions>
      </trkpt>
      <trkpt lat="-14.41088823" lon="132.33799538">
        <ele>166.94</ele>
        <time>2026-09-12T00:33:00Z</time>
        <extensions>
          <geotracker:meta c="4.03" s="26.03" />
        </extensions>
      </trkpt>
      <trkpt lat="-14.41227628" lon="132.33623348">
        <ele>166.56</ele>
        <time>2026-09-12T00:33:10Z</time>
        <extensions>
          <geotracker:meta c="4.03" s="23.63" />
        </extensions>
      </trkpt>
      <trkpt lat="-14.41369435" lon="132.33454736">
        <ele>164.64</ele>
        <time>2026-09-12T00:33:20Z</time>
        <extensions>
          <geotracker:meta c="4" s="23.61" />
        </extensions>
      </trkpt>
      <trkpt lat="-14.41504949" lon="132.33280884">
        <ele>164.41</ele>
        <time>2026-09-12T00:33:30Z</time>
        <extensions>
          <geotracker:meta c="4.04" s="24.29" />
        </extensions>
      </trkpt>
      <trkpt lat="-14.41645361" lon="132.33107077">
        <ele>165.81</ele>
        <time>2026-09-12T00:33:40Z</time>
        <extensions>
          <geotracker:meta c="4.02" s="23.97" />
        </extensions>
      </trkpt>
      <trkpt lat="-14.41780152" lon="132.32938571">
        <ele>165.99</ele>
        <time>2026-09-12T00:33:50Z</time>
        <extensions>
          <geotracker:meta c="4.02" s="23.69" />
        </extensions>
      </trkpt>
      <trkpt lat="-14.41922831" lon="132.32765526">
        <ele>164.49</ele>
        <time>2026-09-12T00:34:00Z</time>
        <extensions>
          <geotracker:meta c="4.02" s="25.25" />
        </extensions>
      </trkpt>
      <trkpt lat="-14.42072569" lon="132.32578538">
        <ele>163.66</ele>
        <time>2026-09-12T00:34:10Z</time>
        <extensions>
          <geotracker:meta c="4.02" s="26.07" />
        </extensions>
      </trkpt>
      <trkpt lat="-14.42204432" lon="132.32388921">
        <ele>162.69</ele>
        <time>2026-09-12T00:34:20Z</time>
        <extensions>
          <geotracker:meta c="4.18" s="25.61" />
        </extensions>
      </trkpt>
      <trkpt lat="-14.42320047" lon="132.32181495">
        <ele>162.62</ele>
        <time>2026-09-12T00:34:30Z</time>
        <extensions>
          <geotracker:meta c="4.2" s="25.05" />
        </extensions>
      </trkpt>
      <trkpt lat="-14.4242836" lon="132.31980712">
        <ele>166.57</ele>
        <time>2026-09-12T00:34:40Z</time>
        <extensions>
          <geotracker:meta c="4.2" s="24.54" />
        </extensions>
      </trkpt>
      <trkpt lat="-14.42532665" lon="132.31774445">
        <ele>169.07</ele>
        <time>2026-09-12T00:34:50Z</time>
        <extensions>
          <geotracker:meta c="4.3" s="25.26" />
        </extensions>
      </trkpt>
      <trkpt lat="-14.42605676" lon="132.31557951">
        <ele>163.08</ele>
        <time>2026-09-12T00:35:00Z</time>
        <extensions>
          <geotracker:meta c="4.41" s="24.49" />
        </extensions>
      </trkpt>
      <trkpt lat="-14.42667864" lon="132.31350966">
        <ele>162.61</ele>
        <time>2026-09-12T00:35:10Z</time>
        <extensions>
          <geotracker:meta c="4.42" s="22.83" />
        </extensions>
      </trkpt>
      <trkpt lat="-14.42732085" lon="132.31151892">
        <ele>163.56</ele>
        <time>2026-09-12T00:35:20Z</time>
        <extensions>
          <geotracker:meta c="4.29" s="22.44" />
        </extensions>
      </trkpt>
      <trkpt lat="-14.42855086" lon="132.30974999">
        <ele>157.91</ele>
        <time>2026-09-12T00:35:30Z</time>
        <extensions>
          <geotracker:meta c="3.9" s="24.45" />
        </extensions>
      </trkpt>
      <trkpt lat="-14.43012469" lon="132.30842471">
        <ele>163.65</ele>
        <time>2026-09-12T00:35:40Z</time>
        <extensions>
          <geotracker:meta c="3.81" s="21.18" />
        </extensions>
      </trkpt>
      <trkpt lat="-14.43135765" lon="132.30689844">
        <ele>167.52</ele>
        <time>2026-09-12T00:35:50Z</time>
        <extensions>
          <geotracker:meta c="4.15" s="20.67" />
        </extensions>
      </trkpt>
      <trkpt lat="-14.43196222" lon="132.30540824">
        <ele>163.68</ele>
        <time>2026-09-12T00:36:00Z</time>
        <extensions>
          <geotracker:meta c="4.39" s="15.51" />
        </extensions>
      </trkpt>
      <trkpt lat="-14.43209628" lon="132.30407557">
        <ele>165.02</ele>
        <time>2026-09-12T00:36:10Z</time>
        <extensions>
          <geotracker:meta c="4.68" s="13.74" />
        </extensions>
      </trkpt>
      <trkpt lat="-14.43198263" lon="132.30311492">
        <ele>164.58</ele>
        <time>2026-09-12T00:36:20Z</time>
        <extensions>
          <geotracker:meta c="5.29" s="6.93" />
        </extensions>
      </trkpt>
      <trkpt lat="-14.43151335" lon="132.30311135">
        <ele>164.35</ele>
        <time>2026-09-12T00:36:30Z</time>
        <extensions>
          <geotracker:meta c="1.1" s="4.84" />
        </extensions>
      </trkpt>
      <trkpt lat="-14.43152735" lon="132.30360168">
        <ele>161.31</ele>
        <time>2026-09-12T00:36:40Z</time>
        <extensions>
          <geotracker:meta c="1.81" s="6.37" />
        </extensions>
      </trkpt>
      <trkpt lat="-14.43165404" lon="132.30420015">
        <ele>162</ele>
        <time>2026-09-12T00:36:50Z</time>
        <extensions>
          <geotracker:meta c="1.74" s="6.29" />
        </extensions>
      </trkpt>
      <trkpt lat="-14.43173768" lon="132.30478077">
        <ele>164.02</ele>
        <time>2026-09-12T00:37:00Z</time>
        <extensions>
          <geotracker:meta c="1.73" s="6.41" />
        </extensions>
      </trkpt>
      <trkpt lat="-14.43170442" lon="132.3052698">
        <ele>163.48</ele>
        <time>2026-09-12T00:37:09Z</time>
        <extensions>
          <geotracker:meta c="1.1" s="5.6" />
        </extensions>
      </trkpt>
      <trkpt lat="-14.43145134" lon="132.30575892">
        <ele>162.33</ele>
        <time>2026-09-12T00:37:25Z</time>
        <extensions>
          <geotracker:meta c="6.2" s="1.3" />
        </extensions>
      </trkpt>
      <trkpt lat="-14.43150705" lon="132.30543403">
        <ele>155.46</ele>
        <time>2026-09-12T00:39:35Z</time>
        <extensions>
          <geotracker:meta c="5.23" s="0.59" />
        </extensions>
      </trkpt>
      <trkpt lat="-14.43150782" lon="132.30539914">
        <ele>144.85</ele>
        <time>2026-09-12T00:42:05Z</time>
        <extensions>
          <geotracker:meta c="5.57" s="0.29" />
        </extensions>
      </trkpt>
      <trkpt lat="-14.43178727" lon="132.30307798">
        <ele>166.53</ele>
        <time>2026-09-12T01:18:10Z</time>
        <extensions>
          <geotracker:meta c="3.04" s="5.1" />
        </extensions>
      </trkpt>
      <trkpt lat="-14.43194211" lon="132.30194613">
        <ele>163.56</ele>
        <time>2026-09-12T01:18:30Z</time>
        <extensions>
          <geotracker:meta c="4.83" s="12.61" />
        </extensions>
      </trkpt>
      <trkpt lat="-14.43182409" lon="132.30058741">
        <ele>160.66</ele>
        <time>2026-09-12T01:18:40Z</time>
        <extensions>
          <geotracker:meta c="4.82" s="15.52" />
        </extensions>
      </trkpt>
      <trkpt lat="-14.43170861" lon="132.29916038">
        <ele>163.34</ele>
        <time>2026-09-12T01:18:50Z</time>
        <extensions>
          <geotracker:meta c="4.82" s="15.13" />
        </extensions>
      </trkpt>
      <trkpt lat="-14.4315866" lon="132.29771236">
        <ele>161.59</ele>
        <time>2026-09-12T01:19:00Z</time>
        <extensions>
          <geotracker:meta c="4.8" s="16.05" />
        </extensions>
      </trkpt>
      <trkpt lat="-14.4314632" lon="132.29620633">
        <ele>163.43</ele>
        <time>2026-09-12T01:19:10Z</time>
        <extensions>
          <geotracker:meta c="4.8" s="16.7" />
        </extensions>
      </trkpt>
      <trkpt lat="-14.43132874" lon="132.29464062">
        <ele>161.96</ele>
        <time>2026-09-12T01:19:20Z</time>
        <extensions>
          <geotracker:meta c="4.81" s="16.97" />
        </extensions>
      </trkpt>
      <trkpt lat="-14.43119323" lon="132.29295505">
        <ele>162.64</ele>
        <time>2026-09-12T01:19:30Z</time>
        <extensions>
          <geotracker:meta c="4.79" s="18.62" />
        </extensions>
      </trkpt>
      <trkpt lat="-14.43104474" lon="132.29122659">
        <ele>160.76</ele>
        <time>2026-09-12T01:19:40Z</time>
        <extensions>
          <geotracker:meta c="4.8" s="18.97" />
        </extensions>
      </trkpt>
      <trkpt lat="-14.43090895" lon="132.28943708">
        <ele>161.61</ele>
        <time>2026-09-12T01:19:50Z</time>
        <extensions>
          <geotracker:meta c="4.77" s="19.96" />
        </extensions>
      </trkpt>
      <trkpt lat="-14.43110934" lon="132.28745101">
        <ele>163.32</ele>
        <time>2026-09-12T01:20:01Z</time>
        <extensions>
          <geotracker:meta c="4.44" s="20.06" />
        </extensions>
      </trkpt>
      <trkpt lat="-14.43200865" lon="132.28557679">
        <ele>158.99</ele>
        <time>2026-09-12T01:20:12Z</time>
        <extensions>
          <geotracker:meta c="4.07" s="20.98" />
        </extensions>
      </trkpt>
      <trkpt lat="-14.43339375" lon="132.28420317">
        <ele>161.11</ele>
        <time>2026-09-12T01:20:22Z</time>
        <extensions>
          <geotracker:meta c="3.76" s="21.37" />
        </extensions>
      </trkpt>
      <trkpt lat="-14.4348331" lon="132.28305252">
        <ele>158.16</ele>
        <time>2026-09-12T01:20:32Z</time>
        <extensions>
          <geotracker:meta c="3.81" s="18.33" />
        </extensions>
      </trkpt>
      <trkpt lat="-14.43602342" lon="132.28209146">
        <ele>157.32</ele>
        <time>2026-09-12T01:20:42Z</time>
        <extensions>
          <geotracker:meta c="3.81" s="16.55" />
        </extensions>
      </trkpt>
      <trkpt lat="-14.43713826" lon="132.28102534">
        <ele>157.02</ele>
        <time>2026-09-12T01:20:52Z</time>
        <extensions>
          <geotracker:meta c="4.01" s="16.92" />
        </extensions>
      </trkpt>
      <trkpt lat="-14.43798768" lon="132.27972924">
        <ele>155.41</ele>
        <time>2026-09-12T01:21:02Z</time>
        <extensions>
          <geotracker:meta c="4.25" s="16.77" />
        </extensions>
      </trkpt>
      <trkpt lat="-14.43854474" lon="132.27842726">
        <ele>158.95</ele>
        <time>2026-09-12T01:21:11Z</time>
        <extensions>
          <geotracker:meta c="4.33" s="17.13" />
        </extensions>
      </trkpt>
      <trkpt lat="-14.43909906" lon="132.27694921">
        <ele>158.81</ele>
        <time>2026-09-12T01:21:21Z</time>
        <extensions>
          <geotracker:meta c="4.45" s="16.86" />
        </extensions>
      </trkpt>
      <trkpt lat="-14.43957535" lon="132.27565072">
        <ele>159.48</ele>
        <time>2026-09-12T01:21:30Z</time>
        <extensions>
          <geotracker:meta c="4.49" s="16.53" />
        </extensions>
      </trkpt>
      <trkpt lat="-14.44062122" lon="132.2728056">
        <ele>159.14</ele>
        <time>2026-09-12T01:21:49Z</time>
        <extensions>
          <geotracker:meta c="4.44" s="16.83" />
        </extensions>
      </trkpt>
      <trkpt lat="-14.44114822" lon="132.27159057">
        <ele>158.64</ele>
        <time>2026-09-12T01:21:58Z</time>
        <extensions>
          <geotracker:meta c="4.19" s="15.62" />
        </extensions>
      </trkpt>
      <trkpt lat="-14.44187706" lon="132.27057652">
        <ele>158.44</ele>
        <time>2026-09-12T01:22:07Z</time>
        <extensions>
          <geotracker:meta c="3.98" s="14.52" />
        </extensions>
      </trkpt>
      <trkpt lat="-14.44278667" lon="132.26977633">
        <ele>158.21</ele>
        <time>2026-09-12T01:22:16Z</time>
        <extensions>
          <geotracker:meta c="3.74" s="15" />
        </extensions>
      </trkpt>
      <trkpt lat="-14.4440729" lon="132.26911548">
        <ele>158.12</ele>
        <time>2026-09-12T01:22:26Z</time>
        <extensions>
          <geotracker:meta c="3.45" s="16.48" />
        </extensions>
      </trkpt>
      <trkpt lat="-14.4453718" lon="132.26883553">
        <ele>158.46</ele>
        <time>2026-09-12T01:22:35Z</time>
        <extensions>
          <geotracker:meta c="3.23" s="16.09" />
        </extensions>
      </trkpt>
      <trkpt lat="-14.44665541" lon="132.26884939">
        <ele>158.64</ele>
        <time>2026-09-12T01:22:44Z</time>
        <extensions>
          <geotracker:meta c="3.08" s="15.52" />
        </extensions>
      </trkpt>
      <trkpt lat="-14.44802296" lon="132.26891553">
        <ele>159.02</ele>
        <time>2026-09-12T01:22:54Z</time>
        <extensions>
          <geotracker:meta c="3.12" s="15.11" />
        </extensions>
      </trkpt>
      <trkpt lat="-14.44923398" lon="132.26897642">
        <ele>158.09</ele>
        <time>2026-09-12T01:23:03Z</time>
        <extensions>
          <geotracker:meta c="3.1" s="14.48" />
        </extensions>
      </trkpt>
      <trkpt lat="-14.45036259" lon="132.26902054">
        <ele>158.03</ele>
        <time>2026-09-12T01:23:12Z</time>
        <extensions>
          <geotracker:meta c="3.15" s="14.06" />
        </extensions>
      </trkpt>
      <trkpt lat="-14.45159138" lon="132.26907523">
        <ele>157.68</ele>
        <time>2026-09-12T01:23:21Z</time>
        <extensions>
          <geotracker:meta c="3.17" s="15.41" />
        </extensions>
      </trkpt>
      <trkpt lat="-14.45412799" lon="132.26915914">
        <ele>157.48</ele>
        <time>2026-09-12T01:23:39Z</time>
        <extensions>
          <geotracker:meta c="3.21" s="15.39" />
        </extensions>
      </trkpt>
      <trkpt lat="-14.45541877" lon="132.26920489">
        <ele>156.96</ele>
        <time>2026-09-12T01:23:48Z</time>
        <extensions>
          <geotracker:meta c="3.18" s="16.14" />
        </extensions>
      </trkpt>
      <trkpt lat="-14.45673872" lon="132.26904749">
        <ele>158.52</ele>
        <time>2026-09-12T01:23:57Z</time>
        <extensions>
          <geotracker:meta c="3.38" s="15.9" />
        </extensions>
      </trkpt>
      <trkpt lat="-14.45810419" lon="132.26858665">
        <ele>158.95</ele>
        <time>2026-09-12T01:24:07Z</time>
        <extensions>
          <geotracker:meta c="3.45" s="16.3" />
        </extensions>
      </trkpt>
      <trkpt lat="-14.45935308" lon="132.26813036">
        <ele>158.53</ele>
        <time>2026-09-12T01:24:16Z</time>
        <extensions>
          <geotracker:meta c="3.49" s="16.28" />
        </extensions>
      </trkpt>
      <trkpt lat="-14.46057101" lon="132.2676238">
        <ele>158.02</ele>
        <time>2026-09-12T01:24:25Z</time>
        <extensions>
          <geotracker:meta c="3.57" s="15.66" />
        </extensions>
      </trkpt>
      <trkpt lat="-14.46162172" lon="132.26697866">
        <ele>156.78</ele>
        <time>2026-09-12T01:24:34Z</time>
        <extensions>
          <geotracker:meta c="3.77" s="14.44" />
        </extensions>
      </trkpt>
      <trkpt lat="-14.4625293" lon="132.26628329">
        <ele>156.58</ele>
        <time>2026-09-12T01:24:43Z</time>
        <extensions>
          <geotracker:meta c="3.81" s="13.27" />
        </extensions>
      </trkpt>
      <trkpt lat="-14.46328656" lon="132.26568594">
        <ele>156.65</ele>
        <time>2026-09-12T01:24:52Z</time>
        <extensions>
          <geotracker:meta c="3.81" s="9.32" />
        </extensions>
      </trkpt>
      <trkpt lat="-14.4637191" lon="132.26533564">
        <ele>157.4</ele>
        <time>2026-09-12T01:25:01Z</time>
        <extensions>
          <geotracker:meta c="3.83" s="6.68" />
        </extensions>
      </trkpt>
      <trkpt lat="-14.4646757" lon="132.26460177">
        <ele>157.33</ele>
        <time>2026-09-12T01:25:19Z</time>
        <extensions>
          <geotracker:meta c="4.11" s="5.65" />
        </extensions>
      </trkpt>
      <trkpt lat="-14.4654424" lon="132.26398609">
        <ele>157.25</ele>
        <time>2026-09-12T01:25:35Z</time>
        <extensions>
          <geotracker:meta c="3.74" s="6.73" />
        </extensions>
      </trkpt>
      <trkpt lat="-14.46606889" lon="132.26437969">
        <ele>157.5</ele>
        <time>2026-09-12T01:25:55Z</time>
        <extensions>
          <geotracker:meta c="1.42" s="2.23" />
        </extensions>
      </trkpt>
      <trkpt lat="-14.46619468" lon="132.26506746">
        <ele>156.89</ele>
        <time>2026-09-12T01:26:25Z</time>
        <extensions>
          <geotracker:meta c="3.09" s="1.83" />
        </extensions>
      </trkpt>
      <trkpt lat="-14.46742622" lon="132.26596054">
        <ele>160.14</ele>
        <time>2026-09-12T02:54:28Z</time>
        <extensions>
          <geotracker:meta c="5.34" s="10.33" />
        </extensions>
      </trkpt>
      <trkpt lat="-14.46690502" lon="132.26481631">
        <ele>159.34</ele>
        <time>2026-09-12T02:54:50Z</time>
        <extensions>
          <geotracker:meta c="4.81" s="2.35" />
        </extensions>
      </trkpt>
      <trkpt lat="-14.46690677" lon="132.26469108">
        <ele>159.33</ele>
        <time>2026-09-12T02:59:50Z</time>
        <extensions>
          <geotracker:meta c="4.02" s="0.19" />
        </extensions>
      </trkpt>
      <trkpt lat="-14.46633454" lon="132.26436182">
        <ele>156.34</ele>
        <time>2026-09-12T03:00:56Z</time>
        <extensions>
          <geotracker:meta c="5.36" s="6.64" />
        </extensions>
      </trkpt>
      <trkpt lat="-14.46602702" lon="132.26389398">
        <ele>159.68</ele>
        <time>2026-09-12T03:01:06Z</time>
        <extensions>
          <geotracker:meta c="5.29" s="5.07" />
        </extensions>
      </trkpt>
      <trkpt lat="-14.46574761" lon="132.26348933">
        <ele>160.39</ele>
        <time>2026-09-12T03:01:59Z</time>
        <extensions>
          <geotracker:meta c="5.37" s="7.45" />
        </extensions>
      </trkpt>
      <trkpt lat="-14.46526553" lon="132.26287015">
        <ele>159.45</ele>
        <time>2026-09-12T03:02:08Z</time>
        <extensions>
          <geotracker:meta c="5.37" s="10.04" />
        </extensions>
      </trkpt>
      <trkpt lat="-14.46466523" lon="132.26212101">
        <ele>160.56</ele>
        <time>2026-09-12T03:02:20Z</time>
        <extensions>
          <geotracker:meta c="5.39" s="10.07" />
        </extensions>
      </trkpt>
      <trkpt lat="-14.46412614" lon="132.2614307">
        <ele>164.45</ele>
        <time>2026-09-12T03:02:30Z</time>
        <extensions>
          <geotracker:meta c="5.4" s="9.42" />
        </extensions>
      </trkpt>
      <trkpt lat="-14.46407279" lon="132.26086242">
        <ele>159.03</ele>
        <time>2026-09-12T03:02:40Z</time>
        <extensions>
          <geotracker:meta c="3.87" s="7.06" />
        </extensions>
      </trkpt>
      <trkpt lat="-14.46476798" lon="132.26051982">
        <ele>158.31</ele>
        <time>2026-09-12T03:02:50Z</time>
        <extensions>
          <geotracker:meta c="3.36" s="10" />
        </extensions>
      </trkpt>
      <trkpt lat="-14.46571944" lon="132.26040429">
        <ele>159.49</ele>
        <time>2026-09-12T03:03:00Z</time>
        <extensions>
          <geotracker:meta c="3.24" s="11.24" />
        </extensions>
      </trkpt>
      <trkpt lat="-14.46683065" lon="132.26025697">
        <ele>154.59</ele>
        <time>2026-09-12T03:03:10Z</time>
        <extensions>
          <geotracker:meta c="3.35" s="13.38" />
        </extensions>
      </trkpt>
      <trkpt lat="-14.46805986" lon="132.25988764">
        <ele>158.09</ele>
        <time>2026-09-12T03:03:20Z</time>
        <extensions>
          <geotracker:meta c="3.47" s="14.04" />
        </extensions>
      </trkpt>
      <trkpt lat="-14.46927361" lon="132.25946625">
        <ele>158.21</ele>
        <time>2026-09-12T03:03:30Z</time>
        <extensions>
          <geotracker:meta c="3.47" s="13.76" />
        </extensions>
      </trkpt>
      <trkpt lat="-14.47044244" lon="132.25906433">
        <ele>156.27</ele>
        <time>2026-09-12T03:03:40Z</time>
        <extensions>
          <geotracker:meta c="3.47" s="14.11" />
        </extensions>
      </trkpt>
      <trkpt lat="-14.47164028" lon="132.2586252">
        <ele>155.58</ele>
        <time>2026-09-12T03:03:50Z</time>
        <extensions>
          <geotracker:meta c="3.47" s="14.43" />
        </extensions>
      </trkpt>
      <trkpt lat="-14.47290127" lon="132.25817103">
        <ele>155.03</ele>
        <time>2026-09-12T03:04:00Z</time>
        <extensions>
          <geotracker:meta c="3.46" s="14.86" />
        </extensions>
      </trkpt>
      <trkpt lat="-14.4741738" lon="132.25775294">
        <ele>153.36</ele>
        <time>2026-09-12T03:04:10Z</time>
        <extensions>
          <geotracker:meta c="3.4" s="14.88" />
        </extensions>
      </trkpt>
      <trkpt lat="-14.47561211" lon="132.25760807">
        <ele>155.28</ele>
        <time>2026-09-12T03:04:20Z</time>
        <extensions>
          <geotracker:meta c="3.15" s="16.54" />
        </extensions>
      </trkpt>
      <trkpt lat="-14.47709448" lon="132.25758018">
        <ele>152.29</ele>
        <time>2026-09-12T03:04:30Z</time>
        <extensions>
          <geotracker:meta c="3.13" s="16.2" />
        </extensions>
      </trkpt>
      <trkpt lat="-14.47857877" lon="132.25759928">
        <ele>155.86</ele>
        <time>2026-09-12T03:04:40Z</time>
        <extensions>
          <geotracker:meta c="3.15" s="16.7" />
        </extensions>
      </trkpt>
      <trkpt lat="-14.48004658" lon="132.25756123">
        <ele>155.83</ele>
        <time>2026-09-12T03:04:50Z</time>
        <extensions>
          <geotracker:meta c="3.15" s="16.61" />
        </extensions>
      </trkpt>
      <trkpt lat="-14.48149701" lon="132.25756113">
        <ele>155.82</ele>
        <time>2026-09-12T03:05:00Z</time>
        <extensions>
          <geotracker:meta c="3.13" s="14.91" />
        </extensions>
      </trkpt>
      <trkpt lat="-14.48242717" lon="132.25752657">
        <ele>156.27</ele>
        <time>2026-09-12T03:05:10Z</time>
        <extensions>
          <geotracker:meta c="3.46" s="4.81" />
        </extensions>
      </trkpt>
      <trkpt lat="-14.48245707" lon="132.25702757">
        <ele>154.01</ele>
        <time>2026-09-12T03:05:20Z</time>
        <extensions>
          <geotracker:meta c="4.72" s="7.42" />
        </extensions>
      </trkpt>
      <trkpt lat="-14.48241498" lon="132.25636261">
        <ele>159.78</ele>
        <time>2026-09-12T03:05:30Z</time>
        <extensions>
          <geotracker:meta c="5.03" s="6" />
        </extensions>
      </trkpt>
      <trkpt lat="-14.48253195" lon="132.25567952">
        <ele>156.14</ele>
        <time>2026-09-12T03:06:00Z</time>
        <extensions>
          <geotracker:meta c="5.5" s="2.9" />
        </extensions>
      </trkpt>
    </trkseg>
    <trkseg>
      <trkpt lat="-14.48244248" lon="132.25733605">
        <ele>155.68</ele>
        <time>2026-09-12T04:32:44Z</time>
        <extensions>
          <geotracker:meta c="1.56" s="5.52" />
        </extensions>
      </trkpt>
      <trkpt lat="-14.48329761" lon="132.25755238">
        <ele>154.41</ele>
        <time>2026-09-12T04:33:03Z</time>
        <extensions>
          <geotracker:meta c="3.16" s="11.82" />
        </extensions>
      </trkpt>
      <trkpt lat="-14.48565367" lon="132.25752763">
        <ele>154.61</ele>
        <time>2026-09-12T04:33:21Z</time>
        <extensions>
          <geotracker:meta c="3.14" s="15.39" />
        </extensions>
      </trkpt>
      <trkpt lat="-14.48692401" lon="132.25751642">
        <ele>154.71</ele>
        <time>2026-09-12T04:33:30Z</time>
        <extensions>
          <geotracker:meta c="3.15" s="15.85" />
        </extensions>
      </trkpt>
      <trkpt lat="-14.48823949" lon="132.25721042">
        <ele>154.55</ele>
        <time>2026-09-12T04:33:39Z</time>
        <extensions>
          <geotracker:meta c="3.64" s="17.65" />
        </extensions>
      </trkpt>
      <trkpt lat="-14.4897036" lon="132.25633242">
        <ele>154.95</ele>
        <time>2026-09-12T04:33:49Z</time>
        <extensions>
          <geotracker:meta c="3.6" s="19.91" />
        </extensions>
      </trkpt>
      <trkpt lat="-14.49126015" lon="132.25568347">
        <ele>154.52</ele>
        <time>2026-09-12T04:33:58Z</time>
        <extensions>
          <geotracker:meta c="3.46" s="21.2" />
        </extensions>
      </trkpt>
      <trkpt lat="-14.49306148" lon="132.25511369">
        <ele>155.09</ele>
        <time>2026-09-12T04:34:08Z</time>
        <extensions>
          <geotracker:meta c="3.43" s="20.11" />
        </extensions>
      </trkpt>
      <trkpt lat="-14.49444495" lon="132.2544935">
        <ele>154.75</ele>
        <time>2026-09-12T04:34:17Z</time>
        <extensions>
          <geotracker:meta c="3.9" s="17.97" />
        </extensions>
      </trkpt>
      <trkpt lat="-14.49536512" lon="132.25301973">
        <ele>154.83</ele>
        <time>2026-09-12T04:34:27Z</time>
        <extensions>
          <geotracker:meta c="4.19" s="19.75" />
        </extensions>
      </trkpt>
      <trkpt lat="-14.49620954" lon="132.25160891">
        <ele>155.11</ele>
        <time>2026-09-12T04:34:36Z</time>
        <extensions>
          <geotracker:meta c="4.07" s="19.77" />
        </extensions>
      </trkpt>
      <trkpt lat="-14.49728783" lon="132.25040318">
        <ele>156.39</ele>
        <time>2026-09-12T04:34:45Z</time>
        <extensions>
          <geotracker:meta c="3.88" s="20.18" />
        </extensions>
      </trkpt>
      <trkpt lat="-14.49869823" lon="132.24933871">
        <ele>155.08</ele>
        <time>2026-09-12T04:34:54Z</time>
        <extensions>
          <geotracker:meta c="3.68" s="22.58" />
        </extensions>
      </trkpt>
      <trkpt lat="-14.50054257" lon="132.24847999">
        <ele>153.77</ele>
        <time>2026-09-12T04:35:04Z</time>
        <extensions>
          <geotracker:meta c="3.47" s="22" />
        </extensions>
      </trkpt>
      <trkpt lat="-14.5022658" lon="132.24790062">
        <ele>153.43</ele>
        <time>2026-09-12T04:35:13Z</time>
        <extensions>
          <geotracker:meta c="3.45" s="23.04" />
        </extensions>
      </trkpt>
      <trkpt lat="-14.50422423" lon="132.24723819">
        <ele>155.74</ele>
        <time>2026-09-12T04:35:23Z</time>
        <extensions>
          <geotracker:meta c="3.46" s="22.75" />
        </extensions>
      </trkpt>
      <trkpt lat="-14.50614933" lon="132.24659078">
        <ele>162.43</ele>
        <time>2026-09-12T04:35:33Z</time>
        <extensions>
          <geotracker:meta c="3.46" s="22.18" />
        </extensions>
      </trkpt>
      <trkpt lat="-14.50805547" lon="132.24594894">
        <ele>164.47</ele>
        <time>2026-09-12T04:35:43Z</time>
        <extensions>
          <geotracker:meta c="3.46" s="22.56" />
        </extensions>
      </trkpt>
      <trkpt lat="-14.51002879" lon="132.24529751">
        <ele>159.13</ele>
        <time>2026-09-12T04:35:53Z</time>
        <extensions>
          <geotracker:meta c="3.42" s="22.11" />
        </extensions>
      </trkpt>
      <trkpt lat="-14.51170843" lon="132.24476398">
        <ele>157.48</ele>
        <time>2026-09-12T04:36:03Z</time>
        <extensions>
          <geotracker:meta c="3.5" s="19.04" />
        </extensions>
      </trkpt>
      <trkpt lat="-14.51350327" lon="132.24411446">
        <ele>157.17</ele>
        <time>2026-09-12T04:36:13Z</time>
        <extensions>
          <geotracker:meta c="3.48" s="22.12" />
        </extensions>
      </trkpt>
      <trkpt lat="-14.51700342" lon="132.24244322">
        <ele>159.14</ele>
        <time>2026-09-12T04:36:31Z</time>
        <extensions>
          <geotracker:meta c="3.68" s="24.26" />
        </extensions>
      </trkpt>
      <trkpt lat="-14.51879468" lon="132.24118006">
        <ele>160.7</ele>
        <time>2026-09-12T04:36:41Z</time>
        <extensions>
          <geotracker:meta c="3.8" s="24.29" />
        </extensions>
      </trkpt>
      <trkpt lat="-14.52032119" lon="132.23981681">
        <ele>161.05</ele>
        <time>2026-09-12T04:36:50Z</time>
        <extensions>
          <geotracker:meta c="3.92" s="25.32" />
        </extensions>
      </trkpt>
      <trkpt lat="-14.52170318" lon="132.23825937">
        <ele>161.49</ele>
        <time>2026-09-12T04:36:59Z</time>
        <extensions>
          <geotracker:meta c="4.02" s="25.21" />
        </extensions>
      </trkpt>
      <trkpt lat="-14.52313488" lon="132.23643165">
        <ele>165.77</ele>
        <time>2026-09-12T04:37:09Z</time>
        <extensions>
          <geotracker:meta c="4.04" s="25.05" />
        </extensions>
      </trkpt>
      <trkpt lat="-14.52454819" lon="132.23461988">
        <ele>168.48</ele>
        <time>2026-09-12T04:37:19Z</time>
        <extensions>
          <geotracker:meta c="4.04" s="25.12" />
        </extensions>
      </trkpt>
      <trkpt lat="-14.52600578" lon="132.23275722">
        <ele>166.24</ele>
        <time>2026-09-12T04:37:29Z</time>
        <extensions>
          <geotracker:meta c="4.03" s="26.33" />
        </extensions>
      </trkpt>
      <trkpt lat="-14.52734772" lon="132.23104052">
        <ele>168.92</ele>
        <time>2026-09-12T04:37:38Z</time>
        <extensions>
          <geotracker:meta c="4.03" s="26.1" />
        </extensions>
      </trkpt>
      <trkpt lat="-14.5286675" lon="132.22936125">
        <ele>171.16</ele>
        <time>2026-09-12T04:37:47Z</time>
        <extensions>
          <geotracker:meta c="4.03" s="25.89" />
        </extensions>
      </trkpt>
      <trkpt lat="-14.53012209" lon="132.22749437">
        <ele>170.33</ele>
        <time>2026-09-12T04:37:57Z</time>
        <extensions>
          <geotracker:meta c="4.05" s="25.29" />
        </extensions>
      </trkpt>
      <trkpt lat="-14.53151518" lon="132.22570858">
        <ele>166.67</ele>
        <time>2026-09-12T04:38:07Z</time>
        <extensions>
          <geotracker:meta c="4.04" s="25.36" />
        </extensions>
      </trkpt>
      <trkpt lat="-14.53296919" lon="132.22385304">
        <ele>164.99</ele>
        <time>2026-09-12T04:38:17Z</time>
        <extensions>
          <geotracker:meta c="4.03" s="25.88" />
        </extensions>
      </trkpt>
      <trkpt lat="-14.5342923" lon="132.22215944">
        <ele>164.52</ele>
        <time>2026-09-12T04:38:26Z</time>
        <extensions>
          <geotracker:meta c="4.04" s="26.3" />
        </extensions>
      </trkpt>
      <trkpt lat="-14.5356456" lon="132.2204308">
        <ele>164.49</ele>
        <time>2026-09-12T04:38:35Z</time>
        <extensions>
          <geotracker:meta c="4.03" s="26.88" />
        </extensions>
      </trkpt>
      <trkpt lat="-14.53718562" lon="132.21846121">
        <ele>165.95</ele>
        <time>2026-09-12T04:38:45Z</time>
        <extensions>
          <geotracker:meta c="4.04" s="27.31" />
        </extensions>
      </trkpt>
      <trkpt lat="-14.53859263" lon="132.21666283">
        <ele>164.76</ele>
        <time>2026-09-12T04:38:54Z</time>
        <extensions>
          <geotracker:meta c="4.03" s="27.99" />
        </extensions>
      </trkpt>
      <trkpt lat="-14.54000423" lon="132.2148601">
        <ele>163.17</ele>
        <time>2026-09-12T04:39:03Z</time>
        <extensions>
          <geotracker:meta c="4.03" s="27.46" />
        </extensions>
      </trkpt>
      <trkpt lat="-14.54284618" lon="132.21123147">
        <ele>161.59</ele>
        <time>2026-09-12T04:39:21Z</time>
        <extensions>
          <geotracker:meta c="4.03" s="27.97" />
        </extensions>
      </trkpt>
      <trkpt lat="-14.54428185" lon="132.20938968">
        <ele>164.28</ele>
        <time>2026-09-12T04:39:30Z</time>
        <extensions>
          <geotracker:meta c="4.03" s="28.51" />
        </extensions>
      </trkpt>
      <trkpt lat="-14.54573641" lon="132.20753191">
        <ele>168.37</ele>
        <time>2026-09-12T04:39:39Z</time>
        <extensions>
          <geotracker:meta c="4.04" s="28.7" />
        </extensions>
      </trkpt>
      <trkpt lat="-14.54740134" lon="132.20540303">
        <ele>166.67</ele>
        <time>2026-09-12T04:39:49Z</time>
        <extensions>
          <geotracker:meta c="4.03" s="30.25" />
        </extensions>
      </trkpt>
      <trkpt lat="-14.54886476" lon="132.20353173">
        <ele>164.74</ele>
        <time>2026-09-12T04:39:58Z</time>
        <extensions>
          <geotracker:meta c="4.04" s="27.07" />
        </extensions>
      </trkpt>
      <trkpt lat="-14.55023986" lon="132.20177202">
        <ele>163.03</ele>
        <time>2026-09-12T04:40:07Z</time>
        <extensions>
          <geotracker:meta c="4.04" s="27.24" />
        </extensions>
      </trkpt>
      <trkpt lat="-14.55163149" lon="132.19999664">
        <ele>160.89</ele>
        <time>2026-09-12T04:40:16Z</time>
        <extensions>
          <geotracker:meta c="4.03" s="27.2" />
        </extensions>
      </trkpt>
      <trkpt lat="-14.5530513" lon="132.19819308">
        <ele>160.37</ele>
        <time>2026-09-12T04:40:25Z</time>
        <extensions>
          <geotracker:meta c="4.04" s="28.02" />
        </extensions>
      </trkpt>
      <trkpt lat="-14.55444498" lon="132.19640151">
        <ele>160.65</ele>
        <time>2026-09-12T04:40:34Z</time>
        <extensions>
          <geotracker:meta c="4.04" s="27.11" />
        </extensions>
      </trkpt>
      <trkpt lat="-14.55580127" lon="132.19466974">
        <ele>160.24</ele>
        <time>2026-09-12T04:40:43Z</time>
        <extensions>
          <geotracker:meta c="4.04" s="26.51" />
        </extensions>
      </trkpt>
      <trkpt lat="-14.5571226" lon="132.19298773">
        <ele>163.84</ele>
        <time>2026-09-12T04:40:52Z</time>
        <extensions>
          <geotracker:meta c="4.03" s="25.01" />
        </extensions>
      </trkpt>
      <trkpt lat="-14.5601558" lon="132.1898929">
        <ele>167.83</ele>
        <time>2026-09-12T04:41:11Z</time>
        <extensions>
          <geotracker:meta c="3.8" s="25.05" />
        </extensions>
      </trkpt>
      <trkpt lat="-14.56179818" lon="132.18872205">
        <ele>169.15</ele>
        <time>2026-09-12T04:41:20Z</time>
        <extensions>
          <geotracker:meta c="3.69" s="24.19" />
        </extensions>
      </trkpt>
      <trkpt lat="-14.56352975" lon="132.18765198">
        <ele>167.07</ele>
        <time>2026-09-12T04:41:29Z</time>
        <extensions>
          <geotracker:meta c="3.68" s="25.08" />
        </extensions>
      </trkpt>
      <trkpt lat="-14.56527971" lon="132.18657212">
        <ele>169.25</ele>
        <time>2026-09-12T04:41:38Z</time>
        <extensions>
          <geotracker:meta c="3.69" s="24.92" />
        </extensions>
      </trkpt>
      <trkpt lat="-14.56701594" lon="132.18549472">
        <ele>168.54</ele>
        <time>2026-09-12T04:41:47Z</time>
        <extensions>
          <geotracker:meta c="3.69" s="25.19" />
        </extensions>
      </trkpt>
      <trkpt lat="-14.56877279" lon="132.18435426">
        <ele>165.75</ele>
        <time>2026-09-12T04:41:56Z</time>
        <extensions>
          <geotracker:meta c="3.75" s="26" />
        </extensions>
      </trkpt>
      <trkpt lat="-14.57045371" lon="132.18300215">
        <ele>162.83</ele>
        <time>2026-09-12T04:42:05Z</time>
        <extensions>
          <geotracker:meta c="3.87" s="26.88" />
        </extensions>
      </trkpt>
      <trkpt lat="-14.57201103" lon="132.18139213">
        <ele>160.76</ele>
        <time>2026-09-12T04:42:14Z</time>
        <extensions>
          <geotracker:meta c="3.99" s="27.15" />
        </extensions>
      </trkpt>
      <trkpt lat="-14.57334375" lon="132.17963462">
        <ele>160.35</ele>
        <time>2026-09-12T04:42:23Z</time>
        <extensions>
          <geotracker:meta c="4.1" s="26.42" />
        </extensions>
      </trkpt>
      <trkpt lat="-14.57468412" lon="132.17765174">
        <ele>158.41</ele>
        <time>2026-09-12T04:42:33Z</time>
        <extensions>
          <geotracker:meta c="4.11" s="25.29" />
        </extensions>
      </trkpt>
      <trkpt lat="-14.57595101" lon="132.17576228">
        <ele>162.43</ele>
        <time>2026-09-12T04:42:43Z</time>
        <extensions>
          <geotracker:meta c="4.11" s="24.36" />
        </extensions>
      </trkpt>
      <trkpt lat="-14.57720265" lon="132.1738981">
        <ele>165.96</ele>
        <time>2026-09-12T04:42:53Z</time>
        <extensions>
          <geotracker:meta c="4.11" s="24.28" />
        </extensions>
      </trkpt>
      <trkpt lat="-14.57938749" lon="132.17065045">
        <ele>169.9</ele>
        <time>2026-09-12T04:43:11Z</time>
        <extensions>
          <geotracker:meta c="4.09" s="23.94" />
        </extensions>
      </trkpt>
      <trkpt lat="-14.58051764" lon="132.16897462">
        <ele>169.74</ele>
        <time>2026-09-12T04:43:20Z</time>
        <extensions>
          <geotracker:meta c="4.11" s="24.83" />
        </extensions>
      </trkpt>
      <trkpt lat="-14.58165801" lon="132.16727897">
        <ele>171.77</ele>
        <time>2026-09-12T04:43:29Z</time>
        <extensions>
          <geotracker:meta c="4.11" s="24.33" />
        </extensions>
      </trkpt>
      <trkpt lat="-14.58280447" lon="132.16560839">
        <ele>174.84</ele>
        <time>2026-09-12T04:43:38Z</time>
        <extensions>
          <geotracker:meta c="4.08" s="24.42" />
        </extensions>
      </trkpt>
      <trkpt lat="-14.58404649" lon="132.16402286">
        <ele>176.47</ele>
        <time>2026-09-12T04:43:47Z</time>
        <extensions>
          <geotracker:meta c="4" s="24.16" />
        </extensions>
      </trkpt>
      <trkpt lat="-14.58540783" lon="132.16253583">
        <ele>174.9</ele>
        <time>2026-09-12T04:43:56Z</time>
        <extensions>
          <geotracker:meta c="3.93" s="24.37" />
        </extensions>
      </trkpt>
      <trkpt lat="-14.5870073" lon="132.16103109">
        <ele>171.78</ele>
        <time>2026-09-12T04:44:06Z</time>
        <extensions>
          <geotracker:meta c="3.86" s="23.49" />
        </extensions>
      </trkpt>
      <trkpt lat="-14.58848379" lon="132.15974248">
        <ele>169.7</ele>
        <time>2026-09-12T04:44:15Z</time>
        <extensions>
          <geotracker:meta c="3.84" s="23.97" />
        </extensions>
      </trkpt>
      <trkpt lat="-14.58995037" lon="132.1584639">
        <ele>168.61</ele>
        <time>2026-09-12T04:44:24Z</time>
        <extensions>
          <geotracker:meta c="3.84" s="23.66" />
        </extensions>
      </trkpt>
      <trkpt lat="-14.59159573" lon="132.15703009">
        <ele>166.53</ele>
        <time>2026-09-12T04:44:34Z</time>
        <extensions>
          <geotracker:meta c="3.85" s="23.52" />
        </extensions>
      </trkpt>
      <trkpt lat="-14.59446348" lon="132.15453642">
        <ele>169.03</ele>
        <time>2026-09-12T04:44:52Z</time>
        <extensions>
          <geotracker:meta c="3.85" s="23.74" />
        </extensions>
      </trkpt>
      <trkpt lat="-14.59596228" lon="132.15323526">
        <ele>167.94</ele>
        <time>2026-09-12T04:45:01Z</time>
        <extensions>
          <geotracker:meta c="3.84" s="24.49" />
        </extensions>
      </trkpt>
      <trkpt lat="-14.5974809" lon="132.15191311">
        <ele>167.63</ele>
        <time>2026-09-12T04:45:10Z</time>
        <extensions>
          <geotracker:meta c="3.85" s="24.52" />
        </extensions>
      </trkpt>
      <trkpt lat="-14.59901549" lon="132.15057655">
        <ele>164.69</ele>
        <time>2026-09-12T04:45:19Z</time>
        <extensions>
          <geotracker:meta c="3.83" s="24.93" />
        </extensions>
      </trkpt>
      <trkpt lat="-14.60058105" lon="132.14921152">
        <ele>159.19</ele>
        <time>2026-09-12T04:45:28Z</time>
        <extensions>
          <geotracker:meta c="3.85" s="25.84" />
        </extensions>
      </trkpt>
      <trkpt lat="-14.60235119" lon="132.14767853">
        <ele>157.24</ele>
        <time>2026-09-12T04:45:38Z</time>
        <extensions>
          <geotracker:meta c="3.85" s="25.31" />
        </extensions>
      </trkpt>
      <trkpt lat="-14.60411511" lon="132.14614166">
        <ele>161.36</ele>
        <time>2026-09-12T04:45:48Z</time>
        <extensions>
          <geotracker:meta c="3.85" s="25.8" />
        </extensions>
      </trkpt>
      <trkpt lat="-14.60569466" lon="132.14477001">
        <ele>164.99</ele>
        <time>2026-09-12T04:45:57Z</time>
        <extensions>
          <geotracker:meta c="3.84" s="25.22" />
        </extensions>
      </trkpt>
      <trkpt lat="-14.6072388" lon="132.14342329">
        <ele>167.52</ele>
        <time>2026-09-12T04:46:06Z</time>
        <extensions>
          <geotracker:meta c="3.84" s="24.75" />
        </extensions>
      </trkpt>
      <trkpt lat="-14.60874849" lon="132.14211435">
        <ele>168.23</ele>
        <time>2026-09-12T04:46:15Z</time>
        <extensions>
          <geotracker:meta c="3.84" s="23.36" />
        </extensions>
      </trkpt>
      <trkpt lat="-14.61018284" lon="132.14086187">
        <ele>167.23</ele>
        <time>2026-09-12T04:46:24Z</time>
        <extensions>
          <geotracker:meta c="3.84" s="23.97" />
        </extensions>
      </trkpt>
      <trkpt lat="-14.61173763" lon="132.13950938">
        <ele>164.39</ele>
        <time>2026-09-12T04:46:33Z</time>
        <extensions>
          <geotracker:meta c="3.85" s="25.69" />
        </extensions>
      </trkpt>
      <trkpt lat="-14.61353655" lon="132.13798646">
        <ele>163.11</ele>
        <time>2026-09-12T04:46:43Z</time>
        <extensions>
          <geotracker:meta c="3.79" s="26.18" />
        </extensions>
      </trkpt>
      <trkpt lat="-14.61724007" lon="132.1354515">
        <ele>170.11</ele>
        <time>2026-09-12T04:47:02Z</time>
        <extensions>
          <geotracker:meta c="3.71" s="24.78" />
        </extensions>
      </trkpt>
      <trkpt lat="-14.61892906" lon="132.13436849">
        <ele>172.35</ele>
        <time>2026-09-12T04:47:11Z</time>
        <extensions>
          <geotracker:meta c="3.7" s="24.22" />
        </extensions>
      </trkpt>
      <trkpt lat="-14.62075522" lon="132.13319672">
        <ele>173.93</ele>
        <time>2026-09-12T04:47:21Z</time>
        <extensions>
          <geotracker:meta c="3.71" s="24.18" />
        </extensions>
      </trkpt>
      <trkpt lat="-14.622452" lon="132.13210302">
        <ele>175.07</ele>
        <time>2026-09-12T04:47:30Z</time>
        <extensions>
          <geotracker:meta c="3.69" s="24.71" />
        </extensions>
      </trkpt>
      <trkpt lat="-14.62416044" lon="132.13100664">
        <ele>176.3</ele>
        <time>2026-09-12T04:47:39Z</time>
        <extensions>
          <geotracker:meta c="3.71" s="24.94" />
        </extensions>
      </trkpt>
      <trkpt lat="-14.62605156" lon="132.12978715">
        <ele>178.07</ele>
        <time>2026-09-12T04:47:49Z</time>
        <extensions>
          <geotracker:meta c="3.71" s="24.75" />
        </extensions>
      </trkpt>
      <trkpt lat="-14.62778584" lon="132.1286692">
        <ele>180.59</ele>
        <time>2026-09-12T04:47:58Z</time>
        <extensions>
          <geotracker:meta c="3.71" s="25.39" />
        </extensions>
      </trkpt>
      <trkpt lat="-14.62970417" lon="132.12740915">
        <ele>181.78</ele>
        <time>2026-09-12T04:48:08Z</time>
        <extensions>
          <geotracker:meta c="3.71" s="25.21" />
        </extensions>
      </trkpt>
      <trkpt lat="-14.6314384" lon="132.1262723">
        <ele>183.39</ele>
        <time>2026-09-12T04:48:17Z</time>
        <extensions>
          <geotracker:meta c="3.71" s="25.29" />
        </extensions>
      </trkpt>
      <trkpt lat="-14.63337752" lon="132.12500391">
        <ele>187.02</ele>
        <time>2026-09-12T04:48:27Z</time>
        <extensions>
          <geotracker:meta c="3.71" s="25.3" />
        </extensions>
      </trkpt>
      <trkpt lat="-14.6352936" lon="132.12374756">
        <ele>192.69</ele>
        <time>2026-09-12T04:48:37Z</time>
        <extensions>
          <geotracker:meta c="3.71" s="24.99" />
        </extensions>
      </trkpt>
      <trkpt lat="-14.6369922" lon="132.12262971">
        <ele>197.94</ele>
        <time>2026-09-12T04:48:46Z</time>
        <extensions>
          <geotracker:meta c="3.71" s="24.74" />
        </extensions>
      </trkpt>
      <trkpt lat="-14.63888754" lon="132.12138285">
        <ele>200.37</ele>
        <time>2026-09-12T04:48:56Z</time>
        <extensions>
          <geotracker:meta c="3.71" s="25.38" />
        </extensions>
      </trkpt>
      <trkpt lat="-14.64088637" lon="132.12007639">
        <ele>196.98</ele>
        <time>2026-09-12T04:49:06Z</time>
        <extensions>
          <geotracker:meta c="3.71" s="26.79" />
        </extensions>
      </trkpt>
      <trkpt lat="-14.64268511" lon="132.11889828">
        <ele>193.46</ele>
        <time>2026-09-12T04:49:15Z</time>
        <extensions>
          <geotracker:meta c="3.72" s="26.69" />
        </extensions>
      </trkpt>
      <trkpt lat="-14.64450177" lon="132.11770277">
        <ele>191.99</ele>
        <time>2026-09-12T04:49:24Z</time>
        <extensions>
          <geotracker:meta c="3.72" s="26.44" />
        </extensions>
      </trkpt>
      <trkpt lat="-14.64785608" lon="132.11480898">
        <ele>185.09</ele>
        <time>2026-09-12T04:49:42Z</time>
        <extensions>
          <geotracker:meta c="3.96" s="27.51" />
        </extensions>
      </trkpt>
      <trkpt lat="-14.64943431" lon="132.11310656">
        <ele>183.85</ele>
        <time>2026-09-12T04:49:51Z</time>
        <extensions>
          <geotracker:meta c="3.95" s="28.23" />
        </extensions>
      </trkpt>
      <trkpt lat="-14.65097729" lon="132.11143544">
        <ele>184.18</ele>
        <time>2026-09-12T04:50:00Z</time>
        <extensions>
          <geotracker:meta c="3.96" s="27.35" />
        </extensions>
      </trkpt>
      <trkpt lat="-14.6525327" lon="132.10976154">
        <ele>181.5</ele>
        <time>2026-09-12T04:50:09Z</time>
        <extensions>
          <geotracker:meta c="3.95" s="27.9" />
        </extensions>
      </trkpt>
      <trkpt lat="-14.65408971" lon="132.10807637">
        <ele>177.65</ele>
        <time>2026-09-12T04:50:18Z</time>
        <extensions>
          <geotracker:meta c="3.95" s="27.31" />
        </extensions>
      </trkpt>
      <trkpt lat="-14.65558013" lon="132.10647731">
        <ele>176.09</ele>
        <time>2026-09-12T04:50:27Z</time>
        <extensions>
          <geotracker:meta c="3.94" s="26.66" />
        </extensions>
      </trkpt>
      <trkpt lat="-14.65715259" lon="132.10483785">
        <ele>174.28</ele>
        <time>2026-09-12T04:50:36Z</time>
        <extensions>
          <geotracker:meta c="3.93" s="27.9" />
        </extensions>
      </trkpt>
      <trkpt lat="-14.65875922" lon="132.10316728">
        <ele>171.16</ele>
        <time>2026-09-12T04:50:45Z</time>
        <extensions>
          <geotracker:meta c="3.93" s="28.29" />
        </extensions>
      </trkpt>
      <trkpt lat="-14.66037433" lon="132.10149363">
        <ele>167.36</ele>
        <time>2026-09-12T04:50:54Z</time>
        <extensions>
          <geotracker:meta c="3.93" s="28.3" />
        </extensions>
      </trkpt>
      <trkpt lat="-14.66355796" lon="132.09818681">
        <ele>162.73</ele>
        <time>2026-09-12T04:51:12Z</time>
        <extensions>
          <geotracker:meta c="3.93" s="27.5" />
        </extensions>
      </trkpt>
      <trkpt lat="-14.66514977" lon="132.09653915">
        <ele>162.53</ele>
        <time>2026-09-12T04:51:21Z</time>
        <extensions>
          <geotracker:meta c="3.93" s="27.95" />
        </extensions>
      </trkpt>
      <trkpt lat="-14.66674725" lon="132.09487221">
        <ele>165.83</ele>
        <time>2026-09-12T04:51:30Z</time>
        <extensions>
          <geotracker:meta c="3.94" s="27.87" />
        </extensions>
      </trkpt>
      <trkpt lat="-14.66830915" lon="132.09323493">
        <ele>171.62</ele>
        <time>2026-09-12T04:51:39Z</time>
        <extensions>
          <geotracker:meta c="3.94" s="27.3" />
        </extensions>
      </trkpt>
      <trkpt lat="-14.66983841" lon="132.09160454">
        <ele>173.97</ele>
        <time>2026-09-12T04:51:48Z</time>
        <extensions>
          <geotracker:meta c="3.94" s="26.78" />
        </extensions>
      </trkpt>
      <trkpt lat="-14.6714083" lon="132.09005092">
        <ele>174.43</ele>
        <time>2026-09-12T04:51:57Z</time>
        <extensions>
          <geotracker:meta c="3.83" s="27.15" />
        </extensions>
      </trkpt>
      <trkpt lat="-14.6731756" lon="132.08877731">
        <ele>174.43</ele>
        <time>2026-09-12T04:52:06Z</time>
        <extensions>
          <geotracker:meta c="3.67" s="25.12" />
        </extensions>
      </trkpt>
      <trkpt lat="-14.67501142" lon="132.08784673">
        <ele>173.04</ele>
        <time>2026-09-12T04:52:15Z</time>
        <extensions>
          <geotracker:meta c="3.53" s="25.7" />
        </extensions>
      </trkpt>
      <trkpt lat="-14.677023" lon="132.0872028">
        <ele>169.48</ele>
        <time>2026-09-12T04:52:24Z</time>
        <extensions>
          <geotracker:meta c="3.36" s="26.55" />
        </extensions>
      </trkpt>
      <trkpt lat="-14.68120147" lon="132.08635755">
        <ele>160.59</ele>
        <time>2026-09-12T04:52:42Z</time>
        <extensions>
          <geotracker:meta c="3.33" s="26.2" />
        </extensions>
      </trkpt>
      <trkpt lat="-14.68330124" lon="132.08594029">
        <ele>157.27</ele>
        <time>2026-09-12T04:52:51Z</time>
        <extensions>
          <geotracker:meta c="3.34" s="26.42" />
        </extensions>
      </trkpt>
      <trkpt lat="-14.68544203" lon="132.08551113">
        <ele>155.28</ele>
        <time>2026-09-12T04:53:00Z</time>
        <extensions>
          <geotracker:meta c="3.33" s="26.79" />
        </extensions>
      </trkpt>
      <trkpt lat="-14.68755006" lon="132.08508309">
        <ele>154.12</ele>
        <time>2026-09-12T04:53:09Z</time>
        <extensions>
          <geotracker:meta c="3.33" s="25.66" />
        </extensions>
      </trkpt>
      <trkpt lat="-14.68955375" lon="132.08468572">
        <ele>150.76</ele>
        <time>2026-09-12T04:53:18Z</time>
        <extensions>
          <geotracker:meta c="3.34" s="25.37" />
        </extensions>
      </trkpt>
      <trkpt lat="-14.69155667" lon="132.08427602">
        <ele>145.82</ele>
        <time>2026-09-12T04:53:27Z</time>
        <extensions>
          <geotracker:meta c="3.33" s="24.94" />
        </extensions>
      </trkpt>
      <trkpt lat="-14.69355447" lon="132.08380252">
        <ele>145.66</ele>
        <time>2026-09-12T04:53:36Z</time>
        <extensions>
          <geotracker:meta c="3.41" s="25.54" />
        </extensions>
      </trkpt>
      <trkpt lat="-14.6955335" lon="132.08314205">
        <ele>146.48</ele>
        <time>2026-09-12T04:53:45Z</time>
        <extensions>
          <geotracker:meta c="3.49" s="24.55" />
        </extensions>
      </trkpt>
      <trkpt lat="-14.6973834" lon="132.08235367">
        <ele>146.91</ele>
        <time>2026-09-12T04:53:54Z</time>
        <extensions>
          <geotracker:meta c="3.58" s="25.07" />
        </extensions>
      </trkpt>
      <trkpt lat="-14.70103424" lon="132.08018527">
        <ele>149.19</ele>
        <time>2026-09-12T04:54:12Z</time>
        <extensions>
          <geotracker:meta c="3.76" s="26.17" />
        </extensions>
      </trkpt>
      <trkpt lat="-14.70266306" lon="132.07891811">
        <ele>146.41</ele>
        <time>2026-09-12T04:54:21Z</time>
        <extensions>
          <geotracker:meta c="3.83" s="24.03" />
        </extensions>
      </trkpt>
      <trkpt lat="-14.70414821" lon="132.07753665">
        <ele>144.82</ele>
        <time>2026-09-12T04:54:30Z</time>
        <extensions>
          <geotracker:meta c="3.92" s="25.02" />
        </extensions>
      </trkpt>
      <trkpt lat="-14.70550855" lon="132.07605859">
        <ele>144.86</ele>
        <time>2026-09-12T04:54:39Z</time>
        <extensions>
          <geotracker:meta c="4" s="24.23" />
        </extensions>
      </trkpt>
      <trkpt lat="-14.70673164" lon="132.07447696">
        <ele>144.95</ele>
        <time>2026-09-12T04:54:48Z</time>
        <extensions>
          <geotracker:meta c="4.09" s="24.44" />
        </extensions>
      </trkpt>
      <trkpt lat="-14.70784467" lon="132.07276792">
        <ele>146.84</ele>
        <time>2026-09-12T04:54:57Z</time>
        <extensions>
          <geotracker:meta c="4.16" s="24.54" />
        </extensions>
      </trkpt>
      <trkpt lat="-14.70882286" lon="132.0709764">
        <ele>147.56</ele>
        <time>2026-09-12T04:55:06Z</time>
        <extensions>
          <geotracker:meta c="4.25" s="24.6" />
        </extensions>
      </trkpt>
      <trkpt lat="-14.70971568" lon="132.06911267">
        <ele>145.72</ele>
        <time>2026-09-12T04:55:15Z</time>
        <extensions>
          <geotracker:meta c="4.26" s="25.14" />
        </extensions>
      </trkpt>
      <trkpt lat="-14.71062504" lon="132.06718341">
        <ele>143.47</ele>
        <time>2026-09-12T04:55:24Z</time>
        <extensions>
          <geotracker:meta c="4.26" s="26.17" />
        </extensions>
      </trkpt>
      <trkpt lat="-14.71244327" lon="132.06332849">
        <ele>148.78</ele>
        <time>2026-09-12T04:55:42Z</time>
        <extensions>
          <geotracker:meta c="4.26" s="25.12" />
        </extensions>
      </trkpt>
      <trkpt lat="-14.71334234" lon="132.06147706">
        <ele>146.84</ele>
        <time>2026-09-12T04:55:51Z</time>
        <extensions>
          <geotracker:meta c="4.23" s="25.07" />
        </extensions>
      </trkpt>
      <trkpt lat="-14.71434278" lon="132.0596157">
        <ele>145.09</ele>
        <time>2026-09-12T04:56:00Z</time>
        <extensions>
          <geotracker:meta c="4.2" s="25.59" />
        </extensions>
      </trkpt>
      <trkpt lat="-14.71537538" lon="132.05779149">
        <ele>149.66</ele>
        <time>2026-09-12T04:56:09Z</time>
        <extensions>
          <geotracker:meta c="4.19" s="24.19" />
        </extensions>
      </trkpt>
      <trkpt lat="-14.7163425" lon="132.05606916">
        <ele>153.07</ele>
        <time>2026-09-12T04:56:18Z</time>
        <extensions>
          <geotracker:meta c="4.19" s="23.48" />
        </extensions>
      </trkpt>
      <trkpt lat="-14.71730742" lon="132.05435483">
        <ele>154.69</ele>
        <time>2026-09-12T04:56:27Z</time>
        <extensions>
          <geotracker:meta c="4.19" s="24.22" />
        </extensions>
      </trkpt>
      <trkpt lat="-14.71831813" lon="132.05256205">
        <ele>154.83</ele>
        <time>2026-09-12T04:56:36Z</time>
        <extensions>
          <geotracker:meta c="4.18" s="24.87" />
        </extensions>
      </trkpt>
      <trkpt lat="-14.71932115" lon="132.05079488">
        <ele>156.25</ele>
        <time>2026-09-12T04:56:45Z</time>
        <extensions>
          <geotracker:meta c="4.14" s="23.98" />
        </extensions>
      </trkpt>
      <trkpt lat="-14.72049393" lon="132.04917407">
        <ele>158.12</ele>
        <time>2026-09-12T04:56:54Z</time>
        <extensions>
          <geotracker:meta c="4.06" s="24.15" />
        </extensions>
      </trkpt>
      <trkpt lat="-14.72287198" lon="132.04595851">
        <ele>160.97</ele>
        <time>2026-09-12T04:57:12Z</time>
        <extensions>
          <geotracker:meta c="4.06" s="23.57" />
        </extensions>
      </trkpt>
      <trkpt lat="-14.72399423" lon="132.0444393">
        <ele>160.65</ele>
        <time>2026-09-12T04:57:21Z</time>
        <extensions>
          <geotracker:meta c="4.06" s="21.71" />
        </extensions>
      </trkpt>
      <trkpt lat="-14.72507793" lon="132.04297233">
        <ele>158.41</ele>
        <time>2026-09-12T04:57:30Z</time>
        <extensions>
          <geotracker:meta c="4.06" s="22.53" />
        </extensions>
      </trkpt>
      <trkpt lat="-14.72621751" lon="132.04143035">
        <ele>158.59</ele>
        <time>2026-09-12T04:57:39Z</time>
        <extensions>
          <geotracker:meta c="4.04" s="23.03" />
        </extensions>
      </trkpt>
      <trkpt lat="-14.72754532" lon="132.04007503">
        <ele>156.66</ele>
        <time>2026-09-12T04:57:48Z</time>
        <extensions>
          <geotracker:meta c="3.82" s="23.23" />
        </extensions>
      </trkpt>
      <trkpt lat="-14.72914308" lon="132.03905118">
        <ele>153.85</ele>
        <time>2026-09-12T04:57:57Z</time>
        <extensions>
          <geotracker:meta c="3.62" s="22.6" />
        </extensions>
      </trkpt>
      <trkpt lat="-14.73078215" lon="132.03820053">
        <ele>149.98</ele>
        <time>2026-09-12T04:58:06Z</time>
        <extensions>
          <geotracker:meta c="3.61" s="23.69" />
        </extensions>
      </trkpt>
      <trkpt lat="-14.73245771" lon="132.03715309">
        <ele>147.31</ele>
        <time>2026-09-12T04:58:15Z</time>
        <extensions>
          <geotracker:meta c="3.81" s="24.16" />
        </extensions>
      </trkpt>
      <trkpt lat="-14.73385705" lon="132.03575585">
        <ele>145.95</ele>
        <time>2026-09-12T04:58:24Z</time>
        <extensions>
          <geotracker:meta c="4.04" s="24.31" />
        </extensions>
      </trkpt>
      <trkpt lat="-14.73610443" lon="132.03232836">
        <ele>146.48</ele>
        <time>2026-09-12T04:58:42Z</time>
        <extensions>
          <geotracker:meta c="4.12" s="25.24" />
        </extensions>
      </trkpt>
      <trkpt lat="-14.7372237" lon="132.03059358">
        <ele>149.48</ele>
        <time>2026-09-12T04:58:51Z</time>
        <extensions>
          <geotracker:meta c="4.12" s="24.49" />
        </extensions>
      </trkpt>
      <trkpt lat="-14.73831829" lon="132.02888853">
        <ele>148.72</ele>
        <time>2026-09-12T04:59:00Z</time>
        <extensions>
          <geotracker:meta c="4.13" s="24.47" />
        </extensions>
      </trkpt>
      <trkpt lat="-14.73943504" lon="132.02715047">
        <ele>146.45</ele>
        <time>2026-09-12T04:59:09Z</time>
        <extensions>
          <geotracker:meta c="4.13" s="25.18" />
        </extensions>
      </trkpt>
      <trkpt lat="-14.74055513" lon="132.02540543">
        <ele>147.6</ele>
        <time>2026-09-12T04:59:18Z</time>
        <extensions>
          <geotracker:meta c="4.13" s="24.74" />
        </extensions>
      </trkpt>
      <trkpt lat="-14.74165119" lon="132.02371149">
        <ele>151.06</ele>
        <time>2026-09-12T04:59:27Z</time>
        <extensions>
          <geotracker:meta c="4.13" s="24.36" />
        </extensions>
      </trkpt>
      <trkpt lat="-14.74277515" lon="132.02194928">
        <ele>152.2</ele>
        <time>2026-09-12T04:59:36Z</time>
        <extensions>
          <geotracker:meta c="4.13" s="25.78" />
        </extensions>
      </trkpt>
      <trkpt lat="-14.74396099" lon="132.02015263">
        <ele>151.16</ele>
        <time>2026-09-12T04:59:45Z</time>
        <extensions>
          <geotracker:meta c="4.06" s="25.79" />
        </extensions>
      </trkpt>
      <trkpt lat="-14.74536067" lon="132.01855346">
        <ele>150.12</ele>
        <time>2026-09-12T04:59:54Z</time>
        <extensions>
          <geotracker:meta c="3.97" s="25.93" />
        </extensions>
      </trkpt>
      <trkpt lat="-14.74808475" lon="132.01551034">
        <ele>149.77</ele>
        <time>2026-09-12T05:00:12Z</time>
        <extensions>
          <geotracker:meta c="3.97" s="24.07" />
        </extensions>
      </trkpt>
      <trkpt lat="-14.74942757" lon="132.01401577">
        <ele>150.86</ele>
        <time>2026-09-12T05:00:21Z</time>
        <extensions>
          <geotracker:meta c="3.97" s="24.94" />
        </extensions>
      </trkpt>
      <trkpt lat="-14.75084053" lon="132.01243399">
        <ele>152.6</ele>
        <time>2026-09-12T05:00:30Z</time>
        <extensions>
          <geotracker:meta c="3.96" s="26.12" />
        </extensions>
      </trkpt>
      <trkpt lat="-14.75232586" lon="132.01083644">
        <ele>154.31</ele>
        <time>2026-09-12T05:00:39Z</time>
        <extensions>
          <geotracker:meta c="3.91" s="26.91" />
        </extensions>
      </trkpt>
      <trkpt lat="-14.75396576" lon="132.00933176">
        <ele>156.3</ele>
        <time>2026-09-12T05:00:48Z</time>
        <extensions>
          <geotracker:meta c="3.85" s="26.59" />
        </extensions>
      </trkpt>
      <trkpt lat="-14.7556082" lon="132.00789333">
        <ele>158.5</ele>
        <time>2026-09-12T05:00:57Z</time>
        <extensions>
          <geotracker:meta c="3.85" s="26.55" />
        </extensions>
      </trkpt>
      <trkpt lat="-14.7572201" lon="132.00648306">
        <ele>160.65</ele>
        <time>2026-09-12T05:01:06Z</time>
        <extensions>
          <geotracker:meta c="3.84" s="25.43" />
        </extensions>
      </trkpt>
      <trkpt lat="-14.75878893" lon="132.00510739">
        <ele>163.24</ele>
        <time>2026-09-12T05:01:15Z</time>
        <extensions>
          <geotracker:meta c="3.85" s="25.09" />
        </extensions>
      </trkpt>
      <trkpt lat="-14.76018205" lon="132.0035781">
        <ele>166.16</ele>
        <time>2026-09-12T05:01:24Z</time>
        <extensions>
          <geotracker:meta c="4.08" s="24.98" />
        </extensions>
      </trkpt>
      <trkpt lat="-14.7617124" lon="131.99961285">
        <ele>168.85</ele>
        <time>2026-09-12T05:01:42Z</time>
        <extensions>
          <geotracker:meta c="4.56" s="26.21" />
        </extensions>
      </trkpt>
      <trkpt lat="-14.76199265" lon="131.99742497">
        <ele>168.96</ele>
        <time>2026-09-12T05:01:51Z</time>
        <extensions>
          <geotracker:meta c="4.58" s="26.61" />
        </extensions>
      </trkpt>
      <trkpt lat="-14.76241084" lon="131.99523122">
        <ele>169.2</ele>
        <time>2026-09-12T05:02:00Z</time>
        <extensions>
          <geotracker:meta c="4.46" s="26.85" />
        </extensions>
      </trkpt>
      <trkpt lat="-14.76310745" lon="131.9932097">
        <ele>169.91</ele>
        <time>2026-09-12T05:02:09Z</time>
        <extensions>
          <geotracker:meta c="4.3" s="25.49" />
        </extensions>
      </trkpt>
      <trkpt lat="-14.76397717" lon="131.99121294">
        <ele>170.61</ele>
        <time>2026-09-12T05:02:18Z</time>
        <extensions>
          <geotracker:meta c="4.29" s="26.85" />
        </extensions>
      </trkpt>
      <trkpt lat="-14.76488124" lon="131.98915816">
        <ele>171.22</ele>
        <time>2026-09-12T05:02:27Z</time>
        <extensions>
          <geotracker:meta c="4.29" s="27.09" />
        </extensions>
      </trkpt>
      <trkpt lat="-14.76577996" lon="131.98708249">
        <ele>171.27</ele>
        <time>2026-09-12T05:02:36Z</time>
        <extensions>
          <geotracker:meta c="4.3" s="27.03" />
        </extensions>
      </trkpt>
      <trkpt lat="-14.76668914" lon="131.98500573">
        <ele>170.88</ele>
        <time>2026-09-12T05:02:45Z</time>
        <extensions>
          <geotracker:meta c="4.29" s="27.61" />
        </extensions>
      </trkpt>
      <trkpt lat="-14.76758919" lon="131.98294021">
        <ele>170.81</ele>
        <time>2026-09-12T05:02:54Z</time>
        <extensions>
          <geotracker:meta c="4.3" s="25.61" />
        </extensions>
      </trkpt>
      <trkpt lat="-14.76915695" lon="131.97934666">
        <ele>171.11</ele>
        <time>2026-09-12T05:03:12Z</time>
        <extensions>
          <geotracker:meta c="4.29" s="22.85" />
        </extensions>
      </trkpt>
      <trkpt lat="-14.76994946" lon="131.97754522">
        <ele>171.22</ele>
        <time>2026-09-12T05:03:21Z</time>
        <extensions>
          <geotracker:meta c="4.29" s="24.25" />
        </extensions>
      </trkpt>
      <trkpt lat="-14.77078428" lon="131.97565028">
        <ele>171.25</ele>
        <time>2026-09-12T05:03:30Z</time>
        <extensions>
          <geotracker:meta c="4.29" s="24.98" />
        </extensions>
      </trkpt>
      <trkpt lat="-14.77162652" lon="131.97375968">
        <ele>171.68</ele>
        <time>2026-09-12T05:03:39Z</time>
        <extensions>
          <geotracker:meta c="4.29" s="24.95" />
        </extensions>
      </trkpt>
      <trkpt lat="-14.77249405" lon="131.97182443">
        <ele>171.02</ele>
        <time>2026-09-12T05:03:48Z</time>
        <extensions>
          <geotracker:meta c="4.28" s="25.8" />
        </extensions>
      </trkpt>
      <trkpt lat="-14.77335999" lon="131.96988086">
        <ele>170.21</ele>
        <time>2026-09-12T05:03:57Z</time>
        <extensions>
          <geotracker:meta c="4.28" s="25.63" />
        </extensions>
      </trkpt>
      <trkpt lat="-14.77423835" lon="131.96792616">
        <ele>170.85</ele>
        <time>2026-09-12T05:04:06Z</time>
        <extensions>
          <geotracker:meta c="4.28" s="26.08" />
        </extensions>
      </trkpt>
      <trkpt lat="-14.77513921" lon="131.9659138">
        <ele>170.95</ele>
        <time>2026-09-12T05:04:15Z</time>
        <extensions>
          <geotracker:meta c="4.28" s="26.67" />
        </extensions>
      </trkpt>
      <trkpt lat="-14.77604676" lon="131.96388099">
        <ele>170.9</ele>
        <time>2026-09-12T05:04:24Z</time>
        <extensions>
          <geotracker:meta c="4.28" s="26.63" />
        </extensions>
      </trkpt>
      <trkpt lat="-14.77786776" lon="131.95981932">
        <ele>171.13</ele>
        <time>2026-09-12T05:04:42Z</time>
        <extensions>
          <geotracker:meta c="4.29" s="27.11" />
        </extensions>
      </trkpt>
      <trkpt lat="-14.77880096" lon="131.95772859">
        <ele>171.27</ele>
        <time>2026-09-12T05:04:51Z</time>
        <extensions>
          <geotracker:meta c="4.28" s="27.75" />
        </extensions>
      </trkpt>
      <trkpt lat="-14.77973268" lon="131.95564799">
        <ele>171.35</ele>
        <time>2026-09-12T05:05:00Z</time>
        <extensions>
          <geotracker:meta c="4.29" s="27.09" />
        </extensions>
      </trkpt>
      <trkpt lat="-14.78071774" lon="131.95364133">
        <ele>171.1</ele>
        <time>2026-09-12T05:05:09Z</time>
        <extensions>
          <geotracker:meta c="4.19" s="26.86" />
        </extensions>
      </trkpt>
      <trkpt lat="-14.78195777" lon="131.9518171">
        <ele>170.65</ele>
        <time>2026-09-12T05:05:18Z</time>
        <extensions>
          <geotracker:meta c="4.03" s="26.17" />
        </extensions>
      </trkpt>
      <trkpt lat="-14.7833783" lon="131.95027761">
        <ele>170.59</ele>
        <time>2026-09-12T05:05:27Z</time>
        <extensions>
          <geotracker:meta c="3.88" s="24.9" />
        </extensions>
      </trkpt>
      <trkpt lat="-14.78485367" lon="131.94897287">
        <ele>170.57</ele>
        <time>2026-09-12T05:05:36Z</time>
        <extensions>
          <geotracker:meta c="3.85" s="23.46" />
        </extensions>
      </trkpt>
      <trkpt lat="-14.78630535" lon="131.94769916">
        <ele>170.64</ele>
        <time>2026-09-12T05:05:45Z</time>
        <extensions>
          <geotracker:meta c="3.84" s="23.53" />
        </extensions>
      </trkpt>
      <trkpt lat="-14.78776671" lon="131.94642258">
        <ele>170.67</ele>
        <time>2026-09-12T05:05:54Z</time>
        <extensions>
          <geotracker:meta c="3.85" s="23.34" />
        </extensions>
      </trkpt>
      <trkpt lat="-14.79073744" lon="131.94381545">
        <ele>170.78</ele>
        <time>2026-09-12T05:06:12Z</time>
        <extensions>
          <geotracker:meta c="3.84" s="24.67" />
        </extensions>
      </trkpt>
      <trkpt lat="-14.79229732" lon="131.94245493">
        <ele>170.83</ele>
        <time>2026-09-12T05:06:21Z</time>
        <extensions>
          <geotracker:meta c="3.85" s="25.49" />
        </extensions>
      </trkpt>
      <trkpt lat="-14.79391037" lon="131.94103906">
        <ele>170.99</ele>
        <time>2026-09-12T05:06:30Z</time>
        <extensions>
          <geotracker:meta c="3.84" s="26.42" />
        </extensions>
      </trkpt>
      <trkpt lat="-14.79555136" lon="131.93960244">
        <ele>170.9</ele>
        <time>2026-09-12T05:06:39Z</time>
        <extensions>
          <geotracker:meta c="3.85" s="26.56" />
        </extensions>
      </trkpt>
      <trkpt lat="-14.79715022" lon="131.93819969">
        <ele>170.61</ele>
        <time>2026-09-12T05:06:48Z</time>
        <extensions>
          <geotracker:meta c="3.86" s="25.38" />
        </extensions>
      </trkpt>
      <trkpt lat="-14.79861374" lon="131.93675411">
        <ele>171.92</ele>
        <time>2026-09-12T05:06:57Z</time>
        <extensions>
          <geotracker:meta c="3.96" s="24.91" />
        </extensions>
      </trkpt>
      <trkpt lat="-14.79996394" lon="131.93515213">
        <ele>171.89</ele>
        <time>2026-09-12T05:07:06Z</time>
        <extensions>
          <geotracker:meta c="4.02" s="25.86" />
        </extensions>
      </trkpt>
      <trkpt lat="-14.80134235" lon="131.933455">
        <ele>174.2</ele>
        <time>2026-09-12T05:07:15Z</time>
        <extensions>
          <geotracker:meta c="4.01" s="27.01" />
        </extensions>
      </trkpt>
      <trkpt lat="-14.80275638" lon="131.93170899">
        <ele>177.2</ele>
        <time>2026-09-12T05:07:24Z</time>
        <extensions>
          <geotracker:meta c="4.02" s="27.12" />
        </extensions>
      </trkpt>
      <trkpt lat="-14.80559204" lon="131.92822339">
        <ele>177.71</ele>
        <time>2026-09-12T05:07:42Z</time>
        <extensions>
          <geotracker:meta c="4.01" s="26.8" />
        </extensions>
      </trkpt>
      <trkpt lat="-14.80698228" lon="131.92650814">
        <ele>176.46</ele>
        <time>2026-09-12T05:07:51Z</time>
        <extensions>
          <geotracker:meta c="4.02" s="26.79" />
        </extensions>
      </trkpt>
      <trkpt lat="-14.80841402" lon="131.92476347">
        <ele>171.54</ele>
        <time>2026-09-12T05:08:00Z</time>
        <extensions>
          <geotracker:meta c="4.02" s="27.53" />
        </extensions>
      </trkpt>
      <trkpt lat="-14.80982987" lon="131.92302233">
        <ele>168.76</ele>
        <time>2026-09-12T05:08:09Z</time>
        <extensions>
          <geotracker:meta c="4.01" s="26.81" />
        </extensions>
      </trkpt>
      <trkpt lat="-14.81123634" lon="131.9212944">
        <ele>164.73</ele>
        <time>2026-09-12T05:08:18Z</time>
        <extensions>
          <geotracker:meta c="3.98" s="27.57" />
        </extensions>
      </trkpt>
      <trkpt lat="-14.81284869" lon="131.91971437">
        <ele>158.91</ele>
        <time>2026-09-12T05:08:27Z</time>
        <extensions>
          <geotracker:meta c="3.84" s="26.68" />
        </extensions>
      </trkpt>
      <trkpt lat="-14.81457897" lon="131.91844899">
        <ele>159.42</ele>
        <time>2026-09-12T05:08:36Z</time>
        <extensions>
          <geotracker:meta c="3.71" s="25.05" />
        </extensions>
      </trkpt>
      <trkpt lat="-14.8163821" lon="131.91746731">
        <ele>160.65</ele>
        <time>2026-09-12T05:08:45Z</time>
        <extensions>
          <geotracker:meta c="3.56" s="25.56" />
        </extensions>
      </trkpt>
      <trkpt lat="-14.81832051" lon="131.91673764">
        <ele>163.93</ele>
        <time>2026-09-12T05:08:54Z</time>
        <extensions>
          <geotracker:meta c="3.43" s="25.34" />
        </extensions>
      </trkpt>
      <trkpt lat="-14.82253269" lon="131.91610095">
        <ele>164.12</ele>
        <time>2026-09-12T05:09:12Z</time>
        <extensions>
          <geotracker:meta c="3.16" s="26.98" />
        </extensions>
      </trkpt>
      <trkpt lat="-14.8247233" lon="131.91624792">
        <ele>165.21</ele>
        <time>2026-09-12T05:09:21Z</time>
        <extensions>
          <geotracker:meta c="3.01" s="26.82" />
        </extensions>
      </trkpt>
      <trkpt lat="-14.82680617" lon="131.91670681">
        <ele>166.39</ele>
        <time>2026-09-12T05:09:30Z</time>
        <extensions>
          <geotracker:meta c="2.89" s="25.96" />
        </extensions>
      </trkpt>
      <trkpt lat="-14.82882974" lon="131.91728417">
        <ele>167.8</ele>
        <time>2026-09-12T05:09:39Z</time>
        <extensions>
          <geotracker:meta c="2.87" s="25.68" />
        </extensions>
      </trkpt>
      <trkpt lat="-14.83084049" lon="131.91785321">
        <ele>168.59</ele>
        <time>2026-09-12T05:09:48Z</time>
        <extensions>
          <geotracker:meta c="2.87" s="25.22" />
        </extensions>
      </trkpt>
      <trkpt lat="-14.83280205" lon="131.91840702">
        <ele>169.27</ele>
        <time>2026-09-12T05:09:57Z</time>
        <extensions>
          <geotracker:meta c="2.88" s="25.31" />
        </extensions>
      </trkpt>
      <trkpt lat="-14.83479757" lon="131.91897045">
        <ele>170.03</ele>
        <time>2026-09-12T05:10:06Z</time>
        <extensions>
          <geotracker:meta c="2.87" s="25.4" />
        </extensions>
      </trkpt>
      <trkpt lat="-14.83678685" lon="131.91953254">
        <ele>170.41</ele>
        <time>2026-09-12T05:10:15Z</time>
        <extensions>
          <geotracker:meta c="2.87" s="25.34" />
        </extensions>
      </trkpt>
      <trkpt lat="-14.83885159" lon="131.92011599">
        <ele>169.03</ele>
        <time>2026-09-12T05:10:24Z</time>
        <extensions>
          <geotracker:meta c="2.88" s="27.24" />
        </extensions>
      </trkpt>
      <trkpt lat="-14.84309139" lon="131.92131925">
        <ele>170.68</ele>
        <time>2026-09-12T05:10:42Z</time>
        <extensions>
          <geotracker:meta c="2.87" s="26.17" />
        </extensions>
      </trkpt>
      <trkpt lat="-14.84514806" lon="131.92189627">
        <ele>173.64</ele>
        <time>2026-09-12T05:10:51Z</time>
        <extensions>
          <geotracker:meta c="2.87" s="26.41" />
        </extensions>
      </trkpt>
      <trkpt lat="-14.84717695" lon="131.92247111">
        <ele>174.52</ele>
        <time>2026-09-12T05:11:00Z</time>
        <extensions>
          <geotracker:meta c="2.87" s="25.02" />
        </extensions>
      </trkpt>
      <trkpt lat="-14.84914249" lon="131.92302497">
        <ele>174.57</ele>
        <time>2026-09-12T05:11:09Z</time>
        <extensions>
          <geotracker:meta c="2.87" s="25.67" />
        </extensions>
      </trkpt>
      <trkpt lat="-14.85120165" lon="131.92361113">
        <ele>174.61</ele>
        <time>2026-09-12T05:11:18Z</time>
        <extensions>
          <geotracker:meta c="2.87" s="26.41" />
        </extensions>
      </trkpt>
      <trkpt lat="-14.85329924" lon="131.92409547">
        <ele>174.97</ele>
        <time>2026-09-12T05:11:27Z</time>
        <extensions>
          <geotracker:meta c="2.98" s="26.22" />
        </extensions>
      </trkpt>
      <trkpt lat="-14.85541235" lon="131.92432324">
        <ele>174.68</ele>
        <time>2026-09-12T05:11:36Z</time>
        <extensions>
          <geotracker:meta c="3.09" s="26.39" />
        </extensions>
      </trkpt>
      <trkpt lat="-14.85756578" lon="131.92429582">
        <ele>174.85</ele>
        <time>2026-09-12T05:11:45Z</time>
        <extensions>
          <geotracker:meta c="3.21" s="25.67" />
        </extensions>
      </trkpt>
      <trkpt lat="-14.859609" lon="131.92402352">
        <ele>175.06</ele>
        <time>2026-09-12T05:11:54Z</time>
        <extensions>
          <geotracker:meta c="3.33" s="25.04" />
        </extensions>
      </trkpt>
      <trkpt lat="-14.86357514" lon="131.92274846">
        <ele>174.91</ele>
        <time>2026-09-12T05:12:12Z</time>
        <extensions>
          <geotracker:meta c="3.56" s="25.85" />
        </extensions>
      </trkpt>
      <trkpt lat="-14.86541767" lon="131.92177657">
        <ele>175.18</ele>
        <time>2026-09-12T05:12:21Z</time>
        <extensions>
          <geotracker:meta c="3.67" s="25.32" />
        </extensions>
      </trkpt>
      <trkpt lat="-14.86714209" lon="131.92058981">
        <ele>175.24</ele>
        <time>2026-09-12T05:12:30Z</time>
        <extensions>
          <geotracker:meta c="3.79" s="26.12" />
        </extensions>
      </trkpt>
      <trkpt lat="-14.86878347" lon="131.9191459">
        <ele>175.62</ele>
        <time>2026-09-12T05:12:39Z</time>
        <extensions>
          <geotracker:meta c="3.91" s="26.53" />
        </extensions>
      </trkpt>
      <trkpt lat="-14.87034484" lon="131.91759144">
        <ele>173.08</ele>
        <time>2026-09-12T05:12:48Z</time>
        <extensions>
          <geotracker:meta c="3.91" s="27.02" />
        </extensions>
      </trkpt>
      <trkpt lat="-14.87191869" lon="131.91600076">
        <ele>171.27</ele>
        <time>2026-09-12T05:12:57Z</time>
        <extensions>
          <geotracker:meta c="3.92" s="26.81" />
        </extensions>
      </trkpt>
      <trkpt lat="-14.87346455" lon="131.91444782">
        <ele>171.42</ele>
        <time>2026-09-12T05:13:06Z</time>
        <extensions>
          <geotracker:meta c="3.92" s="26.81" />
        </extensions>
      </trkpt>
      <trkpt lat="-14.8750442" lon="131.91287772">
        <ele>172.57</ele>
        <time>2026-09-12T05:13:15Z</time>
        <extensions>
          <geotracker:meta c="3.91" s="27.13" />
        </extensions>
      </trkpt>
      <trkpt lat="-14.87663519" lon="131.91128826">
        <ele>174.67</ele>
        <time>2026-09-12T05:13:24Z</time>
        <extensions>
          <geotracker:meta c="3.91" s="26.97" />
        </extensions>
      </trkpt>
      <trkpt lat="-14.8796839" lon="131.90823095">
        <ele>179.95</ele>
        <time>2026-09-12T05:13:42Z</time>
        <extensions>
          <geotracker:meta c="3.92" s="25.75" />
        </extensions>
      </trkpt>
      <trkpt lat="-14.88119017" lon="131.90672196">
        <ele>185.07</ele>
        <time>2026-09-12T05:13:51Z</time>
        <extensions>
          <geotracker:meta c="3.92" s="25.73" />
        </extensions>
      </trkpt>
      <trkpt lat="-14.88267125" lon="131.90522916">
        <ele>189.93</ele>
        <time>2026-09-12T05:14:00Z</time>
        <extensions>
          <geotracker:meta c="3.91" s="25.85" />
        </extensions>
      </trkpt>
      <trkpt lat="-14.88421817" lon="131.9036787">
        <ele>191.24</ele>
        <time>2026-09-12T05:14:09Z</time>
        <extensions>
          <geotracker:meta c="3.92" s="26.9" />
        </extensions>
      </trkpt>
      <trkpt lat="-14.88580163" lon="131.9021445">
        <ele>192.93</ele>
        <time>2026-09-12T05:14:18Z</time>
        <extensions>
          <geotracker:meta c="3.83" s="26.43" />
        </extensions>
      </trkpt>
      <trkpt lat="-14.88760029" lon="131.90100401">
        <ele>194.48</ele>
        <time>2026-09-12T05:14:27Z</time>
        <extensions>
          <geotracker:meta c="3.58" s="25.97" />
        </extensions>
      </trkpt>
      <trkpt lat="-14.88959989" lon="131.90027769">
        <ele>196.19</ele>
        <time>2026-09-12T05:14:36Z</time>
        <extensions>
          <geotracker:meta c="3.45" s="26.62" />
        </extensions>
      </trkpt>
      <trkpt lat="-14.89165664" lon="131.89960765">
        <ele>200.12</ele>
        <time>2026-09-12T05:14:45Z</time>
        <extensions>
          <geotracker:meta c="3.44" s="26.28" />
        </extensions>
      </trkpt>
      <trkpt lat="-14.89366789" lon="131.89894711">
        <ele>204.68</ele>
        <time>2026-09-12T05:14:54Z</time>
        <extensions>
          <geotracker:meta c="3.45" s="25.77" />
        </extensions>
      </trkpt>
      <trkpt lat="-14.89754621" lon="131.89769021">
        <ele>206.81</ele>
        <time>2026-09-12T05:15:12Z</time>
        <extensions>
          <geotracker:meta c="3.45" s="24.72" />
        </extensions>
      </trkpt>
      <trkpt lat="-14.89950653" lon="131.8970447">
        <ele>204.11</ele>
        <time>2026-09-12T05:15:21Z</time>
        <extensions>
          <geotracker:meta c="3.45" s="25.8" />
        </extensions>
      </trkpt>
      <trkpt lat="-14.9015215" lon="131.89639266">
        <ele>201.83</ele>
        <time>2026-09-12T05:15:30Z</time>
        <extensions>
          <geotracker:meta c="3.45" s="26.29" />
        </extensions>
      </trkpt>
      <trkpt lat="-14.90357536" lon="131.89572182">
        <ele>202.46</ele>
        <time>2026-09-12T05:15:39Z</time>
        <extensions>
          <geotracker:meta c="3.44" s="26.15" />
        </extensions>
      </trkpt>
      <trkpt lat="-14.90551618" lon="131.89487694">
        <ele>203.73</ele>
        <time>2026-09-12T05:15:48Z</time>
        <extensions>
          <geotracker:meta c="3.66" s="26.24" />
        </extensions>
      </trkpt>
      <trkpt lat="-14.90725402" lon="131.89352176">
        <ele>200.88</ele>
        <time>2026-09-12T05:15:57Z</time>
        <extensions>
          <geotracker:meta c="3.9" s="27.62" />
        </extensions>
      </trkpt>
      <trkpt lat="-14.90891808" lon="131.89191156">
        <ele>197.01</ele>
        <time>2026-09-12T05:16:06Z</time>
        <extensions>
          <geotracker:meta c="3.9" s="27.92" />
        </extensions>
      </trkpt>
      <trkpt lat="-14.91056286" lon="131.89031577">
        <ele>193.4</ele>
        <time>2026-09-12T05:16:15Z</time>
        <extensions>
          <geotracker:meta c="3.88" s="27.82" />
        </extensions>
      </trkpt>
      <trkpt lat="-14.91217115" lon="131.88876819">
        <ele>193.68</ele>
        <time>2026-09-12T05:16:24Z</time>
        <extensions>
          <geotracker:meta c="3.9" s="26.33" />
        </extensions>
      </trkpt>
      <trkpt lat="-14.91522272" lon="131.88581739">
        <ele>193.27</ele>
        <time>2026-09-12T05:16:42Z</time>
        <extensions>
          <geotracker:meta c="3.9" s="25.57" />
        </extensions>
      </trkpt>
      <trkpt lat="-14.91671416" lon="131.88438366">
        <ele>194.98</ele>
        <time>2026-09-12T05:16:51Z</time>
        <extensions>
          <geotracker:meta c="3.9" s="25.51" />
        </extensions>
      </trkpt>
      <trkpt lat="-14.91828175" lon="131.88287448">
        <ele>190.6</ele>
        <time>2026-09-12T05:17:00Z</time>
        <extensions>
          <geotracker:meta c="3.89" s="27.2" />
        </extensions>
      </trkpt>
      <trkpt lat="-14.91993802" lon="131.88127958">
        <ele>184.52</ele>
        <time>2026-09-12T05:17:09Z</time>
        <extensions>
          <geotracker:meta c="3.89" s="28.63" />
        </extensions>
      </trkpt>
      <trkpt lat="-14.9216303" lon="131.87964198">
        <ele>181.86</ele>
        <time>2026-09-12T05:17:18Z</time>
        <extensions>
          <geotracker:meta c="3.89" s="28.25" />
        </extensions>
      </trkpt>
      <trkpt lat="-14.92340538" lon="131.87812852">
        <ele>181.11</ele>
        <time>2026-09-12T05:17:27Z</time>
        <extensions>
          <geotracker:meta c="3.77" s="27.86" />
        </extensions>
      </trkpt>
      <trkpt lat="-14.92526797" lon="131.87689932">
        <ele>181.16</ele>
        <time>2026-09-12T05:17:36Z</time>
        <extensions>
          <geotracker:meta c="3.65" s="26.54" />
        </extensions>
      </trkpt>
      <trkpt lat="-14.92715651" lon="131.87596079">
        <ele>181.86</ele>
        <time>2026-09-12T05:17:45Z</time>
        <extensions>
          <geotracker:meta c="3.52" s="25.65" />
        </extensions>
      </trkpt>
      <trkpt lat="-14.92912626" lon="131.87522518">
        <ele>185.59</ele>
        <time>2026-09-12T05:17:54Z</time>
        <extensions>
          <geotracker:meta c="3.47" s="25.97" />
        </extensions>
      </trkpt>
      <trkpt lat="-14.93313644" lon="131.87380184">
        <ele>191.18</ele>
        <time>2026-09-12T05:18:12Z</time>
        <extensions>
          <geotracker:meta c="3.48" s="26.35" />
        </extensions>
      </trkpt>
      <trkpt lat="-14.93519374" lon="131.8730733">
        <ele>193.04</ele>
        <time>2026-09-12T05:18:21Z</time>
        <extensions>
          <geotracker:meta c="3.47" s="27.15" />
        </extensions>
      </trkpt>
      <trkpt lat="-14.93730557" lon="131.87232176">
        <ele>192.38</ele>
        <time>2026-09-12T05:18:30Z</time>
        <extensions>
          <geotracker:meta c="3.47" s="27.09" />
        </extensions>
      </trkpt>
      <trkpt lat="-14.93937659" lon="131.87158382">
        <ele>193.25</ele>
        <time>2026-09-12T05:18:39Z</time>
        <extensions>
          <geotracker:meta c="3.47" s="26.93" />
        </extensions>
      </trkpt>
      <trkpt lat="-14.94144824" lon="131.8708548">
        <ele>192.42</ele>
        <time>2026-09-12T05:18:48Z</time>
        <extensions>
          <geotracker:meta c="3.47" s="26.82" />
        </extensions>
      </trkpt>
      <trkpt lat="-14.94345935" lon="131.87003715">
        <ele>197.03</ele>
        <time>2026-09-12T05:18:57Z</time>
        <extensions>
          <geotracker:meta c="3.6" s="26.13" />
        </extensions>
      </trkpt>
      <trkpt lat="-14.94527159" lon="131.86896141">
        <ele>204.66</ele>
        <time>2026-09-12T05:19:06Z</time>
        <extensions>
          <geotracker:meta c="3.74" s="25.1" />
        </extensions>
      </trkpt>
      <trkpt lat="-14.94689186" lon="131.86763003">
        <ele>206.24</ele>
        <time>2026-09-12T05:19:15Z</time>
        <extensions>
          <geotracker:meta c="3.89" s="26.18" />
        </extensions>
      </trkpt>
      <trkpt lat="-14.94836424" lon="131.86597987">
        <ele>209.36</ele>
        <time>2026-09-12T05:19:24Z</time>
        <extensions>
          <geotracker:meta c="4.05" s="27.45" />
        </extensions>
      </trkpt>
      <trkpt lat="-14.95064506" lon="131.86202687">
        <ele>221.28</ele>
        <time>2026-09-12T05:19:42Z</time>
        <extensions>
          <geotracker:meta c="4.22" s="27.65" />
        </extensions>
      </trkpt>
      <trkpt lat="-14.95168198" lon="131.86003106">
        <ele>220.25</ele>
        <time>2026-09-12T05:19:51Z</time>
        <extensions>
          <geotracker:meta c="4.22" s="25.65" />
        </extensions>
      </trkpt>
      <trkpt lat="-14.95264099" lon="131.85818984">
        <ele>219.65</ele>
        <time>2026-09-12T05:20:00Z</time>
        <extensions>
          <geotracker:meta c="4.22" s="24.86" />
        </extensions>
      </trkpt>
      <trkpt lat="-14.95360804" lon="131.85634852">
        <ele>224.63</ele>
        <time>2026-09-12T05:20:09Z</time>
        <extensions>
          <geotracker:meta c="4.22" s="24.89" />
        </extensions>
      </trkpt>
      <trkpt lat="-14.95458229" lon="131.8544739">
        <ele>226.15</ele>
        <time>2026-09-12T05:20:18Z</time>
        <extensions>
          <geotracker:meta c="4.22" s="26.18" />
        </extensions>
      </trkpt>
      <trkpt lat="-14.95558263" lon="131.85255225">
        <ele>225.04</ele>
        <time>2026-09-12T05:20:27Z</time>
        <extensions>
          <geotracker:meta c="4.21" s="25.8" />
        </extensions>
      </trkpt>
      <trkpt lat="-14.95658349" lon="131.85064035">
        <ele>226.53</ele>
        <time>2026-09-12T05:20:36Z</time>
        <extensions>
          <geotracker:meta c="4.22" s="26.05" />
        </extensions>
      </trkpt>
      <trkpt lat="-14.95759524" lon="131.84878002">
        <ele>228.22</ele>
        <time>2026-09-12T05:20:45Z</time>
        <extensions>
          <geotracker:meta c="4.14" s="25.57" />
        </extensions>
      </trkpt>
      <trkpt lat="-14.95893718" lon="131.84715418">
        <ele>227.48</ele>
        <time>2026-09-12T05:20:54Z</time>
        <extensions>
          <geotracker:meta c="3.91" s="25.44" />
        </extensions>
      </trkpt>
      <trkpt lat="-14.96205183" lon="131.84411176">
        <ele>227.69</ele>
        <time>2026-09-12T05:21:12Z</time>
        <extensions>
          <geotracker:meta c="3.9" s="27.38" />
        </extensions>
      </trkpt>
      <trkpt lat="-14.96367286" lon="131.84251923">
        <ele>228.67</ele>
        <time>2026-09-12T05:21:21Z</time>
        <extensions>
          <geotracker:meta c="3.9" s="27.61" />
        </extensions>
      </trkpt>
      <trkpt lat="-14.96530862" lon="131.84091032">
        <ele>230.57</ele>
        <time>2026-09-12T05:21:30Z</time>
        <extensions>
          <geotracker:meta c="3.9" s="27.34" />
        </extensions>
      </trkpt>
      <trkpt lat="-14.966864" lon="131.83937874">
        <ele>227.68</ele>
        <time>2026-09-12T05:21:39Z</time>
        <extensions>
          <geotracker:meta c="3.91" s="26.38" />
        </extensions>
      </trkpt>
      <trkpt lat="-14.96834341" lon="131.83777292">
        <ele>221.77</ele>
        <time>2026-09-12T05:21:48Z</time>
        <extensions>
          <geotracker:meta c="3.98" s="25.89" />
        </extensions>
      </trkpt>
      <trkpt lat="-14.96972723" lon="131.83617124">
        <ele>219.26</ele>
        <time>2026-09-12T05:21:57Z</time>
        <extensions>
          <geotracker:meta c="3.99" s="25.49" />
        </extensions>
      </trkpt>
      <trkpt lat="-14.971055" lon="131.83463597">
        <ele>220.88</ele>
        <time>2026-09-12T05:22:06Z</time>
        <extensions>
          <geotracker:meta c="3.98" s="23.65" />
        </extensions>
      </trkpt>
      <trkpt lat="-14.97234834" lon="131.83313682">
        <ele>219.88</ele>
        <time>2026-09-12T05:22:15Z</time>
        <extensions>
          <geotracker:meta c="3.98" s="24.36" />
        </extensions>
      </trkpt>
      <trkpt lat="-14.97370104" lon="131.83156959">
        <ele>215.7</ele>
        <time>2026-09-12T05:22:24Z</time>
        <extensions>
          <geotracker:meta c="3.98" s="25.98" />
        </extensions>
      </trkpt>
      <trkpt lat="-14.97635336" lon="131.82851158">
        <ele>214.2</ele>
        <time>2026-09-12T05:22:42Z</time>
        <extensions>
          <geotracker:meta c="3.98" s="23.14" />
        </extensions>
      </trkpt>
      <trkpt lat="-14.97766037" lon="131.82699302">
        <ele>213.28</ele>
        <time>2026-09-12T05:22:51Z</time>
        <extensions>
          <geotracker:meta c="3.98" s="25.04" />
        </extensions>
      </trkpt>
      <trkpt lat="-14.97903164" lon="131.82540023">
        <ele>212.58</ele>
        <time>2026-09-12T05:23:00Z</time>
        <extensions>
          <geotracker:meta c="3.98" s="25.23" />
        </extensions>
      </trkpt>
      <trkpt lat="-14.9803829" lon="131.82383797">
        <ele>215.41</ele>
        <time>2026-09-12T05:23:09Z</time>
        <extensions>
          <geotracker:meta c="3.98" s="24.69" />
        </extensions>
      </trkpt>
      <trkpt lat="-14.98172689" lon="131.82228611">
        <ele>217.42</ele>
        <time>2026-09-12T05:23:18Z</time>
        <extensions>
          <geotracker:meta c="3.98" s="24.64" />
        </extensions>
      </trkpt>
      <trkpt lat="-14.98306322" lon="131.82073747">
        <ele>217.02</ele>
        <time>2026-09-12T05:23:27Z</time>
        <extensions>
          <geotracker:meta c="3.98" s="24.66" />
        </extensions>
      </trkpt>
      <trkpt lat="-14.98435977" lon="131.81923743">
        <ele>217.66</ele>
        <time>2026-09-12T05:23:36Z</time>
        <extensions>
          <geotracker:meta c="3.98" s="23.64" />
        </extensions>
      </trkpt>
      <trkpt lat="-14.9856371" lon="131.81775447">
        <ele>221.45</ele>
        <time>2026-09-12T05:23:45Z</time>
        <extensions>
          <geotracker:meta c="3.98" s="23.31" />
        </extensions>
      </trkpt>
      <trkpt lat="-14.98690756" lon="131.81630554">
        <ele>224.06</ele>
        <time>2026-09-12T05:23:54Z</time>
        <extensions>
          <geotracker:meta c="3.95" s="23.41" />
        </extensions>
      </trkpt>
      <trkpt lat="-14.98993948" lon="131.81379915">
        <ele>231.52</ele>
        <time>2026-09-12T05:24:12Z</time>
        <extensions>
          <geotracker:meta c="3.76" s="24.14" />
        </extensions>
      </trkpt>
      <trkpt lat="-14.9915566" lon="131.81264191">
        <ele>231.28</ele>
        <time>2026-09-12T05:24:21Z</time>
        <extensions>
          <geotracker:meta c="3.75" s="24.42" />
        </extensions>
      </trkpt>
      <trkpt lat="-14.99321823" lon="131.81146107">
        <ele>234.23</ele>
        <time>2026-09-12T05:24:30Z</time>
        <extensions>
          <geotracker:meta c="3.75" s="24.4" />
        </extensions>
      </trkpt>
      <trkpt lat="-14.99486317" lon="131.81028741">
        <ele>236.89</ele>
        <time>2026-09-12T05:24:39Z</time>
        <extensions>
          <geotracker:meta c="3.74" s="24.42" />
        </extensions>
      </trkpt>
      <trkpt lat="-14.99646223" lon="131.80909758">
        <ele>236.44</ele>
        <time>2026-09-12T05:24:48Z</time>
        <extensions>
          <geotracker:meta c="3.83" s="24.49" />
        </extensions>
      </trkpt>
      <trkpt lat="-14.99787584" lon="131.80755618">
        <ele>232.89</ele>
        <time>2026-09-12T05:24:57Z</time>
        <extensions>
          <geotracker:meta c="4.07" s="25.95" />
        </extensions>
      </trkpt>
      <trkpt lat="-14.99891772" lon="131.80565942">
        <ele>231.55</ele>
        <time>2026-09-12T05:25:06Z</time>
        <extensions>
          <geotracker:meta c="4.31" s="25.91" />
        </extensions>
      </trkpt>
      <trkpt lat="-14.99960283" lon="131.80365261">
        <ele>234.87</ele>
        <time>2026-09-12T05:25:15Z</time>
        <extensions>
          <geotracker:meta c="4.38" s="24.69" />
        </extensions>
      </trkpt>
      <trkpt lat="-15.00023862" lon="131.80170746">
        <ele>235.77</ele>
        <time>2026-09-12T05:25:24Z</time>
        <extensions>
          <geotracker:meta c="4.39" s="23.72" />
        </extensions>
      </trkpt>
      <trkpt lat="-15.00150061" lon="131.79787535">
        <ele>232.7</ele>
        <time>2026-09-12T05:25:42Z</time>
        <extensions>
          <geotracker:meta c="4.37" s="24.26" />
        </extensions>
      </trkpt>
      <trkpt lat="-15.00235488" lon="131.79601556">
        <ele>232.47</ele>
        <time>2026-09-12T05:25:51Z</time>
        <extensions>
          <geotracker:meta c="4.17" s="24.98" />
        </extensions>
      </trkpt>
      <trkpt lat="-15.00361872" lon="131.79434419">
        <ele>233.61</ele>
        <time>2026-09-12T05:26:00Z</time>
        <extensions>
          <geotracker:meta c="3.95" s="25.79" />
        </extensions>
      </trkpt>
      <trkpt lat="-15.00524977" lon="131.79296204">
        <ele>235.66</ele>
        <time>2026-09-12T05:26:09Z</time>
        <extensions>
          <geotracker:meta c="3.72" s="26.26" />
        </extensions>
      </trkpt>
      <trkpt lat="-15.00717021" lon="131.79198047">
        <ele>236.85</ele>
        <time>2026-09-12T05:26:18Z</time>
        <extensions>
          <geotracker:meta c="3.49" s="26.38" />
        </extensions>
      </trkpt>
      <trkpt lat="-15.00918732" lon="131.79124917">
        <ele>238</ele>
        <time>2026-09-12T05:26:27Z</time>
        <extensions>
          <geotracker:meta c="3.48" s="26.57" />
        </extensions>
      </trkpt>
      <trkpt lat="-15.01124008" lon="131.790505">
        <ele>239.27</ele>
        <time>2026-09-12T05:26:36Z</time>
        <extensions>
          <geotracker:meta c="3.48" s="26.89" />
        </extensions>
      </trkpt>
      <trkpt lat="-15.01330657" lon="131.78975616">
        <ele>241.14</ele>
        <time>2026-09-12T05:26:45Z</time>
        <extensions>
          <geotracker:meta c="3.48" s="26.93" />
        </extensions>
      </trkpt>
      <trkpt lat="-15.01537346" lon="131.78900385">
        <ele>243.66</ele>
        <time>2026-09-12T05:26:54Z</time>
        <extensions>
          <geotracker:meta c="3.48" s="26.81" />
        </extensions>
      </trkpt>
      <trkpt lat="-15.01952686" lon="131.78750282">
        <ele>249.42</ele>
        <time>2026-09-12T05:27:12Z</time>
        <extensions>
          <geotracker:meta c="3.48" s="27.96" />
        </extensions>
      </trkpt>
      <trkpt lat="-15.02164886" lon="131.78673455">
        <ele>251.59</ele>
        <time>2026-09-12T05:27:21Z</time>
        <extensions>
          <geotracker:meta c="3.48" s="27.42" />
        </extensions>
      </trkpt>
      <trkpt lat="-15.02377072" lon="131.78596787">
        <ele>251.9</ele>
        <time>2026-09-12T05:27:30Z</time>
        <extensions>
          <geotracker:meta c="3.48" s="28" />
        </extensions>
      </trkpt>
      <trkpt lat="-15.02591022" lon="131.78519835">
        <ele>251.27</ele>
        <time>2026-09-12T05:27:39Z</time>
        <extensions>
          <geotracker:meta c="3.48" s="28.13" />
        </extensions>
      </trkpt>
      <trkpt lat="-15.02804801" lon="131.78442503">
        <ele>252.91</ele>
        <time>2026-09-12T05:27:48Z</time>
        <extensions>
          <geotracker:meta c="3.48" s="27.36" />
        </extensions>
      </trkpt>
      <trkpt lat="-15.03004822" lon="131.78352858">
        <ele>253.85</ele>
        <time>2026-09-12T05:27:57Z</time>
        <extensions>
          <geotracker:meta c="3.64" s="26.63" />
        </extensions>
      </trkpt>
      <trkpt lat="-15.03184789" lon="131.78225322">
        <ele>252.42</ele>
        <time>2026-09-12T05:28:06Z</time>
        <extensions>
          <geotracker:meta c="3.84" s="27.12" />
        </extensions>
      </trkpt>
      <trkpt lat="-15.03339876" lon="131.7806728">
        <ele>248.29</ele>
        <time>2026-09-12T05:28:15Z</time>
        <extensions>
          <geotracker:meta c="3.95" s="26.64" />
        </extensions>
      </trkpt>
      <trkpt lat="-15.03491459" lon="131.77908008">
        <ele>242.72</ele>
        <time>2026-09-12T05:28:24Z</time>
        <extensions>
          <geotracker:meta c="3.95" s="26.16" />
        </extensions>
      </trkpt>
      <trkpt lat="-15.0381384" lon="131.77608458">
        <ele>233.16</ele>
        <time>2026-09-12T05:28:42Z</time>
        <extensions>
          <geotracker:meta c="3.81" s="27.56" />
        </extensions>
      </trkpt>
      <trkpt lat="-15.03993271" lon="131.77462061">
        <ele>229.96</ele>
        <time>2026-09-12T05:28:51Z</time>
        <extensions>
          <geotracker:meta c="3.81" s="29.08" />
        </extensions>
      </trkpt>
      <trkpt lat="-15.04180658" lon="131.77309336">
        <ele>224.98</ele>
        <time>2026-09-12T05:29:00Z</time>
        <extensions>
          <geotracker:meta c="3.81" s="29.4" />
        </extensions>
      </trkpt>
      <trkpt lat="-15.04362528" lon="131.77161827">
        <ele>223.13</ele>
        <time>2026-09-12T05:29:09Z</time>
        <extensions>
          <geotracker:meta c="3.81" s="28.29" />
        </extensions>
      </trkpt>
      <trkpt lat="-15.04546191" lon="131.77011803">
        <ele>219.74</ele>
        <time>2026-09-12T05:29:18Z</time>
        <extensions>
          <geotracker:meta c="3.81" s="29.16" />
        </extensions>
      </trkpt>
      <trkpt lat="-15.04732192" lon="131.76860459">
        <ele>217.12</ele>
        <time>2026-09-12T05:29:27Z</time>
        <extensions>
          <geotracker:meta c="3.81" s="29.02" />
        </extensions>
      </trkpt>
      <trkpt lat="-15.04913387" lon="131.76706931">
        <ele>215.53</ele>
        <time>2026-09-12T05:29:36Z</time>
        <extensions>
          <geotracker:meta c="3.89" s="29.59" />
        </extensions>
      </trkpt>
      <trkpt lat="-15.05078029" lon="131.76520333">
        <ele>213.76</ele>
        <time>2026-09-12T05:29:45Z</time>
        <extensions>
          <geotracker:meta c="4.06" s="29.38" />
        </extensions>
      </trkpt>
      <trkpt lat="-15.05213675" lon="131.76335526">
        <ele>212.33</ele>
        <time>2026-09-12T05:29:54Z</time>
        <extensions>
          <geotracker:meta c="4.07" s="27.58" />
        </extensions>
      </trkpt>
      <trkpt lat="-15.05486773" lon="131.75961748">
        <ele>210.64</ele>
        <time>2026-09-12T05:30:12Z</time>
        <extensions>
          <geotracker:meta c="4.08" s="27.13" />
        </extensions>
      </trkpt>
      <trkpt lat="-15.05615473" lon="131.75785933">
        <ele>209.52</ele>
        <time>2026-09-12T05:30:21Z</time>
        <extensions>
          <geotracker:meta c="4.08" s="26.54" />
        </extensions>
      </trkpt>
      <trkpt lat="-15.05746991" lon="131.75606585">
        <ele>208.34</ele>
        <time>2026-09-12T05:30:30Z</time>
        <extensions>
          <geotracker:meta c="4.07" s="26.97" />
        </extensions>
      </trkpt>
      <trkpt lat="-15.05895917" lon="131.75439462">
        <ele>206.55</ele>
        <time>2026-09-12T05:30:39Z</time>
        <extensions>
          <geotracker:meta c="3.91" s="26.76" />
        </extensions>
      </trkpt>
      <trkpt lat="-15.06068027" lon="131.75299237">
        <ele>205.69</ele>
        <time>2026-09-12T05:30:48Z</time>
        <extensions>
          <geotracker:meta c="3.73" s="27.12" />
        </extensions>
      </trkpt>
      <trkpt lat="-15.06256653" lon="131.75183919">
        <ele>205.64</ele>
        <time>2026-09-12T05:30:57Z</time>
        <extensions>
          <geotracker:meta c="3.67" s="26.94" />
        </extensions>
      </trkpt>
      <trkpt lat="-15.06445945" lon="131.75071801">
        <ele>205.54</ele>
        <time>2026-09-12T05:31:06Z</time>
        <extensions>
          <geotracker:meta c="3.67" s="26.45" />
        </extensions>
      </trkpt>
      <trkpt lat="-15.06627194" lon="131.74963231">
        <ele>206.09</ele>
        <time>2026-09-12T05:31:15Z</time>
        <extensions>
          <geotracker:meta c="3.7" s="26.16" />
        </extensions>
      </trkpt>
      <trkpt lat="-15.06794374" lon="131.74823218">
        <ele>205.58</ele>
        <time>2026-09-12T05:31:24Z</time>
        <extensions>
          <geotracker:meta c="3.94" s="26.72" />
        </extensions>
      </trkpt>
      <trkpt lat="-15.07011708" lon="131.74446313">
        <ele>201.91</ele>
        <time>2026-09-12T05:31:42Z</time>
        <extensions>
          <geotracker:meta c="4.28" s="25" />
        </extensions>
      </trkpt>
      <trkpt lat="-15.07097882" lon="131.74260569">
        <ele>204.8</ele>
        <time>2026-09-12T05:31:51Z</time>
        <extensions>
          <geotracker:meta c="4.2" s="23.63" />
        </extensions>
      </trkpt>
      <trkpt lat="-15.07211695" lon="131.74107193">
        <ele>209.32</ele>
        <time>2026-09-12T05:32:00Z</time>
        <extensions>
          <geotracker:meta c="3.93" s="22.8" />
        </extensions>
      </trkpt>
      <trkpt lat="-15.07355769" lon="131.73983219">
        <ele>213.81</ele>
        <time>2026-09-12T05:32:09Z</time>
        <extensions>
          <geotracker:meta c="3.82" s="23.53" />
        </extensions>
      </trkpt>
      <trkpt lat="-15.07511794" lon="131.73854562">
        <ele>214.4</ele>
        <time>2026-09-12T05:32:18Z</time>
        <extensions>
          <geotracker:meta c="3.81" s="25.5" />
        </extensions>
      </trkpt>
      <trkpt lat="-15.07677294" lon="131.73718899">
        <ele>215.2</ele>
        <time>2026-09-12T05:32:27Z</time>
        <extensions>
          <geotracker:meta c="3.82" s="26.44" />
        </extensions>
      </trkpt>
      <trkpt lat="-15.07847417" lon="131.73578709">
        <ele>216.74</ele>
        <time>2026-09-12T05:32:36Z</time>
        <extensions>
          <geotracker:meta c="3.82" s="27.03" />
        </extensions>
      </trkpt>
      <trkpt lat="-15.08020041" lon="131.73436775">
        <ele>215.25</ele>
        <time>2026-09-12T05:32:45Z</time>
        <extensions>
          <geotracker:meta c="3.81" s="27.25" />
        </extensions>
      </trkpt>
      <trkpt lat="-15.08195768" lon="131.7329162">
        <ele>215.31</ele>
        <time>2026-09-12T05:32:54Z</time>
        <extensions>
          <geotracker:meta c="3.81" s="27.79" />
        </extensions>
      </trkpt>
      <trkpt lat="-15.08541853" lon="131.73007293">
        <ele>217.41</ele>
        <time>2026-09-12T05:33:12Z</time>
        <extensions>
          <geotracker:meta c="3.82" s="26.7" />
        </extensions>
      </trkpt>
      <trkpt lat="-15.08711044" lon="131.72868637">
        <ele>217.24</ele>
        <time>2026-09-12T05:33:21Z</time>
        <extensions>
          <geotracker:meta c="3.82" s="26.3" />
        </extensions>
      </trkpt>
      <trkpt lat="-15.08894793" lon="131.72717009">
        <ele>216.87</ele>
        <time>2026-09-12T05:33:31Z</time>
        <extensions>
          <geotracker:meta c="3.82" s="25.94" />
        </extensions>
      </trkpt>
      <trkpt lat="-15.09059694" lon="131.72581048">
        <ele>217.28</ele>
        <time>2026-09-12T05:33:40Z</time>
        <extensions>
          <geotracker:meta c="3.82" s="25.77" />
        </extensions>
      </trkpt>
      <trkpt lat="-15.09223719" lon="131.72445895">
        <ele>218.21</ele>
        <time>2026-09-12T05:33:49Z</time>
        <extensions>
          <geotracker:meta c="3.82" s="26.32" />
        </extensions>
      </trkpt>
      <trkpt lat="-15.09389086" lon="131.72309328">
        <ele>220.62</ele>
        <time>2026-09-12T05:33:58Z</time>
        <extensions>
          <geotracker:meta c="3.82" s="25.88" />
        </extensions>
      </trkpt>
      <trkpt lat="-15.09555528" lon="131.72171879">
        <ele>221.82</ele>
        <time>2026-09-12T05:34:07Z</time>
        <extensions>
          <geotracker:meta c="3.82" s="26.47" />
        </extensions>
      </trkpt>
      <trkpt lat="-15.09720919" lon="131.72035069">
        <ele>222.31</ele>
        <time>2026-09-12T05:34:16Z</time>
        <extensions>
          <geotracker:meta c="3.82" s="26.18" />
        </extensions>
      </trkpt>
      <trkpt lat="-15.09885942" lon="131.71898699">
        <ele>224.53</ele>
        <time>2026-09-12T05:34:25Z</time>
        <extensions>
          <geotracker:meta c="3.82" s="25.68" />
        </extensions>
      </trkpt>
      <trkpt lat="-15.10049671" lon="131.71763093">
        <ele>225.91</ele>
        <time>2026-09-12T05:34:34Z</time>
        <extensions>
          <geotracker:meta c="3.82" s="25.64" />
        </extensions>
      </trkpt>
      <trkpt lat="-15.10374095" lon="131.71494477">
        <ele>225.18</ele>
        <time>2026-09-12T05:34:52Z</time>
        <extensions>
          <geotracker:meta c="3.82" s="26.19" />
        </extensions>
      </trkpt>
      <trkpt lat="-15.10539536" lon="131.71356691">
        <ele>225.69</ele>
        <time>2026-09-12T05:35:01Z</time>
        <extensions>
          <geotracker:meta c="3.82" s="26.13" />
        </extensions>
      </trkpt>
      <trkpt lat="-15.10706293" lon="131.71218096">
        <ele>225.06</ele>
        <time>2026-09-12T05:35:10Z</time>
        <extensions>
          <geotracker:meta c="3.82" s="26.6" />
        </extensions>
      </trkpt>
      <trkpt lat="-15.10888911" lon="131.71089696">
        <ele>222.99</ele>
        <time>2026-09-12T05:35:19Z</time>
        <extensions>
          <geotracker:meta c="3.66" s="27.74" />
        </extensions>
      </trkpt>
      <trkpt lat="-15.11083005" lon="131.70976186">
        <ele>219</ele>
        <time>2026-09-12T05:35:28Z</time>
        <extensions>
          <geotracker:meta c="3.65" s="27.33" />
        </extensions>
      </trkpt>
      <trkpt lat="-15.11276502" lon="131.7086396">
        <ele>222.86</ele>
        <time>2026-09-12T05:35:37Z</time>
        <extensions>
          <geotracker:meta c="3.66" s="26.98" />
        </extensions>
      </trkpt>
      <trkpt lat="-15.11466062" lon="131.70753365">
        <ele>226.06</ele>
        <time>2026-09-12T05:35:46Z</time>
        <extensions>
          <geotracker:meta c="3.65" s="26.57" />
        </extensions>
      </trkpt>
      <trkpt lat="-15.11652063" lon="131.70645893">
        <ele>229.15</ele>
        <time>2026-09-12T05:35:55Z</time>
        <extensions>
          <geotracker:meta c="3.65" s="25.72" />
        </extensions>
      </trkpt>
      <trkpt lat="-15.11826199" lon="131.70535226">
        <ele>228.88</ele>
        <time>2026-09-12T05:36:04Z</time>
        <extensions>
          <geotracker:meta c="3.81" s="24.74" />
        </extensions>
      </trkpt>
      <trkpt lat="-15.11975606" lon="131.70360683">
        <ele>228.2</ele>
        <time>2026-09-12T05:36:14Z</time>
        <extensions>
          <geotracker:meta c="4.07" s="25.3" />
        </extensions>
      </trkpt>
      <trkpt lat="-15.12228014" lon="131.70013025">
        <ele>228.43</ele>
        <time>2026-09-12T05:36:32Z</time>
        <extensions>
          <geotracker:meta c="4.07" s="26.35" />
        </extensions>
      </trkpt>
      <trkpt lat="-15.12356538" lon="131.69835831">
        <ele>226.68</ele>
        <time>2026-09-12T05:36:41Z</time>
        <extensions>
          <geotracker:meta c="4.08" s="26.43" />
        </extensions>
      </trkpt>
      <trkpt lat="-15.1248355" lon="131.6966116">
        <ele>227.65</ele>
        <time>2026-09-12T05:36:50Z</time>
        <extensions>
          <geotracker:meta c="4.08" s="25.65" />
        </extensions>
      </trkpt>
      <trkpt lat="-15.12609117" lon="131.69487992">
        <ele>229.07</ele>
        <time>2026-09-12T05:36:59Z</time>
        <extensions>
          <geotracker:meta c="4.07" s="25.81" />
        </extensions>
      </trkpt>
      <trkpt lat="-15.12733942" lon="131.69315909">
        <ele>230.72</ele>
        <time>2026-09-12T05:37:08Z</time>
        <extensions>
          <geotracker:meta c="4.07" s="24.77" />
        </extensions>
      </trkpt>
      <trkpt lat="-15.12854605" lon="131.6915168">
        <ele>232.49</ele>
        <time>2026-09-12T05:37:17Z</time>
        <extensions>
          <geotracker:meta c="4.01" s="24.45" />
        </extensions>
      </trkpt>
      <trkpt lat="-15.13019777" lon="131.68997033">
        <ele>234.06</ele>
        <time>2026-09-12T05:37:27Z</time>
        <extensions>
          <geotracker:meta c="3.82" s="24.54" />
        </extensions>
      </trkpt>
      <trkpt lat="-15.13175071" lon="131.68869205">
        <ele>233.29</ele>
        <time>2026-09-12T05:37:36Z</time>
        <extensions>
          <geotracker:meta c="3.82" s="25.01" />
        </extensions>
      </trkpt>
      <trkpt lat="-15.1333621" lon="131.6873571">
        <ele>235.86</ele>
        <time>2026-09-12T05:37:45Z</time>
        <extensions>
          <geotracker:meta c="3.82" s="25.35" />
        </extensions>
      </trkpt>
      <trkpt lat="-15.13495231" lon="131.68604545">
        <ele>239.35</ele>
        <time>2026-09-12T05:37:54Z</time>
        <extensions>
          <geotracker:meta c="3.81" s="25.23" />
        </extensions>
      </trkpt>
      <trkpt lat="-15.13834588" lon="131.68396669">
        <ele>245.92</ele>
        <time>2026-09-12T05:38:12Z</time>
        <extensions>
          <geotracker:meta c="3.55" s="20.98" />
        </extensions>
      </trkpt>
      <trkpt lat="-15.1393071" lon="131.6836206">
        <ele>248.15</ele>
        <time>2026-09-12T05:38:21Z</time>
        <extensions>
          <geotracker:meta c="2.36" s="5.81" />
        </extensions>
      </trkpt>
      <trkpt lat="-15.13964505" lon="131.68399165">
        <ele>250.08</ele>
        <time>2026-09-12T05:38:39Z</time>
        <extensions>
          <geotracker:meta c="3.36" s="2.08" />
        </extensions>
      </trkpt>
      <trkpt lat="-15.1400625" lon="131.68364869">
        <ele>249.74</ele>
        <time>2026-09-12T05:39:06Z</time>
        <extensions>
          <geotracker:meta c="4.39" s="0.31" />
        </extensions>
      </trkpt>
      <trkpt lat="-15.14009202" lon="131.6836499">
        <ele>237.62</ele>
        <time>2026-09-12T06:01:03Z</time>
        <extensions>
          <geotracker:meta c="3.93" s="0.19" />
        </extensions>
      </trkpt>
      <trkpt lat="-15.14269983" lon="131.68173435">
        <ele>230.66</ele>
        <time>2026-09-12T06:04:03Z</time>
        <extensions>
          <geotracker:meta c="3.6" s="19.02" />
        </extensions>
      </trkpt>
      <trkpt lat="-15.14413277" lon="131.68098932">
        <ele>233.51</ele>
        <time>2026-09-12T06:04:12Z</time>
        <extensions>
          <geotracker:meta c="3.61" s="20.47" />
        </extensions>
      </trkpt>
      <trkpt lat="-15.14571612" lon="131.68017325">
        <ele>234.41</ele>
        <time>2026-09-12T06:04:21Z</time>
        <extensions>
          <geotracker:meta c="3.61" s="22.84" />
        </extensions>
      </trkpt>
      <trkpt lat="-15.14742726" lon="131.67929672">
        <ele>235.52</ele>
        <time>2026-09-12T06:04:30Z</time>
        <extensions>
          <geotracker:meta c="3.6" s="23.89" />
        </extensions>
      </trkpt>
      <trkpt lat="-15.14918455" lon="131.67839934">
        <ele>238.58</ele>
        <time>2026-09-12T06:04:39Z</time>
        <extensions>
          <geotracker:meta c="3.6" s="24.4" />
        </extensions>
      </trkpt>
      <trkpt lat="-15.15204752" lon="131.67563036">
        <ele>241.73</ele>
        <time>2026-09-12T06:04:57Z</time>
        <extensions>
          <geotracker:meta c="4.22" s="24.03" />
        </extensions>
      </trkpt>
      <trkpt lat="-15.15295047" lon="131.67384224">
        <ele>243.67</ele>
        <time>2026-09-12T06:05:06Z</time>
        <extensions>
          <geotracker:meta c="4.23" s="24.09" />
        </extensions>
      </trkpt>
      <trkpt lat="-15.15391236" lon="131.67210711">
        <ele>241.55</ele>
        <time>2026-09-12T06:05:15Z</time>
        <extensions>
          <geotracker:meta c="4.11" s="23.91" />
        </extensions>
      </trkpt>
      <trkpt lat="-15.15525455" lon="131.67064178">
        <ele>233.62</ele>
        <time>2026-09-12T06:05:24Z</time>
        <extensions>
          <geotracker:meta c="3.82" s="24.25" />
        </extensions>
      </trkpt>
      <trkpt lat="-15.15695297" lon="131.66959127">
        <ele>231.83</ele>
        <time>2026-09-12T06:05:33Z</time>
        <extensions>
          <geotracker:meta c="3.55" s="24.32" />
        </extensions>
      </trkpt>
      <trkpt lat="-15.15877988" lon="131.66879403">
        <ele>230.21</ele>
        <time>2026-09-12T06:05:42Z</time>
        <extensions>
          <geotracker:meta c="3.58" s="24.59" />
        </extensions>
      </trkpt>
      <trkpt lat="-15.16055231" lon="131.66778207">
        <ele>227.57</ele>
        <time>2026-09-12T06:05:51Z</time>
        <extensions>
          <geotracker:meta c="3.67" s="25.37" />
        </extensions>
      </trkpt>
      <trkpt lat="-15.16234177" lon="131.66670958">
        <ele>224.58</ele>
        <time>2026-09-12T06:06:00Z</time>
        <extensions>
          <geotracker:meta c="3.67" s="25.31" />
        </extensions>
      </trkpt>
      <trkpt lat="-15.16405272" lon="131.66568035">
        <ele>220.79</ele>
        <time>2026-09-12T06:06:09Z</time>
        <extensions>
          <geotracker:meta c="3.67" s="23.99" />
        </extensions>
      </trkpt>
      <trkpt lat="-15.16744018" lon="131.66363962">
        <ele>216.77</ele>
        <time>2026-09-12T06:06:27Z</time>
        <extensions>
          <geotracker:meta c="3.67" s="23.67" />
        </extensions>
      </trkpt>
      <trkpt lat="-15.16917967" lon="131.66266535">
        <ele>213.79</ele>
        <time>2026-09-12T06:06:36Z</time>
        <extensions>
          <geotracker:meta c="3.56" s="24.99" />
        </extensions>
      </trkpt>
      <trkpt lat="-15.17113021" lon="131.66196633">
        <ele>215.29</ele>
        <time>2026-09-12T06:06:45Z</time>
        <extensions>
          <geotracker:meta c="3.46" s="25.66" />
        </extensions>
      </trkpt>
      <trkpt lat="-15.17308657" lon="131.66129893">
        <ele>217.85</ele>
        <time>2026-09-12T06:06:54Z</time>
        <extensions>
          <geotracker:meta c="3.46" s="24.89" />
        </extensions>
      </trkpt>
      <trkpt lat="-15.17497595" lon="131.66066252">
        <ele>218.22</ele>
        <time>2026-09-12T06:07:03Z</time>
        <extensions>
          <geotracker:meta c="3.46" s="24.31" />
        </extensions>
      </trkpt>
      <trkpt lat="-15.17678781" lon="131.65987898">
        <ele>213.61</ele>
        <time>2026-09-12T06:07:12Z</time>
        <extensions>
          <geotracker:meta c="3.67" s="24.18" />
        </extensions>
      </trkpt>
      <trkpt lat="-15.17846798" lon="131.65883814">
        <ele>212.49</ele>
        <time>2026-09-12T06:07:21Z</time>
        <extensions>
          <geotracker:meta c="3.69" s="23.91" />
        </extensions>
      </trkpt>
      <trkpt lat="-15.18003755" lon="131.65765645">
        <ele>219.21</ele>
        <time>2026-09-12T06:07:30Z</time>
        <extensions>
          <geotracker:meta c="3.88" s="24.06" />
        </extensions>
      </trkpt>
      <trkpt lat="-15.18132339" lon="131.65606908">
        <ele>222.5</ele>
        <time>2026-09-12T06:07:39Z</time>
        <extensions>
          <geotracker:meta c="4.12" s="25.28" />
        </extensions>
      </trkpt>
      <trkpt lat="-15.18310329" lon="131.65215529">
        <ele>227.03</ele>
        <time>2026-09-12T06:07:57Z</time>
        <extensions>
          <geotracker:meta c="4.31" s="26.25" />
        </extensions>
      </trkpt>
      <trkpt lat="-15.18399867" lon="131.65018838">
        <ele>224.34</ele>
        <time>2026-09-12T06:08:06Z</time>
        <extensions>
          <geotracker:meta c="4.2" s="26.16" />
        </extensions>
      </trkpt>
      <trkpt lat="-15.18519366" lon="131.64842009">
        <ele>217.42</ele>
        <time>2026-09-12T06:08:15Z</time>
        <extensions>
          <geotracker:meta c="4.01" s="25.72" />
        </extensions>
      </trkpt>
      <trkpt lat="-15.18671256" lon="131.64690966">
        <ele>210.22</ele>
        <time>2026-09-12T06:08:24Z</time>
        <extensions>
          <geotracker:meta c="3.83" s="26.14" />
        </extensions>
      </trkpt>
      <trkpt lat="-15.18845578" lon="131.64575202">
        <ele>207.6</ele>
        <time>2026-09-12T06:08:33Z</time>
        <extensions>
          <geotracker:meta c="3.63" s="24.89" />
        </extensions>
      </trkpt>
      <trkpt lat="-15.19035372" lon="131.64496174">
        <ele>204.43</ele>
        <time>2026-09-12T06:08:42Z</time>
        <extensions>
          <geotracker:meta c="3.43" s="25.76" />
        </extensions>
      </trkpt>
      <trkpt lat="-15.19237447" lon="131.64428034">
        <ele>206.17</ele>
        <time>2026-09-12T06:08:51Z</time>
        <extensions>
          <geotracker:meta c="3.57" s="26.16" />
        </extensions>
      </trkpt>
      <trkpt lat="-15.19406701" lon="131.64300368">
        <ele>209.61</ele>
        <time>2026-09-12T06:09:00Z</time>
        <extensions>
          <geotracker:meta c="3.96" s="25.74" />
        </extensions>
      </trkpt>
      <trkpt lat="-15.19528043" lon="131.64130506">
        <ele>216.79</ele>
        <time>2026-09-12T06:09:09Z</time>
        <extensions>
          <geotracker:meta c="4.1" s="25.05" />
        </extensions>
      </trkpt>
      <trkpt lat="-15.19761125" lon="131.63788124">
        <ele>227.71</ele>
        <time>2026-09-12T06:09:27Z</time>
        <extensions>
          <geotracker:meta c="4.09" s="25.07" />
        </extensions>
      </trkpt>
      <trkpt lat="-15.19881506" lon="131.63611398">
        <ele>234</ele>
        <time>2026-09-12T06:09:36Z</time>
        <extensions>
          <geotracker:meta c="4.09" s="25.98" />
        </extensions>
      </trkpt>
      <trkpt lat="-15.19993239" lon="131.63427233">
        <ele>228.78</ele>
        <time>2026-09-12T06:09:45Z</time>
        <extensions>
          <geotracker:meta c="4.27" s="26.13" />
        </extensions>
      </trkpt>
      <trkpt lat="-15.20067262" lon="131.63224872">
        <ele>220.9</ele>
        <time>2026-09-12T06:09:54Z</time>
        <extensions>
          <geotracker:meta c="4.36" s="26.26" />
        </extensions>
      </trkpt>
      <trkpt lat="-15.20141042" lon="131.63015286">
        <ele>215.11</ele>
        <time>2026-09-12T06:10:03Z</time>
        <extensions>
          <geotracker:meta c="4.37" s="26.53" />
        </extensions>
      </trkpt>
      <trkpt lat="-15.20211003" lon="131.62815324">
        <ele>213.08</ele>
        <time>2026-09-12T06:10:12Z</time>
        <extensions>
          <geotracker:meta c="4.36" s="24.82" />
        </extensions>
      </trkpt>
      <trkpt lat="-15.20279599" lon="131.6261895">
        <ele>210.4</ele>
        <time>2026-09-12T06:10:21Z</time>
        <extensions>
          <geotracker:meta c="4.38" s="24.79" />
        </extensions>
      </trkpt>
      <trkpt lat="-15.20346432" lon="131.62428021">
        <ele>208.39</ele>
        <time>2026-09-12T06:10:30Z</time>
        <extensions>
          <geotracker:meta c="4.33" s="23.93" />
        </extensions>
      </trkpt>
      <trkpt lat="-15.20435596" lon="131.62246057">
        <ele>205.42</ele>
        <time>2026-09-12T06:10:39Z</time>
        <extensions>
          <geotracker:meta c="4.16" s="24.63" />
        </extensions>
      </trkpt>
      <trkpt lat="-15.20705865" lon="131.6193897">
        <ele>199.14</ele>
        <time>2026-09-12T06:10:57Z</time>
        <extensions>
          <geotracker:meta c="3.79" s="24.54" />
        </extensions>
      </trkpt>
      <trkpt lat="-15.20874515" lon="131.61829574">
        <ele>201.67</ele>
        <time>2026-09-12T06:11:06Z</time>
        <extensions>
          <geotracker:meta c="3.62" s="24.85" />
        </extensions>
      </trkpt>
      <trkpt lat="-15.21068236" lon="131.61750574">
        <ele>203.72</ele>
        <time>2026-09-12T06:11:15Z</time>
        <extensions>
          <geotracker:meta c="3.45" s="26.09" />
        </extensions>
      </trkpt>
      <trkpt lat="-15.21270027" lon="131.61685648">
        <ele>204.47</ele>
        <time>2026-09-12T06:11:24Z</time>
        <extensions>
          <geotracker:meta c="3.45" s="25.84" />
        </extensions>
      </trkpt>
      <trkpt lat="-15.21471561" lon="131.61620202">
        <ele>202.38</ele>
        <time>2026-09-12T06:11:33Z</time>
        <extensions>
          <geotracker:meta c="3.45" s="26.17" />
        </extensions>
      </trkpt>
      <trkpt lat="-15.21674452" lon="131.61555173">
        <ele>202.95</ele>
        <time>2026-09-12T06:11:42Z</time>
        <extensions>
          <geotracker:meta c="3.46" s="26.27" />
        </extensions>
      </trkpt>
      <trkpt lat="-15.21867162" lon="131.61469107">
        <ele>204.1</ele>
        <time>2026-09-12T06:11:51Z</time>
        <extensions>
          <geotracker:meta c="3.68" s="25.6" />
        </extensions>
      </trkpt>
      <trkpt lat="-15.22040004" lon="131.61351386">
        <ele>205.66</ele>
        <time>2026-09-12T06:12:00Z</time>
        <extensions>
          <geotracker:meta c="3.73" s="25.82" />
        </extensions>
      </trkpt>
      <trkpt lat="-15.22221044" lon="131.6122725">
        <ele>204.94</ele>
        <time>2026-09-12T06:12:09Z</time>
        <extensions>
          <geotracker:meta c="3.74" s="27.51" />
        </extensions>
      </trkpt>
      <trkpt lat="-15.22575243" lon="131.60984776">
        <ele>202.7</ele>
        <time>2026-09-12T06:12:27Z</time>
        <extensions>
          <geotracker:meta c="3.73" s="25.49" />
        </extensions>
      </trkpt>
      <trkpt lat="-15.2274302" lon="131.60870484">
        <ele>205.24</ele>
        <time>2026-09-12T06:12:36Z</time>
        <extensions>
          <geotracker:meta c="3.73" s="24.93" />
        </extensions>
      </trkpt>
      <trkpt lat="-15.22913585" lon="131.60752112">
        <ele>205.37</ele>
        <time>2026-09-12T06:12:45Z</time>
        <extensions>
          <geotracker:meta c="3.73" s="25.35" />
        </extensions>
      </trkpt>
      <trkpt lat="-15.23086688" lon="131.60633076">
        <ele>207.46</ele>
        <time>2026-09-12T06:12:54Z</time>
        <extensions>
          <geotracker:meta c="3.73" s="25.95" />
        </extensions>
      </trkpt>
      <trkpt lat="-15.23264864" lon="131.60511791">
        <ele>210.2</ele>
        <time>2026-09-12T06:13:03Z</time>
        <extensions>
          <geotracker:meta c="3.73" s="26.07" />
        </extensions>
      </trkpt>
      <trkpt lat="-15.23438845" lon="131.60392303">
        <ele>214.06</ele>
        <time>2026-09-12T06:13:12Z</time>
        <extensions>
          <geotracker:meta c="3.72" s="25.5" />
        </extensions>
      </trkpt>
      <trkpt lat="-15.23613778" lon="131.60272596">
        <ele>218.46</ele>
        <time>2026-09-12T06:13:21Z</time>
        <extensions>
          <geotracker:meta c="3.73" s="25.95" />
        </extensions>
      </trkpt>
      <trkpt lat="-15.23788309" lon="131.60151875">
        <ele>222.63</ele>
        <time>2026-09-12T06:13:30Z</time>
        <extensions>
          <geotracker:meta c="3.73" s="25.75" />
        </extensions>
      </trkpt>
      <trkpt lat="-15.23961643" lon="131.6003478">
        <ele>226.88</ele>
        <time>2026-09-12T06:13:39Z</time>
        <extensions>
          <geotracker:meta c="3.67" s="25.58" />
        </extensions>
      </trkpt>
      <trkpt lat="-15.24349458" lon="131.59850807">
        <ele>217.09</ele>
        <time>2026-09-12T06:13:57Z</time>
        <extensions>
          <geotracker:meta c="3.55" s="26.26" />
        </extensions>
      </trkpt>
      <trkpt lat="-15.24543983" lon="131.59762104">
        <ele>213.08</ele>
        <time>2026-09-12T06:14:06Z</time>
        <extensions>
          <geotracker:meta c="3.56" s="25.88" />
        </extensions>
      </trkpt>
      <trkpt lat="-15.24724963" lon="131.59678177">
        <ele>212.17</ele>
        <time>2026-09-12T06:14:15Z</time>
        <extensions>
          <geotracker:meta c="3.56" s="24.58" />
        </extensions>
      </trkpt>
      <trkpt lat="-15.24906801" lon="131.59595021">
        <ele>209.32</ele>
        <time>2026-09-12T06:14:24Z</time>
        <extensions>
          <geotracker:meta c="3.56" s="24.43" />
        </extensions>
      </trkpt>
      <trkpt lat="-15.25091262" lon="131.59510577">
        <ele>204.98</ele>
        <time>2026-09-12T06:14:33Z</time>
        <extensions>
          <geotracker:meta c="3.55" s="25.03" />
        </extensions>
      </trkpt>
      <trkpt lat="-15.2527844" lon="131.59433402">
        <ele>205.43</ele>
        <time>2026-09-12T06:14:42Z</time>
        <extensions>
          <geotracker:meta c="3.46" s="24.64" />
        </extensions>
      </trkpt>
      <trkpt lat="-15.25468336" lon="131.59370431">
        <ele>206.93</ele>
        <time>2026-09-12T06:14:51Z</time>
        <extensions>
          <geotracker:meta c="3.45" s="24.16" />
        </extensions>
      </trkpt>
      <trkpt lat="-15.2564999" lon="131.59310766">
        <ele>208.43</ele>
        <time>2026-09-12T06:15:00Z</time>
        <extensions>
          <geotracker:meta c="3.46" s="22.67" />
        </extensions>
      </trkpt>
      <trkpt lat="-15.25821039" lon="131.59255595">
        <ele>211.22</ele>
        <time>2026-09-12T06:15:09Z</time>
        <extensions>
          <geotracker:meta c="3.45" s="21.94" />
        </extensions>
      </trkpt>
      <trkpt lat="-15.26175415" lon="131.59138525">
        <ele>215.28</ele>
        <time>2026-09-12T06:15:27Z</time>
        <extensions>
          <geotracker:meta c="3.45" s="24.25" />
        </extensions>
      </trkpt>
      <trkpt lat="-15.26367389" lon="131.5907569">
        <ele>215.21</ele>
        <time>2026-09-12T06:15:36Z</time>
        <extensions>
          <geotracker:meta c="3.45" s="25.22" />
        </extensions>
      </trkpt>
      <trkpt lat="-15.26566349" lon="131.59011306">
        <ele>214.07</ele>
        <time>2026-09-12T06:15:45Z</time>
        <extensions>
          <geotracker:meta c="3.46" s="25.95" />
        </extensions>
      </trkpt>
      <trkpt lat="-15.26765172" lon="131.58946354">
        <ele>212.86</ele>
        <time>2026-09-12T06:15:54Z</time>
        <extensions>
          <geotracker:meta c="3.45" s="25.61" />
        </extensions>
      </trkpt>
      <trkpt lat="-15.26957554" lon="131.58883192">
        <ele>211.57</ele>
        <time>2026-09-12T06:16:03Z</time>
        <extensions>
          <geotracker:meta c="3.44" s="24.59" />
        </extensions>
      </trkpt>
      <trkpt lat="-15.27142742" lon="131.58823212">
        <ele>211.18</ele>
        <time>2026-09-12T06:16:12Z</time>
        <extensions>
          <geotracker:meta c="3.45" s="24.04" />
        </extensions>
      </trkpt>
      <trkpt lat="-15.27332877" lon="131.58760362">
        <ele>209.06</ele>
        <time>2026-09-12T06:16:21Z</time>
        <extensions>
          <geotracker:meta c="3.46" s="24.77" />
        </extensions>
      </trkpt>
      <trkpt lat="-15.2751511" lon="131.58678819">
        <ele>211.62</ele>
        <time>2026-09-12T06:16:30Z</time>
        <extensions>
          <geotracker:meta c="3.69" s="24.84" />
        </extensions>
      </trkpt>
      <trkpt lat="-15.27676443" lon="131.58540137">
        <ele>212.63</ele>
        <time>2026-09-12T06:16:39Z</time>
        <extensions>
          <geotracker:meta c="3.99" s="26.79" />
        </extensions>
      </trkpt>
      <trkpt lat="-15.27933599" lon="131.58188066">
        <ele>212.97</ele>
        <time>2026-09-12T06:16:57Z</time>
        <extensions>
          <geotracker:meta c="4.08" s="25.85" />
        </extensions>
      </trkpt>
      <trkpt lat="-15.28065777" lon="131.58015649">
        <ele>211.8</ele>
        <time>2026-09-12T06:17:06Z</time>
        <extensions>
          <geotracker:meta c="3.93" s="26.61" />
        </extensions>
      </trkpt>
      <trkpt lat="-15.28232126" lon="131.57869501">
        <ele>207.26</ele>
        <time>2026-09-12T06:17:15Z</time>
        <extensions>
          <geotracker:meta c="3.82" s="26.76" />
        </extensions>
      </trkpt>
      <trkpt lat="-15.28397214" lon="131.57734009">
        <ele>208.07</ele>
        <time>2026-09-12T06:17:24Z</time>
        <extensions>
          <geotracker:meta c="3.81" s="25.55" />
        </extensions>
      </trkpt>
      <trkpt lat="-15.28561963" lon="131.57598861">
        <ele>212.05</ele>
        <time>2026-09-12T06:17:33Z</time>
        <extensions>
          <geotracker:meta c="3.82" s="26.3" />
        </extensions>
      </trkpt>
      <trkpt lat="-15.28731607" lon="131.57459504">
        <ele>215.03</ele>
        <time>2026-09-12T06:17:42Z</time>
        <extensions>
          <geotracker:meta c="3.81" s="26.5" />
        </extensions>
      </trkpt>
      <trkpt lat="-15.28899201" lon="131.57322151">
        <ele>218.08</ele>
        <time>2026-09-12T06:17:51Z</time>
        <extensions>
          <geotracker:meta c="3.81" s="26.37" />
        </extensions>
      </trkpt>
      <trkpt lat="-15.29067223" lon="131.57184158">
        <ele>220.27</ele>
        <time>2026-09-12T06:18:00Z</time>
        <extensions>
          <geotracker:meta c="3.81" s="26.2" />
        </extensions>
      </trkpt>
      <trkpt lat="-15.29239174" lon="131.57053371">
        <ele>222.64</ele>
        <time>2026-09-12T06:18:09Z</time>
        <extensions>
          <geotracker:meta c="3.65" s="26.33" />
        </extensions>
      </trkpt>
      <trkpt lat="-15.29649673" lon="131.56990998">
        <ele>225.38</ele>
        <time>2026-09-12T06:18:27Z</time>
        <extensions>
          <geotracker:meta c="2.97" s="25.75" />
        </extensions>
      </trkpt>
      <trkpt lat="-15.29853442" lon="131.57028123">
        <ele>224.27</ele>
        <time>2026-09-12T06:18:36Z</time>
        <extensions>
          <geotracker:meta c="2.98" s="25.4" />
        </extensions>
      </trkpt>
      <trkpt lat="-15.30050812" lon="131.57062976">
        <ele>225.78</ele>
        <time>2026-09-12T06:18:45Z</time>
        <extensions>
          <geotracker:meta c="2.98" s="24.37" />
        </extensions>
      </trkpt>
      <trkpt lat="-15.30244742" lon="131.57087406">
        <ele>228.76</ele>
        <time>2026-09-12T06:18:54Z</time>
        <extensions>
          <geotracker:meta c="3.04" s="23.65" />
        </extensions>
      </trkpt>
      <trkpt lat="-15.30439161" lon="131.57085345">
        <ele>227.91</ele>
        <time>2026-09-12T06:19:03Z</time>
        <extensions>
          <geotracker:meta c="3.36" s="24.29" />
        </extensions>
      </trkpt>
      <trkpt lat="-15.30644637" lon="131.57071433">
        <ele>223.29</ele>
        <time>2026-09-12T06:19:12Z</time>
        <extensions>
          <geotracker:meta c="3.38" s="25.32" />
        </extensions>
      </trkpt>
      <trkpt lat="-15.30851598" lon="131.57011618">
        <ele>217.14</ele>
        <time>2026-09-12T06:19:21Z</time>
        <extensions>
          <geotracker:meta c="3.55" s="26.88" />
        </extensions>
      </trkpt>
      <trkpt lat="-15.31025083" lon="131.56880038">
        <ele>216.44</ele>
        <time>2026-09-12T06:19:30Z</time>
        <extensions>
          <geotracker:meta c="3.94" s="26.28" />
        </extensions>
      </trkpt>
      <trkpt lat="-15.31156135" lon="131.56699697">
        <ele>212.67</ele>
        <time>2026-09-12T06:19:39Z</time>
        <extensions>
          <geotracker:meta c="4.09" s="27.22" />
        </extensions>
      </trkpt>
      <trkpt lat="-15.31400202" lon="131.56343261">
        <ele>207.41</ele>
        <time>2026-09-12T06:19:57Z</time>
        <extensions>
          <geotracker:meta c="4.11" s="24.56" />
        </extensions>
      </trkpt>
      <trkpt lat="-15.3151481" lon="131.56176453">
        <ele>206.77</ele>
        <time>2026-09-12T06:20:06Z</time>
        <extensions>
          <geotracker:meta c="4.1" s="24.2" />
        </extensions>
      </trkpt>
      <trkpt lat="-15.31626183" lon="131.5601483">
        <ele>206.12</ele>
        <time>2026-09-12T06:20:15Z</time>
        <extensions>
          <geotracker:meta c="4.09" s="23.59" />
        </extensions>
      </trkpt>
      <trkpt lat="-15.31739337" lon="131.55853373">
        <ele>208.27</ele>
        <time>2026-09-12T06:20:24Z</time>
        <extensions>
          <geotracker:meta c="4.09" s="23.82" />
        </extensions>
      </trkpt>
      <trkpt lat="-15.31869562" lon="131.55699641">
        <ele>210.47</ele>
        <time>2026-09-12T06:20:33Z</time>
        <extensions>
          <geotracker:meta c="3.91" s="24.98" />
        </extensions>
      </trkpt>
      <trkpt lat="-15.32025385" lon="131.55575407">
        <ele>211.17</ele>
        <time>2026-09-12T06:20:42Z</time>
        <extensions>
          <geotracker:meta c="3.71" s="21.56" />
        </extensions>
      </trkpt>
      <trkpt lat="-15.32170668" lon="131.55498836">
        <ele>211.67</ele>
        <time>2026-09-12T06:20:51Z</time>
        <extensions>
          <geotracker:meta c="3.57" s="20.39" />
        </extensions>
      </trkpt>
      <trkpt lat="-15.32333148" lon="131.55422306">
        <ele>212.79</ele>
        <time>2026-09-12T06:21:00Z</time>
        <extensions>
          <geotracker:meta c="3.58" s="23.12" />
        </extensions>
      </trkpt>
      <trkpt lat="-15.32508809" lon="131.55324452">
        <ele>215.11</ele>
        <time>2026-09-12T06:21:09Z</time>
        <extensions>
          <geotracker:meta c="3.66" s="25.39" />
        </extensions>
      </trkpt>
      <trkpt lat="-15.32891374" lon="131.55098745">
        <ele>219.15</ele>
        <time>2026-09-12T06:21:27Z</time>
        <extensions>
          <geotracker:meta c="3.66" s="27.73" />
        </extensions>
      </trkpt>
      <trkpt lat="-15.33080158" lon="131.54987572">
        <ele>220.94</ele>
        <time>2026-09-12T06:21:36Z</time>
        <extensions>
          <geotracker:meta c="3.66" s="26.01" />
        </extensions>
      </trkpt>
      <trkpt lat="-15.33266562" lon="131.54879686">
        <ele>223.75</ele>
        <time>2026-09-12T06:21:45Z</time>
        <extensions>
          <geotracker:meta c="3.66" s="26.51" />
        </extensions>
      </trkpt>
      <trkpt lat="-15.33453917" lon="131.54767553">
        <ele>226.38</ele>
        <time>2026-09-12T06:21:54Z</time>
        <extensions>
          <geotracker:meta c="3.66" s="26.66" />
        </extensions>
      </trkpt>
      <trkpt lat="-15.33640845" lon="131.54657507">
        <ele>228.4</ele>
        <time>2026-09-12T06:22:03Z</time>
        <extensions>
          <geotracker:meta c="3.69" s="26.38" />
        </extensions>
      </trkpt>
      <trkpt lat="-15.33817226" lon="131.54523478">
        <ele>228.6</ele>
        <time>2026-09-12T06:22:12Z</time>
        <extensions>
          <geotracker:meta c="3.86" s="27.12" />
        </extensions>
      </trkpt>
      <trkpt lat="-15.33977996" lon="131.54371603">
        <ele>228.39</ele>
        <time>2026-09-12T06:22:21Z</time>
        <extensions>
          <geotracker:meta c="3.87" s="26.82" />
        </extensions>
      </trkpt>
      <trkpt lat="-15.34136824" lon="131.54221714">
        <ele>231.07</ele>
        <time>2026-09-12T06:22:30Z</time>
        <extensions>
          <geotracker:meta c="3.89" s="26.29" />
        </extensions>
      </trkpt>
      <trkpt lat="-15.34294718" lon="131.54073676">
        <ele>234.1</ele>
        <time>2026-09-12T06:22:39Z</time>
        <extensions>
          <geotracker:meta c="3.84" s="26.35" />
        </extensions>
      </trkpt>
      <trkpt lat="-15.34610684" lon="131.53773798">
        <ele>234.96</ele>
        <time>2026-09-12T06:22:57Z</time>
        <extensions>
          <geotracker:meta c="3.88" s="26.91" />
        </extensions>
      </trkpt>
      <trkpt lat="-15.34776134" lon="131.53616739">
        <ele>235.33</ele>
        <time>2026-09-12T06:23:06Z</time>
        <extensions>
          <geotracker:meta c="3.89" s="27.61" />
        </extensions>
      </trkpt>
      <trkpt lat="-15.34934109" lon="131.53468697">
        <ele>235.86</ele>
        <time>2026-09-12T06:23:15Z</time>
        <extensions>
          <geotracker:meta c="3.81" s="26.06" />
        </extensions>
      </trkpt>
      <trkpt lat="-15.35092058" lon="131.5331779">
        <ele>235.55</ele>
        <time>2026-09-12T06:23:24Z</time>
        <extensions>
          <geotracker:meta c="3.82" s="26.75" />
        </extensions>
      </trkpt>
      <trkpt lat="-15.35248958" lon="131.53164134">
        <ele>231.15</ele>
        <time>2026-09-12T06:23:33Z</time>
        <extensions>
          <geotracker:meta c="3.96" s="26.39" />
        </extensions>
      </trkpt>
      <trkpt lat="-15.35382403" lon="131.52989926">
        <ele>228.97</ele>
        <time>2026-09-12T06:23:42Z</time>
        <extensions>
          <geotracker:meta c="4.13" s="26.56" />
        </extensions>
      </trkpt>
      <trkpt lat="-15.35488115" lon="131.52796325">
        <ele>227.99</ele>
        <time>2026-09-12T06:23:51Z</time>
        <extensions>
          <geotracker:meta c="4.24" s="26.22" />
        </extensions>
      </trkpt>
      <trkpt lat="-15.35585564" lon="131.52605435">
        <ele>225.54</ele>
        <time>2026-09-12T06:24:00Z</time>
        <extensions>
          <geotracker:meta c="4.17" s="25.63" />
        </extensions>
      </trkpt>
      <trkpt lat="-15.35728187" lon="131.52446621">
        <ele>223.14</ele>
        <time>2026-09-12T06:24:09Z</time>
        <extensions>
          <geotracker:meta c="3.8" s="26.15" />
        </extensions>
      </trkpt>
      <trkpt lat="-15.36126225" lon="131.52330784">
        <ele>228.83</ele>
        <time>2026-09-12T06:24:27Z</time>
        <extensions>
          <geotracker:meta c="3.21" s="25.85" />
        </extensions>
      </trkpt>
      <trkpt lat="-15.36336662" lon="131.52317266">
        <ele>231.32</ele>
        <time>2026-09-12T06:24:36Z</time>
        <extensions>
          <geotracker:meta c="3.21" s="25.85" />
        </extensions>
      </trkpt>
      <trkpt lat="-15.36550788" lon="131.52301935">
        <ele>231.23</ele>
        <time>2026-09-12T06:24:45Z</time>
        <extensions>
          <geotracker:meta c="3.21" s="26.71" />
        </extensions>
      </trkpt>
      <trkpt lat="-15.36766043" lon="131.52285938">
        <ele>230.17</ele>
        <time>2026-09-12T06:24:54Z</time>
        <extensions>
          <geotracker:meta c="3.2" s="26.12" />
        </extensions>
      </trkpt>
      <trkpt lat="-15.36972426" lon="131.52272588">
        <ele>234.35</ele>
        <time>2026-09-12T06:25:03Z</time>
        <extensions>
          <geotracker:meta c="3.2" s="25.33" />
        </extensions>
      </trkpt>
      <trkpt lat="-15.37178375" lon="131.52258343">
        <ele>239.77</ele>
        <time>2026-09-12T06:25:12Z</time>
        <extensions>
          <geotracker:meta c="3.21" s="25.51" />
        </extensions>
      </trkpt>
      <trkpt lat="-15.37389511" lon="131.52250718">
        <ele>240.16</ele>
        <time>2026-09-12T06:25:21Z</time>
        <extensions>
          <geotracker:meta c="3.11" s="26.46" />
        </extensions>
      </trkpt>
      <trkpt lat="-15.37606184" lon="131.52255888">
        <ele>235.9</ele>
        <time>2026-09-12T06:25:30Z</time>
        <extensions>
          <geotracker:meta c="3.12" s="27.07" />
        </extensions>
      </trkpt>
      <trkpt lat="-15.37827207" lon="131.5226186">
        <ele>232.17</ele>
        <time>2026-09-12T06:25:39Z</time>
        <extensions>
          <geotracker:meta c="3.11" s="26.49" />
        </extensions>
      </trkpt>
      <trkpt lat="-15.38252209" lon="131.52274015">
        <ele>229.67</ele>
        <time>2026-09-12T06:25:57Z</time>
        <extensions>
          <geotracker:meta c="3.11" s="26.59" />
        </extensions>
      </trkpt>
      <trkpt lat="-15.38471067" lon="131.52280628">
        <ele>230.41</ele>
        <time>2026-09-12T06:26:06Z</time>
        <extensions>
          <geotracker:meta c="3.12" s="26.69" />
        </extensions>
      </trkpt>
      <trkpt lat="-15.38687863" lon="131.52285674">
        <ele>232.39</ele>
        <time>2026-09-12T06:26:15Z</time>
        <extensions>
          <geotracker:meta c="3.13" s="26.53" />
        </extensions>
      </trkpt>
      <trkpt lat="-15.38906431" lon="131.52291474">
        <ele>232.45</ele>
        <time>2026-09-12T06:26:24Z</time>
        <extensions>
          <geotracker:meta c="3.12" s="26.83" />
        </extensions>
      </trkpt>
      <trkpt lat="-15.39120731" lon="131.52298076">
        <ele>229.8</ele>
        <time>2026-09-12T06:26:33Z</time>
        <extensions>
          <geotracker:meta c="3.11" s="26.03" />
        </extensions>
      </trkpt>
      <trkpt lat="-15.39333497" lon="131.52304586">
        <ele>229.72</ele>
        <time>2026-09-12T06:26:42Z</time>
        <extensions>
          <geotracker:meta c="3.09" s="26.38" />
        </extensions>
      </trkpt>
      <trkpt lat="-15.39547204" lon="131.52310021">
        <ele>232.94</ele>
        <time>2026-09-12T06:26:51Z</time>
        <extensions>
          <geotracker:meta c="3.11" s="26.06" />
        </extensions>
      </trkpt>
      <trkpt lat="-15.39762632" lon="131.52316621">
        <ele>231.77</ele>
        <time>2026-09-12T06:27:00Z</time>
        <extensions>
          <geotracker:meta c="3.13" s="26.93" />
        </extensions>
      </trkpt>
      <trkpt lat="-15.39985432" lon="131.52312115">
        <ele>232.06</ele>
        <time>2026-09-12T06:27:09Z</time>
        <extensions>
          <geotracker:meta c="3.25" s="27.11" />
        </extensions>
      </trkpt>
      <trkpt lat="-15.40402859" lon="131.5217665">
        <ele>231.41</ele>
        <time>2026-09-12T06:27:27Z</time>
        <extensions>
          <geotracker:meta c="3.64" s="27.07" />
        </extensions>
      </trkpt>
      <trkpt lat="-15.40582537" lon="131.52049002">
        <ele>228.02</ele>
        <time>2026-09-12T06:27:36Z</time>
        <extensions>
          <geotracker:meta c="3.84" s="26.36" />
        </extensions>
      </trkpt>
      <trkpt lat="-15.40731689" lon="131.51891062">
        <ele>227.75</ele>
        <time>2026-09-12T06:27:45Z</time>
        <extensions>
          <geotracker:meta c="4.03" s="26.23" />
        </extensions>
      </trkpt>
      <trkpt lat="-15.410667" lon="131.51301882">
        <ele>233.33</ele>
        <time>2026-09-12T06:28:12Z</time>
        <extensions>
          <geotracker:meta c="4.2" s="27.81" />
        </extensions>
      </trkpt>
      <trkpt lat="-15.41175161" lon="131.51101">
        <ele>231.04</ele>
        <time>2026-09-12T06:28:21Z</time>
        <extensions>
          <geotracker:meta c="4.2" s="27.35" />
        </extensions>
      </trkpt>
      <trkpt lat="-15.41391733" lon="131.50699683">
        <ele>227.39</ele>
        <time>2026-09-12T06:28:39Z</time>
        <extensions>
          <geotracker:meta c="4.21" s="26.89" />
        </extensions>
      </trkpt>
      <trkpt lat="-15.41498404" lon="131.50503958">
        <ele>225.55</ele>
        <time>2026-09-12T06:28:48Z</time>
        <extensions>
          <geotracker:meta c="4.19" s="26.55" />
        </extensions>
      </trkpt>
      <trkpt lat="-15.41602671" lon="131.5030964">
        <ele>222.8</ele>
        <time>2026-09-12T06:28:57Z</time>
        <extensions>
          <geotracker:meta c="4.21" s="26.61" />
        </extensions>
      </trkpt>
      <trkpt lat="-15.41810668" lon="131.49926877">
        <ele>225.59</ele>
        <time>2026-09-12T06:29:15Z</time>
        <extensions>
          <geotracker:meta c="4.2" s="26.11" />
        </extensions>
      </trkpt>
      <trkpt lat="-15.42018505" lon="131.49541107">
        <ele>229.29</ele>
        <time>2026-09-12T06:29:33Z</time>
        <extensions>
          <geotracker:meta c="4.2" s="26.16" />
        </extensions>
      </trkpt>
      <trkpt lat="-15.42123454" lon="131.49347487">
        <ele>230.15</ele>
        <time>2026-09-12T06:29:42Z</time>
        <extensions>
          <geotracker:meta c="4.2" s="26.9" />
        </extensions>
      </trkpt>
      <trkpt lat="-15.42334644" lon="131.48956859">
        <ele>234.64</ele>
        <time>2026-09-12T06:30:00Z</time>
        <extensions>
          <geotracker:meta c="4.21" s="26.35" />
        </extensions>
      </trkpt>
      <trkpt lat="-15.42546466" lon="131.48565004">
        <ele>239.06</ele>
        <time>2026-09-12T06:30:18Z</time>
        <extensions>
          <geotracker:meta c="4.23" s="26.94" />
        </extensions>
      </trkpt>
      <trkpt lat="-15.42866787" lon="131.47973581">
        <ele>241.73</ele>
        <time>2026-09-12T06:30:45Z</time>
        <extensions>
          <geotracker:meta c="4.2" s="25.53" />
        </extensions>
      </trkpt>
      <trkpt lat="-15.43067833" lon="131.47601251">
        <ele>240.69</ele>
        <time>2026-09-12T06:31:03Z</time>
        <extensions>
          <geotracker:meta c="4.17" s="25.05" />
        </extensions>
      </trkpt>
      <trkpt lat="-15.43301984" lon="131.47259912">
        <ele>239.58</ele>
        <time>2026-09-12T06:31:21Z</time>
        <extensions>
          <geotracker:meta c="3.99" s="25.21" />
        </extensions>
      </trkpt>
      <trkpt lat="-15.43613502" lon="131.47009711">
        <ele>245.19</ele>
        <time>2026-09-12T06:31:39Z</time>
        <extensions>
          <geotracker:meta c="3.67" s="23.22" />
        </extensions>
      </trkpt>
      <trkpt lat="-15.43946839" lon="131.46807474">
        <ele>249.7</ele>
        <time>2026-09-12T06:31:57Z</time>
        <extensions>
          <geotracker:meta c="3.67" s="24.79" />
        </extensions>
      </trkpt>
      <trkpt lat="-15.44307849" lon="131.46586688">
        <ele>252.26</ele>
        <time>2026-09-12T06:32:15Z</time>
        <extensions>
          <geotracker:meta c="3.67" s="26.66" />
        </extensions>
      </trkpt>
      <trkpt lat="-15.4449686" lon="131.46471432">
        <ele>253.9</ele>
        <time>2026-09-12T06:32:24Z</time>
        <extensions>
          <geotracker:meta c="3.69" s="27.34" />
        </extensions>
      </trkpt>
      <trkpt lat="-15.44689299" lon="131.46353499">
        <ele>254.1</ele>
        <time>2026-09-12T06:32:33Z</time>
        <extensions>
          <geotracker:meta c="3.68" s="27.88" />
        </extensions>
      </trkpt>
      <trkpt lat="-15.45068945" lon="131.46121847">
        <ele>255.28</ele>
        <time>2026-09-12T06:32:51Z</time>
        <extensions>
          <geotracker:meta c="3.68" s="25.5" />
        </extensions>
      </trkpt>
      <trkpt lat="-15.45426601" lon="131.45886678">
        <ele>255.84</ele>
        <time>2026-09-12T06:33:09Z</time>
        <extensions>
          <geotracker:meta c="3.81" s="26.99" />
        </extensions>
      </trkpt>
      <trkpt lat="-15.4558626" lon="131.45731054">
        <ele>256.83</ele>
        <time>2026-09-12T06:33:18Z</time>
        <extensions>
          <geotracker:meta c="3.99" s="27" />
        </extensions>
      </trkpt>
      <trkpt lat="-15.45822858" lon="131.4535485">
        <ele>260.07</ele>
        <time>2026-09-12T06:33:36Z</time>
        <extensions>
          <geotracker:meta c="4.3" s="27.1" />
        </extensions>
      </trkpt>
      <trkpt lat="-15.45895771" lon="131.45139687">
        <ele>260.22</ele>
        <time>2026-09-12T06:33:45Z</time>
        <extensions>
          <geotracker:meta c="4.44" s="27.08" />
        </extensions>
      </trkpt>
      <trkpt lat="-15.45934884" lon="131.44918446">
        <ele>259.05</ele>
        <time>2026-09-12T06:33:54Z</time>
        <extensions>
          <geotracker:meta c="4.61" s="26.59" />
        </extensions>
      </trkpt>
      <trkpt lat="-15.45950765" lon="131.44696374">
        <ele>257.02</ele>
        <time>2026-09-12T06:34:03Z</time>
        <extensions>
          <geotracker:meta c="4.65" s="26.65" />
        </extensions>
      </trkpt>
      <trkpt lat="-15.45977126" lon="131.44252775">
        <ele>252.96</ele>
        <time>2026-09-12T06:34:21Z</time>
        <extensions>
          <geotracker:meta c="4.64" s="27.05" />
        </extensions>
      </trkpt>
      <trkpt lat="-15.46003944" lon="131.43799447">
        <ele>256.55</ele>
        <time>2026-09-12T06:34:39Z</time>
        <extensions>
          <geotracker:meta c="4.66" s="27.02" />
        </extensions>
      </trkpt>
      <trkpt lat="-15.46030613" lon="131.43355198">
        <ele>260.18</ele>
        <time>2026-09-12T06:34:57Z</time>
        <extensions>
          <geotracker:meta c="4.65" s="25.93" />
        </extensions>
      </trkpt>
      <trkpt lat="-15.46045022" lon="131.43141238">
        <ele>263.94</ele>
        <time>2026-09-12T06:35:06Z</time>
        <extensions>
          <geotracker:meta c="4.65" s="25.4" />
        </extensions>
      </trkpt>
      <trkpt lat="-15.46057942" lon="131.42925395">
        <ele>264.82</ele>
        <time>2026-09-12T06:35:15Z</time>
        <extensions>
          <geotracker:meta c="4.65" s="26.37" />
        </extensions>
      </trkpt>
      <trkpt lat="-15.46071376" lon="131.42699838">
        <ele>265.53</ele>
        <time>2026-09-12T06:35:24Z</time>
        <extensions>
          <geotracker:meta c="4.65" s="27.38" />
        </extensions>
      </trkpt>
      <trkpt lat="-15.46084342" lon="131.42473473">
        <ele>265.43</ele>
        <time>2026-09-12T06:35:33Z</time>
        <extensions>
          <geotracker:meta c="4.65" s="27.03" />
        </extensions>
      </trkpt>
      <trkpt lat="-15.46097671" lon="131.42248206">
        <ele>265.47</ele>
        <time>2026-09-12T06:35:42Z</time>
        <extensions>
          <geotracker:meta c="4.65" s="27.09" />
        </extensions>
      </trkpt>
      <trkpt lat="-15.46111823" lon="131.42020502">
        <ele>265.84</ele>
        <time>2026-09-12T06:35:51Z</time>
        <extensions>
          <geotracker:meta c="4.66" s="26.99" />
        </extensions>
      </trkpt>
      <trkpt lat="-15.46125" lon="131.41793015">
        <ele>266.28</ele>
        <time>2026-09-12T06:36:00Z</time>
        <extensions>
          <geotracker:meta c="4.65" s="27.51" />
        </extensions>
      </trkpt>
      <trkpt lat="-15.46151965" lon="131.41342034">
        <ele>267.16</ele>
        <time>2026-09-12T06:36:18Z</time>
        <extensions>
          <geotracker:meta c="4.65" s="26.61" />
        </extensions>
      </trkpt>
      <trkpt lat="-15.46177891" lon="131.41119298">
        <ele>265.02</ele>
        <time>2026-09-12T06:36:27Z</time>
        <extensions>
          <geotracker:meta c="4.5" s="26.69" />
        </extensions>
      </trkpt>
      <trkpt lat="-15.46247354" lon="131.40910887">
        <ele>263.27</ele>
        <time>2026-09-12T06:36:36Z</time>
        <extensions>
          <geotracker:meta c="4.26" s="25.94" />
        </extensions>
      </trkpt>
      <trkpt lat="-15.46355545" lon="131.40730043">
        <ele>262.78</ele>
        <time>2026-09-12T06:36:45Z</time>
        <extensions>
          <geotracker:meta c="4.06" s="25.25" />
        </extensions>
      </trkpt>
      <trkpt lat="-15.46499229" lon="131.40576437">
        <ele>262.51</ele>
        <time>2026-09-12T06:36:54Z</time>
        <extensions>
          <geotracker:meta c="3.84" s="25.63" />
        </extensions>
      </trkpt>
      <trkpt lat="-15.46674035" lon="131.40453974">
        <ele>262.44</ele>
        <time>2026-09-12T06:37:03Z</time>
        <extensions>
          <geotracker:meta c="3.68" s="25.95" />
        </extensions>
      </trkpt>
      <trkpt lat="-15.46849544" lon="131.40344695">
        <ele>264.4</ele>
        <time>2026-09-12T06:37:12Z</time>
        <extensions>
          <geotracker:meta c="3.69" s="24.36" />
        </extensions>
      </trkpt>
      <trkpt lat="-15.4701835" lon="131.40240596">
        <ele>264.11</ele>
        <time>2026-09-12T06:37:21Z</time>
        <extensions>
          <geotracker:meta c="3.68" s="24.18" />
        </extensions>
      </trkpt>
      <trkpt lat="-15.47313391" lon="131.39949902">
        <ele>245.93</ele>
        <time>2026-09-12T06:37:39Z</time>
        <extensions>
          <geotracker:meta c="4.14" s="25.21" />
        </extensions>
      </trkpt>
      <trkpt lat="-15.47419193" lon="131.3978293">
        <ele>245.27</ele>
        <time>2026-09-12T06:37:48Z</time>
        <extensions>
          <geotracker:meta c="4.06" s="22.92" />
        </extensions>
      </trkpt>
      <trkpt lat="-15.47549732" lon="131.39641868">
        <ele>242.58</ele>
        <time>2026-09-12T06:37:57Z</time>
        <extensions>
          <geotracker:meta c="3.86" s="23.83" />
        </extensions>
      </trkpt>
      <trkpt lat="-15.4769802" lon="131.39502855">
        <ele>237.45</ele>
        <time>2026-09-12T06:38:06Z</time>
        <extensions>
          <geotracker:meta c="3.86" s="25.29" />
        </extensions>
      </trkpt>
      <trkpt lat="-15.47863809" lon="131.39377557">
        <ele>231.03</ele>
        <time>2026-09-12T06:38:15Z</time>
        <extensions>
          <geotracker:meta c="3.65" s="25.66" />
        </extensions>
      </trkpt>
      <trkpt lat="-15.48052704" lon="131.39286082">
        <ele>226.96</ele>
        <time>2026-09-12T06:38:24Z</time>
        <extensions>
          <geotracker:meta c="3.56" s="25.37" />
        </extensions>
      </trkpt>
      <trkpt lat="-15.48243681" lon="131.3920564">
        <ele>227.23</ele>
        <time>2026-09-12T06:38:33Z</time>
        <extensions>
          <geotracker:meta c="3.5" s="25.53" />
        </extensions>
      </trkpt>
      <trkpt lat="-15.48441225" lon="131.39130811">
        <ele>229.22</ele>
        <time>2026-09-12T06:38:42Z</time>
        <extensions>
          <geotracker:meta c="3.49" s="25.59" />
        </extensions>
      </trkpt>
      <trkpt lat="-15.48634254" lon="131.390586">
        <ele>228.29</ele>
        <time>2026-09-12T06:38:51Z</time>
        <extensions>
          <geotracker:meta c="3.49" s="25.15" />
        </extensions>
      </trkpt>
      <trkpt lat="-15.49032857" lon="131.38907554">
        <ele>224.45</ele>
        <time>2026-09-12T06:39:09Z</time>
        <extensions>
          <geotracker:meta c="3.49" s="26.65" />
        </extensions>
      </trkpt>
      <trkpt lat="-15.49236487" lon="131.38831279">
        <ele>223.54</ele>
        <time>2026-09-12T06:39:18Z</time>
        <extensions>
          <geotracker:meta c="3.49" s="26.7" />
        </extensions>
      </trkpt>
      <trkpt lat="-15.49441835" lon="131.38753924">
        <ele>220.94</ele>
        <time>2026-09-12T06:39:27Z</time>
        <extensions>
          <geotracker:meta c="3.49" s="26.69" />
        </extensions>
      </trkpt>
      <trkpt lat="-15.49627189" lon="131.38654775">
        <ele>220.49</ele>
        <time>2026-09-12T06:39:36Z</time>
        <extensions>
          <geotracker:meta c="3.82" s="25.59" />
        </extensions>
      </trkpt>
      <trkpt lat="-15.49754003" lon="131.38487416">
        <ele>219.88</ele>
        <time>2026-09-12T06:39:45Z</time>
        <extensions>
          <geotracker:meta c="4.26" s="25.76" />
        </extensions>
      </trkpt>
      <trkpt lat="-15.49799306" lon="131.38275848">
        <ele>217.01</ele>
        <time>2026-09-12T06:39:54Z</time>
        <extensions>
          <geotracker:meta c="4.71" s="26.23" />
        </extensions>
      </trkpt>
      <trkpt lat="-15.49751132" lon="131.38065314">
        <ele>214.85</ele>
        <time>2026-09-12T06:40:03Z</time>
        <extensions>
          <geotracker:meta c="5.17" s="25.55" />
        </extensions>
      </trkpt>
      <trkpt lat="-15.49622453" lon="131.37900407">
        <ele>213.02</ele>
        <time>2026-09-12T06:40:12Z</time>
        <extensions>
          <geotracker:meta c="5.62" s="24.64" />
        </extensions>
      </trkpt>
      <trkpt lat="-15.49462773" lon="131.37787636">
        <ele>211.71</ele>
        <time>2026-09-12T06:40:21Z</time>
        <extensions>
          <geotracker:meta c="5.57" s="23.35" />
        </extensions>
      </trkpt>
      <trkpt lat="-15.49279378" lon="131.37435429">
        <ele>200.86</ele>
        <time>2026-09-12T06:40:39Z</time>
        <extensions>
          <geotracker:meta c="5.01" s="25.07" />
        </extensions>
      </trkpt>
      <trkpt lat="-15.49217158" lon="131.37230478">
        <ele>200.97</ele>
        <time>2026-09-12T06:40:48Z</time>
        <extensions>
          <geotracker:meta c="5.01" s="25.92" />
        </extensions>
      </trkpt>
      <trkpt lat="-15.49155305" lon="131.37027221">
        <ele>205.36</ele>
        <time>2026-09-12T06:40:57Z</time>
        <extensions>
          <geotracker:meta c="5.02" s="24.57" />
        </extensions>
      </trkpt>
      <trkpt lat="-15.49095903" lon="131.36830573">
        <ele>205.13</ele>
        <time>2026-09-12T06:41:06Z</time>
        <extensions>
          <geotracker:meta c="5.01" s="25.21" />
        </extensions>
      </trkpt>
      <trkpt lat="-15.49036326" lon="131.36628152">
        <ele>199.75</ele>
        <time>2026-09-12T06:41:15Z</time>
        <extensions>
          <geotracker:meta c="4.99" s="24.72" />
        </extensions>
      </trkpt>
      <trkpt lat="-15.49008669" lon="131.36424367">
        <ele>198.2</ele>
        <time>2026-09-12T06:41:24Z</time>
        <extensions>
          <geotracker:meta c="4.72" s="24.89" />
        </extensions>
      </trkpt>
      <trkpt lat="-15.49029125" lon="131.36221333">
        <ele>199.31</ele>
        <time>2026-09-12T06:41:33Z</time>
        <extensions>
          <geotracker:meta c="4.48" s="24.36" />
        </extensions>
      </trkpt>
      <trkpt lat="-15.49096861" lon="131.36025446">
        <ele>196.05</ele>
        <time>2026-09-12T06:41:42Z</time>
        <extensions>
          <geotracker:meta c="4.25" s="25.48" />
        </extensions>
      </trkpt>
      <trkpt lat="-15.49213229" lon="131.35848102">
        <ele>196.33</ele>
        <time>2026-09-12T06:41:51Z</time>
        <extensions>
          <geotracker:meta c="3.98" s="25.45" />
        </extensions>
      </trkpt>
      <trkpt lat="-15.49502297" lon="131.35584459">
        <ele>204.95</ele>
        <time>2026-09-12T06:42:09Z</time>
        <extensions>
          <geotracker:meta c="3.84" s="23.23" />
        </extensions>
      </trkpt>
      <trkpt lat="-15.49653361" lon="131.35453524">
        <ele>199.81</ele>
        <time>2026-09-12T06:42:18Z</time>
        <extensions>
          <geotracker:meta c="3.84" s="25.73" />
        </extensions>
      </trkpt>
      <trkpt lat="-15.49819002" lon="131.35311861">
        <ele>192.2</ele>
        <time>2026-09-12T06:42:27Z</time>
        <extensions>
          <geotracker:meta c="3.84" s="26.1" />
        </extensions>
      </trkpt>
      <trkpt lat="-15.49972063" lon="131.35177298">
        <ele>192.08</ele>
        <time>2026-09-12T06:42:36Z</time>
        <extensions>
          <geotracker:meta c="3.91" s="23.68" />
        </extensions>
      </trkpt>
      <trkpt lat="-15.50097541" lon="131.35025131">
        <ele>196.48</ele>
        <time>2026-09-12T06:42:45Z</time>
        <extensions>
          <geotracker:meta c="4.13" s="24.27" />
        </extensions>
      </trkpt>
      <trkpt lat="-15.50187596" lon="131.34841237">
        <ele>198.85</ele>
        <time>2026-09-12T06:42:54Z</time>
        <extensions>
          <geotracker:meta c="4.31" s="24.91" />
        </extensions>
      </trkpt>
      <trkpt lat="-15.50265357" lon="131.34649325">
        <ele>204.1</ele>
        <time>2026-09-12T06:43:03Z</time>
        <extensions>
          <geotracker:meta c="4.32" s="24.41" />
        </extensions>
      </trkpt>
      <trkpt lat="-15.50342894" lon="131.3445757">
        <ele>205.43</ele>
        <time>2026-09-12T06:43:12Z</time>
        <extensions>
          <geotracker:meta c="4.31" s="25.58" />
        </extensions>
      </trkpt>
      <trkpt lat="-15.50433175" lon="131.34235811">
        <ele>197.75</ele>
        <time>2026-09-12T06:43:22Z</time>
        <extensions>
          <geotracker:meta c="4.3" s="25.85" />
        </extensions>
      </trkpt>
      <trkpt lat="-15.50518006" lon="131.34028204">
        <ele>186.01</ele>
        <time>2026-09-12T06:43:31Z</time>
        <extensions>
          <geotracker:meta c="4.38" s="27.43" />
        </extensions>
      </trkpt>
      <trkpt lat="-15.50686536" lon="131.33612925">
        <ele>180.93</ele>
        <time>2026-09-12T06:43:49Z</time>
        <extensions>
          <geotracker:meta c="4.31" s="26.01" />
        </extensions>
      </trkpt>
      <trkpt lat="-15.50767338" lon="131.33411207">
        <ele>178.28</ele>
        <time>2026-09-12T06:43:58Z</time>
        <extensions>
          <geotracker:meta c="4.31" s="26.12" />
        </extensions>
      </trkpt>
      <trkpt lat="-15.50849722" lon="131.33205818">
        <ele>178.37</ele>
        <time>2026-09-12T06:44:07Z</time>
        <extensions>
          <geotracker:meta c="4.32" s="26.19" />
        </extensions>
      </trkpt>
      <trkpt lat="-15.50929768" lon="131.33008755">
        <ele>178.62</ele>
        <time>2026-09-12T06:44:16Z</time>
        <extensions>
          <geotracker:meta c="4.31" s="25.19" />
        </extensions>
      </trkpt>
      <trkpt lat="-15.51009264" lon="131.32813302">
        <ele>180.04</ele>
        <time>2026-09-12T06:44:25Z</time>
        <extensions>
          <geotracker:meta c="4.32" s="25.44" />
        </extensions>
      </trkpt>
      <trkpt lat="-15.51090871" lon="131.32613241">
        <ele>180.74</ele>
        <time>2026-09-12T06:44:34Z</time>
        <extensions>
          <geotracker:meta c="4.31" s="26.37" />
        </extensions>
      </trkpt>
      <trkpt lat="-15.51174376" lon="131.32407801">
        <ele>182.36</ele>
        <time>2026-09-12T06:44:43Z</time>
        <extensions>
          <geotracker:meta c="4.32" s="26.49" />
        </extensions>
      </trkpt>
      <trkpt lat="-15.512593" lon="131.32198667">
        <ele>177.61</ele>
        <time>2026-09-12T06:44:52Z</time>
        <extensions>
          <geotracker:meta c="4.32" s="27.75" />
        </extensions>
      </trkpt>
      <trkpt lat="-15.51336756" lon="131.31982969">
        <ele>170.48</ele>
        <time>2026-09-12T06:45:01Z</time>
        <extensions>
          <geotracker:meta c="4.37" s="27.63" />
        </extensions>
      </trkpt>
      <trkpt lat="-15.51487338" lon="131.31552424">
        <ele>163.01</ele>
        <time>2026-09-12T06:45:19Z</time>
        <extensions>
          <geotracker:meta c="4.36" s="27.04" />
        </extensions>
      </trkpt>
      <trkpt lat="-15.51564158" lon="131.31333353">
        <ele>161.15</ele>
        <time>2026-09-12T06:45:28Z</time>
        <extensions>
          <geotracker:meta c="4.37" s="27.82" />
        </extensions>
      </trkpt>
      <trkpt lat="-15.51638682" lon="131.31120681">
        <ele>161.47</ele>
        <time>2026-09-12T06:45:37Z</time>
        <extensions>
          <geotracker:meta c="4.36" s="26.88" />
        </extensions>
      </trkpt>
      <trkpt lat="-15.5170667" lon="131.30906015">
        <ele>159.39</ele>
        <time>2026-09-12T06:45:46Z</time>
        <extensions>
          <geotracker:meta c="4.43" s="26.83" />
        </extensions>
      </trkpt>
      <trkpt lat="-15.51767516" lon="131.30694703">
        <ele>158.32</ele>
        <time>2026-09-12T06:45:55Z</time>
        <extensions>
          <geotracker:meta c="4.42" s="25.82" />
        </extensions>
      </trkpt>
      <trkpt lat="-15.51827017" lon="131.30494713">
        <ele>158.43</ele>
        <time>2026-09-12T06:46:04Z</time>
        <extensions>
          <geotracker:meta c="4.39" s="25.14" />
        </extensions>
      </trkpt>
      <trkpt lat="-15.5193109" lon="131.30306624">
        <ele>157.6</ele>
        <time>2026-09-12T06:46:13Z</time>
        <extensions>
          <geotracker:meta c="4" s="26.55" />
        </extensions>
      </trkpt>
      <trkpt lat="-15.52087097" lon="131.30151112">
        <ele>155.95</ele>
        <time>2026-09-12T06:46:22Z</time>
        <extensions>
          <geotracker:meta c="3.78" s="27.07" />
        </extensions>
      </trkpt>
      <trkpt lat="-15.52249767" lon="131.29992439">
        <ele>154.91</ele>
        <time>2026-09-12T06:46:31Z</time>
        <extensions>
          <geotracker:meta c="3.9" s="28.09" />
        </extensions>
      </trkpt>
      <trkpt lat="-15.52567018" lon="131.29677895">
        <ele>150.79</ele>
        <time>2026-09-12T06:46:49Z</time>
        <extensions>
          <geotracker:meta c="3.91" s="26.56" />
        </extensions>
      </trkpt>
      <trkpt lat="-15.52735209" lon="131.29547075">
        <ele>150.98</ele>
        <time>2026-09-12T06:46:58Z</time>
        <extensions>
          <geotracker:meta c="3.61" s="25.28" />
        </extensions>
      </trkpt>
      <trkpt lat="-15.52928571" lon="131.29489517">
        <ele>148.73</ele>
        <time>2026-09-12T06:47:07Z</time>
        <extensions>
          <geotracker:meta c="3.24" s="24.73" />
        </extensions>
      </trkpt>
      <trkpt lat="-15.53126369" lon="131.29481091">
        <ele>147.79</ele>
        <time>2026-09-12T06:47:16Z</time>
        <extensions>
          <geotracker:meta c="3.18" s="24.34" />
        </extensions>
      </trkpt>
      <trkpt lat="-15.53329467" lon="131.29458355">
        <ele>145.98</ele>
        <time>2026-09-12T06:47:25Z</time>
        <extensions>
          <geotracker:meta c="3.42" s="25.94" />
        </extensions>
      </trkpt>
      <trkpt lat="-15.53519796" lon="131.29360416">
        <ele>146.24</ele>
        <time>2026-09-12T06:47:34Z</time>
        <extensions>
          <geotracker:meta c="3.79" s="25.97" />
        </extensions>
      </trkpt>
      <trkpt lat="-15.53657596" lon="131.29198611">
        <ele>145.56</ele>
        <time>2026-09-12T06:47:43Z</time>
        <extensions>
          <geotracker:meta c="4.18" s="25.72" />
        </extensions>
      </trkpt>
      <trkpt lat="-15.53741178" lon="131.28999832">
        <ele>145.08</ele>
        <time>2026-09-12T06:47:52Z</time>
        <extensions>
          <geotracker:meta c="4.34" s="26.02" />
        </extensions>
      </trkpt>
      <trkpt lat="-15.53820198" lon="131.28793868">
        <ele>145.16</ele>
        <time>2026-09-12T06:48:01Z</time>
        <extensions>
          <geotracker:meta c="4.34" s="26.18" />
        </extensions>
      </trkpt>
      <trkpt lat="-15.54030983" lon="131.28436547">
        <ele>143.11</ele>
        <time>2026-09-12T06:48:19Z</time>
        <extensions>
          <geotracker:meta c="3.83" s="26.13" />
        </extensions>
      </trkpt>
      <trkpt lat="-15.54215385" lon="131.28331915">
        <ele>143.29</ele>
        <time>2026-09-12T06:48:28Z</time>
        <extensions>
          <geotracker:meta c="3.46" s="25.7" />
        </extensions>
      </trkpt>
      <trkpt lat="-15.54417838" lon="131.28285553">
        <ele>141.18</ele>
        <time>2026-09-12T06:48:37Z</time>
        <extensions>
          <geotracker:meta c="3.27" s="25.55" />
        </extensions>
      </trkpt>
      <trkpt lat="-15.54626817" lon="131.283014">
        <ele>139.85</ele>
        <time>2026-09-12T06:48:46Z</time>
        <extensions>
          <geotracker:meta c="2.87" s="25.78" />
        </extensions>
      </trkpt>
      <trkpt lat="-15.54812881" lon="131.2839625">
        <ele>141.13</ele>
        <time>2026-09-12T06:48:55Z</time>
        <extensions>
          <geotracker:meta c="2.51" s="25.93" />
        </extensions>
      </trkpt>
      <trkpt lat="-15.54971644" lon="131.28548927">
        <ele>140.43</ele>
        <time>2026-09-12T06:49:04Z</time>
        <extensions>
          <geotracker:meta c="2.37" s="27.35" />
        </extensions>
      </trkpt>
      <trkpt lat="-15.55147101" lon="131.28679533">
        <ele>138.88</ele>
        <time>2026-09-12T06:49:13Z</time>
        <extensions>
          <geotracker:meta c="2.7" s="26.53" />
        </extensions>
      </trkpt>
      <trkpt lat="-15.55340177" lon="131.28767426">
        <ele>144.5</ele>
        <time>2026-09-12T06:49:22Z</time>
        <extensions>
          <geotracker:meta c="2.73" s="25.44" />
        </extensions>
      </trkpt>
      <trkpt lat="-15.55526498" lon="131.28851487">
        <ele>150.2</ele>
        <time>2026-09-12T06:49:31Z</time>
        <extensions>
          <geotracker:meta c="2.73" s="25.29" />
        </extensions>
      </trkpt>
      <trkpt lat="-15.55921298" lon="131.29014503">
        <ele>143.37</ele>
        <time>2026-09-12T06:49:49Z</time>
        <extensions>
          <geotracker:meta c="2.95" s="26.98" />
        </extensions>
      </trkpt>
      <trkpt lat="-15.56139613" lon="131.29012314">
        <ele>139.66</ele>
        <time>2026-09-12T06:49:58Z</time>
        <extensions>
          <geotracker:meta c="3.36" s="27" />
        </extensions>
      </trkpt>
      <trkpt lat="-15.56338959" lon="131.28923377">
        <ele>135.57</ele>
        <time>2026-09-12T06:50:07Z</time>
        <extensions>
          <geotracker:meta c="3.75" s="26.76" />
        </extensions>
      </trkpt>
      <trkpt lat="-15.56512568" lon="131.28795039">
        <ele>133.84</ele>
        <time>2026-09-12T06:50:16Z</time>
        <extensions>
          <geotracker:meta c="3.76" s="26.38" />
        </extensions>
      </trkpt>
      <trkpt lat="-15.56700265" lon="131.28680866">
        <ele>133.55</ele>
        <time>2026-09-12T06:50:25Z</time>
        <extensions>
          <geotracker:meta c="3.63" s="27.04" />
        </extensions>
      </trkpt>
      <trkpt lat="-15.56895913" lon="131.28572275">
        <ele>131.78</ele>
        <time>2026-09-12T06:50:34Z</time>
        <extensions>
          <geotracker:meta c="3.63" s="27.53" />
        </extensions>
      </trkpt>
      <trkpt lat="-15.57093773" lon="131.28463138">
        <ele>133.14</ele>
        <time>2026-09-12T06:50:43Z</time>
        <extensions>
          <geotracker:meta c="3.64" s="27.53" />
        </extensions>
      </trkpt>
      <trkpt lat="-15.57281626" lon="131.28360505">
        <ele>134.01</ele>
        <time>2026-09-12T06:50:52Z</time>
        <extensions>
          <geotracker:meta c="3.63" s="25.45" />
        </extensions>
      </trkpt>
      <trkpt lat="-15.57462262" lon="131.28259394">
        <ele>136.38</ele>
        <time>2026-09-12T06:51:01Z</time>
        <extensions>
          <geotracker:meta c="3.64" s="25.33" />
        </extensions>
      </trkpt>
      <trkpt lat="-15.57848384" lon="131.28046554">
        <ele>131.75</ele>
        <time>2026-09-12T06:51:19Z</time>
        <extensions>
          <geotracker:meta c="3.63" s="27.27" />
        </extensions>
      </trkpt>
      <trkpt lat="-15.58043592" lon="131.27939854">
        <ele>129.77</ele>
        <time>2026-09-12T06:51:28Z</time>
        <extensions>
          <geotracker:meta c="3.64" s="26.99" />
        </extensions>
      </trkpt>
      <trkpt lat="-15.58236517" lon="131.27833081">
        <ele>127.3</ele>
        <time>2026-09-12T06:51:37Z</time>
        <extensions>
          <geotracker:meta c="3.63" s="26.69" />
        </extensions>
      </trkpt>
      <trkpt lat="-15.58425928" lon="131.27726939">
        <ele>126.52</ele>
        <time>2026-09-12T06:51:46Z</time>
        <extensions>
          <geotracker:meta c="3.67" s="26.53" />
        </extensions>
      </trkpt>
      <trkpt lat="-15.58586152" lon="131.27579303">
        <ele>124.88</ele>
        <time>2026-09-12T06:51:55Z</time>
        <extensions>
          <geotracker:meta c="4.06" s="26.48" />
        </extensions>
      </trkpt>
      <trkpt lat="-15.5868701" lon="131.27384151">
        <ele>123.18</ele>
        <time>2026-09-12T06:52:04Z</time>
        <extensions>
          <geotracker:meta c="4.28" s="26.44" />
        </extensions>
      </trkpt>
      <trkpt lat="-15.58777757" lon="131.27178326">
        <ele>123.33</ele>
        <time>2026-09-12T06:52:13Z</time>
        <extensions>
          <geotracker:meta c="4.28" s="27.18" />
        </extensions>
      </trkpt>
      <trkpt lat="-15.58869498" lon="131.26969533">
        <ele>123.18</ele>
        <time>2026-09-12T06:52:22Z</time>
        <extensions>
          <geotracker:meta c="4.28" s="26.83" />
        </extensions>
      </trkpt>
      <trkpt lat="-15.58960592" lon="131.26764502">
        <ele>123.52</ele>
        <time>2026-09-12T06:52:31Z</time>
        <extensions>
          <geotracker:meta c="4.29" s="26.58" />
        </extensions>
      </trkpt>
      <trkpt lat="-15.5920766" lon="131.26402648">
        <ele>121.3</ele>
        <time>2026-09-12T06:52:49Z</time>
        <extensions>
          <geotracker:meta c="3.9" s="26.57" />
        </extensions>
      </trkpt>
      <trkpt lat="-15.59362427" lon="131.26251617">
        <ele>121.37</ele>
        <time>2026-09-12T06:52:58Z</time>
        <extensions>
          <geotracker:meta c="3.9" s="25.68" />
        </extensions>
      </trkpt>
      <trkpt lat="-15.59513882" lon="131.26103887">
        <ele>121.77</ele>
        <time>2026-09-12T06:53:07Z</time>
        <extensions>
          <geotracker:meta c="3.89" s="25.93" />
        </extensions>
      </trkpt>
      <trkpt lat="-15.59654964" lon="131.25936239">
        <ele>120.67</ele>
        <time>2026-09-12T06:53:16Z</time>
        <extensions>
          <geotracker:meta c="4.18" s="27.13" />
        </extensions>
      </trkpt>
      <trkpt lat="-15.5972904" lon="131.25721892">
        <ele>119.44</ele>
        <time>2026-09-12T06:53:25Z</time>
        <extensions>
          <geotracker:meta c="4.58" s="27.11" />
        </extensions>
      </trkpt>
      <trkpt lat="-15.59746924" lon="131.25499844">
        <ele>118.74</ele>
        <time>2026-09-12T06:53:34Z</time>
        <extensions>
          <geotracker:meta c="4.63" s="26.15" />
        </extensions>
      </trkpt>
      <trkpt lat="-15.59763707" lon="131.25279178">
        <ele>117.05</ele>
        <time>2026-09-12T06:53:43Z</time>
        <extensions>
          <geotracker:meta c="4.63" s="26.4" />
        </extensions>
      </trkpt>
      <trkpt lat="-15.59790857" lon="131.25062605">
        <ele>118.53</ele>
        <time>2026-09-12T06:53:52Z</time>
        <extensions>
          <geotracker:meta c="4.45" s="25.95" />
        </extensions>
      </trkpt>
      <trkpt lat="-15.59874842" lon="131.24857575">
        <ele>117.41</ele>
        <time>2026-09-12T06:54:01Z</time>
        <extensions>
          <geotracker:meta c="4.27" s="27.03" />
        </extensions>
      </trkpt>
      <trkpt lat="-15.60049917" lon="131.24470488">
        <ele>115.66</ele>
        <time>2026-09-12T06:54:19Z</time>
        <extensions>
          <geotracker:meta c="4.3" s="24.69" />
        </extensions>
      </trkpt>
      <trkpt lat="-15.6011484" lon="131.24273249">
        <ele>115.3</ele>
        <time>2026-09-12T06:54:28Z</time>
        <extensions>
          <geotracker:meta c="4.45" s="25.1" />
        </extensions>
      </trkpt>
      <trkpt lat="-15.60169304" lon="131.24066482">
        <ele>115.65</ele>
        <time>2026-09-12T06:54:37Z</time>
        <extensions>
          <geotracker:meta c="4.45" s="25.62" />
        </extensions>
      </trkpt>
      <trkpt lat="-15.6022369" lon="131.23858222">
        <ele>115.24</ele>
        <time>2026-09-12T06:54:46Z</time>
        <extensions>
          <geotracker:meta c="4.44" s="25.5" />
        </extensions>
      </trkpt>
      <trkpt lat="-15.60276858" lon="131.2365701">
        <ele>114.89</ele>
        <time>2026-09-12T06:54:55Z</time>
        <extensions>
          <geotracker:meta c="4.45" s="24.51" />
        </extensions>
      </trkpt>
      <trkpt lat="-15.60322906" lon="131.23453151">
        <ele>114.13</ele>
        <time>2026-09-12T06:55:04Z</time>
        <extensions>
          <geotracker:meta c="4.6" s="25.48" />
        </extensions>
      </trkpt>
      <trkpt lat="-15.60306906" lon="131.23236926">
        <ele>111.86</ele>
        <time>2026-09-12T06:55:13Z</time>
        <extensions>
          <geotracker:meta c="4.98" s="25.96" />
        </extensions>
      </trkpt>
      <trkpt lat="-15.60232298" lon="131.23034708">
        <ele>111.64</ele>
        <time>2026-09-12T06:55:22Z</time>
        <extensions>
          <geotracker:meta c="5.1" s="25.63" />
        </extensions>
      </trkpt>
      <trkpt lat="-15.601567" lon="131.22839082">
        <ele>110.36</ele>
        <time>2026-09-12T06:55:31Z</time>
        <extensions>
          <geotracker:meta c="5.05" s="24.86" />
        </extensions>
      </trkpt>
      <trkpt lat="-15.60155641" lon="131.22422752">
        <ele>110.3</ele>
        <time>2026-09-12T06:55:49Z</time>
        <extensions>
          <geotracker:meta c="4.57" s="25.46" />
        </extensions>
      </trkpt>
      <trkpt lat="-15.60186468" lon="131.22211976">
        <ele>110.34</ele>
        <time>2026-09-12T06:55:58Z</time>
        <extensions>
          <geotracker:meta c="4.57" s="25.23" />
        </extensions>
      </trkpt>
      <trkpt lat="-15.60212246" lon="131.22002545">
        <ele>109.47</ele>
        <time>2026-09-12T06:56:07Z</time>
        <extensions>
          <geotracker:meta c="4.67" s="25.07" />
        </extensions>
      </trkpt>
      <trkpt lat="-15.60183507" lon="131.21793537">
        <ele>109.07</ele>
        <time>2026-09-12T06:56:16Z</time>
        <extensions>
          <geotracker:meta c="4.96" s="25.22" />
        </extensions>
      </trkpt>
      <trkpt lat="-15.60136601" lon="131.21592279">
        <ele>108.23</ele>
        <time>2026-09-12T06:56:25Z</time>
        <extensions>
          <geotracker:meta c="4.94" s="24.5" />
        </extensions>
      </trkpt>
      <trkpt lat="-15.60069037" lon="131.21393009">
        <ele>106.58</ele>
        <time>2026-09-12T06:56:34Z</time>
        <extensions>
          <geotracker:meta c="5.21" s="25.69" />
        </extensions>
      </trkpt>
      <trkpt lat="-15.59977053" lon="131.21205535">
        <ele>108.39</ele>
        <time>2026-09-12T06:56:43Z</time>
        <extensions>
          <geotracker:meta c="5.04" s="24.11" />
        </extensions>
      </trkpt>
      <trkpt lat="-15.5995911" lon="131.21018775">
        <ele>115.67</ele>
        <time>2026-09-12T06:56:52Z</time>
        <extensions>
          <geotracker:meta c="4.61" s="21.13" />
        </extensions>
      </trkpt>
      <trkpt lat="-15.59979162" lon="131.208419">
        <ele>113.06</ele>
        <time>2026-09-12T06:57:01Z</time>
        <extensions>
          <geotracker:meta c="4.69" s="21.37" />
        </extensions>
      </trkpt>
      <trkpt lat="-15.59839453" lon="131.20476427">
        <ele>105.29</ele>
        <time>2026-09-12T06:57:19Z</time>
        <extensions>
          <geotracker:meta c="5.41" s="23.99" />
        </extensions>
      </trkpt>
      <trkpt lat="-15.59719962" lon="131.2031137">
        <ele>103.01</ele>
        <time>2026-09-12T06:57:28Z</time>
        <extensions>
          <geotracker:meta c="5.17" s="25.32" />
        </extensions>
      </trkpt>
      <trkpt lat="-15.59665165" lon="131.20114192">
        <ele>102.75</ele>
        <time>2026-09-12T06:57:37Z</time>
        <extensions>
          <geotracker:meta c="4.83" s="24.7" />
        </extensions>
      </trkpt>
      <trkpt lat="-15.59683977" lon="131.1990128">
        <ele>102.43</ele>
        <time>2026-09-12T06:57:46Z</time>
        <extensions>
          <geotracker:meta c="4.44" s="26.54" />
        </extensions>
      </trkpt>
      <trkpt lat="-15.59782876" lon="131.19702345">
        <ele>101.62</ele>
        <time>2026-09-12T06:57:55Z</time>
        <extensions>
          <geotracker:meta c="4.04" s="26.65" />
        </extensions>
      </trkpt>
      <trkpt lat="-15.59923781" lon="131.19544555">
        <ele>100.36</ele>
        <time>2026-09-12T06:58:04Z</time>
        <extensions>
          <geotracker:meta c="4.08" s="25.68" />
        </extensions>
      </trkpt>
      <trkpt lat="-15.60015717" lon="131.19343445">
        <ele>99.61</ele>
        <time>2026-09-12T06:58:13Z</time>
        <extensions>
          <geotracker:meta c="4.42" s="27.37" />
        </extensions>
      </trkpt>
      <trkpt lat="-15.60078842" lon="131.19123506">
        <ele>98</ele>
        <time>2026-09-12T06:58:22Z</time>
        <extensions>
          <geotracker:meta c="4.44" s="26.87" />
        </extensions>
      </trkpt>
      <trkpt lat="-15.60137715" lon="131.18910995">
        <ele>99.28</ele>
        <time>2026-09-12T06:58:31Z</time>
        <extensions>
          <geotracker:meta c="4.44" s="26.27" />
        </extensions>
      </trkpt>
      <trkpt lat="-15.60143615" lon="131.18453953">
        <ele>97.23</ele>
        <time>2026-09-12T06:58:49Z</time>
        <extensions>
          <geotracker:meta c="4.8" s="28.32" />
        </extensions>
      </trkpt>
      <trkpt lat="-15.60124736" lon="131.18223268">
        <ele>94.35</ele>
        <time>2026-09-12T06:58:58Z</time>
        <extensions>
          <geotracker:meta c="4.8" s="27.08" />
        </extensions>
      </trkpt>
      <trkpt lat="-15.60106515" lon="131.18000418">
        <ele>92.43</ele>
        <time>2026-09-12T06:59:07Z</time>
        <extensions>
          <geotracker:meta c="4.8" s="26.07" />
        </extensions>
      </trkpt>
      <trkpt lat="-15.60118273" lon="131.17787632">
        <ele>91.25</ele>
        <time>2026-09-12T06:59:16Z</time>
        <extensions>
          <geotracker:meta c="4.47" s="25.33" />
        </extensions>
      </trkpt>
      <trkpt lat="-15.60204831" lon="131.17591533">
        <ele>92.48</ele>
        <time>2026-09-12T06:59:25Z</time>
        <extensions>
          <geotracker:meta c="4.11" s="26.58" />
        </extensions>
      </trkpt>
      <trkpt lat="-15.60331514" lon="131.17405827">
        <ele>93.8</ele>
        <time>2026-09-12T06:59:34Z</time>
        <extensions>
          <geotracker:meta c="4.1" s="26.99" />
        </extensions>
      </trkpt>
      <trkpt lat="-15.60447252" lon="131.17209561">
        <ele>94.23</ele>
        <time>2026-09-12T06:59:43Z</time>
        <extensions>
          <geotracker:meta c="4.27" s="27.9" />
        </extensions>
      </trkpt>
      <trkpt lat="-15.6053624" lon="131.16986494">
        <ele>91.08</ele>
        <time>2026-09-12T06:59:52Z</time>
        <extensions>
          <geotracker:meta c="4.33" s="28.61" />
        </extensions>
      </trkpt>
      <trkpt lat="-15.60618098" lon="131.1677723">
        <ele>91.43</ele>
        <time>2026-09-12T07:00:01Z</time>
        <extensions>
          <geotracker:meta c="4.32" s="25.68" />
        </extensions>
      </trkpt>
      <trkpt lat="-15.60771793" lon="131.16383536">
        <ele>89.23</ele>
        <time>2026-09-12T07:00:19Z</time>
        <extensions>
          <geotracker:meta c="4.32" s="26.46" />
        </extensions>
      </trkpt>
      <trkpt lat="-15.60854148" lon="131.16178074">
        <ele>90.95</ele>
        <time>2026-09-12T07:00:28Z</time>
        <extensions>
          <geotracker:meta c="4.27" s="26.37" />
        </extensions>
      </trkpt>
      <trkpt lat="-15.60968606" lon="131.15990647">
        <ele>93.11</ele>
        <time>2026-09-12T07:00:37Z</time>
        <extensions>
          <geotracker:meta c="4.1" s="26.62" />
        </extensions>
      </trkpt>
      <trkpt lat="-15.61094564" lon="131.15808776">
        <ele>92.98</ele>
        <time>2026-09-12T07:00:46Z</time>
        <extensions>
          <geotracker:meta c="4.09" s="26.57" />
        </extensions>
      </trkpt>
      <trkpt lat="-15.61220643" lon="131.15627841">
        <ele>92.04</ele>
        <time>2026-09-12T07:00:55Z</time>
        <extensions>
          <geotracker:meta c="4.08" s="26.35" />
        </extensions>
      </trkpt>
      <trkpt lat="-15.61345388" lon="131.15447525">
        <ele>90.17</ele>
        <time>2026-09-12T07:01:04Z</time>
        <extensions>
          <geotracker:meta c="4.09" s="26.62" />
        </extensions>
      </trkpt>
      <trkpt lat="-15.61474716" lon="131.15263592">
        <ele>91.42</ele>
        <time>2026-09-12T07:01:13Z</time>
        <extensions>
          <geotracker:meta c="4.11" s="27.47" />
        </extensions>
      </trkpt>
      <trkpt lat="-15.6157279" lon="131.15052614">
        <ele>89.7</ele>
        <time>2026-09-12T07:01:22Z</time>
        <extensions>
          <geotracker:meta c="4.46" s="27.79" />
        </extensions>
      </trkpt>
      <trkpt lat="-15.61583734" lon="131.1482802">
        <ele>90.07</ele>
        <time>2026-09-12T07:01:31Z</time>
        <extensions>
          <geotracker:meta c="4.85" s="26.44" />
        </extensions>
      </trkpt>
      <trkpt lat="-15.6152306" lon="131.14388863">
        <ele>88.97</ele>
        <time>2026-09-12T07:01:49Z</time>
        <extensions>
          <geotracker:meta c="4.85" s="26.34" />
        </extensions>
      </trkpt>
      <trkpt lat="-15.61491105" lon="131.1417789">
        <ele>90.21</ele>
        <time>2026-09-12T07:01:58Z</time>
        <extensions>
          <geotracker:meta c="4.93" s="24.92" />
        </extensions>
      </trkpt>
      <trkpt lat="-15.61418027" lon="131.13981501">
        <ele>90.26</ele>
        <time>2026-09-12T07:02:07Z</time>
        <extensions>
          <geotracker:meta c="5.15" s="24.98" />
        </extensions>
      </trkpt>
      <trkpt lat="-15.61329689" lon="131.13788571">
        <ele>89.86</ele>
        <time>2026-09-12T07:02:16Z</time>
        <extensions>
          <geotracker:meta c="5.14" s="25.7" />
        </extensions>
      </trkpt>
      <trkpt lat="-15.6128054" lon="131.13579908">
        <ele>91.38</ele>
        <time>2026-09-12T07:02:25Z</time>
        <extensions>
          <geotracker:meta c="4.84" s="25.97" />
        </extensions>
      </trkpt>
      <trkpt lat="-15.61310949" lon="131.13368977">
        <ele>90.5</ele>
        <time>2026-09-12T07:02:34Z</time>
        <extensions>
          <geotracker:meta c="4.48" s="24.82" />
        </extensions>
      </trkpt>
      <trkpt lat="-15.61382035" lon="131.13179928">
        <ele>88.59</ele>
        <time>2026-09-12T07:02:43Z</time>
        <extensions>
          <geotracker:meta c="4.33" s="23.06" />
        </extensions>
      </trkpt>
      <trkpt lat="-15.61443695" lon="131.13015941">
        <ele>88.46</ele>
        <time>2026-09-12T07:02:52Z</time>
        <extensions>
          <geotracker:meta c="4.33" s="19.18" />
        </extensions>
      </trkpt>
      <trkpt lat="-15.61497948" lon="131.12875407">
        <ele>88.33</ele>
        <time>2026-09-12T07:03:01Z</time>
        <extensions>
          <geotracker:meta c="4.34" s="17.24" />
        </extensions>
      </trkpt>
      <trkpt lat="-15.6160087" lon="131.12589832">
        <ele>92.09</ele>
        <time>2026-09-12T07:03:19Z</time>
        <extensions>
          <geotracker:meta c="4.5" s="18.67" />
        </extensions>
      </trkpt>
      <trkpt lat="-15.61615709" lon="131.12426539">
        <ele>94.84</ele>
        <time>2026-09-12T07:03:28Z</time>
        <extensions>
          <geotracker:meta c="4.85" s="20.34" />
        </extensions>
      </trkpt>
      <trkpt lat="-15.61579215" lon="131.12253274">
        <ele>94.05</ele>
        <time>2026-09-12T07:03:37Z</time>
        <extensions>
          <geotracker:meta c="5.07" s="20.42" />
        </extensions>
      </trkpt>
      <trkpt lat="-15.61497182" lon="131.12106849">
        <ele>92.51</ele>
        <time>2026-09-12T07:03:46Z</time>
        <extensions>
          <geotracker:meta c="5.45" s="20.7" />
        </extensions>
      </trkpt>
      <trkpt lat="-15.61368058" lon="131.11984057">
        <ele>91.67</ele>
        <time>2026-09-12T07:03:55Z</time>
        <extensions>
          <geotracker:meta c="5.7" s="22.42" />
        </extensions>
      </trkpt>
      <trkpt lat="-15.61196837" lon="131.11909109">
        <ele>94.14</ele>
        <time>2026-09-12T07:04:04Z</time>
        <extensions>
          <geotracker:meta c="5.99" s="23.1" />
        </extensions>
      </trkpt>
      <trkpt lat="-15.61019334" lon="131.11853886">
        <ele>93.9</ele>
        <time>2026-09-12T07:04:13Z</time>
        <extensions>
          <geotracker:meta c="5.86" s="23.76" />
        </extensions>
      </trkpt>
      <trkpt lat="-15.60846142" lon="131.11768725">
        <ele>94.67</ele>
        <time>2026-09-12T07:04:22Z</time>
        <extensions>
          <geotracker:meta c="5.73" s="21.92" />
        </extensions>
      </trkpt>
      <trkpt lat="-15.60721119" lon="131.11666256">
        <ele>94.2</ele>
        <time>2026-09-12T07:04:31Z</time>
        <extensions>
          <geotracker:meta c="5.46" s="18.48" />
        </extensions>
      </trkpt>
      <trkpt lat="-15.60599467" lon="131.11519191">
        <ele>88.85</ele>
        <time>2026-09-12T07:04:49Z</time>
        <extensions>
          <geotracker:meta c="3.67" s="2.29" />
        </extensions>
      </trkpt>
      <trkpt lat="-15.60601795" lon="131.11519459">
        <ele>87.67</ele>
        <time>2026-09-12T07:09:21Z</time>
        <extensions>
          <geotracker:meta c="0.18" s="0.69" />
        </extensions>
      </trkpt>
      <trkpt lat="-15.60479615" lon="131.11423889">
        <ele>87.12</ele>
        <time>2026-09-12T07:09:52Z</time>
        <extensions>
          <geotracker:meta c="5.53" s="13.95" />
        </extensions>
      </trkpt>
      <trkpt lat="-15.60194885" lon="131.112547">
        <ele>96.23</ele>
        <time>2026-09-12T07:10:12Z</time>
        <extensions>
          <geotracker:meta c="6.01" s="21.01" />
        </extensions>
      </trkpt>
      <trkpt lat="-15.60006508" lon="131.11226298">
        <ele>100.96</ele>
        <time>2026-09-12T07:10:22Z</time>
        <extensions>
          <geotracker:meta c="0" s="21.22" />
        </extensions>
      </trkpt>
      <trkpt lat="-15.59807436" lon="131.11254397">
        <ele>103.57</ele>
        <time>2026-09-12T07:10:32Z</time>
        <extensions>
          <geotracker:meta c="0.28" s="22.74" />
        </extensions>
      </trkpt>
      <trkpt lat="-15.59624557" lon="131.11342667">
        <ele>98.92</ele>
        <time>2026-09-12T07:10:42Z</time>
        <extensions>
          <geotracker:meta c="0.59" s="22.03" />
        </extensions>
      </trkpt>
      <trkpt lat="-15.59477226" lon="131.11467023">
        <ele>96.94</ele>
        <time>2026-09-12T07:10:52Z</time>
        <extensions>
          <geotracker:meta c="0.73" s="21.07" />
        </extensions>
      </trkpt>
      <trkpt lat="-15.59327727" lon="131.11582873">
        <ele>93.4</ele>
        <time>2026-09-12T07:11:02Z</time>
        <extensions>
          <geotracker:meta c="0.51" s="20.82" />
        </extensions>
      </trkpt>
      <trkpt lat="-15.59141767" lon="131.11647045">
        <ele>90.91</ele>
        <time>2026-09-12T07:11:12Z</time>
        <extensions>
          <geotracker:meta c="0.24" s="22.68" />
        </extensions>
      </trkpt>
      <trkpt lat="-15.58948192" lon="131.11692727">
        <ele>95.17</ele>
        <time>2026-09-12T07:11:22Z</time>
        <extensions>
          <geotracker:meta c="0.21" s="21.28" />
        </extensions>
      </trkpt>
      <trkpt lat="-15.5876342" lon="131.11726873">
        <ele>93.14</ele>
        <time>2026-09-12T07:11:32Z</time>
        <extensions>
          <geotracker:meta c="0.06" s="20.33" />
        </extensions>
      </trkpt>
      <trkpt lat="-15.58571902" lon="131.11718278">
        <ele>91.22</ele>
        <time>2026-09-12T07:11:42Z</time>
        <extensions>
          <geotracker:meta c="6.16" s="21.7" />
        </extensions>
      </trkpt>
      <trkpt lat="-15.58376923" lon="131.11644721">
        <ele>92.15</ele>
        <time>2026-09-12T07:11:52Z</time>
        <extensions>
          <geotracker:meta c="5.7" s="23.8" />
        </extensions>
      </trkpt>
      <trkpt lat="-15.58251568" lon="131.11493601">
        <ele>90.92</ele>
        <time>2026-09-12T07:12:01Z</time>
        <extensions>
          <geotracker:meta c="5.19" s="22.01" />
        </extensions>
      </trkpt>
      <trkpt lat="-15.58226451" lon="131.11185607">
        <ele>92.49</ele>
        <time>2026-09-12T07:12:19Z</time>
        <extensions>
          <geotracker:meta c="4.36" s="17.61" />
        </extensions>
      </trkpt>
      <trkpt lat="-15.58295814" lon="131.11051217">
        <ele>94.01</ele>
        <time>2026-09-12T07:12:28Z</time>
        <extensions>
          <geotracker:meta c="3.99" s="18.49" />
        </extensions>
      </trkpt>
      <trkpt lat="-15.58407401" lon="131.10942414">
        <ele>93.07</ele>
        <time>2026-09-12T07:12:37Z</time>
        <extensions>
          <geotracker:meta c="3.83" s="19.32" />
        </extensions>
      </trkpt>
      <trkpt lat="-15.58534612" lon="131.10832384">
        <ele>92.27</ele>
        <time>2026-09-12T07:12:46Z</time>
        <extensions>
          <geotracker:meta c="3.87" s="21.44" />
        </extensions>
      </trkpt>
      <trkpt lat="-15.58653662" lon="131.10694878">
        <ele>91.85</ele>
        <time>2026-09-12T07:12:55Z</time>
        <extensions>
          <geotracker:meta c="4.1" s="22.75" />
        </extensions>
      </trkpt>
      <trkpt lat="-15.58758595" lon="131.10537129">
        <ele>90.64</ele>
        <time>2026-09-12T07:13:04Z</time>
        <extensions>
          <geotracker:meta c="4.12" s="21.38" />
        </extensions>
      </trkpt>
      <trkpt lat="-15.58843336" lon="131.10409877">
        <ele>90.5</ele>
        <time>2026-09-12T07:13:13Z</time>
        <extensions>
          <geotracker:meta c="4.07" s="14.3" />
        </extensions>
      </trkpt>
      <trkpt lat="-15.58786517" lon="131.10376248">
        <ele>91.12</ele>
        <time>2026-09-12T07:13:31Z</time>
        <extensions>
          <geotracker:meta c="0.1" s="6.1" />
        </extensions>
      </trkpt>
      <trkpt lat="-15.58693536" lon="131.10372064">
        <ele>91.51</ele>
        <time>2026-09-12T07:13:49Z</time>
        <extensions>
          <geotracker:meta c="6.22" s="5.82" />
        </extensions>
      </trkpt>
      <trkpt lat="-15.58645354" lon="131.10367524">
        <ele>91.76</ele>
        <time>2026-09-12T07:13:58Z</time>
        <extensions>
          <geotracker:meta c="6.04" s="6.16" />
        </extensions>
      </trkpt>
      <trkpt lat="-15.58595473" lon="131.10358438">
        <ele>91.07</ele>
        <time>2026-09-12T07:14:07Z</time>
        <extensions>
          <geotracker:meta c="6.16" s="6.49" />
        </extensions>
      </trkpt>
      <trkpt lat="-15.58538852" lon="131.10348955">
        <ele>92.44</ele>
        <time>2026-09-12T07:14:16Z</time>
        <extensions>
          <geotracker:meta c="6.11" s="7.58" />
        </extensions>
      </trkpt>
      <trkpt lat="-15.58489268" lon="131.10342161">
        <ele>92.59</ele>
        <time>2026-09-12T07:14:34Z</time>
        <extensions>
          <geotracker:meta c="6.11" s="2.1" />
        </extensions>
      </trkpt>
      <trkpt lat="-15.58419394" lon="131.10333555">
        <ele>87.83</ele>
        <time>2026-09-12T07:15:01Z</time>
        <extensions>
          <geotracker:meta c="6.28" s="5.44" />
        </extensions>
      </trkpt>
      <trkpt lat="-15.58330949" lon="131.10332556">
        <ele>89.69</ele>
        <time>2026-09-12T07:15:19Z</time>
        <extensions>
          <geotracker:meta c="0.13" s="3.7" />
        </extensions>
      </trkpt>
      <trkpt lat="-15.58276195" lon="131.10332569">
        <ele>86.62</ele>
        <time>2026-09-12T07:15:46Z</time>
        <extensions>
          <geotracker:meta c="0.28" s="2.14" />
        </extensions>
      </trkpt>
      <trkpt lat="-15.58224163" lon="131.10356295">
        <ele>84.77</ele>
        <time>2026-09-12T07:16:04Z</time>
        <extensions>
          <geotracker:meta c="0.61" s="2.6" />
        </extensions>
      </trkpt>
      <trkpt lat="-15.58174886" lon="131.10379965">
        <ele>81.24</ele>
        <time>2026-09-12T07:16:31Z</time>
        <extensions>
          <geotracker:meta c="0.13" s="2.17" />
        </extensions>
      </trkpt>
      <trkpt lat="-15.58041827" lon="131.10451953">
        <ele>76.21</ele>
        <time>2026-09-12T07:48:15Z</time>
        <extensions>
          <geotracker:meta c="0.55" s="1.38" />
        </extensions>
      </trkpt>
      <trkpt lat="-15.57981926" lon="131.10428502">
        <ele>74.01</ele>
        <time>2026-09-12T07:49:05Z</time>
        <extensions>
          <geotracker:meta c="5.58" s="0.88" />
        </extensions>
      </trkpt>
      <trkpt lat="-15.57959812" lon="131.10423359">
        <ele>73.54</ele>
        <time>2026-09-12T07:51:54Z</time>
        <extensions>
          <geotracker:meta c="4.09" s="0.33" />
        </extensions>
      </trkpt>
      <trkpt lat="-15.57962218" lon="131.10423434">
        <ele>70.64</ele>
        <time>2026-09-12T07:53:56Z</time>
        <extensions>
          <geotracker:meta c="3.01" s="0.66" />
        </extensions>
      </trkpt>
    </trkseg>
  </trk>
</gpx>