<?xml version='1.0' encoding='UTF-8' standalone='yes' ?>
<gpx xmlns="http://www.topografix.com/GPX/1/1" xmlns:geotracker="http://ilyabogdanovich.com/gpx/extensions/geotracker" xmlns:xsi="http://www.w3.org/2001/XMLSchema-instance" xsi:schemaLocation="http://www.topografix.com/GPX/1/1 http://www.topografix.com/GPX/1/1/gpx.xsd" version="1.1" creator="Recorded in Geo Tracker for Android from Ilya Bogdanovich">
  <metadata>
    <name>Karijini</name>
    <author>
      <name>Recorded in Geo Tracker for Android from Ilya Bogdanovich</name>
      <link href="https://play.google.com/store/apps/details?id=com.ilyabogdanovich.geotracker" />
    </author>
    <link href="https://play.google.com/store/apps/details?id=com.ilyabogdanovich.geotracker" />
    <time>2026-09-30T22:29:58Z</time>
  </metadata>
  <wpt lat="-22.4759069" lon="118.55211179">
    <ele>663.68</ele>
    <time>2026-09-30T23:29:27Z</time>
    <name>Stop for ~3 min</name>
    <desc>Elevation: 664 m
Time from start: 00:59:28
Distance from start: 33.34 km</desc>
    <extensions>
      <geotracker:meta emoji="⏱️" />
    </extensions>
  </wpt>
  <wpt lat="-22.47658948" lon="118.55296488">
    <ele>660.22</ele>
    <time>2026-09-30T23:33:25Z</time>
    <name>Stop for ~2 min</name>
    <desc>Elevation: 660 m
Time from start: 01:03:26
Distance from start: 33.48 km</desc>
    <extensions>
      <geotracker:meta emoji="⏱️" />
    </extensions>
  </wpt>
  <wpt lat="-22.47782176" lon="118.56219403">
    <ele>594.51</ele>
    <time>2026-09-30T23:59:24Z</time>
    <name>Stop for ~5 min</name>
    <desc>Elevation: 595 m
Time from start: 01:29:25
Distance from start: 34.95 km</desc>
    <extensions>
      <geotracker:meta emoji="⏱️" />
    </extensions>
  </wpt>
  <wpt lat="-22.47777319" lon="118.55894611">
    <ele>599.28</ele>
    <time>2026-10-01T00:10:53Z</time>
    <name>Stop for ~15 min</name>
    <desc>Elevation: 599 m
Time from start: 01:40:54
Distance from start: 35.33 km</desc>
    <extensions>
      <geotracker:meta emoji="⏱️" />
    </extensions>
  </wpt>
  <wpt lat="-22.47762794" lon="118.55127109">
    <ele>614.95</ele>
    <time>2026-10-01T00:44:21Z</time>
    <name>Stop for ~34 min</name>
    <desc>Elevation: 615 m
Time from start: 02:14:22
Distance from start: 36.3 km</desc>
    <extensions>
      <geotracker:meta emoji="⏱️" />
    </extensions>
  </wpt>
  <wpt lat="-22.41692564" lon="118.40165185">
    <ele>659.25</ele>
    <time>2026-10-01T03:21:44Z</time>
    <name>Stop for ~17 min</name>
    <desc>Elevation: 659 m
Time from start: 04:51:45
Distance from start: 66.38 km</desc>
    <extensions>
      <geotracker:meta emoji="⏱️" />
    </extensions>
  </wpt>
  <wpt lat="-22.40998866" lon="118.40951208">
    <ele>635.17</ele>
    <time>2026-10-01T03:50:46Z</time>
    <name>Stop for ~20 min</name>
    <desc>Elevation: 635 m
Time from start: 05:20:47
Distance from start: 67.7 km</desc>
    <extensions>
      <geotracker:meta emoji="⏱️" />
    </extensions>
  </wpt>
  <wpt lat="-22.41700307" lon="118.40232942">
    <ele>646.58</ele>
    <time>2026-10-01T04:31:22Z</time>
    <name>Stop for ~4 min</name>
    <desc>Elevation: 647 m
Time from start: 06:01:23
Distance from start: 68.98 km</desc>
    <extensions>
      <geotracker:meta emoji="⏱️" />
    </extensions>
  </wpt>
  <wpt lat="-22.3709898" lon="118.29602408">
    <ele>667.97</ele>
    <time>2026-10-01T05:25:40Z</time>
    <name>Stop for ~55 min</name>
    <desc>Elevation: 668 m
Time from start: 06:55:41
Distance from start: 91.97 km</desc>
    <extensions>
      <geotracker:meta emoji="⏱️" />
    </extensions>
  </wpt>
  <wpt lat="-22.37002731" lon="118.29642098">
    <ele>661.11</ele>
    <time>2026-10-01T06:20:09Z</time>
    <name>Stop for ~4 min</name>
    <desc>Elevation: 661 m
Time from start: 07:50:10
Distance from start: 92.1 km</desc>
    <extensions>
      <geotracker:meta emoji="⏱️" />
    </extensions>
  </wpt>
  <wpt lat="-22.37152774" lon="118.29796001">
    <ele>613</ele>
    <time>2026-10-01T06:33:55Z</time>
    <name>Stop for ~6 min</name>
    <desc>Elevation: 613 m
Time from start: 08:03:56
Distance from start: 92.43 km</desc>
    <extensions>
      <geotracker:meta emoji="⏱️" />
    </extensions>
  </wpt>
  <wpt lat="-22.36966809" lon="118.29647786">
    <ele>575.67</ele>
    <time>2026-10-01T06:47:12Z</time>
    <name>Stop for ~5 min</name>
    <desc>Elevation: 576 m
Time from start: 08:17:13
Distance from start: 92.73 km</desc>
    <extensions>
      <geotracker:meta emoji="⏱️" />
    </extensions>
  </wpt>
  <wpt lat="-22.36700295" lon="118.29786214">
    <ele>573.42</ele>
    <time>2026-10-01T06:55:14Z</time>
    <name>Stop for ~12 min</name>
    <desc>Elevation: 573 m
Time from start: 08:25:15
Distance from start: 93.07 km</desc>
    <extensions>
      <geotracker:meta emoji="⏱️" />
    </extensions>
  </wpt>
  <wpt lat="-22.37165262" lon="118.29790783">
    <ele>618.05</ele>
    <time>2026-10-01T07:20:08Z</time>
    <name>Stop for ~6 min</name>
    <desc>Elevation: 618 m
Time from start: 08:50:09
Distance from start: 93.8 km</desc>
    <extensions>
      <geotracker:meta emoji="⏱️" />
    </extensions>
  </wpt>
  <wpt lat="-22.39088547" lon="118.26854637">
    <ele>626.41</ele>
    <time>2026-10-01T07:50:24Z</time>
    <name>Stop for ~23 min</name>
    <desc>Elevation: 626 m
Time from start: 09:20:25
Distance from start: 98.63 km</desc>
    <extensions>
      <geotracker:meta emoji="⏱️" />
    </extensions>
  </wpt>
  <wpt lat="-22.39045404" lon="118.26775418">
    <ele>665.84</ele>
    <time>2026-10-01T08:11:14Z</time>
    <name>Stop for ~7 min</name>
    <desc>Elevation: 666 m
Time from start: 09:41:15
Distance from start: 98.75 km</desc>
    <extensions>
      <geotracker:meta emoji="⏱️" />
    </extensions>
  </wpt>
  <wpt lat="-22.39144627" lon="118.26896625">
    <ele>697.86</ele>
    <time>2026-10-01T08:19:24Z</time>
    <name>Stop for ~4 min</name>
    <desc>Elevation: 698 m
Time from start: 09:49:25
Distance from start: 99.03 km</desc>
    <extensions>
      <geotracker:meta emoji="⏱️" />
    </extensions>
  </wpt>
  <trk>
    <name>Karijini</name>
    <src>Recorded in Geo Tracker for Android from Ilya Bogdanovich</src>
    <link href="https://play.google.com/store/apps/details?id=com.ilyabogdanovich.geotracker" />
    <extensions>
      <geotracker:meta>
        <geotracker:length>134475.76</geotracker:length>
        <geotracker:duration>39833409</geotracker:duration>
        <geotracker:creationtime>2026-09-30T22:29:58Z</geotracker:creationtime>
        <geotracker:activity>0</geotracker:activity>
      </geotracker:meta>
    </extensions>
    <trkseg>
      <trkpt lat="-22.60584505" lon="118.5757513">
        <ele>747.83</ele>
        <time>2026-09-30T22:31:15Z</time>
        <extensions>
          <geotracker:meta c="5.22" s="18.31" />
        </extensions>
      </trkpt>
      <trkpt lat="-22.6043651" lon="118.57294854">
        <ele>747</ele>
        <time>2026-09-30T22:31:32Z</time>
        <extensions>
          <geotracker:meta c="5.23" s="19.92" />
        </extensions>
      </trkpt>
      <trkpt lat="-22.60318131" lon="118.57029055">
        <ele>745.5</ele>
        <time>2026-09-30T22:31:47Z</time>
        <extensions>
          <geotracker:meta c="5.07" s="20.3" />
        </extensions>
      </trkpt>
      <trkpt lat="-22.60247578" lon="118.56735467">
        <ele>741.1</ele>
        <time>2026-09-30T22:32:02Z</time>
        <extensions>
          <geotracker:meta c="4.86" s="20.8" />
        </extensions>
      </trkpt>
      <trkpt lat="-22.60225567" lon="118.56432081">
        <ele>738.29</ele>
        <time>2026-09-30T22:32:17Z</time>
        <extensions>
          <geotracker:meta c="4.76" s="21.03" />
        </extensions>
      </trkpt>
      <trkpt lat="-22.60215984" lon="118.56120609">
        <ele>738.9</ele>
        <time>2026-09-30T22:32:32Z</time>
        <extensions>
          <geotracker:meta c="4.76" s="21.19" />
        </extensions>
      </trkpt>
      <trkpt lat="-22.60195249" lon="118.55804212">
        <ele>746.7</ele>
        <time>2026-09-30T22:32:47Z</time>
        <extensions>
          <geotracker:meta c="4.76" s="22.24" />
        </extensions>
      </trkpt>
      <trkpt lat="-22.60185144" lon="118.55480397">
        <ele>739.4</ele>
        <time>2026-09-30T22:33:02Z</time>
        <extensions>
          <geotracker:meta c="4.75" s="22.22" />
        </extensions>
      </trkpt>
      <trkpt lat="-22.6016583" lon="118.55160021">
        <ele>737.09</ele>
        <time>2026-09-30T22:33:17Z</time>
        <extensions>
          <geotracker:meta c="4.76" s="21.18" />
        </extensions>
      </trkpt>
      <trkpt lat="-22.60152254" lon="118.54855884">
        <ele>747.4</ele>
        <time>2026-09-30T22:33:32Z</time>
        <extensions>
          <geotracker:meta c="4.76" s="20.3" />
        </extensions>
      </trkpt>
      <trkpt lat="-22.60139487" lon="118.5456258">
        <ele>741.7</ele>
        <time>2026-09-30T22:33:47Z</time>
        <extensions>
          <geotracker:meta c="4.78" s="20.61" />
        </extensions>
      </trkpt>
      <trkpt lat="-22.60120403" lon="118.54249165">
        <ele>744.26</ele>
        <time>2026-09-30T22:34:02Z</time>
        <extensions>
          <geotracker:meta c="4.75" s="21.8" />
        </extensions>
      </trkpt>
      <trkpt lat="-22.60083551" lon="118.53921892">
        <ele>735.04</ele>
        <time>2026-09-30T22:34:17Z</time>
        <extensions>
          <geotracker:meta c="4.97" s="23.35" />
        </extensions>
      </trkpt>
      <trkpt lat="-22.59949775" lon="118.53604824">
        <ele>740.63</ele>
        <time>2026-09-30T22:34:32Z</time>
        <extensions>
          <geotracker:meta c="5.28" s="24.7" />
        </extensions>
      </trkpt>
      <trkpt lat="-22.59730639" lon="118.53336687">
        <ele>745.73</ele>
        <time>2026-09-30T22:34:47Z</time>
        <extensions>
          <geotracker:meta c="5.59" s="24.98" />
        </extensions>
      </trkpt>
      <trkpt lat="-22.59451175" lon="118.53123846">
        <ele>748.71</ele>
        <time>2026-09-30T22:35:02Z</time>
        <extensions>
          <geotracker:meta c="5.68" s="25.19" />
        </extensions>
      </trkpt>
      <trkpt lat="-22.5916916" lon="118.52908534">
        <ele>753.25</ele>
        <time>2026-09-30T22:35:17Z</time>
        <extensions>
          <geotracker:meta c="5.67" s="25.63" />
        </extensions>
      </trkpt>
      <trkpt lat="-22.58948314" lon="118.5274237">
        <ele>750.29</ele>
        <time>2026-09-30T22:35:32Z</time>
        <extensions>
          <geotracker:meta c="5.67" s="14.88" />
        </extensions>
      </trkpt>
      <trkpt lat="-22.58772589" lon="118.52592395">
        <ele>750.51</ele>
        <time>2026-09-30T22:35:47Z</time>
        <extensions>
          <geotracker:meta c="5.56" s="18.44" />
        </extensions>
      </trkpt>
      <trkpt lat="-22.58589315" lon="118.52380702">
        <ele>748.72</ele>
        <time>2026-09-30T22:36:02Z</time>
        <extensions>
          <geotracker:meta c="5.38" s="21.49" />
        </extensions>
      </trkpt>
      <trkpt lat="-22.58416369" lon="118.52096108">
        <ele>753.93</ele>
        <time>2026-09-30T22:36:17Z</time>
        <extensions>
          <geotracker:meta c="5.2" s="24.99" />
        </extensions>
      </trkpt>
      <trkpt lat="-22.58284486" lon="118.5174976">
        <ele>750.65</ele>
        <time>2026-09-30T22:36:32Z</time>
        <extensions>
          <geotracker:meta c="5.06" s="25.85" />
        </extensions>
      </trkpt>
      <trkpt lat="-22.58165161" lon="118.51399982">
        <ele>752.65</ele>
        <time>2026-09-30T22:36:47Z</time>
        <extensions>
          <geotracker:meta c="5.1" s="25.36" />
        </extensions>
      </trkpt>
      <trkpt lat="-22.58021387" lon="118.51072482">
        <ele>754.44</ele>
        <time>2026-09-30T22:37:02Z</time>
        <extensions>
          <geotracker:meta c="5.23" s="24.7" />
        </extensions>
      </trkpt>
      <trkpt lat="-22.57829906" lon="118.50770376">
        <ele>747.69</ele>
        <time>2026-09-30T22:37:17Z</time>
        <extensions>
          <geotracker:meta c="5.39" s="25.29" />
        </extensions>
      </trkpt>
      <trkpt lat="-22.57608951" lon="118.50487289">
        <ele>742.15</ele>
        <time>2026-09-30T22:37:32Z</time>
        <extensions>
          <geotracker:meta c="5.41" s="25.38" />
        </extensions>
      </trkpt>
      <trkpt lat="-22.57387885" lon="118.50203159">
        <ele>737.62</ele>
        <time>2026-09-30T22:37:47Z</time>
        <extensions>
          <geotracker:meta c="5.4" s="25.87" />
        </extensions>
      </trkpt>
      <trkpt lat="-22.57157018" lon="118.49900193">
        <ele>739.39</ele>
        <time>2026-09-30T22:38:02Z</time>
        <extensions>
          <geotracker:meta c="5.41" s="27.86" />
        </extensions>
      </trkpt>
      <trkpt lat="-22.56921685" lon="118.49594012">
        <ele>731.65</ele>
        <time>2026-09-30T22:38:17Z</time>
        <extensions>
          <geotracker:meta c="5.41" s="26.21" />
        </extensions>
      </trkpt>
      <trkpt lat="-22.56699238" lon="118.49301261">
        <ele>739.5</ele>
        <time>2026-09-30T22:38:32Z</time>
        <extensions>
          <geotracker:meta c="5.36" s="24.6" />
        </extensions>
      </trkpt>
      <trkpt lat="-22.56522295" lon="118.49015141">
        <ele>740.29</ele>
        <time>2026-09-30T22:38:47Z</time>
        <extensions>
          <geotracker:meta c="5.18" s="23.24" />
        </extensions>
      </trkpt>
      <trkpt lat="-22.56394671" lon="118.48683346">
        <ele>734.58</ele>
        <time>2026-09-30T22:39:02Z</time>
        <extensions>
          <geotracker:meta c="5" s="25.33" />
        </extensions>
      </trkpt>
      <trkpt lat="-22.56303833" lon="118.48311555">
        <ele>721.51</ele>
        <time>2026-09-30T22:39:17Z</time>
        <extensions>
          <geotracker:meta c="4.98" s="26.23" />
        </extensions>
      </trkpt>
      <trkpt lat="-22.56212557" lon="118.47945799">
        <ele>722.64</ele>
        <time>2026-09-30T22:39:32Z</time>
        <extensions>
          <geotracker:meta c="4.99" s="26.54" />
        </extensions>
      </trkpt>
      <trkpt lat="-22.5611799" lon="118.47572368">
        <ele>713.86</ele>
        <time>2026-09-30T22:39:47Z</time>
        <extensions>
          <geotracker:meta c="4.98" s="25.97" />
        </extensions>
      </trkpt>
      <trkpt lat="-22.56026004" lon="118.47214865">
        <ele>723.8</ele>
        <time>2026-09-30T22:40:02Z</time>
        <extensions>
          <geotracker:meta c="4.98" s="25.28" />
        </extensions>
      </trkpt>
      <trkpt lat="-22.55935421" lon="118.46859156">
        <ele>723.31</ele>
        <time>2026-09-30T22:40:17Z</time>
        <extensions>
          <geotracker:meta c="4.98" s="25.88" />
        </extensions>
      </trkpt>
      <trkpt lat="-22.55854972" lon="118.46515894">
        <ele>722.99</ele>
        <time>2026-09-30T22:40:31Z</time>
        <extensions>
          <geotracker:meta c="4.9" s="26.71" />
        </extensions>
      </trkpt>
      <trkpt lat="-22.5581925" lon="118.46138539">
        <ele>727.17</ele>
        <time>2026-09-30T22:40:46Z</time>
        <extensions>
          <geotracker:meta c="4.68" s="25.98" />
        </extensions>
      </trkpt>
      <trkpt lat="-22.55870726" lon="118.45769661">
        <ele>711.21</ele>
        <time>2026-09-30T22:41:02Z</time>
        <extensions>
          <geotracker:meta c="4.47" s="21.66" />
        </extensions>
      </trkpt>
      <trkpt lat="-22.55900553" lon="118.45592055">
        <ele>698.43</ele>
        <time>2026-09-30T22:41:17Z</time>
        <extensions>
          <geotracker:meta c="5.42" s="7.88" />
        </extensions>
      </trkpt>
      <trkpt lat="-22.55800751" lon="118.45570523">
        <ele>701.35</ele>
        <time>2026-09-30T22:41:32Z</time>
        <extensions>
          <geotracker:meta c="6.06" s="9.66" />
        </extensions>
      </trkpt>
      <trkpt lat="-22.55656991" lon="118.45533769">
        <ele>702.52</ele>
        <time>2026-09-30T22:41:45Z</time>
        <extensions>
          <geotracker:meta c="6.06" s="14.11" />
        </extensions>
      </trkpt>
      <trkpt lat="-22.55413577" lon="118.4547524">
        <ele>703.77</ele>
        <time>2026-09-30T22:42:02Z</time>
        <extensions>
          <geotracker:meta c="6.07" s="18.45" />
        </extensions>
      </trkpt>
      <trkpt lat="-22.55161923" lon="118.45429438">
        <ele>707.94</ele>
        <time>2026-09-30T22:42:17Z</time>
        <extensions>
          <geotracker:meta c="0.08" s="20.04" />
        </extensions>
      </trkpt>
      <trkpt lat="-22.54880846" lon="118.45472188">
        <ele>700.9</ele>
        <time>2026-09-30T22:42:32Z</time>
        <extensions>
          <geotracker:meta c="0.14" s="22.55" />
        </extensions>
      </trkpt>
      <trkpt lat="-22.54568999" lon="118.45535435">
        <ele>702.36</ele>
        <time>2026-09-30T22:42:47Z</time>
        <extensions>
          <geotracker:meta c="0.21" s="22.63" />
        </extensions>
      </trkpt>
      <trkpt lat="-22.54284116" lon="118.45604013">
        <ele>699.5</ele>
        <time>2026-09-30T22:43:02Z</time>
        <extensions>
          <geotracker:meta c="0.23" s="19.36" />
        </extensions>
      </trkpt>
      <trkpt lat="-22.54073025" lon="118.45745733">
        <ele>703.56</ele>
        <time>2026-09-30T22:43:17Z</time>
        <extensions>
          <geotracker:meta c="0.76" s="18.79" />
        </extensions>
      </trkpt>
      <trkpt lat="-22.53839785" lon="118.45868586">
        <ele>710.85</ele>
        <time>2026-09-30T22:43:32Z</time>
        <extensions>
          <geotracker:meta c="0.02" s="20.47" />
        </extensions>
      </trkpt>
      <trkpt lat="-22.53566708" lon="118.45768115">
        <ele>713.24</ele>
        <time>2026-09-30T22:43:47Z</time>
        <extensions>
          <geotracker:meta c="5.84" s="22.2" />
        </extensions>
      </trkpt>
      <trkpt lat="-22.53274532" lon="118.45686577">
        <ele>715.98</ele>
        <time>2026-09-30T22:44:02Z</time>
        <extensions>
          <geotracker:meta c="6.28" s="21.18" />
        </extensions>
      </trkpt>
      <trkpt lat="-22.53005888" lon="118.45736485">
        <ele>709.1</ele>
        <time>2026-09-30T22:44:17Z</time>
        <extensions>
          <geotracker:meta c="0.17" s="17.61" />
        </extensions>
      </trkpt>
      <trkpt lat="-22.52856616" lon="118.45759822">
        <ele>708.06</ele>
        <time>2026-09-30T22:44:32Z</time>
        <extensions>
          <geotracker:meta c="0.33" s="4.16" />
        </extensions>
      </trkpt>
      <trkpt lat="-22.52773937" lon="118.458072">
        <ele>708.36</ele>
        <time>2026-09-30T22:44:47Z</time>
        <extensions>
          <geotracker:meta c="0.55" s="2.73" />
        </extensions>
      </trkpt>
      <trkpt lat="-22.52674862" lon="118.45860719">
        <ele>708.41</ele>
        <time>2026-09-30T22:45:59Z</time>
        <extensions>
          <geotracker:meta c="0.38" s="13.2" />
        </extensions>
      </trkpt>
      <trkpt lat="-22.52476601" lon="118.45908924">
        <ele>708.09</ele>
        <time>2026-09-30T22:46:13Z</time>
        <extensions>
          <geotracker:meta c="0.19" s="18.19" />
        </extensions>
      </trkpt>
      <trkpt lat="-22.52227126" lon="118.45957641">
        <ele>710.8</ele>
        <time>2026-09-30T22:46:27Z</time>
        <extensions>
          <geotracker:meta c="0.18" s="21.67" />
        </extensions>
      </trkpt>
      <trkpt lat="-22.51879408" lon="118.46118352">
        <ele>709.15</ele>
        <time>2026-09-30T22:46:46Z</time>
        <extensions>
          <geotracker:meta c="0.75" s="22.47" />
        </extensions>
      </trkpt>
      <trkpt lat="-22.51701413" lon="118.46332531">
        <ele>704.98</ele>
        <time>2026-09-30T22:47:00Z</time>
        <extensions>
          <geotracker:meta c="0.68" s="21.13" />
        </extensions>
      </trkpt>
      <trkpt lat="-22.51343615" lon="118.46520951">
        <ele>699.21</ele>
        <time>2026-09-30T22:47:20Z</time>
        <extensions>
          <geotracker:meta c="0.76" s="23.08" />
        </extensions>
      </trkpt>
      <trkpt lat="-22.51111292" lon="118.46733206">
        <ele>696.43</ele>
        <time>2026-09-30T22:47:35Z</time>
        <extensions>
          <geotracker:meta c="0.36" s="23.61" />
        </extensions>
      </trkpt>
      <trkpt lat="-22.5083293" lon="118.46678217">
        <ele>690.7</ele>
        <time>2026-09-30T22:47:50Z</time>
        <extensions>
          <geotracker:meta c="5.9" s="20.97" />
        </extensions>
      </trkpt>
      <trkpt lat="-22.50545019" lon="118.46559691">
        <ele>685.11</ele>
        <time>2026-09-30T22:48:05Z</time>
        <extensions>
          <geotracker:meta c="6.03" s="24.08" />
        </extensions>
      </trkpt>
      <trkpt lat="-22.50259626" lon="118.46569497">
        <ele>688.71</ele>
        <time>2026-09-30T22:48:18Z</time>
        <extensions>
          <geotracker:meta c="0.22" s="23.06" />
        </extensions>
      </trkpt>
      <trkpt lat="-22.49970477" lon="118.46707457">
        <ele>688.09</ele>
        <time>2026-09-30T22:48:33Z</time>
        <extensions>
          <geotracker:meta c="0.57" s="24.16" />
        </extensions>
      </trkpt>
      <trkpt lat="-22.49698032" lon="118.46901003">
        <ele>692.23</ele>
        <time>2026-09-30T22:48:48Z</time>
        <extensions>
          <geotracker:meta c="0.65" s="24.59" />
        </extensions>
      </trkpt>
      <trkpt lat="-22.49447461" lon="118.47149162">
        <ele>693.37</ele>
        <time>2026-09-30T22:49:03Z</time>
        <extensions>
          <geotracker:meta c="0.77" s="23.8" />
        </extensions>
      </trkpt>
      <trkpt lat="-22.49181479" lon="118.47304572">
        <ele>683.46</ele>
        <time>2026-09-30T22:49:18Z</time>
        <extensions>
          <geotracker:meta c="0.31" s="20.1" />
        </extensions>
      </trkpt>
      <trkpt lat="-22.49056702" lon="118.47386041">
        <ele>686.71</ele>
        <time>2026-09-30T22:49:33Z</time>
        <extensions>
          <geotracker:meta c="2.08" s="10.16" />
        </extensions>
      </trkpt>
      <trkpt lat="-22.49100288" lon="118.47652204">
        <ele>683.78</ele>
        <time>2026-09-30T22:49:51Z</time>
        <extensions>
          <geotracker:meta c="1.6" s="19.77" />
        </extensions>
      </trkpt>
      <trkpt lat="-22.49068697" lon="118.47960075">
        <ele>685.31</ele>
        <time>2026-09-30T22:50:06Z</time>
        <extensions>
          <geotracker:meta c="1.41" s="22.7" />
        </extensions>
      </trkpt>
      <trkpt lat="-22.48994096" lon="118.48293126">
        <ele>681.73</ele>
        <time>2026-09-30T22:50:21Z</time>
        <extensions>
          <geotracker:meta c="1.27" s="22.61" />
        </extensions>
      </trkpt>
      <trkpt lat="-22.4895031" lon="118.48584878">
        <ele>682.6</ele>
        <time>2026-09-30T22:50:36Z</time>
        <extensions>
          <geotracker:meta c="1.65" s="20.46" />
        </extensions>
      </trkpt>
      <trkpt lat="-22.48977238" lon="118.48859081">
        <ele>670.34</ele>
        <time>2026-09-30T22:50:49Z</time>
        <extensions>
          <geotracker:meta c="1.68" s="21.89" />
        </extensions>
      </trkpt>
      <trkpt lat="-22.49007252" lon="118.49183581">
        <ele>676.26</ele>
        <time>2026-09-30T22:51:04Z</time>
        <extensions>
          <geotracker:meta c="1.68" s="22.92" />
        </extensions>
      </trkpt>
      <trkpt lat="-22.49053198" lon="118.49528277">
        <ele>677.88</ele>
        <time>2026-09-30T22:51:19Z</time>
        <extensions>
          <geotracker:meta c="1.75" s="25.16" />
        </extensions>
      </trkpt>
      <trkpt lat="-22.4911527" lon="118.49888223">
        <ele>682.76</ele>
        <time>2026-09-30T22:51:34Z</time>
        <extensions>
          <geotracker:meta c="1.75" s="23.54" />
        </extensions>
      </trkpt>
      <trkpt lat="-22.49172092" lon="118.50229917">
        <ele>680.85</ele>
        <time>2026-09-30T22:51:49Z</time>
        <extensions>
          <geotracker:meta c="1.75" s="23.64" />
        </extensions>
      </trkpt>
      <trkpt lat="-22.49226948" lon="118.50561993">
        <ele>685.61</ele>
        <time>2026-09-30T22:52:04Z</time>
        <extensions>
          <geotracker:meta c="1.75" s="23.2" />
        </extensions>
      </trkpt>
      <trkpt lat="-22.49282132" lon="118.50897654">
        <ele>679.6</ele>
        <time>2026-09-30T22:52:19Z</time>
        <extensions>
          <geotracker:meta c="1.75" s="23.81" />
        </extensions>
      </trkpt>
      <trkpt lat="-22.4934279" lon="118.51230543">
        <ele>674.19</ele>
        <time>2026-09-30T22:52:34Z</time>
        <extensions>
          <geotracker:meta c="1.77" s="22.64" />
        </extensions>
      </trkpt>
      <trkpt lat="-22.4934959" lon="118.51565974">
        <ele>674.16</ele>
        <time>2026-09-30T22:52:49Z</time>
        <extensions>
          <geotracker:meta c="1.41" s="24.65" />
        </extensions>
      </trkpt>
      <trkpt lat="-22.49267073" lon="118.51928319">
        <ele>663.41</ele>
        <time>2026-09-30T22:53:04Z</time>
        <extensions>
          <geotracker:meta c="1.33" s="25.72" />
        </extensions>
      </trkpt>
      <trkpt lat="-22.49187795" lon="118.52285208">
        <ele>665.44</ele>
        <time>2026-09-30T22:53:19Z</time>
        <extensions>
          <geotracker:meta c="1.33" s="23.24" />
        </extensions>
      </trkpt>
      <trkpt lat="-22.49086859" lon="118.5259073">
        <ele>666.72</ele>
        <time>2026-09-30T22:53:34Z</time>
        <extensions>
          <geotracker:meta c="1.17" s="23.46" />
        </extensions>
      </trkpt>
      <trkpt lat="-22.48957388" lon="118.52914063">
        <ele>667.18</ele>
        <time>2026-09-30T22:53:49Z</time>
        <extensions>
          <geotracker:meta c="1.17" s="22.7" />
        </extensions>
      </trkpt>
      <trkpt lat="-22.48852667" lon="118.5317739">
        <ele>666.9</ele>
        <time>2026-09-30T22:54:04Z</time>
        <extensions>
          <geotracker:meta c="1.13" s="18" />
        </extensions>
      </trkpt>
      <trkpt lat="-22.48668569" lon="118.53377736">
        <ele>657.51</ele>
        <time>2026-09-30T22:54:19Z</time>
        <extensions>
          <geotracker:meta c="0.57" s="22.32" />
        </extensions>
      </trkpt>
      <trkpt lat="-22.48399164" lon="118.5355348">
        <ele>667.59</ele>
        <time>2026-09-30T22:54:34Z</time>
        <extensions>
          <geotracker:meta c="0.57" s="22.8" />
        </extensions>
      </trkpt>
      <trkpt lat="-22.48150247" lon="118.53723287">
        <ele>665.66</ele>
        <time>2026-09-30T22:54:49Z</time>
        <extensions>
          <geotracker:meta c="0.58" s="19.38" />
        </extensions>
      </trkpt>
      <trkpt lat="-22.47927539" lon="118.53861674">
        <ele>663.04</ele>
        <time>2026-09-30T22:55:04Z</time>
        <extensions>
          <geotracker:meta c="0.48" s="19.58" />
        </extensions>
      </trkpt>
      <trkpt lat="-22.47673447" lon="118.54001104">
        <ele>663.42</ele>
        <time>2026-09-30T22:55:19Z</time>
        <extensions>
          <geotracker:meta c="0.49" s="20.81" />
        </extensions>
      </trkpt>
      <trkpt lat="-22.47471791" lon="118.54172661">
        <ele>668.52</ele>
        <time>2026-09-30T22:55:34Z</time>
        <extensions>
          <geotracker:meta c="0.78" s="20.94" />
        </extensions>
      </trkpt>
      <trkpt lat="-22.47257565" lon="118.54404695">
        <ele>667.62</ele>
        <time>2026-09-30T22:55:49Z</time>
        <extensions>
          <geotracker:meta c="0.76" s="20.72" />
        </extensions>
      </trkpt>
      <trkpt lat="-22.4714111" lon="118.54632612">
        <ele>661.56</ele>
        <time>2026-09-30T22:56:04Z</time>
        <extensions>
          <geotracker:meta c="1.83" s="18.22" />
        </extensions>
      </trkpt>
      <trkpt lat="-22.47254407" lon="118.54888821">
        <ele>665.44</ele>
        <time>2026-09-30T22:56:19Z</time>
        <extensions>
          <geotracker:meta c="2.28" s="18.62" />
        </extensions>
      </trkpt>
      <trkpt lat="-22.47408872" lon="118.55069922">
        <ele>661.29</ele>
        <time>2026-09-30T22:56:34Z</time>
        <extensions>
          <geotracker:meta c="2.32" s="13.88" />
        </extensions>
      </trkpt>
      <trkpt lat="-22.47492164" lon="118.551322">
        <ele>663.27</ele>
        <time>2026-09-30T22:56:49Z</time>
        <extensions>
          <geotracker:meta c="3.6" s="6.51" />
        </extensions>
      </trkpt>
      <trkpt lat="-22.4754602" lon="118.55135431">
        <ele>667.32</ele>
        <time>2026-09-30T22:57:04Z</time>
        <extensions>
          <geotracker:meta c="1.89" s="7.87" />
        </extensions>
      </trkpt>
      <trkpt lat="-22.47550031" lon="118.55189461">
        <ele>667.12</ele>
        <time>2026-09-30T23:08:15Z</time>
        <extensions>
          <geotracker:meta c="1.7" s="3.29" />
        </extensions>
      </trkpt>
      <trkpt lat="-22.47492767" lon="118.55272412">
        <ele>665.54</ele>
        <time>2026-09-30T23:08:37Z</time>
        <extensions>
          <geotracker:meta c="1.6" s="9.68" />
        </extensions>
      </trkpt>
      <trkpt lat="-22.47373758" lon="118.55709827">
        <ele>663.35</ele>
        <time>2026-09-30T23:09:07Z</time>
        <extensions>
          <geotracker:meta c="1.7" s="13.86" />
        </extensions>
      </trkpt>
      <trkpt lat="-22.47405574" lon="118.5581611">
        <ele>667.33</ele>
        <time>2026-09-30T23:09:22Z</time>
        <extensions>
          <geotracker:meta c="0.49" s="6.33" />
        </extensions>
      </trkpt>
      <trkpt lat="-22.47358963" lon="118.55865989">
        <ele>660.77</ele>
        <time>2026-09-30T23:09:37Z</time>
        <extensions>
          <geotracker:meta c="1.09" s="5.8" />
        </extensions>
      </trkpt>
      <trkpt lat="-22.47343055" lon="118.55958278">
        <ele>664.12</ele>
        <time>2026-09-30T23:09:52Z</time>
        <extensions>
          <geotracker:meta c="1.59" s="7.29" />
        </extensions>
      </trkpt>
      <trkpt lat="-22.47414867" lon="118.55840687">
        <ele>665.12</ele>
        <time>2026-09-30T23:17:19Z</time>
        <extensions>
          <geotracker:meta c="5.28" s="7.79" />
        </extensions>
      </trkpt>
      <trkpt lat="-22.47533746" lon="118.55224644">
        <ele>666.92</ele>
        <time>2026-09-30T23:22:51Z</time>
        <extensions>
          <geotracker:meta c="1.79" s="0.62" />
        </extensions>
      </trkpt>
      <trkpt lat="-22.47534819" lon="118.55223809">
        <ele>666.8</ele>
        <time>2026-09-30T23:28:51Z</time>
        <extensions>
          <geotracker:meta c="3.74" s="1.4" />
        </extensions>
      </trkpt>
      <trkpt lat="-22.4759069" lon="118.55211179">
        <ele>663.68</ele>
        <time>2026-09-30T23:29:27Z</time>
        <extensions>
          <geotracker:meta c="2.31" s="1.54" />
        </extensions>
      </trkpt>
      <trkpt lat="-22.4766103" lon="118.55239509">
        <ele>661.89</ele>
        <time>2026-09-30T23:32:01Z</time>
        <extensions>
          <geotracker:meta c="3.32" s="1.34" />
        </extensions>
      </trkpt>
      <trkpt lat="-22.47658948" lon="118.55296488">
        <ele>660.22</ele>
        <time>2026-09-30T23:33:25Z</time>
        <extensions>
          <geotracker:meta c="1.63" s="1.5" />
        </extensions>
      </trkpt>
      <trkpt lat="-22.47672279" lon="118.55362641">
        <ele>655.99</ele>
        <time>2026-09-30T23:34:21Z</time>
        <extensions>
          <geotracker:meta c="1.88" s="1.22" />
        </extensions>
      </trkpt>
      <trkpt lat="-22.47694264" lon="118.55423824">
        <ele>655.18</ele>
        <time>2026-09-30T23:35:17Z</time>
        <extensions>
          <geotracker:meta c="1.62" s="1.31" />
        </extensions>
      </trkpt>
      <trkpt lat="-22.47705521" lon="118.55473683">
        <ele>654.51</ele>
        <time>2026-09-30T23:35:59Z</time>
        <extensions>
          <geotracker:meta c="1.32" s="1.41" />
        </extensions>
      </trkpt>
      <trkpt lat="-22.4770238" lon="118.55529639">
        <ele>656.76</ele>
        <time>2026-09-30T23:36:41Z</time>
        <extensions>
          <geotracker:meta c="1.34" s="1.35" />
        </extensions>
      </trkpt>
      <trkpt lat="-22.47663178" lon="118.55576122">
        <ele>662.09</ele>
        <time>2026-09-30T23:37:37Z</time>
        <extensions>
          <geotracker:meta c="0.09" s="1.42" />
        </extensions>
      </trkpt>
      <trkpt lat="-22.47616008" lon="118.55612397">
        <ele>661.31</ele>
        <time>2026-09-30T23:38:19Z</time>
        <extensions>
          <geotracker:meta c="1.38" s="1.47" />
        </extensions>
      </trkpt>
      <trkpt lat="-22.47648875" lon="118.55679438">
        <ele>663.23</ele>
        <time>2026-09-30T23:39:43Z</time>
        <extensions>
          <geotracker:meta c="1.71" s="1.26" />
        </extensions>
      </trkpt>
      <trkpt lat="-22.47650194" lon="118.55734938">
        <ele>665.96</ele>
        <time>2026-09-30T23:40:25Z</time>
        <extensions>
          <geotracker:meta c="1.55" s="1.44" />
        </extensions>
      </trkpt>
      <trkpt lat="-22.47647296" lon="118.5579608">
        <ele>665.13</ele>
        <time>2026-09-30T23:41:07Z</time>
        <extensions>
          <geotracker:meta c="1.46" s="1.61" />
        </extensions>
      </trkpt>
      <trkpt lat="-22.47652907" lon="118.55857156">
        <ele>664.94</ele>
        <time>2026-09-30T23:41:49Z</time>
        <extensions>
          <geotracker:meta c="1.93" s="1.44" />
        </extensions>
      </trkpt>
      <trkpt lat="-22.47662392" lon="118.5591739">
        <ele>665.1</ele>
        <time>2026-09-30T23:42:31Z</time>
        <extensions>
          <geotracker:meta c="1.53" s="1.53" />
        </extensions>
      </trkpt>
      <trkpt lat="-22.47670445" lon="118.55976732">
        <ele>665.48</ele>
        <time>2026-09-30T23:43:13Z</time>
        <extensions>
          <geotracker:meta c="1.73" s="1.51" />
        </extensions>
      </trkpt>
      <trkpt lat="-22.47682943" lon="118.56032512">
        <ele>663.71</ele>
        <time>2026-09-30T23:43:55Z</time>
        <extensions>
          <geotracker:meta c="1.5" s="1.51" />
        </extensions>
      </trkpt>
      <trkpt lat="-22.47690311" lon="118.56094472">
        <ele>664.81</ele>
        <time>2026-09-30T23:44:42Z</time>
        <extensions>
          <geotracker:meta c="2.47" s="1.42" />
        </extensions>
      </trkpt>
      <trkpt lat="-22.47723462" lon="118.56142808">
        <ele>663.66</ele>
        <time>2026-09-30T23:45:24Z</time>
        <extensions>
          <geotracker:meta c="1.7" s="1.15" />
        </extensions>
      </trkpt>
      <trkpt lat="-22.47707288" lon="118.56172416">
        <ele>659.53</ele>
        <time>2026-09-30T23:48:12Z</time>
        <extensions>
          <geotracker:meta c="4.6" s="2.05" />
        </extensions>
      </trkpt>
      <trkpt lat="-22.47653588" lon="118.56159983">
        <ele>661.65</ele>
        <time>2026-09-30T23:48:54Z</time>
        <extensions>
          <geotracker:meta c="0.31" s="1.41" />
        </extensions>
      </trkpt>
      <trkpt lat="-22.47581606" lon="118.56154259">
        <ele>662.74</ele>
        <time>2026-09-30T23:49:50Z</time>
        <extensions>
          <geotracker:meta c="6.17" s="1.26" />
        </extensions>
      </trkpt>
      <trkpt lat="-22.47534728" lon="118.56150857">
        <ele>662.85</ele>
        <time>2026-09-30T23:51:42Z</time>
        <extensions>
          <geotracker:meta c="5.79" s="0.96" />
        </extensions>
      </trkpt>
      <trkpt lat="-22.47584455" lon="118.56157294">
        <ele>663.04</ele>
        <time>2026-09-30T23:52:24Z</time>
        <extensions>
          <geotracker:meta c="2.68" s="1.48" />
        </extensions>
      </trkpt>
      <trkpt lat="-22.47662073" lon="118.56160041">
        <ele>662.93</ele>
        <time>2026-09-30T23:53:20Z</time>
        <extensions>
          <geotracker:meta c="3.01" s="1.38" />
        </extensions>
      </trkpt>
      <trkpt lat="-22.47715464" lon="118.56164938">
        <ele>662.38</ele>
        <time>2026-09-30T23:54:02Z</time>
        <extensions>
          <geotracker:meta c="4.29" s="1.53" />
        </extensions>
      </trkpt>
      <trkpt lat="-22.4775061" lon="118.56185321">
        <ele>633.27</ele>
        <time>2026-09-30T23:56:50Z</time>
        <extensions>
          <geotracker:meta c="1.83" s="0.95" />
        </extensions>
      </trkpt>
      <trkpt lat="-22.47782176" lon="118.56219403">
        <ele>594.51</ele>
        <time>2026-09-30T23:59:24Z</time>
        <extensions>
          <geotracker:meta c="2.12" s="0.74" />
        </extensions>
      </trkpt>
      <trkpt lat="-22.47852752" lon="118.5612606">
        <ele>596.94</ele>
        <time>2026-10-01T00:02:15Z</time>
        <extensions>
          <geotracker:meta c="5.03" s="1.14" />
        </extensions>
      </trkpt>
      <trkpt lat="-22.47819823" lon="118.56058241">
        <ele>593.62</ele>
        <time>2026-10-01T00:03:53Z</time>
        <extensions>
          <geotracker:meta c="4.9" s="0.88" />
        </extensions>
      </trkpt>
      <trkpt lat="-22.47807958" lon="118.56003549">
        <ele>590.57</ele>
        <time>2026-10-01T00:05:03Z</time>
        <extensions>
          <geotracker:meta c="4.99" s="1.08" />
        </extensions>
      </trkpt>
      <trkpt lat="-22.47796048" lon="118.55955756">
        <ele>591.41</ele>
        <time>2026-10-01T00:05:59Z</time>
        <extensions>
          <geotracker:meta c="5.2" s="1.39" />
        </extensions>
      </trkpt>
      <trkpt lat="-22.47778249" lon="118.55906804">
        <ele>598.62</ele>
        <time>2026-10-01T00:08:19Z</time>
        <extensions>
          <geotracker:meta c="5.04" s="0.98" />
        </extensions>
      </trkpt>
      <trkpt lat="-22.47777319" lon="118.55894611">
        <ele>599.28</ele>
        <time>2026-10-01T00:10:53Z</time>
        <extensions>
          <geotracker:meta c="0.96" s="0.52" />
        </extensions>
      </trkpt>
      <trkpt lat="-22.47807609" lon="118.55927757">
        <ele>598.35</ele>
        <time>2026-10-01T00:22:05Z</time>
        <extensions>
          <geotracker:meta c="5.01" s="0.73" />
        </extensions>
      </trkpt>
      <trkpt lat="-22.47796578" lon="118.55855291">
        <ele>599.79</ele>
        <time>2026-10-01T00:23:33Z</time>
        <extensions>
          <geotracker:meta c="5.15" s="1.04" />
        </extensions>
      </trkpt>
      <trkpt lat="-22.47754119" lon="118.55801973">
        <ele>607.62</ele>
        <time>2026-10-01T00:24:29Z</time>
        <extensions>
          <geotracker:meta c="5.48" s="1.07" />
        </extensions>
      </trkpt>
      <trkpt lat="-22.47724443" lon="118.55750027">
        <ele>607.01</ele>
        <time>2026-10-01T00:25:25Z</time>
        <extensions>
          <geotracker:meta c="4.8" s="1.28" />
        </extensions>
      </trkpt>
      <trkpt lat="-22.47734922" lon="118.55702449">
        <ele>610.06</ele>
        <time>2026-10-01T00:26:35Z</time>
        <extensions>
          <geotracker:meta c="4.25" s="0.72" />
        </extensions>
      </trkpt>
      <trkpt lat="-22.47781187" lon="118.55684242">
        <ele>635.45</ele>
        <time>2026-10-01T00:28:41Z</time>
        <extensions>
          <geotracker:meta c="3.61" s="0.73" />
        </extensions>
      </trkpt>
      <trkpt lat="-22.4779788" lon="118.55636587">
        <ele>631.02</ele>
        <time>2026-10-01T00:29:37Z</time>
        <extensions>
          <geotracker:meta c="4.01" s="1.09" />
        </extensions>
      </trkpt>
      <trkpt lat="-22.4779619" lon="118.55587836">
        <ele>603.17</ele>
        <time>2026-10-01T00:30:33Z</time>
        <extensions>
          <geotracker:meta c="4.48" s="0.71" />
        </extensions>
      </trkpt>
      <trkpt lat="-22.47778766" lon="118.55547441">
        <ele>606.17</ele>
        <time>2026-10-01T00:33:49Z</time>
        <extensions>
          <geotracker:meta c="5.78" s="0.16" />
        </extensions>
      </trkpt>
      <trkpt lat="-22.47771366" lon="118.55493157">
        <ele>609.22</ele>
        <time>2026-10-01T00:35:41Z</time>
        <extensions>
          <geotracker:meta c="5.02" s="0.73" />
        </extensions>
      </trkpt>
      <trkpt lat="-22.47762631" lon="118.55441268">
        <ele>604.01</ele>
        <time>2026-10-01T00:36:23Z</time>
        <extensions>
          <geotracker:meta c="5.03" s="1.18" />
        </extensions>
      </trkpt>
      <trkpt lat="-22.47725436" lon="118.55396558">
        <ele>612.44</ele>
        <time>2026-10-01T00:37:33Z</time>
        <extensions>
          <geotracker:meta c="6.18" s="1.95" />
        </extensions>
      </trkpt>
      <trkpt lat="-22.47714701" lon="118.55349219">
        <ele>608</ele>
        <time>2026-10-01T00:38:03Z</time>
        <extensions>
          <geotracker:meta c="5.53" s="1.13" />
        </extensions>
      </trkpt>
      <trkpt lat="-22.47727809" lon="118.55305393">
        <ele>612.77</ele>
        <time>2026-10-01T00:40:51Z</time>
        <extensions>
          <geotracker:meta c="4.93" s="1.44" />
        </extensions>
      </trkpt>
      <trkpt lat="-22.47740677" lon="118.55254695">
        <ele>618.31</ele>
        <time>2026-10-01T00:42:01Z</time>
        <extensions>
          <geotracker:meta c="3.82" s="1.07" />
        </extensions>
      </trkpt>
      <trkpt lat="-22.47749287" lon="118.55195962">
        <ele>615.18</ele>
        <time>2026-10-01T00:43:11Z</time>
        <extensions>
          <geotracker:meta c="4.08" s="0.79" />
        </extensions>
      </trkpt>
      <trkpt lat="-22.47762794" lon="118.55127109">
        <ele>614.95</ele>
        <time>2026-10-01T00:44:21Z</time>
        <extensions>
          <geotracker:meta c="4.36" s="1.18" />
        </extensions>
      </trkpt>
      <trkpt lat="-22.47750547" lon="118.55066388">
        <ele>608.39</ele>
        <time>2026-10-01T01:17:43Z</time>
        <extensions>
          <geotracker:meta c="4.22" s="0.84" />
        </extensions>
      </trkpt>
      <trkpt lat="-22.47736359" lon="118.55091665">
        <ele>620.33</ele>
        <time>2026-10-01T01:31:41Z</time>
        <extensions>
          <geotracker:meta c="1.62" s="1.03" />
        </extensions>
      </trkpt>
      <trkpt lat="-22.47721273" lon="118.55143838">
        <ele>627.38</ele>
        <time>2026-10-01T01:32:37Z</time>
        <extensions>
          <geotracker:meta c="0.69" s="0.75" />
        </extensions>
      </trkpt>
      <trkpt lat="-22.47685354" lon="118.55176886">
        <ele>635.38</ele>
        <time>2026-10-01T01:34:01Z</time>
        <extensions>
          <geotracker:meta c="0.11" s="1.14" />
        </extensions>
      </trkpt>
      <trkpt lat="-22.47663539" lon="118.55223561">
        <ele>659.65</ele>
        <time>2026-10-01T01:35:42Z</time>
        <extensions>
          <geotracker:meta c="2.16" s="0.94" />
        </extensions>
      </trkpt>
      <trkpt lat="-22.47622378" lon="118.55244445">
        <ele>663.92</ele>
        <time>2026-10-01T01:36:38Z</time>
        <extensions>
          <geotracker:meta c="5.75" s="1.51" />
        </extensions>
      </trkpt>
      <trkpt lat="-22.47573398" lon="118.55219882">
        <ele>666.65</ele>
        <time>2026-10-01T01:37:20Z</time>
        <extensions>
          <geotracker:meta c="6.26" s="1.64" />
        </extensions>
      </trkpt>
      <trkpt lat="-22.47555643" lon="118.55163719">
        <ele>668.57</ele>
        <time>2026-10-01T01:41:01Z</time>
        <extensions>
          <geotracker:meta c="4.88" s="4.67" />
        </extensions>
      </trkpt>
      <trkpt lat="-22.47403763" lon="118.5506169">
        <ele>665.68</ele>
        <time>2026-10-01T01:41:43Z</time>
        <extensions>
          <geotracker:meta c="5.42" s="8.81" />
        </extensions>
      </trkpt>
      <trkpt lat="-22.47307128" lon="118.54944994">
        <ele>667.47</ele>
        <time>2026-10-01T01:41:57Z</time>
        <extensions>
          <geotracker:meta c="5.44" s="14.01" />
        </extensions>
      </trkpt>
      <trkpt lat="-22.47585869" lon="118.54064979">
        <ele>672.65</ele>
        <time>2026-10-01T01:43:03Z</time>
        <extensions>
          <geotracker:meta c="3.81" s="19.65" />
        </extensions>
      </trkpt>
    </trkseg>
    <trkseg>
      <trkpt lat="-22.49104146" lon="118.49817181">
        <ele>690.44</ele>
        <time>2026-10-01T01:47:02Z</time>
        <extensions>
          <geotracker:meta c="4.89" s="24.56" />
        </extensions>
      </trkpt>
      <trkpt lat="-22.49048329" lon="118.49476316">
        <ele>684.69</ele>
        <time>2026-10-01T01:47:17Z</time>
        <extensions>
          <geotracker:meta c="4.89" s="22.02" />
        </extensions>
      </trkpt>
      <trkpt lat="-22.49005486" lon="118.49144199">
        <ele>686.58</ele>
        <time>2026-10-01T01:47:32Z</time>
        <extensions>
          <geotracker:meta c="4.82" s="24.04" />
        </extensions>
      </trkpt>
      <trkpt lat="-22.48969326" lon="118.48790669">
        <ele>687.21</ele>
        <time>2026-10-01T01:47:47Z</time>
        <extensions>
          <geotracker:meta c="4.82" s="24.75" />
        </extensions>
      </trkpt>
      <trkpt lat="-22.48953308" lon="118.4845831">
        <ele>679.66</ele>
        <time>2026-10-01T01:48:02Z</time>
        <extensions>
          <geotracker:meta c="4.51" s="22.36" />
        </extensions>
      </trkpt>
      <trkpt lat="-22.490406" lon="118.48136157">
        <ele>687.53</ele>
        <time>2026-10-01T01:48:17Z</time>
        <extensions>
          <geotracker:meta c="4.48" s="23.33" />
        </extensions>
      </trkpt>
      <trkpt lat="-22.49095345" lon="118.4781226">
        <ele>689.24</ele>
        <time>2026-10-01T01:48:32Z</time>
        <extensions>
          <geotracker:meta c="4.57" s="21.21" />
        </extensions>
      </trkpt>
      <trkpt lat="-22.49087171" lon="118.47452381">
        <ele>690.69</ele>
        <time>2026-10-01T01:48:55Z</time>
        <extensions>
          <geotracker:meta c="4.94" s="12.73" />
        </extensions>
      </trkpt>
      <trkpt lat="-22.49034572" lon="118.47351795">
        <ele>695.03</ele>
        <time>2026-10-01T01:49:10Z</time>
        <extensions>
          <geotracker:meta c="0.2" s="5.45" />
        </extensions>
      </trkpt>
      <trkpt lat="-22.48910594" lon="118.47396847">
        <ele>691.63</ele>
        <time>2026-10-01T01:49:25Z</time>
        <extensions>
          <geotracker:meta c="0.35" s="13.42" />
        </extensions>
      </trkpt>
      <trkpt lat="-22.48784714" lon="118.47421248">
        <ele>689.47</ele>
        <time>2026-10-01T01:49:41Z</time>
        <extensions>
          <geotracker:meta c="4.96" s="7.8" />
        </extensions>
      </trkpt>
      <trkpt lat="-22.4874944" lon="118.47283125">
        <ele>697.68</ele>
        <time>2026-10-01T01:49:55Z</time>
        <extensions>
          <geotracker:meta c="4.98" s="13.26" />
        </extensions>
      </trkpt>
      <trkpt lat="-22.48690938" lon="118.47047927">
        <ele>696.46</ele>
        <time>2026-10-01T01:50:10Z</time>
        <extensions>
          <geotracker:meta c="4.97" s="19.86" />
        </extensions>
      </trkpt>
      <trkpt lat="-22.48613148" lon="118.46749909">
        <ele>694.99</ele>
        <time>2026-10-01T01:50:25Z</time>
        <extensions>
          <geotracker:meta c="4.96" s="21.19" />
        </extensions>
      </trkpt>
      <trkpt lat="-22.48551706" lon="118.46488045">
        <ele>700.68</ele>
        <time>2026-10-01T01:50:40Z</time>
        <extensions>
          <geotracker:meta c="4.96" s="15.58" />
        </extensions>
      </trkpt>
      <trkpt lat="-22.48508615" lon="118.46326561">
        <ele>700.73</ele>
        <time>2026-10-01T01:50:55Z</time>
        <extensions>
          <geotracker:meta c="5.66" s="7.03" />
        </extensions>
      </trkpt>
      <trkpt lat="-22.48400388" lon="118.4629397">
        <ele>710.98</ele>
        <time>2026-10-01T01:51:10Z</time>
        <extensions>
          <geotracker:meta c="5.67" s="11.76" />
        </extensions>
      </trkpt>
      <trkpt lat="-22.48227544" lon="118.4621649">
        <ele>708.62</ele>
        <time>2026-10-01T01:51:25Z</time>
        <extensions>
          <geotracker:meta c="0.05" s="13.1" />
        </extensions>
      </trkpt>
      <trkpt lat="-22.48114585" lon="118.46250381">
        <ele>712.67</ele>
        <time>2026-10-01T01:51:40Z</time>
        <extensions>
          <geotracker:meta c="0.91" s="5.01" />
        </extensions>
      </trkpt>
      <trkpt lat="-22.48081746" lon="118.46306247">
        <ele>716.13</ele>
        <time>2026-10-01T01:53:37Z</time>
        <extensions>
          <geotracker:meta c="0.06" s="0.16" />
        </extensions>
      </trkpt>
      <trkpt lat="-22.48048379" lon="118.46253792">
        <ele>714.17</ele>
        <time>2026-10-01T01:55:36Z</time>
        <extensions>
          <geotracker:meta c="5.07" s="1.03" />
        </extensions>
      </trkpt>
      <trkpt lat="-22.48501669" lon="118.46325784">
        <ele>701.06</ele>
        <time>2026-10-01T02:28:47Z</time>
        <extensions>
          <geotracker:meta c="3.35" s="2.41" />
        </extensions>
      </trkpt>
      <trkpt lat="-22.4849928" lon="118.46200496">
        <ele>700.35</ele>
        <time>2026-10-01T02:29:05Z</time>
        <extensions>
          <geotracker:meta c="4.72" s="10.78" />
        </extensions>
      </trkpt>
      <trkpt lat="-22.48516867" lon="118.46022529">
        <ele>696.79</ele>
        <time>2026-10-01T02:29:20Z</time>
        <extensions>
          <geotracker:meta c="4.49" s="12.58" />
        </extensions>
      </trkpt>
      <trkpt lat="-22.48561593" lon="118.45815002">
        <ele>696.59</ele>
        <time>2026-10-01T02:29:35Z</time>
        <extensions>
          <geotracker:meta c="4.52" s="16.07" />
        </extensions>
      </trkpt>
      <trkpt lat="-22.48605205" lon="118.45585205">
        <ele>697.44</ele>
        <time>2026-10-01T02:29:50Z</time>
        <extensions>
          <geotracker:meta c="4.52" s="17.14" />
        </extensions>
      </trkpt>
      <trkpt lat="-22.48653837" lon="118.45331055">
        <ele>695.71</ele>
        <time>2026-10-01T02:30:05Z</time>
        <extensions>
          <geotracker:meta c="4.52" s="18.69" />
        </extensions>
      </trkpt>
      <trkpt lat="-22.4869507" lon="118.45060397">
        <ele>704.78</ele>
        <time>2026-10-01T02:30:20Z</time>
        <extensions>
          <geotracker:meta c="4.52" s="18.98" />
        </extensions>
      </trkpt>
      <trkpt lat="-22.48747487" lon="118.44803083">
        <ele>704.33</ele>
        <time>2026-10-01T02:30:35Z</time>
        <extensions>
          <geotracker:meta c="4.52" s="17.95" />
        </extensions>
      </trkpt>
      <trkpt lat="-22.48795495" lon="118.44543278">
        <ele>706.59</ele>
        <time>2026-10-01T02:30:50Z</time>
        <extensions>
          <geotracker:meta c="4.52" s="17.97" />
        </extensions>
      </trkpt>
      <trkpt lat="-22.48841862" lon="118.44274122">
        <ele>714.01</ele>
        <time>2026-10-01T02:31:05Z</time>
        <extensions>
          <geotracker:meta c="4.52" s="19.91" />
        </extensions>
      </trkpt>
      <trkpt lat="-22.48891474" lon="118.44000113">
        <ele>711.98</ele>
        <time>2026-10-01T02:31:20Z</time>
        <extensions>
          <geotracker:meta c="4.52" s="18.77" />
        </extensions>
      </trkpt>
      <trkpt lat="-22.48940155" lon="118.43752621">
        <ele>707.35</ele>
        <time>2026-10-01T02:31:35Z</time>
        <extensions>
          <geotracker:meta c="4.51" s="17.29" />
        </extensions>
      </trkpt>
      <trkpt lat="-22.48986987" lon="118.43501658">
        <ele>719.92</ele>
        <time>2026-10-01T02:31:50Z</time>
        <extensions>
          <geotracker:meta c="4.52" s="17.27" />
        </extensions>
      </trkpt>
      <trkpt lat="-22.49026418" lon="118.43277553">
        <ele>711.6</ele>
        <time>2026-10-01T02:32:05Z</time>
        <extensions>
          <geotracker:meta c="4.5" s="16.32" />
        </extensions>
      </trkpt>
      <trkpt lat="-22.49108501" lon="118.43057261">
        <ele>717.94</ele>
        <time>2026-10-01T02:32:20Z</time>
        <extensions>
          <geotracker:meta c="4.21" s="16.28" />
        </extensions>
      </trkpt>
      <trkpt lat="-22.49216975" lon="118.42850416">
        <ele>719.02</ele>
        <time>2026-10-01T02:32:35Z</time>
        <extensions>
          <geotracker:meta c="4.19" s="16.4" />
        </extensions>
      </trkpt>
      <trkpt lat="-22.49323716" lon="118.42634551">
        <ele>719.9</ele>
        <time>2026-10-01T02:32:50Z</time>
        <extensions>
          <geotracker:meta c="4.21" s="18.62" />
        </extensions>
      </trkpt>
      <trkpt lat="-22.49454803" lon="118.42391506">
        <ele>726.51</ele>
        <time>2026-10-01T02:33:05Z</time>
        <extensions>
          <geotracker:meta c="4.22" s="19" />
        </extensions>
      </trkpt>
      <trkpt lat="-22.49578173" lon="118.42152321">
        <ele>728.53</ele>
        <time>2026-10-01T02:33:20Z</time>
        <extensions>
          <geotracker:meta c="4.21" s="19.68" />
        </extensions>
      </trkpt>
      <trkpt lat="-22.49715381" lon="118.41888284">
        <ele>734.21</ele>
        <time>2026-10-01T02:33:35Z</time>
        <extensions>
          <geotracker:meta c="4.21" s="21.27" />
        </extensions>
      </trkpt>
      <trkpt lat="-22.49848695" lon="118.41626541">
        <ele>728.75</ele>
        <time>2026-10-01T02:33:50Z</time>
        <extensions>
          <geotracker:meta c="4.21" s="20.26" />
        </extensions>
      </trkpt>
      <trkpt lat="-22.49985167" lon="118.41357111">
        <ele>728.7</ele>
        <time>2026-10-01T02:34:05Z</time>
        <extensions>
          <geotracker:meta c="4.21" s="22.34" />
        </extensions>
      </trkpt>
      <trkpt lat="-22.50130128" lon="118.41070538">
        <ele>733.16</ele>
        <time>2026-10-01T02:34:20Z</time>
        <extensions>
          <geotracker:meta c="4.21" s="23.09" />
        </extensions>
      </trkpt>
      <trkpt lat="-22.50248765" lon="118.40797984">
        <ele>733.49</ele>
        <time>2026-10-01T02:34:35Z</time>
        <extensions>
          <geotracker:meta c="4.56" s="19.63" />
        </extensions>
      </trkpt>
      <trkpt lat="-22.50260009" lon="118.40507602">
        <ele>738.88</ele>
        <time>2026-10-01T02:34:50Z</time>
        <extensions>
          <geotracker:meta c="4.68" s="20.33" />
        </extensions>
      </trkpt>
      <trkpt lat="-22.50265738" lon="118.40191711">
        <ele>736.39</ele>
        <time>2026-10-01T02:35:05Z</time>
        <extensions>
          <geotracker:meta c="4.69" s="22.04" />
        </extensions>
      </trkpt>
      <trkpt lat="-22.50279246" lon="118.39868919">
        <ele>744.81</ele>
        <time>2026-10-01T02:35:20Z</time>
        <extensions>
          <geotracker:meta c="4.68" s="22.27" />
        </extensions>
      </trkpt>
      <trkpt lat="-22.50296619" lon="118.39555191">
        <ele>738.26</ele>
        <time>2026-10-01T02:35:35Z</time>
        <extensions>
          <geotracker:meta c="4.62" s="19.98" />
        </extensions>
      </trkpt>
      <trkpt lat="-22.50314682" lon="118.39261077">
        <ele>735.9</ele>
        <time>2026-10-01T02:35:50Z</time>
        <extensions>
          <geotracker:meta c="4.64" s="20.58" />
        </extensions>
      </trkpt>
      <trkpt lat="-22.50338025" lon="118.38958247">
        <ele>748.14</ele>
        <time>2026-10-01T02:36:05Z</time>
        <extensions>
          <geotracker:meta c="4.64" s="20.38" />
        </extensions>
      </trkpt>
      <trkpt lat="-22.50303309" lon="118.38654636">
        <ele>744.48</ele>
        <time>2026-10-01T02:36:20Z</time>
        <extensions>
          <geotracker:meta c="5.02" s="21.63" />
        </extensions>
      </trkpt>
      <trkpt lat="-22.50214337" lon="118.38355423">
        <ele>746.48</ele>
        <time>2026-10-01T02:36:35Z</time>
        <extensions>
          <geotracker:meta c="5" s="21.53" />
        </extensions>
      </trkpt>
      <trkpt lat="-22.50106737" lon="118.38061384">
        <ele>746.65</ele>
        <time>2026-10-01T02:36:50Z</time>
        <extensions>
          <geotracker:meta c="5.28" s="21.32" />
        </extensions>
      </trkpt>
      <trkpt lat="-22.49942328" lon="118.37811151">
        <ele>748.05</ele>
        <time>2026-10-01T02:37:05Z</time>
        <extensions>
          <geotracker:meta c="5.34" s="21.28" />
        </extensions>
      </trkpt>
      <trkpt lat="-22.49774086" lon="118.37559977">
        <ele>746.61</ele>
        <time>2026-10-01T02:37:20Z</time>
        <extensions>
          <geotracker:meta c="5.33" s="21.59" />
        </extensions>
      </trkpt>
      <trkpt lat="-22.49606332" lon="118.37305886">
        <ele>758.06</ele>
        <time>2026-10-01T02:37:35Z</time>
        <extensions>
          <geotracker:meta c="5.33" s="20.58" />
        </extensions>
      </trkpt>
      <trkpt lat="-22.49475511" lon="118.37050985">
        <ele>765.73</ele>
        <time>2026-10-01T02:37:50Z</time>
        <extensions>
          <geotracker:meta c="4.89" s="17.97" />
        </extensions>
      </trkpt>
      <trkpt lat="-22.49418966" lon="118.3682211">
        <ele>760.1</ele>
        <time>2026-10-01T02:38:05Z</time>
        <extensions>
          <geotracker:meta c="5.18" s="16.21" />
        </extensions>
      </trkpt>
      <trkpt lat="-22.49271018" lon="118.36609541">
        <ele>737.47</ele>
        <time>2026-10-01T02:38:20Z</time>
        <extensions>
          <geotracker:meta c="5.4" s="19.7" />
        </extensions>
      </trkpt>
      <trkpt lat="-22.49099118" lon="118.36417275">
        <ele>731.07</ele>
        <time>2026-10-01T02:38:35Z</time>
        <extensions>
          <geotracker:meta c="5.69" s="19.09" />
        </extensions>
      </trkpt>
      <trkpt lat="-22.48856117" lon="118.36263768">
        <ele>715.92</ele>
        <time>2026-10-01T02:38:50Z</time>
        <extensions>
          <geotracker:meta c="5.76" s="21.92" />
        </extensions>
      </trkpt>
      <trkpt lat="-22.48598049" lon="118.36102449">
        <ele>721.36</ele>
        <time>2026-10-01T02:39:05Z</time>
        <extensions>
          <geotracker:meta c="5.76" s="20.24" />
        </extensions>
      </trkpt>
      <trkpt lat="-22.48362254" lon="118.35980249">
        <ele>720.37</ele>
        <time>2026-10-01T02:39:20Z</time>
        <extensions>
          <geotracker:meta c="6.01" s="19.04" />
        </extensions>
      </trkpt>
      <trkpt lat="-22.48098624" lon="118.35944887">
        <ele>716.65</ele>
        <time>2026-10-01T02:39:35Z</time>
        <extensions>
          <geotracker:meta c="6.22" s="20.57" />
        </extensions>
      </trkpt>
      <trkpt lat="-22.47830059" lon="118.35928694">
        <ele>727.76</ele>
        <time>2026-10-01T02:39:50Z</time>
        <extensions>
          <geotracker:meta c="6.22" s="19.7" />
        </extensions>
      </trkpt>
      <trkpt lat="-22.47552531" lon="118.35910941">
        <ele>720.29</ele>
        <time>2026-10-01T02:40:05Z</time>
        <extensions>
          <geotracker:meta c="6.2" s="20.34" />
        </extensions>
      </trkpt>
      <trkpt lat="-22.47257018" lon="118.35890176">
        <ele>713.23</ele>
        <time>2026-10-01T02:40:20Z</time>
        <extensions>
          <geotracker:meta c="6.23" s="22.74" />
        </extensions>
      </trkpt>
      <trkpt lat="-22.46950834" lon="118.35868104">
        <ele>713.16</ele>
        <time>2026-10-01T02:40:35Z</time>
        <extensions>
          <geotracker:meta c="6.23" s="22.33" />
        </extensions>
      </trkpt>
      <trkpt lat="-22.4665559" lon="118.35851416">
        <ele>710.99</ele>
        <time>2026-10-01T02:40:50Z</time>
        <extensions>
          <geotracker:meta c="6.22" s="21.67" />
        </extensions>
      </trkpt>
      <trkpt lat="-22.46370335" lon="118.35829409">
        <ele>706.2</ele>
        <time>2026-10-01T02:41:05Z</time>
        <extensions>
          <geotracker:meta c="6.22" s="20.21" />
        </extensions>
      </trkpt>
      <trkpt lat="-22.46104877" lon="118.35795358">
        <ele>712.25</ele>
        <time>2026-10-01T02:41:20Z</time>
        <extensions>
          <geotracker:meta c="6.1" s="20.22" />
        </extensions>
      </trkpt>
      <trkpt lat="-22.45830574" lon="118.35744853">
        <ele>709.62</ele>
        <time>2026-10-01T02:41:35Z</time>
        <extensions>
          <geotracker:meta c="6.11" s="20.24" />
        </extensions>
      </trkpt>
      <trkpt lat="-22.45557083" lon="118.35693064">
        <ele>703.94</ele>
        <time>2026-10-01T02:41:50Z</time>
        <extensions>
          <geotracker:meta c="6.11" s="19.88" />
        </extensions>
      </trkpt>
      <trkpt lat="-22.45293325" lon="118.35640626">
        <ele>707.57</ele>
        <time>2026-10-01T02:42:05Z</time>
        <extensions>
          <geotracker:meta c="6.11" s="19.83" />
        </extensions>
      </trkpt>
      <trkpt lat="-22.45026401" lon="118.35636214">
        <ele>707.42</ele>
        <time>2026-10-01T02:42:20Z</time>
        <extensions>
          <geotracker:meta c="0.19" s="19.95" />
        </extensions>
      </trkpt>
      <trkpt lat="-22.44750437" lon="118.35689343">
        <ele>709.71</ele>
        <time>2026-10-01T02:42:35Z</time>
        <extensions>
          <geotracker:meta c="0.18" s="22.18" />
        </extensions>
      </trkpt>
      <trkpt lat="-22.44457994" lon="118.3574779">
        <ele>707.6</ele>
        <time>2026-10-01T02:42:50Z</time>
        <extensions>
          <geotracker:meta c="0.18" s="21.13" />
        </extensions>
      </trkpt>
      <trkpt lat="-22.44173807" lon="118.35805683">
        <ele>711.55</ele>
        <time>2026-10-01T02:43:05Z</time>
        <extensions>
          <geotracker:meta c="0.18" s="21.64" />
        </extensions>
      </trkpt>
      <trkpt lat="-22.43880344" lon="118.35860308">
        <ele>709.5</ele>
        <time>2026-10-01T02:43:20Z</time>
        <extensions>
          <geotracker:meta c="0.18" s="22.51" />
        </extensions>
      </trkpt>
      <trkpt lat="-22.43638499" lon="118.3590873">
        <ele>705.41</ele>
        <time>2026-10-01T02:43:35Z</time>
        <extensions>
          <geotracker:meta c="0.17" s="11.29" />
        </extensions>
      </trkpt>
      <trkpt lat="-22.43615927" lon="118.35972604">
        <ele>704.07</ele>
        <time>2026-10-01T02:43:50Z</time>
        <extensions>
          <geotracker:meta c="1.89" s="7.61" />
        </extensions>
      </trkpt>
      <trkpt lat="-22.43657244" lon="118.36095149">
        <ele>705.67</ele>
        <time>2026-10-01T02:44:05Z</time>
        <extensions>
          <geotracker:meta c="1.86" s="9.51" />
        </extensions>
      </trkpt>
      <trkpt lat="-22.43706736" lon="118.36248025">
        <ele>707.27</ele>
        <time>2026-10-01T02:44:21Z</time>
        <extensions>
          <geotracker:meta c="1.93" s="11.14" />
        </extensions>
      </trkpt>
      <trkpt lat="-22.43757875" lon="118.36398889">
        <ele>716.39</ele>
        <time>2026-10-01T02:44:36Z</time>
        <extensions>
          <geotracker:meta c="1.91" s="11.07" />
        </extensions>
      </trkpt>
      <trkpt lat="-22.43802119" lon="118.36529807">
        <ele>718.49</ele>
        <time>2026-10-01T02:44:51Z</time>
        <extensions>
          <geotracker:meta c="1.98" s="6.37" />
        </extensions>
      </trkpt>
      <trkpt lat="-22.43820665" lon="118.36579081">
        <ele>719.24</ele>
        <time>2026-10-01T02:51:06Z</time>
        <extensions>
          <geotracker:meta c="1.95" s="2.77" />
        </extensions>
      </trkpt>
      <trkpt lat="-22.43849346" lon="118.36646163">
        <ele>719.54</ele>
        <time>2026-10-01T02:51:21Z</time>
        <extensions>
          <geotracker:meta c="1.92" s="5.24" />
        </extensions>
      </trkpt>
      <trkpt lat="-22.43882765" lon="118.36748886">
        <ele>726.41</ele>
        <time>2026-10-01T02:51:36Z</time>
        <extensions>
          <geotracker:meta c="1.92" s="9.45" />
        </extensions>
      </trkpt>
      <trkpt lat="-22.43920408" lon="118.3685835">
        <ele>736.91</ele>
        <time>2026-10-01T02:51:51Z</time>
        <extensions>
          <geotracker:meta c="1.93" s="5.94" />
        </extensions>
      </trkpt>
      <trkpt lat="-22.43949544" lon="118.36940375">
        <ele>744.12</ele>
        <time>2026-10-01T02:52:06Z</time>
        <extensions>
          <geotracker:meta c="1.9" s="6.4" />
        </extensions>
      </trkpt>
      <trkpt lat="-22.43973707" lon="118.37029757">
        <ele>743.74</ele>
        <time>2026-10-01T02:52:21Z</time>
        <extensions>
          <geotracker:meta c="1.88" s="7.32" />
        </extensions>
      </trkpt>
      <trkpt lat="-22.43989642" lon="118.37142997">
        <ele>742.33</ele>
        <time>2026-10-01T02:52:36Z</time>
        <extensions>
          <geotracker:meta c="1.54" s="8.5" />
        </extensions>
      </trkpt>
      <trkpt lat="-22.43965596" lon="118.37271037">
        <ele>748.41</ele>
        <time>2026-10-01T02:52:51Z</time>
        <extensions>
          <geotracker:meta c="1.32" s="9.29" />
        </extensions>
      </trkpt>
      <trkpt lat="-22.43931642" lon="118.37418302">
        <ele>748.19</ele>
        <time>2026-10-01T02:53:06Z</time>
        <extensions>
          <geotracker:meta c="1.37" s="10.85" />
        </extensions>
      </trkpt>
      <trkpt lat="-22.43898521" lon="118.37576948">
        <ele>750.78</ele>
        <time>2026-10-01T02:53:21Z</time>
        <extensions>
          <geotracker:meta c="1.35" s="11.54" />
        </extensions>
      </trkpt>
      <trkpt lat="-22.4385989" lon="118.37736125">
        <ele>748.06</ele>
        <time>2026-10-01T02:53:36Z</time>
        <extensions>
          <geotracker:meta c="1.32" s="10.41" />
        </extensions>
      </trkpt>
      <trkpt lat="-22.43820692" lon="118.37872652">
        <ele>758.87</ele>
        <time>2026-10-01T02:53:51Z</time>
        <extensions>
          <geotracker:meta c="1.23" s="9.33" />
        </extensions>
      </trkpt>
      <trkpt lat="-22.43790737" lon="118.37975309">
        <ele>757.15</ele>
        <time>2026-10-01T02:54:06Z</time>
        <extensions>
          <geotracker:meta c="1.27" s="5.48" />
        </extensions>
      </trkpt>
      <trkpt lat="-22.43772702" lon="118.38049917">
        <ele>755.23</ele>
        <time>2026-10-01T02:54:21Z</time>
        <extensions>
          <geotracker:meta c="1.31" s="5.75" />
        </extensions>
      </trkpt>
      <trkpt lat="-22.43754863" lon="118.38116754">
        <ele>749.22</ele>
        <time>2026-10-01T02:54:36Z</time>
        <extensions>
          <geotracker:meta c="1.27" s="5.4" />
        </extensions>
      </trkpt>
      <trkpt lat="-22.43722768" lon="118.38233543">
        <ele>748.2</ele>
        <time>2026-10-01T02:54:51Z</time>
        <extensions>
          <geotracker:meta c="1.31" s="10.44" />
        </extensions>
      </trkpt>
      <trkpt lat="-22.43684826" lon="118.38366464">
        <ele>757.52</ele>
        <time>2026-10-01T02:55:06Z</time>
        <extensions>
          <geotracker:meta c="1.28" s="9.64" />
        </extensions>
      </trkpt>
      <trkpt lat="-22.43649157" lon="118.38492336">
        <ele>755.15</ele>
        <time>2026-10-01T02:55:21Z</time>
        <extensions>
          <geotracker:meta c="1.24" s="8.74" />
        </extensions>
      </trkpt>
      <trkpt lat="-22.43605089" lon="118.38599675">
        <ele>756.79</ele>
        <time>2026-10-01T02:55:36Z</time>
        <extensions>
          <geotracker:meta c="0.94" s="6.57" />
        </extensions>
      </trkpt>
      <trkpt lat="-22.43575455" lon="118.38659127">
        <ele>746.89</ele>
        <time>2026-10-01T02:55:51Z</time>
        <extensions>
          <geotracker:meta c="1.38" s="2.95" />
        </extensions>
      </trkpt>
      <trkpt lat="-22.43564896" lon="118.38706372">
        <ele>740.95</ele>
        <time>2026-10-01T02:56:21Z</time>
        <extensions>
          <geotracker:meta c="1.45" s="2.22" />
        </extensions>
      </trkpt>
      <trkpt lat="-22.43509646" lon="118.38830977">
        <ele>725.12</ele>
        <time>2026-10-01T02:56:51Z</time>
        <extensions>
          <geotracker:meta c="0.68" s="10.35" />
        </extensions>
      </trkpt>
      <trkpt lat="-22.43417677" lon="118.38928489">
        <ele>726.57</ele>
        <time>2026-10-01T02:57:06Z</time>
        <extensions>
          <geotracker:meta c="0.92" s="2.26" />
        </extensions>
      </trkpt>
      <trkpt lat="-22.43387107" lon="118.38976153">
        <ele>724.7</ele>
        <time>2026-10-01T02:57:21Z</time>
        <extensions>
          <geotracker:meta c="1.04" s="4.17" />
        </extensions>
      </trkpt>
      <trkpt lat="-22.43356298" lon="118.39021155">
        <ele>714.6</ele>
        <time>2026-10-01T02:57:36Z</time>
        <extensions>
          <geotracker:meta c="1.04" s="2.53" />
        </extensions>
      </trkpt>
      <trkpt lat="-22.43323383" lon="118.39093496">
        <ele>704.48</ele>
        <time>2026-10-01T02:58:06Z</time>
        <extensions>
          <geotracker:meta c="1.15" s="5.05" />
        </extensions>
      </trkpt>
      <trkpt lat="-22.43299167" lon="118.39153991">
        <ele>700.71</ele>
        <time>2026-10-01T02:58:21Z</time>
        <extensions>
          <geotracker:meta c="1.37" s="4.45" />
        </extensions>
      </trkpt>
      <trkpt lat="-22.43258579" lon="118.39263746">
        <ele>692.81</ele>
        <time>2026-10-01T02:58:36Z</time>
        <extensions>
          <geotracker:meta c="1.19" s="10.52" />
        </extensions>
      </trkpt>
      <trkpt lat="-22.4306142" lon="118.39514145">
        <ele>681.4</ele>
        <time>2026-10-01T02:59:05Z</time>
        <extensions>
          <geotracker:meta c="0.29" s="12.75" />
        </extensions>
      </trkpt>
      <trkpt lat="-22.4288669" lon="118.39537635">
        <ele>680.33</ele>
        <time>2026-10-01T02:59:20Z</time>
        <extensions>
          <geotracker:meta c="0.01" s="13.78" />
        </extensions>
      </trkpt>
      <trkpt lat="-22.42706278" lon="118.39534329">
        <ele>674.61</ele>
        <time>2026-10-01T02:59:35Z</time>
        <extensions>
          <geotracker:meta c="6.28" s="9.51" />
        </extensions>
      </trkpt>
      <trkpt lat="-22.42601336" lon="118.39504994">
        <ele>676.2</ele>
        <time>2026-10-01T02:59:50Z</time>
        <extensions>
          <geotracker:meta c="5.91" s="8.24" />
        </extensions>
      </trkpt>
      <trkpt lat="-22.42491965" lon="118.39461353">
        <ele>684.77</ele>
        <time>2026-10-01T03:00:04Z</time>
        <extensions>
          <geotracker:meta c="6.03" s="8.08" />
        </extensions>
      </trkpt>
      <trkpt lat="-22.42399869" lon="118.39448012">
        <ele>685.09</ele>
        <time>2026-10-01T03:00:19Z</time>
        <extensions>
          <geotracker:meta c="6.2" s="5.63" />
        </extensions>
      </trkpt>
      <trkpt lat="-22.42337933" lon="118.39454196">
        <ele>675.57</ele>
        <time>2026-10-01T03:00:34Z</time>
        <extensions>
          <geotracker:meta c="0.18" s="5.78" />
        </extensions>
      </trkpt>
      <trkpt lat="-22.42272289" lon="118.39478334">
        <ele>673.76</ele>
        <time>2026-10-01T03:00:49Z</time>
        <extensions>
          <geotracker:meta c="0.65" s="5.29" />
        </extensions>
      </trkpt>
      <trkpt lat="-22.42227886" lon="118.39539717">
        <ele>672.83</ele>
        <time>2026-10-01T03:01:04Z</time>
        <extensions>
          <geotracker:meta c="1.67" s="4.62" />
        </extensions>
      </trkpt>
      <trkpt lat="-22.42219512" lon="118.39635973">
        <ele>677.57</ele>
        <time>2026-10-01T03:01:19Z</time>
        <extensions>
          <geotracker:meta c="0.75" s="7.53" />
        </extensions>
      </trkpt>
      <trkpt lat="-22.42139336" lon="118.39662624">
        <ele>677.14</ele>
        <time>2026-10-01T03:01:34Z</time>
        <extensions>
          <geotracker:meta c="0.51" s="5.93" />
        </extensions>
      </trkpt>
      <trkpt lat="-22.42095349" lon="118.39730965">
        <ele>680.64</ele>
        <time>2026-10-01T03:01:49Z</time>
        <extensions>
          <geotracker:meta c="0.85" s="5.6" />
        </extensions>
      </trkpt>
      <trkpt lat="-22.42042585" lon="118.39781719">
        <ele>677.16</ele>
        <time>2026-10-01T03:02:04Z</time>
        <extensions>
          <geotracker:meta c="0.39" s="5.01" />
        </extensions>
      </trkpt>
      <trkpt lat="-22.41986249" lon="118.39804236">
        <ele>673.65</ele>
        <time>2026-10-01T03:02:19Z</time>
        <extensions>
          <geotracker:meta c="0.82" s="6.61" />
        </extensions>
      </trkpt>
      <trkpt lat="-22.41946941" lon="118.39865937">
        <ele>676.36</ele>
        <time>2026-10-01T03:02:34Z</time>
        <extensions>
          <geotracker:meta c="1.01" s="4.9" />
        </extensions>
      </trkpt>
      <trkpt lat="-22.41888571" lon="118.39948417">
        <ele>673.27</ele>
        <time>2026-10-01T03:03:04Z</time>
        <extensions>
          <geotracker:meta c="1.21" s="6.42" />
        </extensions>
      </trkpt>
      <trkpt lat="-22.41840462" lon="118.40016377">
        <ele>671.07</ele>
        <time>2026-10-01T03:03:19Z</time>
        <extensions>
          <geotracker:meta c="0.62" s="7.99" />
        </extensions>
      </trkpt>
      <trkpt lat="-22.41765316" lon="118.40064852">
        <ele>669.3</ele>
        <time>2026-10-01T03:03:34Z</time>
        <extensions>
          <geotracker:meta c="0.58" s="6.19" />
        </extensions>
      </trkpt>
      <trkpt lat="-22.4169646" lon="118.40092601">
        <ele>670.15</ele>
        <time>2026-10-01T03:03:49Z</time>
        <extensions>
          <geotracker:meta c="0.22" s="4.3" />
        </extensions>
      </trkpt>
      <trkpt lat="-22.41658024" lon="118.4013859">
        <ele>662.87</ele>
        <time>2026-10-01T03:06:40Z</time>
        <extensions>
          <geotracker:meta c="1.61" s="0.26" />
        </extensions>
      </trkpt>
      <trkpt lat="-22.41692564" lon="118.40165185">
        <ele>659.25</ele>
        <time>2026-10-01T03:21:44Z</time>
        <extensions>
          <geotracker:meta c="2.29" s="1.22" />
        </extensions>
      </trkpt>
      <trkpt lat="-22.41694195" lon="118.40242605">
        <ele>644.37</ele>
        <time>2026-10-01T03:23:49Z</time>
        <extensions>
          <geotracker:meta c="0.17" s="0.66" />
        </extensions>
      </trkpt>
      <trkpt lat="-22.41678668" lon="118.40298344">
        <ele>632.75</ele>
        <time>2026-10-01T03:24:59Z</time>
        <extensions>
          <geotracker:meta c="2.06" s="0.93" />
        </extensions>
      </trkpt>
      <trkpt lat="-22.4164471" lon="118.40348991">
        <ele>630.01</ele>
        <time>2026-10-01T03:26:37Z</time>
        <extensions>
          <geotracker:meta c="1.4" s="1.25" />
        </extensions>
      </trkpt>
      <trkpt lat="-22.41610283" lon="118.40389234">
        <ele>630.15</ele>
        <time>2026-10-01T03:27:47Z</time>
        <extensions>
          <geotracker:meta c="6.16" s="0.95" />
        </extensions>
      </trkpt>
      <trkpt lat="-22.41595026" lon="118.40392242">
        <ele>629.69</ele>
        <time>2026-10-01T03:30:35Z</time>
        <extensions>
          <geotracker:meta c="0.41" s="1.06" />
        </extensions>
      </trkpt>
      <trkpt lat="-22.41552409" lon="118.4041191">
        <ele>630.13</ele>
        <time>2026-10-01T03:31:17Z</time>
        <extensions>
          <geotracker:meta c="0.29" s="1.08" />
        </extensions>
      </trkpt>
      <trkpt lat="-22.41517446" lon="118.40459584">
        <ele>623.14</ele>
        <time>2026-10-01T03:32:13Z</time>
        <extensions>
          <geotracker:meta c="0.86" s="1.21" />
        </extensions>
      </trkpt>
      <trkpt lat="-22.4149945" lon="118.40515829">
        <ele>623.87</ele>
        <time>2026-10-01T03:33:09Z</time>
        <extensions>
          <geotracker:meta c="1.78" s="1.08" />
        </extensions>
      </trkpt>
      <trkpt lat="-22.41490568" lon="118.40573595">
        <ele>623.62</ele>
        <time>2026-10-01T03:35:01Z</time>
        <extensions>
          <geotracker:meta c="1.15" s="1.25" />
        </extensions>
      </trkpt>
      <trkpt lat="-22.41484827" lon="118.40651311">
        <ele>620.34</ele>
        <time>2026-10-01T03:36:11Z</time>
        <extensions>
          <geotracker:meta c="0.95" s="1.05" />
        </extensions>
      </trkpt>
      <trkpt lat="-22.41469167" lon="118.40704208">
        <ele>621.14</ele>
        <time>2026-10-01T03:37:07Z</time>
        <extensions>
          <geotracker:meta c="1.64" s="1.16" />
        </extensions>
      </trkpt>
      <trkpt lat="-22.41462748" lon="118.40759732">
        <ele>618.25</ele>
        <time>2026-10-01T03:38:10Z</time>
        <extensions>
          <geotracker:meta c="0.75" s="1.23" />
        </extensions>
      </trkpt>
      <trkpt lat="-22.41433759" lon="118.40805569">
        <ele>619.07</ele>
        <time>2026-10-01T03:39:06Z</time>
        <extensions>
          <geotracker:meta c="1.29" s="1.12" />
        </extensions>
      </trkpt>
      <trkpt lat="-22.41410017" lon="118.40847731">
        <ele>621.29</ele>
        <time>2026-10-01T03:39:48Z</time>
        <extensions>
          <geotracker:meta c="1.23" s="1.13" />
        </extensions>
      </trkpt>
      <trkpt lat="-22.4136499" lon="118.40884378">
        <ele>623.57</ele>
        <time>2026-10-01T03:40:58Z</time>
        <extensions>
          <geotracker:meta c="0.97" s="0.95" />
        </extensions>
      </trkpt>
      <trkpt lat="-22.41314032" lon="118.40899381">
        <ele>621.14</ele>
        <time>2026-10-01T03:41:54Z</time>
        <extensions>
          <geotracker:meta c="0.35" s="1" />
        </extensions>
      </trkpt>
      <trkpt lat="-22.41262358" lon="118.40918649">
        <ele>618.73</ele>
        <time>2026-10-01T03:42:50Z</time>
        <extensions>
          <geotracker:meta c="0.03" s="0.99" />
        </extensions>
      </trkpt>
      <trkpt lat="-22.4120409" lon="118.40923508">
        <ele>616.92</ele>
        <time>2026-10-01T03:43:46Z</time>
        <extensions>
          <geotracker:meta c="0.03" s="1.16" />
        </extensions>
      </trkpt>
      <trkpt lat="-22.4115193" lon="118.40915797">
        <ele>619.58</ele>
        <time>2026-10-01T03:44:42Z</time>
        <extensions>
          <geotracker:meta c="5.21" s="0.87" />
        </extensions>
      </trkpt>
      <trkpt lat="-22.41101109" lon="118.40899368">
        <ele>620.93</ele>
        <time>2026-10-01T03:45:38Z</time>
        <extensions>
          <geotracker:meta c="5.87" s="1.09" />
        </extensions>
      </trkpt>
      <trkpt lat="-22.4105705" lon="118.40921587">
        <ele>616.53</ele>
        <time>2026-10-01T03:46:34Z</time>
        <extensions>
          <geotracker:meta c="0.34" s="1.25" />
        </extensions>
      </trkpt>
      <trkpt lat="-22.41001917" lon="118.40933458">
        <ele>622.36</ele>
        <time>2026-10-01T03:47:44Z</time>
        <extensions>
          <geotracker:meta c="6.14" s="0.81" />
        </extensions>
      </trkpt>
      <trkpt lat="-22.40998866" lon="118.40951208">
        <ele>635.17</ele>
        <time>2026-10-01T03:50:46Z</time>
        <extensions>
          <geotracker:meta c="4.87" s="1.19" />
        </extensions>
      </trkpt>
      <trkpt lat="-22.41066789" lon="118.40933389">
        <ele>642.41</ele>
        <time>2026-10-01T04:08:16Z</time>
        <extensions>
          <geotracker:meta c="0.23" s="0.6" />
        </extensions>
      </trkpt>
      <trkpt lat="-22.41103303" lon="118.40903011">
        <ele>629.82</ele>
        <time>2026-10-01T04:09:16Z</time>
        <extensions>
          <geotracker:meta c="3.41" s="0.79" />
        </extensions>
      </trkpt>
      <trkpt lat="-22.41154739" lon="118.40918807">
        <ele>622.91</ele>
        <time>2026-10-01T04:10:12Z</time>
        <extensions>
          <geotracker:meta c="2.64" s="1.04" />
        </extensions>
      </trkpt>
      <trkpt lat="-22.41210136" lon="118.40924725">
        <ele>623.47</ele>
        <time>2026-10-01T04:11:22Z</time>
        <extensions>
          <geotracker:meta c="3.47" s="0.48" />
        </extensions>
      </trkpt>
      <trkpt lat="-22.41276242" lon="118.409138">
        <ele>628.81</ele>
        <time>2026-10-01T04:13:00Z</time>
        <extensions>
          <geotracker:meta c="3.8" s="0.7" />
        </extensions>
      </trkpt>
      <trkpt lat="-22.41326344" lon="118.40897719">
        <ele>623.35</ele>
        <time>2026-10-01T04:13:56Z</time>
        <extensions>
          <geotracker:meta c="1.87" s="0.87" />
        </extensions>
      </trkpt>
      <trkpt lat="-22.41386289" lon="118.40865466">
        <ele>619.81</ele>
        <time>2026-10-01T04:15:06Z</time>
        <extensions>
          <geotracker:meta c="3.96" s="1.13" />
        </extensions>
      </trkpt>
      <trkpt lat="-22.41426871" lon="118.40819976">
        <ele>620.52</ele>
        <time>2026-10-01T04:16:02Z</time>
        <extensions>
          <geotracker:meta c="4.03" s="0.85" />
        </extensions>
      </trkpt>
      <trkpt lat="-22.41451598" lon="118.40771036">
        <ele>621.75</ele>
        <time>2026-10-01T04:16:58Z</time>
        <extensions>
          <geotracker:meta c="5.77" s="0.28" />
        </extensions>
      </trkpt>
      <trkpt lat="-22.41466607" lon="118.40720565">
        <ele>620.99</ele>
        <time>2026-10-01T04:17:54Z</time>
        <extensions>
          <geotracker:meta c="4.9" s="1.31" />
        </extensions>
      </trkpt>
      <trkpt lat="-22.41485861" lon="118.4066226">
        <ele>623.19</ele>
        <time>2026-10-01T04:18:50Z</time>
        <extensions>
          <geotracker:meta c="3.96" s="1.44" />
        </extensions>
      </trkpt>
      <trkpt lat="-22.41483321" lon="118.40601791">
        <ele>615.83</ele>
        <time>2026-10-01T04:19:46Z</time>
        <extensions>
          <geotracker:meta c="4.86" s="0.9" />
        </extensions>
      </trkpt>
      <trkpt lat="-22.41506143" lon="118.40522011">
        <ele>627.93</ele>
        <time>2026-10-01T04:20:56Z</time>
        <extensions>
          <geotracker:meta c="4.35" s="1.03" />
        </extensions>
      </trkpt>
      <trkpt lat="-22.41514685" lon="118.40462478">
        <ele>628.49</ele>
        <time>2026-10-01T04:21:52Z</time>
        <extensions>
          <geotracker:meta c="3.97" s="0.96" />
        </extensions>
      </trkpt>
      <trkpt lat="-22.4155945" lon="118.40407503">
        <ele>627.5</ele>
        <time>2026-10-01T04:23:02Z</time>
        <extensions>
          <geotracker:meta c="3.36" s="0.98" />
        </extensions>
      </trkpt>
      <trkpt lat="-22.4160346" lon="118.40392024">
        <ele>627.92</ele>
        <time>2026-10-01T04:23:44Z</time>
        <extensions>
          <geotracker:meta c="3.77" s="1.26" />
        </extensions>
      </trkpt>
      <trkpt lat="-22.41642211" lon="118.40353671">
        <ele>632.41</ele>
        <time>2026-10-01T04:24:36Z</time>
        <extensions>
          <geotracker:meta c="5.2" s="0.91" />
        </extensions>
      </trkpt>
      <trkpt lat="-22.4166006" lon="118.40306733">
        <ele>635.64</ele>
        <time>2026-10-01T04:25:32Z</time>
        <extensions>
          <geotracker:meta c="4.16" s="1.75" />
        </extensions>
      </trkpt>
      <trkpt lat="-22.41691265" lon="118.40268247">
        <ele>637.87</ele>
        <time>2026-10-01T04:27:38Z</time>
        <extensions>
          <geotracker:meta c="3.6" s="0.62" />
        </extensions>
      </trkpt>
      <trkpt lat="-22.41727924" lon="118.40227341">
        <ele>637</ele>
        <time>2026-10-01T04:28:48Z</time>
        <extensions>
          <geotracker:meta c="4.09" s="0.48" />
        </extensions>
      </trkpt>
      <trkpt lat="-22.41700307" lon="118.40232942">
        <ele>646.58</ele>
        <time>2026-10-01T04:31:22Z</time>
        <extensions>
          <geotracker:meta c="4" s="0.78" />
        </extensions>
      </trkpt>
      <trkpt lat="-22.41657985" lon="118.40140186">
        <ele>663.83</ele>
        <time>2026-10-01T04:33:42Z</time>
        <extensions>
          <geotracker:meta c="5.28" s="1" />
        </extensions>
      </trkpt>
      <trkpt lat="-22.41722778" lon="118.40122267">
        <ele>663.76</ele>
        <time>2026-10-01T04:36:30Z</time>
        <extensions>
          <geotracker:meta c="4.55" s="5.05" />
        </extensions>
      </trkpt>
      <trkpt lat="-22.4175082" lon="118.40073837">
        <ele>665.97</ele>
        <time>2026-10-01T04:36:44Z</time>
        <extensions>
          <geotracker:meta c="3.79" s="4.5" />
        </extensions>
      </trkpt>
      <trkpt lat="-22.4180244" lon="118.40044677">
        <ele>666.17</ele>
        <time>2026-10-01T04:36:58Z</time>
        <extensions>
          <geotracker:meta c="3.3" s="4.97" />
        </extensions>
      </trkpt>
      <trkpt lat="-22.41850564" lon="118.40014144">
        <ele>667.35</ele>
        <time>2026-10-01T04:37:12Z</time>
        <extensions>
          <geotracker:meta c="3.09" s="1.34" />
        </extensions>
      </trkpt>
      <trkpt lat="-22.41883069" lon="118.39975779">
        <ele>668.59</ele>
        <time>2026-10-01T04:37:26Z</time>
        <extensions>
          <geotracker:meta c="2.66" s="3.58" />
        </extensions>
      </trkpt>
      <trkpt lat="-22.41945957" lon="118.39876228">
        <ele>673.9</ele>
        <time>2026-10-01T04:37:54Z</time>
        <extensions>
          <geotracker:meta c="2.01" s="5.86" />
        </extensions>
      </trkpt>
      <trkpt lat="-22.4199" lon="118.39797826">
        <ele>673.27</ele>
        <time>2026-10-01T04:38:08Z</time>
        <extensions>
          <geotracker:meta c="3.83" s="7.61" />
        </extensions>
      </trkpt>
      <trkpt lat="-22.4219027" lon="118.39658033">
        <ele>671.62</ele>
        <time>2026-10-01T04:38:50Z</time>
        <extensions>
          <geotracker:meta c="3.4" s="6.28" />
        </extensions>
      </trkpt>
      <trkpt lat="-22.42295023" lon="118.39469779">
        <ele>673.09</ele>
        <time>2026-10-01T04:39:25Z</time>
        <extensions>
          <geotracker:meta c="3.45" s="3.63" />
        </extensions>
      </trkpt>
      <trkpt lat="-22.42584041" lon="118.39502825">
        <ele>676.53</ele>
        <time>2026-10-01T04:40:07Z</time>
        <extensions>
          <geotracker:meta c="2.85" s="9.19" />
        </extensions>
      </trkpt>
      <trkpt lat="-22.427753" lon="118.39539167">
        <ele>674.56</ele>
        <time>2026-10-01T04:40:35Z</time>
        <extensions>
          <geotracker:meta c="3.08" s="8.3" />
        </extensions>
      </trkpt>
      <trkpt lat="-22.43034063" lon="118.39528646">
        <ele>679.29</ele>
        <time>2026-10-01T04:41:03Z</time>
        <extensions>
          <geotracker:meta c="3.39" s="11.01" />
        </extensions>
      </trkpt>
      <trkpt lat="-22.43284542" lon="118.39211152">
        <ele>687.68</ele>
        <time>2026-10-01T04:41:45Z</time>
        <extensions>
          <geotracker:meta c="4.34" s="10.59" />
        </extensions>
      </trkpt>
      <trkpt lat="-22.43328513" lon="118.39083128">
        <ele>701.56</ele>
        <time>2026-10-01T04:42:13Z</time>
        <extensions>
          <geotracker:meta c="4.27" s="2.7" />
        </extensions>
      </trkpt>
      <trkpt lat="-22.43353995" lon="118.39020609">
        <ele>710.39</ele>
        <time>2026-10-01T04:42:41Z</time>
        <extensions>
          <geotracker:meta c="4.16" s="1.38" />
        </extensions>
      </trkpt>
      <trkpt lat="-22.4338224" lon="118.38980469">
        <ele>714.89</ele>
        <time>2026-10-01T04:43:09Z</time>
        <extensions>
          <geotracker:meta c="3.89" s="1.74" />
        </extensions>
      </trkpt>
      <trkpt lat="-22.43431771" lon="118.38920653">
        <ele>722.17</ele>
        <time>2026-10-01T04:43:37Z</time>
        <extensions>
          <geotracker:meta c="3.93" s="3.17" />
        </extensions>
      </trkpt>
      <trkpt lat="-22.4348359" lon="118.38862518">
        <ele>722.89</ele>
        <time>2026-10-01T04:43:51Z</time>
        <extensions>
          <geotracker:meta c="3.93" s="7.54" />
        </extensions>
      </trkpt>
      <trkpt lat="-22.43562448" lon="118.38751823">
        <ele>735.59</ele>
        <time>2026-10-01T04:44:19Z</time>
        <extensions>
          <geotracker:meta c="4.37" s="4.17" />
        </extensions>
      </trkpt>
      <trkpt lat="-22.43571167" lon="118.38669688">
        <ele>743.45</ele>
        <time>2026-10-01T04:44:47Z</time>
        <extensions>
          <geotracker:meta c="4.65" s="2.24" />
        </extensions>
      </trkpt>
      <trkpt lat="-22.4361257" lon="118.38589835">
        <ele>754.06</ele>
        <time>2026-10-01T04:45:15Z</time>
        <extensions>
          <geotracker:meta c="4.12" s="5.05" />
        </extensions>
      </trkpt>
      <trkpt lat="-22.43644934" lon="118.38515759">
        <ele>757.8</ele>
        <time>2026-10-01T04:45:29Z</time>
        <extensions>
          <geotracker:meta c="4.32" s="6.68" />
        </extensions>
      </trkpt>
      <trkpt lat="-22.4367519" lon="118.38422399">
        <ele>756.94</ele>
        <time>2026-10-01T04:45:43Z</time>
        <extensions>
          <geotracker:meta c="4.35" s="7.14" />
        </extensions>
      </trkpt>
      <trkpt lat="-22.4370024" lon="118.38323141">
        <ele>751.64</ele>
        <time>2026-10-01T04:45:57Z</time>
        <extensions>
          <geotracker:meta c="4.45" s="7.73" />
        </extensions>
      </trkpt>
      <trkpt lat="-22.43730902" lon="118.38223263">
        <ele>747.57</ele>
        <time>2026-10-01T04:46:11Z</time>
        <extensions>
          <geotracker:meta c="4.41" s="9.33" />
        </extensions>
      </trkpt>
      <trkpt lat="-22.43764899" lon="118.38097724">
        <ele>750.83</ele>
        <time>2026-10-01T04:46:25Z</time>
        <extensions>
          <geotracker:meta c="4.39" s="7.73" />
        </extensions>
      </trkpt>
      <trkpt lat="-22.43785157" lon="118.38015753">
        <ele>754.23</ele>
        <time>2026-10-01T04:46:39Z</time>
        <extensions>
          <geotracker:meta c="4.56" s="6.72" />
        </extensions>
      </trkpt>
      <trkpt lat="-22.43805715" lon="118.3794005">
        <ele>756.05</ele>
        <time>2026-10-01T04:46:53Z</time>
        <extensions>
          <geotracker:meta c="4.53" s="5.25" />
        </extensions>
      </trkpt>
      <trkpt lat="-22.43830877" lon="118.37858676">
        <ele>755.33</ele>
        <time>2026-10-01T04:47:07Z</time>
        <extensions>
          <geotracker:meta c="4.45" s="8.04" />
        </extensions>
      </trkpt>
      <trkpt lat="-22.43863637" lon="118.37740672">
        <ele>751.48</ele>
        <time>2026-10-01T04:47:21Z</time>
        <extensions>
          <geotracker:meta c="4.4" s="8.77" />
        </extensions>
      </trkpt>
      <trkpt lat="-22.43921012" lon="118.37491367">
        <ele>746.8</ele>
        <time>2026-10-01T04:47:49Z</time>
        <extensions>
          <geotracker:meta c="4.51" s="9.48" />
        </extensions>
      </trkpt>
      <trkpt lat="-22.43940687" lon="118.37378494">
        <ele>744.3</ele>
        <time>2026-10-01T04:48:03Z</time>
        <extensions>
          <geotracker:meta c="4.5" s="8.11" />
        </extensions>
      </trkpt>
      <trkpt lat="-22.43966118" lon="118.37274805">
        <ele>744.14</ele>
        <time>2026-10-01T04:48:17Z</time>
        <extensions>
          <geotracker:meta c="4.49" s="7.86" />
        </extensions>
      </trkpt>
      <trkpt lat="-22.439862" lon="118.37169958">
        <ele>744.26</ele>
        <time>2026-10-01T04:48:31Z</time>
        <extensions>
          <geotracker:meta c="4.57" s="7.85" />
        </extensions>
      </trkpt>
      <trkpt lat="-22.43988319" lon="118.37072074">
        <ele>744.26</ele>
        <time>2026-10-01T04:48:45Z</time>
        <extensions>
          <geotracker:meta c="4.89" s="7.04" />
        </extensions>
      </trkpt>
      <trkpt lat="-22.43966107" lon="118.36982234">
        <ele>744.08</ele>
        <time>2026-10-01T04:48:59Z</time>
        <extensions>
          <geotracker:meta c="5.03" s="6.33" />
        </extensions>
      </trkpt>
      <trkpt lat="-22.43936168" lon="118.36894566">
        <ele>740.63</ele>
        <time>2026-10-01T04:49:13Z</time>
        <extensions>
          <geotracker:meta c="5.07" s="7.32" />
        </extensions>
      </trkpt>
      <trkpt lat="-22.43900197" lon="118.36794801">
        <ele>732.66</ele>
        <time>2026-10-01T04:49:27Z</time>
        <extensions>
          <geotracker:meta c="5.07" s="8.37" />
        </extensions>
      </trkpt>
      <trkpt lat="-22.43866572" lon="118.36698001">
        <ele>724.65</ele>
        <time>2026-10-01T04:49:41Z</time>
        <extensions>
          <geotracker:meta c="5.06" s="8.3" />
        </extensions>
      </trkpt>
      <trkpt lat="-22.43827914" lon="118.36585401">
        <ele>715.76</ele>
        <time>2026-10-01T04:49:55Z</time>
        <extensions>
          <geotracker:meta c="5.07" s="9.9" />
        </extensions>
      </trkpt>
      <trkpt lat="-22.43791937" lon="118.36475587">
        <ele>713.38</ele>
        <time>2026-10-01T04:50:09Z</time>
        <extensions>
          <geotracker:meta c="5.07" s="6.51" />
        </extensions>
      </trkpt>
      <trkpt lat="-22.43762576" lon="118.36389579">
        <ele>711.34</ele>
        <time>2026-10-01T04:50:23Z</time>
        <extensions>
          <geotracker:meta c="5.11" s="6.79" />
        </extensions>
      </trkpt>
      <trkpt lat="-22.43731392" lon="118.36305583">
        <ele>710.57</ele>
        <time>2026-10-01T04:50:37Z</time>
        <extensions>
          <geotracker:meta c="5.07" s="6.33" />
        </extensions>
      </trkpt>
      <trkpt lat="-22.43709159" lon="118.36233014">
        <ele>710.99</ele>
        <time>2026-10-01T04:50:51Z</time>
        <extensions>
          <geotracker:meta c="5.17" s="5.14" />
        </extensions>
      </trkpt>
      <trkpt lat="-22.43657286" lon="118.36076338">
        <ele>707.8</ele>
        <time>2026-10-01T04:51:19Z</time>
        <extensions>
          <geotracker:meta c="4.94" s="6.29" />
        </extensions>
      </trkpt>
      <trkpt lat="-22.43627309" lon="118.35993626">
        <ele>706.05</ele>
        <time>2026-10-01T04:51:33Z</time>
        <extensions>
          <geotracker:meta c="5.14" s="5.69" />
        </extensions>
      </trkpt>
      <trkpt lat="-22.43629703" lon="118.35968371">
        <ele>709.03</ele>
        <time>2026-10-01T05:00:53Z</time>
        <extensions>
          <geotracker:meta c="4.9" s="0.16" />
        </extensions>
      </trkpt>
      <trkpt lat="-22.43588672" lon="118.35920454">
        <ele>706.18</ele>
        <time>2026-10-01T05:01:21Z</time>
        <extensions>
          <geotracker:meta c="0.07" s="5.43" />
        </extensions>
      </trkpt>
      <trkpt lat="-22.43266612" lon="118.35903101">
        <ele>705.02</ele>
        <time>2026-10-01T05:01:49Z</time>
        <extensions>
          <geotracker:meta c="5.79" s="16.4" />
        </extensions>
      </trkpt>
      <trkpt lat="-22.43111318" lon="118.3573958">
        <ele>703.49</ele>
        <time>2026-10-01T05:02:03Z</time>
        <extensions>
          <geotracker:meta c="5.39" s="17.89" />
        </extensions>
      </trkpt>
      <trkpt lat="-22.42983917" lon="118.355594">
        <ele>704.32</ele>
        <time>2026-10-01T05:02:17Z</time>
        <extensions>
          <geotracker:meta c="5.26" s="17.46" />
        </extensions>
      </trkpt>
      <trkpt lat="-22.42915931" lon="118.35320621">
        <ele>704.42</ele>
        <time>2026-10-01T05:02:31Z</time>
        <extensions>
          <geotracker:meta c="4.82" s="18.97" />
        </extensions>
      </trkpt>
      <trkpt lat="-22.42895831" lon="118.35065577">
        <ele>702.15</ele>
        <time>2026-10-01T05:02:45Z</time>
        <extensions>
          <geotracker:meta c="4.77" s="18.62" />
        </extensions>
      </trkpt>
      <trkpt lat="-22.42876983" lon="118.34808028">
        <ele>700.58</ele>
        <time>2026-10-01T05:02:59Z</time>
        <extensions>
          <geotracker:meta c="4.8" s="19.01" />
        </extensions>
      </trkpt>
      <trkpt lat="-22.42858031" lon="118.34553624">
        <ele>702.15</ele>
        <time>2026-10-01T05:03:13Z</time>
        <extensions>
          <geotracker:meta c="4.79" s="19.41" />
        </extensions>
      </trkpt>
      <trkpt lat="-22.42836611" lon="118.34280251">
        <ele>702.13</ele>
        <time>2026-10-01T05:03:27Z</time>
        <extensions>
          <geotracker:meta c="4.8" s="20.45" />
        </extensions>
      </trkpt>
      <trkpt lat="-22.42814336" lon="118.34001459">
        <ele>705.78</ele>
        <time>2026-10-01T05:03:41Z</time>
        <extensions>
          <geotracker:meta c="4.79" s="20.26" />
        </extensions>
      </trkpt>
      <trkpt lat="-22.42750038" lon="118.3317929">
        <ele>702.26</ele>
        <time>2026-10-01T05:04:23Z</time>
        <extensions>
          <geotracker:meta c="4.8" s="20.19" />
        </extensions>
      </trkpt>
      <trkpt lat="-22.42773125" lon="118.32660265">
        <ele>707.9</ele>
        <time>2026-10-01T05:04:51Z</time>
        <extensions>
          <geotracker:meta c="4.63" s="18.48" />
        </extensions>
      </trkpt>
      <trkpt lat="-22.42797475" lon="118.32150966">
        <ele>705.83</ele>
        <time>2026-10-01T05:05:19Z</time>
        <extensions>
          <geotracker:meta c="4.68" s="18.12" />
        </extensions>
      </trkpt>
      <trkpt lat="-22.42456528" lon="118.31484809">
        <ele>706.15</ele>
        <time>2026-10-01T05:06:01Z</time>
        <extensions>
          <geotracker:meta c="5.46" s="19.52" />
        </extensions>
      </trkpt>
      <trkpt lat="-22.41758572" lon="118.31158285">
        <ele>703.31</ele>
        <time>2026-10-01T05:06:43Z</time>
        <extensions>
          <geotracker:meta c="5.96" s="20.65" />
        </extensions>
      </trkpt>
      <trkpt lat="-22.41286453" lon="118.30984759">
        <ele>709.28</ele>
        <time>2026-10-01T05:07:11Z</time>
        <extensions>
          <geotracker:meta c="5.95" s="19.58" />
        </extensions>
      </trkpt>
      <trkpt lat="-22.40837673" lon="118.30478961">
        <ele>700.6</ele>
        <time>2026-10-01T05:07:53Z</time>
        <extensions>
          <geotracker:meta c="4.98" s="20.1" />
        </extensions>
      </trkpt>
      <trkpt lat="-22.40713138" lon="118.29954879">
        <ele>703.38</ele>
        <time>2026-10-01T05:08:21Z</time>
        <extensions>
          <geotracker:meta c="4.98" s="19.61" />
        </extensions>
      </trkpt>
      <trkpt lat="-22.40603494" lon="118.29129237">
        <ele>695.92</ele>
        <time>2026-10-01T05:09:03Z</time>
        <extensions>
          <geotracker:meta c="4.84" s="21.6" />
        </extensions>
      </trkpt>
      <trkpt lat="-22.40538093" lon="118.28537357">
        <ele>705.11</ele>
        <time>2026-10-01T05:09:31Z</time>
        <extensions>
          <geotracker:meta c="4.85" s="20.18" />
        </extensions>
      </trkpt>
      <trkpt lat="-22.40419381" lon="118.27969145">
        <ele>693.69</ele>
        <time>2026-10-01T05:09:59Z</time>
        <extensions>
          <geotracker:meta c="4.94" s="22.13" />
        </extensions>
      </trkpt>
      <trkpt lat="-22.40355333" lon="118.2767357">
        <ele>696.55</ele>
        <time>2026-10-01T05:10:13Z</time>
        <extensions>
          <geotracker:meta c="4.95" s="22.63" />
        </extensions>
      </trkpt>
      <trkpt lat="-22.40298868" lon="118.27418938">
        <ele>700.33</ele>
        <time>2026-10-01T05:10:27Z</time>
        <extensions>
          <geotracker:meta c="4.96" s="16.03" />
        </extensions>
      </trkpt>
      <trkpt lat="-22.40336269" lon="118.2724033">
        <ele>694.2</ele>
        <time>2026-10-01T05:10:41Z</time>
        <extensions>
          <geotracker:meta c="4.11" s="11.83" />
        </extensions>
      </trkpt>
      <trkpt lat="-22.40516065" lon="118.26967381">
        <ele>688.63</ele>
        <time>2026-10-01T05:11:09Z</time>
        <extensions>
          <geotracker:meta c="4.09" s="11.98" />
        </extensions>
      </trkpt>
      <trkpt lat="-22.40586128" lon="118.26859414">
        <ele>688.54</ele>
        <time>2026-10-01T05:11:23Z</time>
        <extensions>
          <geotracker:meta c="4.89" s="2.93" />
        </extensions>
      </trkpt>
      <trkpt lat="-22.40500564" lon="118.26985822">
        <ele>686.24</ele>
        <time>2026-10-01T05:11:51Z</time>
        <extensions>
          <geotracker:meta c="0.95" s="13.25" />
        </extensions>
      </trkpt>
      <trkpt lat="-22.40297481" lon="118.27303514">
        <ele>696.77</ele>
        <time>2026-10-01T05:12:19Z</time>
        <extensions>
          <geotracker:meta c="1.13" s="12.49" />
        </extensions>
      </trkpt>
      <trkpt lat="-22.40269283" lon="118.2742534">
        <ele>701.65</ele>
        <time>2026-10-01T05:12:33Z</time>
        <extensions>
          <geotracker:meta c="0.13" s="8.59" />
        </extensions>
      </trkpt>
      <trkpt lat="-22.40122867" lon="118.2736414">
        <ele>704.93</ele>
        <time>2026-10-01T05:12:47Z</time>
        <extensions>
          <geotracker:meta c="5.88" s="13.92" />
        </extensions>
      </trkpt>
      <trkpt lat="-22.399423" lon="118.27283751">
        <ele>699.45</ele>
        <time>2026-10-01T05:13:01Z</time>
        <extensions>
          <geotracker:meta c="5.92" s="16.68" />
        </extensions>
      </trkpt>
      <trkpt lat="-22.39732278" lon="118.27191002">
        <ele>698.81</ele>
        <time>2026-10-01T05:13:15Z</time>
        <extensions>
          <geotracker:meta c="5.89" s="19.28" />
        </extensions>
      </trkpt>
      <trkpt lat="-22.3950025" lon="118.2708862">
        <ele>697.3</ele>
        <time>2026-10-01T05:13:29Z</time>
        <extensions>
          <geotracker:meta c="5.9" s="19.75" />
        </extensions>
      </trkpt>
      <trkpt lat="-22.39178568" lon="118.27096546">
        <ele>702.43</ele>
        <time>2026-10-01T05:13:57Z</time>
        <extensions>
          <geotracker:meta c="1.05" s="10.51" />
        </extensions>
      </trkpt>
      <trkpt lat="-22.38960755" lon="118.27413905">
        <ele>709.58</ele>
        <time>2026-10-01T05:14:25Z</time>
        <extensions>
          <geotracker:meta c="0.85" s="14.44" />
        </extensions>
      </trkpt>
      <trkpt lat="-22.38673374" lon="118.27702363">
        <ele>704.94</ele>
        <time>2026-10-01T05:14:53Z</time>
        <extensions>
          <geotracker:meta c="0.76" s="17.64" />
        </extensions>
      </trkpt>
      <trkpt lat="-22.38377584" lon="118.28031169">
        <ele>712.06</ele>
        <time>2026-10-01T05:15:21Z</time>
        <extensions>
          <geotracker:meta c="1.06" s="14.67" />
        </extensions>
      </trkpt>
      <trkpt lat="-22.38171067" lon="118.28387632">
        <ele>717.93</ele>
        <time>2026-10-01T05:15:49Z</time>
        <extensions>
          <geotracker:meta c="0.6" s="12.71" />
        </extensions>
      </trkpt>
      <trkpt lat="-22.37728901" lon="118.28752543">
        <ele>719.43</ele>
        <time>2026-10-01T05:16:31Z</time>
        <extensions>
          <geotracker:meta c="0.93" s="12.29" />
        </extensions>
      </trkpt>
      <trkpt lat="-22.37556429" lon="118.28794912">
        <ele>713.89</ele>
        <time>2026-10-01T05:16:48Z</time>
        <extensions>
          <geotracker:meta c="6.24" s="14.23" />
        </extensions>
      </trkpt>
      <trkpt lat="-22.37345649" lon="118.28789697">
        <ele>702.23</ele>
        <time>2026-10-01T05:17:02Z</time>
        <extensions>
          <geotracker:meta c="6.18" s="18.11" />
        </extensions>
      </trkpt>
      <trkpt lat="-22.3720633" lon="118.28993304">
        <ele>696.04</ele>
        <time>2026-10-01T05:17:30Z</time>
        <extensions>
          <geotracker:meta c="2.29" s="13.97" />
        </extensions>
      </trkpt>
      <trkpt lat="-22.37274237" lon="118.29442226">
        <ele>678.29</ele>
        <time>2026-10-01T05:18:12Z</time>
        <extensions>
          <geotracker:meta c="1.09" s="13.43" />
        </extensions>
      </trkpt>
      <trkpt lat="-22.37137354" lon="118.29430855">
        <ele>672.46</ele>
        <time>2026-10-01T05:18:40Z</time>
        <extensions>
          <geotracker:meta c="4.63" s="7.82" />
        </extensions>
      </trkpt>
      <trkpt lat="-22.37097946" lon="118.2956478">
        <ele>671.83</ele>
        <time>2026-10-01T05:19:08Z</time>
        <extensions>
          <geotracker:meta c="1.68" s="4.87" />
        </extensions>
      </trkpt>
      <trkpt lat="-22.37099138" lon="118.2960737">
        <ele>669.89</ele>
        <time>2026-10-01T05:22:38Z</time>
        <extensions>
          <geotracker:meta c="2.78" s="0.35" />
        </extensions>
      </trkpt>
      <trkpt lat="-22.3709898" lon="118.29602408">
        <ele>667.97</ele>
        <time>2026-10-01T05:25:40Z</time>
        <extensions>
          <geotracker:meta c="4.02" s="0.41" />
        </extensions>
      </trkpt>
      <trkpt lat="-22.37032811" lon="118.2960243">
        <ele>664.88</ele>
        <time>2026-10-01T06:18:24Z</time>
        <extensions>
          <geotracker:meta c="0.61" s="1.37" />
        </extensions>
      </trkpt>
      <trkpt lat="-22.37002731" lon="118.29642098">
        <ele>661.11</ele>
        <time>2026-10-01T06:20:09Z</time>
        <extensions>
          <geotracker:meta c="1.11" s="0.38" />
        </extensions>
      </trkpt>
      <trkpt lat="-22.37083433" lon="118.29599212">
        <ele>666.9</ele>
        <time>2026-10-01T06:22:57Z</time>
        <extensions>
          <geotracker:meta c="2.73" s="0.62" />
        </extensions>
      </trkpt>
      <trkpt lat="-22.3711064" lon="118.29667721">
        <ele>654.42</ele>
        <time>2026-10-01T06:28:47Z</time>
        <extensions>
          <geotracker:meta c="2.66" s="0.97" />
        </extensions>
      </trkpt>
      <trkpt lat="-22.37136486" lon="118.29725508">
        <ele>648.68</ele>
        <time>2026-10-01T06:29:57Z</time>
        <extensions>
          <geotracker:meta c="1.88" s="0.89" />
        </extensions>
      </trkpt>
      <trkpt lat="-22.37167621" lon="118.29761564">
        <ele>635.45</ele>
        <time>2026-10-01T06:31:21Z</time>
        <extensions>
          <geotracker:meta c="2.23" s="0.65" />
        </extensions>
      </trkpt>
      <trkpt lat="-22.37152774" lon="118.29796001">
        <ele>613</ele>
        <time>2026-10-01T06:33:55Z</time>
        <extensions>
          <geotracker:meta c="6.01" s="0.54" />
        </extensions>
      </trkpt>
      <trkpt lat="-22.37091044" lon="118.29814762">
        <ele>584.44</ele>
        <time>2026-10-01T06:38:20Z</time>
        <extensions>
          <geotracker:meta c="5.74" s="0.69" />
        </extensions>
      </trkpt>
      <trkpt lat="-22.37074988" lon="118.29763459">
        <ele>581.05</ele>
        <time>2026-10-01T06:39:30Z</time>
        <extensions>
          <geotracker:meta c="3.54" s="0.63" />
        </extensions>
      </trkpt>
      <trkpt lat="-22.3703473" lon="118.29741097">
        <ele>582.04</ele>
        <time>2026-10-01T06:40:26Z</time>
        <extensions>
          <geotracker:meta c="5.83" s="1.6" />
        </extensions>
      </trkpt>
      <trkpt lat="-22.37009232" lon="118.29693499">
        <ele>582.15</ele>
        <time>2026-10-01T06:41:22Z</time>
        <extensions>
          <geotracker:meta c="5.49" s="0.93" />
        </extensions>
      </trkpt>
      <trkpt lat="-22.36994227" lon="118.29683667">
        <ele>576.66</ele>
        <time>2026-10-01T06:44:38Z</time>
        <extensions>
          <geotracker:meta c="5.57" s="2.23" />
        </extensions>
      </trkpt>
      <trkpt lat="-22.36966809" lon="118.29647786">
        <ele>575.67</ele>
        <time>2026-10-01T06:47:12Z</time>
        <extensions>
          <geotracker:meta c="0.13" s="1.56" />
        </extensions>
      </trkpt>
      <trkpt lat="-22.36896855" lon="118.29716203">
        <ele>572.53</ele>
        <time>2026-10-01T06:50:14Z</time>
        <extensions>
          <geotracker:meta c="0.2" s="0.99" />
        </extensions>
      </trkpt>
      <trkpt lat="-22.36849378" lon="118.29748936">
        <ele>583.27</ele>
        <time>2026-10-01T06:51:44Z</time>
        <extensions>
          <geotracker:meta c="0.87" s="0.96" />
        </extensions>
      </trkpt>
      <trkpt lat="-22.36800761" lon="118.29772164">
        <ele>575.78</ele>
        <time>2026-10-01T06:52:54Z</time>
        <extensions>
          <geotracker:meta c="0.66" s="0.88" />
        </extensions>
      </trkpt>
      <trkpt lat="-22.36748204" lon="118.29777995">
        <ele>571.83</ele>
        <time>2026-10-01T06:54:04Z</time>
        <extensions>
          <geotracker:meta c="0.23" s="0.67" />
        </extensions>
      </trkpt>
      <trkpt lat="-22.36700295" lon="118.29786214">
        <ele>573.42</ele>
        <time>2026-10-01T06:55:14Z</time>
        <extensions>
          <geotracker:meta c="6.02" s="1.18" />
        </extensions>
      </trkpt>
      <trkpt lat="-22.36771628" lon="118.29774627">
        <ele>599.84</ele>
        <time>2026-10-01T07:06:40Z</time>
        <extensions>
          <geotracker:meta c="3.38" s="1.25" />
        </extensions>
      </trkpt>
      <trkpt lat="-22.36816122" lon="118.29753073">
        <ele>590.33</ele>
        <time>2026-10-01T07:07:32Z</time>
        <extensions>
          <geotracker:meta c="3.61" s="0.97" />
        </extensions>
      </trkpt>
      <trkpt lat="-22.36861438" lon="118.29747086">
        <ele>581.88</ele>
        <time>2026-10-01T07:08:14Z</time>
        <extensions>
          <geotracker:meta c="3.81" s="1.11" />
        </extensions>
      </trkpt>
      <trkpt lat="-22.36892245" lon="118.29710679">
        <ele>570.21</ele>
        <time>2026-10-01T07:08:56Z</time>
        <extensions>
          <geotracker:meta c="3.65" s="0.88" />
        </extensions>
      </trkpt>
      <trkpt lat="-22.36908364" lon="118.29650651">
        <ele>525.77</ele>
        <time>2026-10-01T07:10:06Z</time>
        <extensions>
          <geotracker:meta c="3.51" s="1.89" />
        </extensions>
      </trkpt>
      <trkpt lat="-22.36922706" lon="118.29698427">
        <ele>539.37</ele>
        <time>2026-10-01T07:11:30Z</time>
        <extensions>
          <geotracker:meta c="2.26" s="0.81" />
        </extensions>
      </trkpt>
      <trkpt lat="-22.36977322" lon="118.29666767">
        <ele>591.33</ele>
        <time>2026-10-01T07:12:40Z</time>
        <extensions>
          <geotracker:meta c="3.41" s="0.19" />
        </extensions>
      </trkpt>
      <trkpt lat="-22.37013282" lon="118.29719293">
        <ele>585.23</ele>
        <time>2026-10-01T07:13:36Z</time>
        <extensions>
          <geotracker:meta c="2.06" s="0.81" />
        </extensions>
      </trkpt>
      <trkpt lat="-22.37054065" lon="118.29763407">
        <ele>586.53</ele>
        <time>2026-10-01T07:14:32Z</time>
        <extensions>
          <geotracker:meta c="2.37" s="0.93" />
        </extensions>
      </trkpt>
      <trkpt lat="-22.37107001" lon="118.29808613">
        <ele>582.92</ele>
        <time>2026-10-01T07:15:56Z</time>
        <extensions>
          <geotracker:meta c="2.95" s="0.69" />
        </extensions>
      </trkpt>
      <trkpt lat="-22.37146392" lon="118.29833947">
        <ele>578.55</ele>
        <time>2026-10-01T07:17:06Z</time>
        <extensions>
          <geotracker:meta c="2.3" s="0.76" />
        </extensions>
      </trkpt>
      <trkpt lat="-22.37165262" lon="118.29790783">
        <ele>618.05</ele>
        <time>2026-10-01T07:20:08Z</time>
        <extensions>
          <geotracker:meta c="2.98" s="0.87" />
        </extensions>
      </trkpt>
      <trkpt lat="-22.37142071" lon="118.29687919">
        <ele>653.25</ele>
        <time>2026-10-01T07:23:38Z</time>
        <extensions>
          <geotracker:meta c="4.26" s="1.14" />
        </extensions>
      </trkpt>
      <trkpt lat="-22.37100297" lon="118.29642837">
        <ele>667.78</ele>
        <time>2026-10-01T07:24:45Z</time>
        <extensions>
          <geotracker:meta c="4.45" s="0.77" />
        </extensions>
      </trkpt>
      <trkpt lat="-22.37148775" lon="118.29556271">
        <ele>672.13</ele>
        <time>2026-10-01T07:26:51Z</time>
        <extensions>
          <geotracker:meta c="4.91" s="6.85" />
        </extensions>
      </trkpt>
      <trkpt lat="-22.37275247" lon="118.2944315">
        <ele>679.84</ele>
        <time>2026-10-01T07:27:19Z</time>
        <extensions>
          <geotracker:meta c="4.22" s="9.06" />
        </extensions>
      </trkpt>
      <trkpt lat="-22.37275068" lon="118.29182107">
        <ele>681.37</ele>
        <time>2026-10-01T07:27:47Z</time>
        <extensions>
          <geotracker:meta c="4.96" s="10.42" />
        </extensions>
      </trkpt>
      <trkpt lat="-22.37194572" lon="118.28807076">
        <ele>701.96</ele>
        <time>2026-10-01T07:28:29Z</time>
        <extensions>
          <geotracker:meta c="3.98" s="10.73" />
        </extensions>
      </trkpt>
      <trkpt lat="-22.37327498" lon="118.28786664">
        <ele>701.61</ele>
        <time>2026-10-01T07:28:43Z</time>
        <extensions>
          <geotracker:meta c="3.03" s="13.34" />
        </extensions>
      </trkpt>
      <trkpt lat="-22.37496183" lon="118.28800265">
        <ele>709.52</ele>
        <time>2026-10-01T07:28:57Z</time>
        <extensions>
          <geotracker:meta c="3.37" s="12.44" />
        </extensions>
      </trkpt>
      <trkpt lat="-22.37644158" lon="118.28789651">
        <ele>718.44</ele>
        <time>2026-10-01T07:29:11Z</time>
        <extensions>
          <geotracker:meta c="3.3" s="11.67" />
        </extensions>
      </trkpt>
      <trkpt lat="-22.37743626" lon="118.28732242">
        <ele>721.36</ele>
        <time>2026-10-01T07:29:25Z</time>
        <extensions>
          <geotracker:meta c="4.09" s="11.01" />
        </extensions>
      </trkpt>
      <trkpt lat="-22.37845461" lon="118.28595521">
        <ele>717.92</ele>
        <time>2026-10-01T07:29:39Z</time>
        <extensions>
          <geotracker:meta c="4.03" s="13.6" />
        </extensions>
      </trkpt>
      <trkpt lat="-22.38145966" lon="118.28399574">
        <ele>719.35</ele>
        <time>2026-10-01T07:30:07Z</time>
        <extensions>
          <geotracker:meta c="3.47" s="11.47" />
        </extensions>
      </trkpt>
      <trkpt lat="-22.38242133" lon="118.28294571">
        <ele>718.22</ele>
        <time>2026-10-01T07:30:21Z</time>
        <extensions>
          <geotracker:meta c="4.1" s="13.25" />
        </extensions>
      </trkpt>
      <trkpt lat="-22.38334402" lon="118.28132181">
        <ele>714.75</ele>
        <time>2026-10-01T07:30:35Z</time>
        <extensions>
          <geotracker:meta c="4.3" s="13.23" />
        </extensions>
      </trkpt>
      <trkpt lat="-22.38409645" lon="118.27977393">
        <ele>712.32</ele>
        <time>2026-10-01T07:30:49Z</time>
        <extensions>
          <geotracker:meta c="4.11" s="13.46" />
        </extensions>
      </trkpt>
      <trkpt lat="-22.38651261" lon="118.2772913">
        <ele>708.92</ele>
        <time>2026-10-01T07:31:17Z</time>
        <extensions>
          <geotracker:meta c="3.94" s="14.12" />
        </extensions>
      </trkpt>
      <trkpt lat="-22.38913483" lon="118.27479353">
        <ele>713.17</ele>
        <time>2026-10-01T07:31:45Z</time>
        <extensions>
          <geotracker:meta c="3.75" s="12.14" />
        </extensions>
      </trkpt>
      <trkpt lat="-22.39015079" lon="118.27349177">
        <ele>710.01</ele>
        <time>2026-10-01T07:31:59Z</time>
        <extensions>
          <geotracker:meta c="4" s="14.53" />
        </extensions>
      </trkpt>
      <trkpt lat="-22.39136262" lon="118.27201604">
        <ele>705.63</ele>
        <time>2026-10-01T07:32:13Z</time>
        <extensions>
          <geotracker:meta c="4.23" s="12.88" />
        </extensions>
      </trkpt>
      <trkpt lat="-22.3917775" lon="118.27021591">
        <ele>704.06</ele>
        <time>2026-10-01T07:32:41Z</time>
        <extensions>
          <geotracker:meta c="5.15" s="4.23" />
        </extensions>
      </trkpt>
      <trkpt lat="-22.39155767" lon="118.2697173">
        <ele>703.45</ele>
        <time>2026-10-01T07:32:55Z</time>
        <extensions>
          <geotracker:meta c="5.05" s="4.02" />
        </extensions>
      </trkpt>
      <trkpt lat="-22.39146811" lon="118.26915389">
        <ele>701.18</ele>
        <time>2026-10-01T07:33:09Z</time>
        <extensions>
          <geotracker:meta c="5.23" s="3.87" />
        </extensions>
      </trkpt>
      <trkpt lat="-22.39088936" lon="118.26912352">
        <ele>698.71</ele>
        <time>2026-10-01T07:35:01Z</time>
        <extensions>
          <geotracker:meta c="0.4" s="0.32" />
        </extensions>
      </trkpt>
      <trkpt lat="-22.39085177" lon="118.26901828">
        <ele>697.73</ele>
        <time>2026-10-01T07:37:35Z</time>
        <extensions>
          <geotracker:meta c="5.69" s="0.59" />
        </extensions>
      </trkpt>
      <trkpt lat="-22.39155824" lon="118.26894606">
        <ele>698.33</ele>
        <time>2026-10-01T07:38:31Z</time>
        <extensions>
          <geotracker:meta c="3.18" s="1.34" />
        </extensions>
      </trkpt>
      <trkpt lat="-22.3918759" lon="118.26848156">
        <ele>684.42</ele>
        <time>2026-10-01T07:40:09Z</time>
        <extensions>
          <geotracker:meta c="3.22" s="1.29" />
        </extensions>
      </trkpt>
      <trkpt lat="-22.39156992" lon="118.26803215">
        <ele>677.16</ele>
        <time>2026-10-01T07:42:00Z</time>
        <extensions>
          <geotracker:meta c="0.29" s="1.24" />
        </extensions>
      </trkpt>
      <trkpt lat="-22.39113449" lon="118.26789456">
        <ele>679</ele>
        <time>2026-10-01T07:42:56Z</time>
        <extensions>
          <geotracker:meta c="0.44" s="1.33" />
        </extensions>
      </trkpt>
      <trkpt lat="-22.39057443" lon="118.26767763">
        <ele>680.77</ele>
        <time>2026-10-01T07:43:52Z</time>
        <extensions>
          <geotracker:meta c="5.37" s="1.25" />
        </extensions>
      </trkpt>
      <trkpt lat="-22.39040923" lon="118.26814371">
        <ele>668.2</ele>
        <time>2026-10-01T07:45:30Z</time>
        <extensions>
          <geotracker:meta c="0.36" s="1.03" />
        </extensions>
      </trkpt>
      <trkpt lat="-22.39025636" lon="118.26842572">
        <ele>642.34</ele>
        <time>2026-10-01T07:48:04Z</time>
        <extensions>
          <geotracker:meta c="6.02" s="0.48" />
        </extensions>
      </trkpt>
      <trkpt lat="-22.39088547" lon="118.26854637">
        <ele>626.41</ele>
        <time>2026-10-01T07:50:24Z</time>
        <extensions>
          <geotracker:meta c="3.48" s="0.79" />
        </extensions>
      </trkpt>
      <trkpt lat="-22.3904775" lon="118.26847246">
        <ele>639.41</ele>
        <time>2026-10-01T08:07:26Z</time>
        <extensions>
          <geotracker:meta c="0.34" s="0.8" />
        </extensions>
      </trkpt>
      <trkpt lat="-22.39045404" lon="118.26775418">
        <ele>665.84</ele>
        <time>2026-10-01T08:11:14Z</time>
        <extensions>
          <geotracker:meta c="5.87" s="0.89" />
        </extensions>
      </trkpt>
      <trkpt lat="-22.39144511" lon="118.26780557">
        <ele>678.99</ele>
        <time>2026-10-01T08:14:30Z</time>
        <extensions>
          <geotracker:meta c="2.4" s="1.06" />
        </extensions>
      </trkpt>
      <trkpt lat="-22.39187794" lon="118.26803284">
        <ele>672.77</ele>
        <time>2026-10-01T08:15:26Z</time>
        <extensions>
          <geotracker:meta c="3.19" s="1.17" />
        </extensions>
      </trkpt>
      <trkpt lat="-22.39182955" lon="118.26860323">
        <ele>681.59</ele>
        <time>2026-10-01T08:17:32Z</time>
        <extensions>
          <geotracker:meta c="1.2" s="1.16" />
        </extensions>
      </trkpt>
      <trkpt lat="-22.39144627" lon="118.26896625">
        <ele>697.86</ele>
        <time>2026-10-01T08:19:24Z</time>
        <extensions>
          <geotracker:meta c="0.13" s="1.17" />
        </extensions>
      </trkpt>
      <trkpt lat="-22.39088028" lon="118.26935651">
        <ele>697.75</ele>
        <time>2026-10-01T08:21:58Z</time>
        <extensions>
          <geotracker:meta c="1.58" s="2.64" />
        </extensions>
      </trkpt>
      <trkpt lat="-22.39169787" lon="118.27006273">
        <ele>701.31</ele>
        <time>2026-10-01T08:22:40Z</time>
        <extensions>
          <geotracker:meta c="1.99" s="3.67" />
        </extensions>
      </trkpt>
      <trkpt lat="-22.39211041" lon="118.27051206">
        <ele>704.66</ele>
        <time>2026-10-01T08:23:03Z</time>
        <extensions>
          <geotracker:meta c="3.8" s="5.37" />
        </extensions>
      </trkpt>
      <trkpt lat="-22.39313728" lon="118.27018849">
        <ele>703.09</ele>
        <time>2026-10-01T08:23:17Z</time>
        <extensions>
          <geotracker:meta c="2.97" s="10.24" />
        </extensions>
      </trkpt>
      <trkpt lat="-22.39649219" lon="118.27154105">
        <ele>702.81</ele>
        <time>2026-10-01T08:23:45Z</time>
        <extensions>
          <geotracker:meta c="2.74" s="15.91" />
        </extensions>
      </trkpt>
      <trkpt lat="-22.40030527" lon="118.27324026">
        <ele>707.59</ele>
        <time>2026-10-01T08:24:13Z</time>
        <extensions>
          <geotracker:meta c="2.76" s="16.62" />
        </extensions>
      </trkpt>
      <trkpt lat="-22.40199831" lon="118.27399308">
        <ele>706.71</ele>
        <time>2026-10-01T08:24:27Z</time>
        <extensions>
          <geotracker:meta c="2.73" s="12.44" />
        </extensions>
      </trkpt>
      <trkpt lat="-22.40294531" lon="118.27420807">
        <ele>704.75</ele>
        <time>2026-10-01T08:24:41Z</time>
        <extensions>
          <geotracker:meta c="3.32" s="0.58" />
        </extensions>
      </trkpt>
      <trkpt lat="-22.40355338" lon="118.27682867">
        <ele>697.09</ele>
        <time>2026-10-01T08:25:09Z</time>
        <extensions>
          <geotracker:meta c="1.8" s="13.62" />
        </extensions>
      </trkpt>
      <trkpt lat="-22.40453318" lon="118.2812812">
        <ele>696.75</ele>
        <time>2026-10-01T08:25:37Z</time>
        <extensions>
          <geotracker:meta c="1.81" s="17.6" />
        </extensions>
      </trkpt>
      <trkpt lat="-22.40501772" lon="118.28353072">
        <ele>701.83</ele>
        <time>2026-10-01T08:25:51Z</time>
        <extensions>
          <geotracker:meta c="1.81" s="16.55" />
        </extensions>
      </trkpt>
      <trkpt lat="-22.4054036" lon="118.28566504">
        <ele>706.73</ele>
        <time>2026-10-01T08:26:05Z</time>
        <extensions>
          <geotracker:meta c="1.7" s="15.35" />
        </extensions>
      </trkpt>
      <trkpt lat="-22.40561395" lon="118.28759876">
        <ele>702.53</ele>
        <time>2026-10-01T08:26:19Z</time>
        <extensions>
          <geotracker:meta c="1.69" s="13.97" />
        </extensions>
      </trkpt>
      <trkpt lat="-22.40567738" lon="118.28873689">
        <ele>702.56</ele>
        <time>2026-10-01T08:27:43Z</time>
        <extensions>
          <geotracker:meta c="1.99" s="2.27" />
        </extensions>
      </trkpt>
      <trkpt lat="-22.40554523" lon="118.28689162">
        <ele>706.58</ele>
        <time>2026-10-01T08:28:11Z</time>
        <extensions>
          <geotracker:meta c="4.82" s="15.13" />
        </extensions>
      </trkpt>
      <trkpt lat="-22.40527845" lon="118.28465539">
        <ele>707.28</ele>
        <time>2026-10-01T08:28:25Z</time>
        <extensions>
          <geotracker:meta c="4.9" s="17.15" />
        </extensions>
      </trkpt>
      <trkpt lat="-22.40417797" lon="118.27961286">
        <ele>695.54</ele>
        <time>2026-10-01T08:28:53Z</time>
        <extensions>
          <geotracker:meta c="4.94" s="19.27" />
        </extensions>
      </trkpt>
      <trkpt lat="-22.40313105" lon="118.27480258">
        <ele>700.42</ele>
        <time>2026-10-01T08:29:21Z</time>
        <extensions>
          <geotracker:meta c="4.95" s="15.57" />
        </extensions>
      </trkpt>
      <trkpt lat="-22.40302913" lon="118.272942">
        <ele>697.04</ele>
        <time>2026-10-01T08:29:35Z</time>
        <extensions>
          <geotracker:meta c="4.23" s="13.84" />
        </extensions>
      </trkpt>
      <trkpt lat="-22.40429612" lon="118.27095587">
        <ele>683.45</ele>
        <time>2026-10-01T08:29:49Z</time>
        <extensions>
          <geotracker:meta c="4.11" s="21.81" />
        </extensions>
      </trkpt>
      <trkpt lat="-22.40588404" lon="118.26858554">
        <ele>689.29</ele>
        <time>2026-10-01T08:30:03Z</time>
        <extensions>
          <geotracker:meta c="4.08" s="19.9" />
        </extensions>
      </trkpt>
      <trkpt lat="-22.40735964" lon="118.26636243">
        <ele>687.01</ele>
        <time>2026-10-01T08:30:17Z</time>
        <extensions>
          <geotracker:meta c="4.09" s="21.6" />
        </extensions>
      </trkpt>
      <trkpt lat="-22.40892586" lon="118.26398111">
        <ele>687.59</ele>
        <time>2026-10-01T08:30:31Z</time>
        <extensions>
          <geotracker:meta c="4.11" s="20.11" />
        </extensions>
      </trkpt>
      <trkpt lat="-22.41038464" lon="118.26177985">
        <ele>689.42</ele>
        <time>2026-10-01T08:30:45Z</time>
        <extensions>
          <geotracker:meta c="4.09" s="20.23" />
        </extensions>
      </trkpt>
      <trkpt lat="-22.41105704" lon="118.2595097">
        <ele>689.44</ele>
        <time>2026-10-01T08:30:59Z</time>
        <extensions>
          <geotracker:meta c="4.74" s="16.88" />
        </extensions>
      </trkpt>
      <trkpt lat="-22.41065813" lon="118.25414549">
        <ele>699.11</ele>
        <time>2026-10-01T08:31:27Z</time>
        <extensions>
          <geotracker:meta c="4.8" s="19.61" />
        </extensions>
      </trkpt>
      <trkpt lat="-22.41032735" lon="118.25204233">
        <ele>702.27</ele>
        <time>2026-10-01T08:31:41Z</time>
        <extensions>
          <geotracker:meta c="5.09" s="10.61" />
        </extensions>
      </trkpt>
      <trkpt lat="-22.41098933" lon="118.25114036">
        <ele>703.38</ele>
        <time>2026-10-01T08:31:55Z</time>
        <extensions>
          <geotracker:meta c="3.75" s="14.57" />
        </extensions>
      </trkpt>
      <trkpt lat="-22.41274339" lon="118.24972369">
        <ele>705.33</ele>
        <time>2026-10-01T08:32:09Z</time>
        <extensions>
          <geotracker:meta c="3.8" s="18.66" />
        </extensions>
      </trkpt>
      <trkpt lat="-22.41465147" lon="118.24816632">
        <ele>707.05</ele>
        <time>2026-10-01T08:32:23Z</time>
        <extensions>
          <geotracker:meta c="3.79" s="18.49" />
        </extensions>
      </trkpt>
      <trkpt lat="-22.41660928" lon="118.24658795">
        <ele>699.52</ele>
        <time>2026-10-01T08:32:37Z</time>
        <extensions>
          <geotracker:meta c="3.8" s="20.4" />
        </extensions>
      </trkpt>
      <trkpt lat="-22.41840854" lon="118.24493128">
        <ele>705.1</ele>
        <time>2026-10-01T08:32:51Z</time>
        <extensions>
          <geotracker:meta c="4.06" s="17.18" />
        </extensions>
      </trkpt>
      <trkpt lat="-22.41971589" lon="118.24280816">
        <ele>707.69</ele>
        <time>2026-10-01T08:33:05Z</time>
        <extensions>
          <geotracker:meta c="4.13" s="19.34" />
        </extensions>
      </trkpt>
      <trkpt lat="-22.42138845" lon="118.24077426">
        <ele>709.17</ele>
        <time>2026-10-01T08:33:19Z</time>
        <extensions>
          <geotracker:meta c="3.86" s="20.47" />
        </extensions>
      </trkpt>
      <trkpt lat="-22.42339769" lon="118.23889931">
        <ele>712.53</ele>
        <time>2026-10-01T08:33:33Z</time>
        <extensions>
          <geotracker:meta c="3.86" s="21.27" />
        </extensions>
      </trkpt>
      <trkpt lat="-22.42541801" lon="118.23699652">
        <ele>715.71</ele>
        <time>2026-10-01T08:33:47Z</time>
        <extensions>
          <geotracker:meta c="3.86" s="21.56" />
        </extensions>
      </trkpt>
      <trkpt lat="-22.42748295" lon="118.23504947">
        <ele>718.07</ele>
        <time>2026-10-01T08:34:01Z</time>
        <extensions>
          <geotracker:meta c="3.86" s="21.93" />
        </extensions>
      </trkpt>
      <trkpt lat="-22.4296259" lon="118.23302902">
        <ele>720.56</ele>
        <time>2026-10-01T08:34:15Z</time>
        <extensions>
          <geotracker:meta c="3.86" s="22.74" />
        </extensions>
      </trkpt>
      <trkpt lat="-22.4317665" lon="118.23099822">
        <ele>723.58</ele>
        <time>2026-10-01T08:34:29Z</time>
        <extensions>
          <geotracker:meta c="3.86" s="22.27" />
        </extensions>
      </trkpt>
      <trkpt lat="-22.43592664" lon="118.2270975">
        <ele>729.37</ele>
        <time>2026-10-01T08:34:57Z</time>
        <extensions>
          <geotracker:meta c="3.85" s="20.97" />
        </extensions>
      </trkpt>
      <trkpt lat="-22.43993775" lon="118.2233356">
        <ele>737.56</ele>
        <time>2026-10-01T08:35:25Z</time>
        <extensions>
          <geotracker:meta c="3.86" s="21.28" />
        </extensions>
      </trkpt>
      <trkpt lat="-22.44400187" lon="118.21952275">
        <ele>743.59</ele>
        <time>2026-10-01T08:35:53Z</time>
        <extensions>
          <geotracker:meta c="3.86" s="21.63" />
        </extensions>
      </trkpt>
      <trkpt lat="-22.44812291" lon="118.21564561">
        <ele>752.05</ele>
        <time>2026-10-01T08:36:21Z</time>
        <extensions>
          <geotracker:meta c="3.86" s="20.76" />
        </extensions>
      </trkpt>
      <trkpt lat="-22.45205931" lon="118.21191745">
        <ele>758.43</ele>
        <time>2026-10-01T08:36:49Z</time>
        <extensions>
          <geotracker:meta c="3.86" s="20.81" />
        </extensions>
      </trkpt>
      <trkpt lat="-22.45407446" lon="118.21001494">
        <ele>764.57</ele>
        <time>2026-10-01T08:37:03Z</time>
        <extensions>
          <geotracker:meta c="3.86" s="21.13" />
        </extensions>
      </trkpt>
      <trkpt lat="-22.45583115" lon="118.20812918">
        <ele>767.17</ele>
        <time>2026-10-01T08:37:17Z</time>
        <extensions>
          <geotracker:meta c="4.12" s="19.63" />
        </extensions>
      </trkpt>
      <trkpt lat="-22.45722342" lon="118.20554989">
        <ele>768.68</ele>
        <time>2026-10-01T08:37:31Z</time>
        <extensions>
          <geotracker:meta c="4.2" s="22.72" />
        </extensions>
      </trkpt>
      <trkpt lat="-22.45864466" lon="118.20283619">
        <ele>773.56</ele>
        <time>2026-10-01T08:37:45Z</time>
        <extensions>
          <geotracker:meta c="4.18" s="22.88" />
        </extensions>
      </trkpt>
      <trkpt lat="-22.46066062" lon="118.19866543">
        <ele>787.99</ele>
        <time>2026-10-01T08:38:08Z</time>
        <extensions>
          <geotracker:meta c="4.46" s="20.09" />
        </extensions>
      </trkpt>
      <trkpt lat="-22.46118489" lon="118.19605343">
        <ele>785.89</ele>
        <time>2026-10-01T08:38:22Z</time>
        <extensions>
          <geotracker:meta c="4.46" s="19.5" />
        </extensions>
      </trkpt>
      <trkpt lat="-22.46201355" lon="118.19352263">
        <ele>788.21</ele>
        <time>2026-10-01T08:38:36Z</time>
        <extensions>
          <geotracker:meta c="4.38" s="17.78" />
        </extensions>
      </trkpt>
      <trkpt lat="-22.46240012" lon="118.19126973">
        <ele>792.06</ele>
        <time>2026-10-01T08:38:50Z</time>
        <extensions>
          <geotracker:meta c="4.78" s="16.84" />
        </extensions>
      </trkpt>
      <trkpt lat="-22.46270298" lon="118.18901173">
        <ele>800.83</ele>
        <time>2026-10-01T08:39:04Z</time>
        <extensions>
          <geotracker:meta c="4.54" s="17.56" />
        </extensions>
      </trkpt>
      <trkpt lat="-22.46303405" lon="118.186497">
        <ele>806.32</ele>
        <time>2026-10-01T08:39:18Z</time>
        <extensions>
          <geotracker:meta c="4.58" s="19.94" />
        </extensions>
      </trkpt>
      <trkpt lat="-22.46337187" lon="118.18368937">
        <ele>806.57</ele>
        <time>2026-10-01T08:39:32Z</time>
        <extensions>
          <geotracker:meta c="4.6" s="21.81" />
        </extensions>
      </trkpt>
      <trkpt lat="-22.46372234" lon="118.18087374">
        <ele>802.36</ele>
        <time>2026-10-01T08:39:46Z</time>
        <extensions>
          <geotracker:meta c="4.46" s="19.51" />
        </extensions>
      </trkpt>
      <trkpt lat="-22.46629371" lon="118.17608565">
        <ele>793.93</ele>
        <time>2026-10-01T08:40:14Z</time>
        <extensions>
          <geotracker:meta c="4.16" s="22" />
        </extensions>
      </trkpt>
      <trkpt lat="-22.46776014" lon="118.17356285">
        <ele>793.24</ele>
        <time>2026-10-01T08:40:28Z</time>
        <extensions>
          <geotracker:meta c="4.15" s="22.4" />
        </extensions>
      </trkpt>
      <trkpt lat="-22.47079595" lon="118.16829989">
        <ele>796.25</ele>
        <time>2026-10-01T08:40:56Z</time>
        <extensions>
          <geotracker:meta c="4.17" s="22.59" />
        </extensions>
      </trkpt>
      <trkpt lat="-22.47231644" lon="118.16566704">
        <ele>800.99</ele>
        <time>2026-10-01T08:41:10Z</time>
        <extensions>
          <geotracker:meta c="4.16" s="22.28" />
        </extensions>
      </trkpt>
      <trkpt lat="-22.4754764" lon="118.1606306">
        <ele>801.14</ele>
        <time>2026-10-01T08:41:38Z</time>
        <extensions>
          <geotracker:meta c="4.09" s="21.58" />
        </extensions>
      </trkpt>
      <trkpt lat="-22.4770816" lon="118.15821961">
        <ele>802.07</ele>
        <time>2026-10-01T08:41:52Z</time>
        <extensions>
          <geotracker:meta c="4.09" s="21.81" />
        </extensions>
      </trkpt>
      <trkpt lat="-22.48034678" lon="118.15332982">
        <ele>798.28</ele>
        <time>2026-10-01T08:42:20Z</time>
        <extensions>
          <geotracker:meta c="4.1" s="22.05" />
        </extensions>
      </trkpt>
      <trkpt lat="-22.48354673" lon="118.14854069">
        <ele>797.01</ele>
        <time>2026-10-01T08:42:48Z</time>
        <extensions>
          <geotracker:meta c="4.1" s="21.05" />
        </extensions>
      </trkpt>
      <trkpt lat="-22.48527188" lon="118.14669088">
        <ele>801.08</ele>
        <time>2026-10-01T08:43:02Z</time>
        <extensions>
          <geotracker:meta c="3.55" s="18.81" />
        </extensions>
      </trkpt>
      <trkpt lat="-22.48761543" lon="118.14571579">
        <ele>798.62</ele>
        <time>2026-10-01T08:43:16Z</time>
        <extensions>
          <geotracker:meta c="3.51" s="21.71" />
        </extensions>
      </trkpt>
      <trkpt lat="-22.49022669" lon="118.14463938">
        <ele>796.78</ele>
        <time>2026-10-01T08:43:30Z</time>
        <extensions>
          <geotracker:meta c="3.51" s="21.76" />
        </extensions>
      </trkpt>
      <trkpt lat="-22.49278951" lon="118.14358455">
        <ele>798.35</ele>
        <time>2026-10-01T08:43:44Z</time>
        <extensions>
          <geotracker:meta c="3.5" s="20.86" />
        </extensions>
      </trkpt>
      <trkpt lat="-22.49776969" lon="118.14086796">
        <ele>799.09</ele>
        <time>2026-10-01T08:44:12Z</time>
        <extensions>
          <geotracker:meta c="3.67" s="22.15" />
        </extensions>
      </trkpt>
      <trkpt lat="-22.50010534" lon="118.13941574">
        <ele>809.06</ele>
        <time>2026-10-01T08:44:26Z</time>
        <extensions>
          <geotracker:meta c="3.66" s="20.84" />
        </extensions>
      </trkpt>
      <trkpt lat="-22.50238113" lon="118.13801794">
        <ele>813.77</ele>
        <time>2026-10-01T08:44:40Z</time>
        <extensions>
          <geotracker:meta c="3.67" s="21.19" />
        </extensions>
      </trkpt>
      <trkpt lat="-22.50688141" lon="118.13527338">
        <ele>821.36</ele>
        <time>2026-10-01T08:45:08Z</time>
        <extensions>
          <geotracker:meta c="3.62" s="19.02" />
        </extensions>
      </trkpt>
      <trkpt lat="-22.51117602" lon="118.1329226">
        <ele>820.97</ele>
        <time>2026-10-01T08:45:36Z</time>
        <extensions>
          <geotracker:meta c="3.62" s="19.07" />
        </extensions>
      </trkpt>
      <trkpt lat="-22.51553331" lon="118.13053883">
        <ele>814.65</ele>
        <time>2026-10-01T08:46:04Z</time>
        <extensions>
          <geotracker:meta c="3.65" s="19.89" />
        </extensions>
      </trkpt>
      <trkpt lat="-22.5210471" lon="118.12547643">
        <ele>807.05</ele>
        <time>2026-10-01T08:46:46Z</time>
        <extensions>
          <geotracker:meta c="3.87" s="17.91" />
        </extensions>
      </trkpt>
      <trkpt lat="-22.52452983" lon="118.1220762">
        <ele>803.54</ele>
        <time>2026-10-01T08:47:14Z</time>
        <extensions>
          <geotracker:meta c="4.09" s="18.03" />
        </extensions>
      </trkpt>
      <trkpt lat="-22.52668065" lon="118.11731653">
        <ele>800.72</ele>
        <time>2026-10-01T08:47:42Z</time>
        <extensions>
          <geotracker:meta c="4.26" s="20.64" />
        </extensions>
      </trkpt>
      <trkpt lat="-22.52778152" lon="118.11481648">
        <ele>799.07</ele>
        <time>2026-10-01T08:47:56Z</time>
        <extensions>
          <geotracker:meta c="4.27" s="20.18" />
        </extensions>
      </trkpt>
      <trkpt lat="-22.5299737" lon="118.11004682">
        <ele>789.3</ele>
        <time>2026-10-01T08:48:24Z</time>
        <extensions>
          <geotracker:meta c="4.13" s="19.58" />
        </extensions>
      </trkpt>
      <trkpt lat="-22.5315328" lon="118.10788665">
        <ele>784.66</ele>
        <time>2026-10-01T08:48:38Z</time>
        <extensions>
          <geotracker:meta c="4.04" s="20.47" />
        </extensions>
      </trkpt>
      <trkpt lat="-22.53476266" lon="118.10371969">
        <ele>777.45</ele>
        <time>2026-10-01T08:49:06Z</time>
        <extensions>
          <geotracker:meta c="3.7" s="20.4" />
        </extensions>
      </trkpt>
      <trkpt lat="-22.53874772" lon="118.10122943">
        <ele>769.97</ele>
        <time>2026-10-01T08:49:34Z</time>
        <extensions>
          <geotracker:meta c="3.69" s="4.5" />
        </extensions>
      </trkpt>
      <trkpt lat="-22.53990701" lon="118.1004465">
        <ele>769.11</ele>
        <time>2026-10-01T08:49:48Z</time>
        <extensions>
          <geotracker:meta c="3.68" s="12.67" />
        </extensions>
      </trkpt>
      <trkpt lat="-22.5413789" lon="118.09951886">
        <ele>767.58</ele>
        <time>2026-10-01T08:50:02Z</time>
        <extensions>
          <geotracker:meta c="3.67" s="13.59" />
        </extensions>
      </trkpt>
      <trkpt lat="-22.54306835" lon="118.09850199">
        <ele>766.57</ele>
        <time>2026-10-01T08:50:16Z</time>
        <extensions>
          <geotracker:meta c="3.52" s="15.35" />
        </extensions>
      </trkpt>
      <trkpt lat="-22.54506292" lon="118.09840065">
        <ele>764.46</ele>
        <time>2026-10-01T08:50:30Z</time>
        <extensions>
          <geotracker:meta c="3.04" s="17.09" />
        </extensions>
      </trkpt>
      <trkpt lat="-22.54722156" lon="118.0986324">
        <ele>758.61</ele>
        <time>2026-10-01T08:50:44Z</time>
        <extensions>
          <geotracker:meta c="3.03" s="16.96" />
        </extensions>
      </trkpt>
      <trkpt lat="-22.54942563" lon="118.09885945">
        <ele>753.13</ele>
        <time>2026-10-01T08:50:58Z</time>
        <extensions>
          <geotracker:meta c="3.05" s="18.22" />
        </extensions>
      </trkpt>
      <trkpt lat="-22.55183982" lon="118.09910651">
        <ele>750.69</ele>
        <time>2026-10-01T08:51:12Z</time>
        <extensions>
          <geotracker:meta c="3.05" s="18.98" />
        </extensions>
      </trkpt>
      <trkpt lat="-22.55416555" lon="118.09936857">
        <ele>747.1</ele>
        <time>2026-10-01T08:51:26Z</time>
        <extensions>
          <geotracker:meta c="2.97" s="18.96" />
        </extensions>
      </trkpt>
      <trkpt lat="-22.5589774" lon="118.09987244">
        <ele>742.82</ele>
        <time>2026-10-01T08:51:54Z</time>
        <extensions>
          <geotracker:meta c="3.05" s="19.23" />
        </extensions>
      </trkpt>
      <trkpt lat="-22.5612841" lon="118.10011443">
        <ele>739.09</ele>
        <time>2026-10-01T08:52:08Z</time>
        <extensions>
          <geotracker:meta c="3.04" s="17.38" />
        </extensions>
      </trkpt>
      <trkpt lat="-22.56346085" lon="118.10032808">
        <ele>736.33</ele>
        <time>2026-10-01T08:52:22Z</time>
        <extensions>
          <geotracker:meta c="3.06" s="16.76" />
        </extensions>
      </trkpt>
      <trkpt lat="-22.56549456" lon="118.10050964">
        <ele>733.06</ele>
        <time>2026-10-01T08:52:36Z</time>
        <extensions>
          <geotracker:meta c="3.18" s="16.27" />
        </extensions>
      </trkpt>
      <trkpt lat="-22.56884093" lon="118.09828639">
        <ele>734.25</ele>
        <time>2026-10-01T08:53:04Z</time>
        <extensions>
          <geotracker:meta c="3.86" s="13.65" />
        </extensions>
      </trkpt>
      <trkpt lat="-22.57000554" lon="118.09724838">
        <ele>735.74</ele>
        <time>2026-10-01T09:00:12Z</time>
        <extensions>
          <geotracker:meta c="4.25" s="2.91" />
        </extensions>
      </trkpt>
      <trkpt lat="-22.57042078" lon="118.09683991">
        <ele>739.59</ele>
        <time>2026-10-01T09:00:26Z</time>
        <extensions>
          <geotracker:meta c="3.94" s="3.24" />
        </extensions>
      </trkpt>
      <trkpt lat="-22.5693595" lon="118.0953116">
        <ele>739.1</ele>
        <time>2026-10-01T09:00:54Z</time>
        <extensions>
          <geotracker:meta c="5.38" s="13.4" />
        </extensions>
      </trkpt>
      <trkpt lat="-22.56784266" lon="118.09136688">
        <ele>740.2</ele>
        <time>2026-10-01T09:01:22Z</time>
        <extensions>
          <geotracker:meta c="4.82" s="18.06" />
        </extensions>
      </trkpt>
      <trkpt lat="-22.56889783" lon="118.08632681">
        <ele>738.2</ele>
        <time>2026-10-01T09:01:50Z</time>
        <extensions>
          <geotracker:meta c="4.16" s="21.11" />
        </extensions>
      </trkpt>
      <trkpt lat="-22.57200719" lon="118.08184433">
        <ele>728.55</ele>
        <time>2026-10-01T09:02:18Z</time>
        <extensions>
          <geotracker:meta c="4.06" s="19.64" />
        </extensions>
      </trkpt>
      <trkpt lat="-22.57266118" lon="118.07927235">
        <ele>724.81</ele>
        <time>2026-10-01T09:02:46Z</time>
        <extensions>
          <geotracker:meta c="5.76" s="11.83" />
        </extensions>
      </trkpt>
      <trkpt lat="-22.57136226" lon="118.07859354">
        <ele>726.79</ele>
        <time>2026-10-01T09:03:00Z</time>
        <extensions>
          <geotracker:meta c="5.52" s="5.01" />
        </extensions>
      </trkpt>
      <trkpt lat="-22.57095759" lon="118.07810582">
        <ele>726.51</ele>
        <time>2026-10-01T09:03:42Z</time>
        <extensions>
          <geotracker:meta c="0.25" s="1.89" />
        </extensions>
      </trkpt>
      <trkpt lat="-22.57159352" lon="118.07861141">
        <ele>725.85</ele>
        <time>2026-10-01T09:04:10Z</time>
        <extensions>
          <geotracker:meta c="3.23" s="4.14" />
        </extensions>
      </trkpt>
      <trkpt lat="-22.57158967" lon="118.07796805">
        <ele>723.28</ele>
        <time>2026-10-01T09:04:24Z</time>
        <extensions>
          <geotracker:meta c="5.05" s="5.27" />
        </extensions>
      </trkpt>
      <trkpt lat="-22.57131229" lon="118.07704739">
        <ele>722.17</ele>
        <time>2026-10-01T09:04:52Z</time>
        <extensions>
          <geotracker:meta c="4.63" s="3.91" />
        </extensions>
      </trkpt>
      <trkpt lat="-22.57114481" lon="118.07625013">
        <ele>723.78</ele>
        <time>2026-10-01T09:05:20Z</time>
        <extensions>
          <geotracker:meta c="5.68" s="2.5" />
        </extensions>
      </trkpt>
      <trkpt lat="-22.57154689" lon="118.07590184">
        <ele>723.96</ele>
        <time>2026-10-01T09:05:48Z</time>
        <extensions>
          <geotracker:meta c="4.77" s="2.43" />
        </extensions>
      </trkpt>
      <trkpt lat="-22.57190802" lon="118.07538513">
        <ele>722.77</ele>
        <time>2026-10-01T09:06:44Z</time>
        <extensions>
          <geotracker:meta c="2.51" s="0.8" />
        </extensions>
      </trkpt>
      <trkpt lat="-22.57183607" lon="118.07482676">
        <ele>720.26</ele>
        <time>2026-10-01T09:08:22Z</time>
        <extensions>
          <geotracker:meta c="3.59" s="2.18" />
        </extensions>
      </trkpt>
    </trkseg>
  </trk>
</gpx>