<?xml version='1.0' encoding='UTF-8' standalone='yes' ?>
<gpx xmlns="http://www.topografix.com/GPX/1/1" xmlns:geotracker="http://ilyabogdanovich.com/gpx/extensions/geotracker" xmlns:xsi="http://www.w3.org/2001/XMLSchema-instance" xsi:schemaLocation="http://www.topografix.com/GPX/1/1 http://www.topografix.com/GPX/1/1/gpx.xsd" version="1.1" creator="Recorded in Geo Tracker for Android from Ilya Bogdanovich">
  <metadata>
    <name>Quarry</name>
    <author>
      <name>Recorded in Geo Tracker for Android from Ilya Bogdanovich</name>
      <link href="https://play.google.com/store/apps/details?id=com.ilyabogdanovich.geotracker" />
    </author>
    <link href="https://play.google.com/store/apps/details?id=com.ilyabogdanovich.geotracker" />
    <time>2026-09-19T22:37:24Z</time>
  </metadata>
  <wpt lat="-18.72670244" lon="126.87187383">
    <ele>295.66</ele>
    <time>2026-09-20T00:20:37Z</time>
    <name>Stop for ~1 h 9 min</name>
    <desc>Elevation: 296 m
Time from start: 01:43:12
Distance from start: 111 km</desc>
    <extensions>
      <geotracker:meta emoji="⏱️" />
    </extensions>
  </wpt>
  <wpt lat="-18.72706638" lon="126.87289061">
    <ele>294.11</ele>
    <time>2026-09-20T01:06:46Z</time>
    <name>Stop for ~4 min</name>
    <desc>Elevation: 294 m
Time from start: 02:29:21
Distance from start: 111 km</desc>
    <extensions>
      <geotracker:meta emoji="⏱️" />
    </extensions>
  </wpt>
  <trk>
    <name>Quarry</name>
    <src>Recorded in Geo Tracker for Android from Ilya Bogdanovich</src>
    <link href="https://play.google.com/store/apps/details?id=com.ilyabogdanovich.geotracker" />
    <extensions>
      <geotracker:meta>
        <geotracker:length>159675.21</geotracker:length>
        <geotracker:duration>25536571</geotracker:duration>
        <geotracker:creationtime>2026-09-19T22:37:24Z</geotracker:creationtime>
        <geotracker:activity>0</geotracker:activity>
      </geotracker:meta>
    </extensions>
    <trkseg>
      <trkpt lat="-18.21928556" lon="127.66225926">
        <ele>435.59</ele>
        <time>2026-09-19T22:38:53Z</time>
        <extensions>
          <geotracker:meta c="2.35" s="15.26" />
        </extensions>
      </trkpt>
      <trkpt lat="-18.21962307" lon="127.66259589">
        <ele>436.75</ele>
        <time>2026-09-19T22:38:56Z</time>
        <extensions>
          <geotracker:meta c="2.36" s="15.03" />
        </extensions>
      </trkpt>
      <trkpt lat="-18.22118147" lon="127.66398666">
        <ele>439.36</ele>
        <time>2026-09-19T22:39:11Z</time>
        <extensions>
          <geotracker:meta c="2.53" s="14.53" />
        </extensions>
      </trkpt>
      <trkpt lat="-18.22275324" lon="127.6650386">
        <ele>441.73</ele>
        <time>2026-09-19T22:39:26Z</time>
        <extensions>
          <geotracker:meta c="2.58" s="13.45" />
        </extensions>
      </trkpt>
      <trkpt lat="-18.2240471" lon="127.66589695">
        <ele>444.3</ele>
        <time>2026-09-19T22:39:41Z</time>
        <extensions>
          <geotracker:meta c="2.55" s="8.27" />
        </extensions>
      </trkpt>
      <trkpt lat="-18.22486422" lon="127.66643701">
        <ele>447.72</ele>
        <time>2026-09-19T22:39:56Z</time>
        <extensions>
          <geotracker:meta c="2.6" s="4.53" />
        </extensions>
      </trkpt>
      <trkpt lat="-18.22539873" lon="127.66602272">
        <ele>444.95</ele>
        <time>2026-09-19T22:40:11Z</time>
        <extensions>
          <geotracker:meta c="4.16" s="8.72" />
        </extensions>
      </trkpt>
      <trkpt lat="-18.22622241" lon="127.66462813">
        <ele>447.74</ele>
        <time>2026-09-19T22:40:26Z</time>
        <extensions>
          <geotracker:meta c="4.15" s="13.54" />
        </extensions>
      </trkpt>
      <trkpt lat="-18.22723376" lon="127.66294312">
        <ele>454.33</ele>
        <time>2026-09-19T22:40:41Z</time>
        <extensions>
          <geotracker:meta c="4.15" s="14.07" />
        </extensions>
      </trkpt>
      <trkpt lat="-18.22827697" lon="127.66120851">
        <ele>457.89</ele>
        <time>2026-09-19T22:40:56Z</time>
        <extensions>
          <geotracker:meta c="4.13" s="15.08" />
        </extensions>
      </trkpt>
      <trkpt lat="-18.22956186" lon="127.65923772">
        <ele>460.5</ele>
        <time>2026-09-19T22:41:11Z</time>
        <extensions>
          <geotracker:meta c="4.09" s="18.6" />
        </extensions>
      </trkpt>
      <trkpt lat="-18.23119202" lon="127.65702366">
        <ele>462.49</ele>
        <time>2026-09-19T22:41:26Z</time>
        <extensions>
          <geotracker:meta c="4.06" s="20.38" />
        </extensions>
      </trkpt>
      <trkpt lat="-18.23292424" lon="127.65462909">
        <ele>464.49</ele>
        <time>2026-09-19T22:41:41Z</time>
        <extensions>
          <geotracker:meta c="4.06" s="22.06" />
        </extensions>
      </trkpt>
      <trkpt lat="-18.23473922" lon="127.65215596">
        <ele>463.12</ele>
        <time>2026-09-19T22:41:56Z</time>
        <extensions>
          <geotracker:meta c="4.07" s="21.71" />
        </extensions>
      </trkpt>
      <trkpt lat="-18.23655754" lon="127.64964493">
        <ele>462.4</ele>
        <time>2026-09-19T22:42:11Z</time>
        <extensions>
          <geotracker:meta c="4.07" s="22.49" />
        </extensions>
      </trkpt>
      <trkpt lat="-18.23839432" lon="127.64709676">
        <ele>463.93</ele>
        <time>2026-09-19T22:42:26Z</time>
        <extensions>
          <geotracker:meta c="4.05" s="22.76" />
        </extensions>
      </trkpt>
      <trkpt lat="-18.24032473" lon="127.64450105">
        <ele>468.13</ele>
        <time>2026-09-19T22:42:41Z</time>
        <extensions>
          <geotracker:meta c="4.06" s="23.92" />
        </extensions>
      </trkpt>
      <trkpt lat="-18.24255201" lon="127.64187184">
        <ele>460.74</ele>
        <time>2026-09-19T22:42:56Z</time>
        <extensions>
          <geotracker:meta c="3.88" s="25.31" />
        </extensions>
      </trkpt>
      <trkpt lat="-18.24538335" lon="127.63978504">
        <ele>463.55</ele>
        <time>2026-09-19T22:43:11Z</time>
        <extensions>
          <geotracker:meta c="3.64" s="26.09" />
        </extensions>
      </trkpt>
      <trkpt lat="-18.24861344" lon="127.63833483">
        <ele>456.15</ele>
        <time>2026-09-19T22:43:26Z</time>
        <extensions>
          <geotracker:meta c="3.53" s="26.44" />
        </extensions>
      </trkpt>
      <trkpt lat="-18.25190364" lon="127.63693119">
        <ele>453.97</ele>
        <time>2026-09-19T22:43:41Z</time>
        <extensions>
          <geotracker:meta c="3.53" s="25.87" />
        </extensions>
      </trkpt>
      <trkpt lat="-18.25515595" lon="127.635552">
        <ele>448</ele>
        <time>2026-09-19T22:43:56Z</time>
        <extensions>
          <geotracker:meta c="3.52" s="26.01" />
        </extensions>
      </trkpt>
      <trkpt lat="-18.25831728" lon="127.63397837">
        <ele>447.98</ele>
        <time>2026-09-19T22:44:11Z</time>
        <extensions>
          <geotracker:meta c="3.7" s="25.6" />
        </extensions>
      </trkpt>
      <trkpt lat="-18.261022" lon="127.63168692">
        <ele>449.26</ele>
        <time>2026-09-19T22:44:26Z</time>
        <extensions>
          <geotracker:meta c="3.94" s="26.07" />
        </extensions>
      </trkpt>
      <trkpt lat="-18.26336676" lon="127.62890269">
        <ele>446.31</ele>
        <time>2026-09-19T22:44:41Z</time>
        <extensions>
          <geotracker:meta c="3.99" s="25.89" />
        </extensions>
      </trkpt>
      <trkpt lat="-18.26561097" lon="127.62614613">
        <ele>444.26</ele>
        <time>2026-09-19T22:44:56Z</time>
        <extensions>
          <geotracker:meta c="4" s="25.32" />
        </extensions>
      </trkpt>
      <trkpt lat="-18.26779142" lon="127.62353193">
        <ele>443.13</ele>
        <time>2026-09-19T22:45:11Z</time>
        <extensions>
          <geotracker:meta c="4.01" s="24.62" />
        </extensions>
      </trkpt>
      <trkpt lat="-18.27180561" lon="127.61867385">
        <ele>443.2</ele>
        <time>2026-09-19T22:45:39Z</time>
        <extensions>
          <geotracker:meta c="4" s="24.65" />
        </extensions>
      </trkpt>
      <trkpt lat="-18.27385889" lon="127.6161869">
        <ele>445.86</ele>
        <time>2026-09-19T22:45:53Z</time>
        <extensions>
          <geotracker:meta c="4" s="24.89" />
        </extensions>
      </trkpt>
      <trkpt lat="-18.2759482" lon="127.61367225">
        <ele>445.93</ele>
        <time>2026-09-19T22:46:07Z</time>
        <extensions>
          <geotracker:meta c="4" s="25.67" />
        </extensions>
      </trkpt>
      <trkpt lat="-18.2780915" lon="127.61107993">
        <ele>443.65</ele>
        <time>2026-09-19T22:46:21Z</time>
        <extensions>
          <geotracker:meta c="4" s="25.72" />
        </extensions>
      </trkpt>
      <trkpt lat="-18.28021238" lon="127.60850627">
        <ele>440.47</ele>
        <time>2026-09-19T22:46:35Z</time>
        <extensions>
          <geotracker:meta c="4" s="25.94" />
        </extensions>
      </trkpt>
      <trkpt lat="-18.28233609" lon="127.60594323">
        <ele>441.72</ele>
        <time>2026-09-19T22:46:49Z</time>
        <extensions>
          <geotracker:meta c="4" s="25.27" />
        </extensions>
      </trkpt>
      <trkpt lat="-18.28671735" lon="127.60064628">
        <ele>443.05</ele>
        <time>2026-09-19T22:47:18Z</time>
        <extensions>
          <geotracker:meta c="4" s="26.13" />
        </extensions>
      </trkpt>
      <trkpt lat="-18.28903559" lon="127.59784445">
        <ele>439.79</ele>
        <time>2026-09-19T22:47:33Z</time>
        <extensions>
          <geotracker:meta c="4" s="25.69" />
        </extensions>
      </trkpt>
      <trkpt lat="-18.29128653" lon="127.59510665">
        <ele>442.4</ele>
        <time>2026-09-19T22:47:48Z</time>
        <extensions>
          <geotracker:meta c="4" s="25.25" />
        </extensions>
      </trkpt>
      <trkpt lat="-18.29338898" lon="127.59258038">
        <ele>436.99</ele>
        <time>2026-09-19T22:48:02Z</time>
        <extensions>
          <geotracker:meta c="3.99" s="25.43" />
        </extensions>
      </trkpt>
      <trkpt lat="-18.29654714" lon="127.58875645">
        <ele>436.64</ele>
        <time>2026-09-19T22:48:23Z</time>
        <extensions>
          <geotracker:meta c="3.99" s="26.51" />
        </extensions>
      </trkpt>
      <trkpt lat="-18.29874309" lon="127.58599416">
        <ele>439.68</ele>
        <time>2026-09-19T22:48:37Z</time>
        <extensions>
          <geotracker:meta c="4.06" s="27.37" />
        </extensions>
      </trkpt>
      <trkpt lat="-18.30072553" lon="127.58321982">
        <ele>442</ele>
        <time>2026-09-19T22:48:51Z</time>
        <extensions>
          <geotracker:meta c="4.07" s="25.85" />
        </extensions>
      </trkpt>
      <trkpt lat="-18.30265253" lon="127.58047261">
        <ele>444.82</ele>
        <time>2026-09-19T22:49:05Z</time>
        <extensions>
          <geotracker:meta c="4.08" s="25.68" />
        </extensions>
      </trkpt>
      <trkpt lat="-18.30457685" lon="127.57773975">
        <ele>446.87</ele>
        <time>2026-09-19T22:49:19Z</time>
        <extensions>
          <geotracker:meta c="4.09" s="25.71" />
        </extensions>
      </trkpt>
      <trkpt lat="-18.30651459" lon="127.57498652">
        <ele>449.4</ele>
        <time>2026-09-19T22:49:33Z</time>
        <extensions>
          <geotracker:meta c="4.04" s="25.96" />
        </extensions>
      </trkpt>
      <trkpt lat="-18.30845166" lon="127.57222937">
        <ele>450.92</ele>
        <time>2026-09-19T22:49:47Z</time>
        <extensions>
          <geotracker:meta c="4.07" s="25.56" />
        </extensions>
      </trkpt>
      <trkpt lat="-18.31033549" lon="127.56955193">
        <ele>454.36</ele>
        <time>2026-09-19T22:50:01Z</time>
        <extensions>
          <geotracker:meta c="4.06" s="24.8" />
        </extensions>
      </trkpt>
      <trkpt lat="-18.31221115" lon="127.56688553">
        <ele>456.56</ele>
        <time>2026-09-19T22:50:15Z</time>
        <extensions>
          <geotracker:meta c="4.09" s="25.42" />
        </extensions>
      </trkpt>
      <trkpt lat="-18.3141682" lon="127.56414171">
        <ele>458.2</ele>
        <time>2026-09-19T22:50:29Z</time>
        <extensions>
          <geotracker:meta c="4.03" s="26.06" />
        </extensions>
      </trkpt>
      <trkpt lat="-18.31647671" lon="127.56168009">
        <ele>462.41</ele>
        <time>2026-09-19T22:50:43Z</time>
        <extensions>
          <geotracker:meta c="3.82" s="26.1" />
        </extensions>
      </trkpt>
      <trkpt lat="-18.31918801" lon="127.55963232">
        <ele>466.2</ele>
        <time>2026-09-19T22:50:57Z</time>
        <extensions>
          <geotracker:meta c="3.74" s="26.72" />
        </extensions>
      </trkpt>
      <trkpt lat="-18.32193652" lon="127.55758697">
        <ele>468.1</ele>
        <time>2026-09-19T22:51:11Z</time>
        <extensions>
          <geotracker:meta c="3.82" s="26.65" />
        </extensions>
      </trkpt>
      <trkpt lat="-18.32611818" lon="127.55214801">
        <ele>466.77</ele>
        <time>2026-09-19T22:51:39Z</time>
        <extensions>
          <geotracker:meta c="4.12" s="25.99" />
        </extensions>
      </trkpt>
      <trkpt lat="-18.32800914" lon="127.54926366">
        <ele>465.33</ele>
        <time>2026-09-19T22:51:53Z</time>
        <extensions>
          <geotracker:meta c="4.11" s="26.86" />
        </extensions>
      </trkpt>
      <trkpt lat="-18.32993919" lon="127.54632684">
        <ele>463.12</ele>
        <time>2026-09-19T22:52:07Z</time>
        <extensions>
          <geotracker:meta c="4.11" s="26.24" />
        </extensions>
      </trkpt>
      <trkpt lat="-18.33179381" lon="127.5434964">
        <ele>460.9</ele>
        <time>2026-09-19T22:52:21Z</time>
        <extensions>
          <geotracker:meta c="4.12" s="25.73" />
        </extensions>
      </trkpt>
      <trkpt lat="-18.33361516" lon="127.54072468">
        <ele>459.5</ele>
        <time>2026-09-19T22:52:35Z</time>
        <extensions>
          <geotracker:meta c="4.13" s="24.79" />
        </extensions>
      </trkpt>
      <trkpt lat="-18.33538766" lon="127.53801278">
        <ele>457.97</ele>
        <time>2026-09-19T22:52:49Z</time>
        <extensions>
          <geotracker:meta c="4.11" s="25.46" />
        </extensions>
      </trkpt>
      <trkpt lat="-18.33711526" lon="127.53496697">
        <ele>455.95</ele>
        <time>2026-09-19T22:53:03Z</time>
        <extensions>
          <geotracker:meta c="4.22" s="27.34" />
        </extensions>
      </trkpt>
      <trkpt lat="-18.33862363" lon="127.53179507">
        <ele>453.9</ele>
        <time>2026-09-19T22:53:17Z</time>
        <extensions>
          <geotracker:meta c="4.26" s="25.88" />
        </extensions>
      </trkpt>
      <trkpt lat="-18.34005205" lon="127.52875564">
        <ele>452.1</ele>
        <time>2026-09-19T22:53:31Z</time>
        <extensions>
          <geotracker:meta c="4.24" s="25.38" />
        </extensions>
      </trkpt>
      <trkpt lat="-18.34128043" lon="127.52613643">
        <ele>449.29</ele>
        <time>2026-09-19T22:53:45Z</time>
        <extensions>
          <geotracker:meta c="4.21" s="18.46" />
        </extensions>
      </trkpt>
      <trkpt lat="-18.34241663" lon="127.52372619">
        <ele>450.83</ele>
        <time>2026-09-19T22:53:59Z</time>
        <extensions>
          <geotracker:meta c="4.34" s="22.07" />
        </extensions>
      </trkpt>
      <trkpt lat="-18.34504534" lon="127.51812127">
        <ele>453.98</ele>
        <time>2026-09-19T22:54:25Z</time>
        <extensions>
          <geotracker:meta c="4.25" s="26.56" />
        </extensions>
      </trkpt>
      <trkpt lat="-18.34645864" lon="127.51511401">
        <ele>452.38</ele>
        <time>2026-09-19T22:54:39Z</time>
        <extensions>
          <geotracker:meta c="4.26" s="24.45" />
        </extensions>
      </trkpt>
      <trkpt lat="-18.34778901" lon="127.51229316">
        <ele>449.99</ele>
        <time>2026-09-19T22:54:53Z</time>
        <extensions>
          <geotracker:meta c="4.26" s="22.67" />
        </extensions>
      </trkpt>
      <trkpt lat="-18.34909921" lon="127.50973797">
        <ele>448.52</ele>
        <time>2026-09-19T22:55:07Z</time>
        <extensions>
          <geotracker:meta c="4.17" s="22.4" />
        </extensions>
      </trkpt>
      <trkpt lat="-18.35054545" lon="127.50741883">
        <ele>448.21</ele>
        <time>2026-09-19T22:55:21Z</time>
        <extensions>
          <geotracker:meta c="4.11" s="18.71" />
        </extensions>
      </trkpt>
      <trkpt lat="-18.35176418" lon="127.50556746">
        <ele>448.12</ele>
        <time>2026-09-19T22:55:35Z</time>
        <extensions>
          <geotracker:meta c="4.11" s="17.53" />
        </extensions>
      </trkpt>
      <trkpt lat="-18.35322271" lon="127.50334015">
        <ele>446.12</ele>
        <time>2026-09-19T22:55:49Z</time>
        <extensions>
          <geotracker:meta c="4.12" s="22.7" />
        </extensions>
      </trkpt>
      <trkpt lat="-18.3550064" lon="127.50062352">
        <ele>444.46</ele>
        <time>2026-09-19T22:56:03Z</time>
        <extensions>
          <geotracker:meta c="4.11" s="26.06" />
        </extensions>
      </trkpt>
      <trkpt lat="-18.35686487" lon="127.49780186">
        <ele>443.98</ele>
        <time>2026-09-19T22:56:17Z</time>
        <extensions>
          <geotracker:meta c="4.11" s="26.12" />
        </extensions>
      </trkpt>
      <trkpt lat="-18.3587781" lon="127.4948987">
        <ele>442.57</ele>
        <time>2026-09-19T22:56:31Z</time>
        <extensions>
          <geotracker:meta c="4.11" s="26.71" />
        </extensions>
      </trkpt>
      <trkpt lat="-18.36066336" lon="127.49203074">
        <ele>442</ele>
        <time>2026-09-19T22:56:45Z</time>
        <extensions>
          <geotracker:meta c="4.11" s="26.2" />
        </extensions>
      </trkpt>
      <trkpt lat="-18.36257783" lon="127.48924438">
        <ele>445.76</ele>
        <time>2026-09-19T22:56:59Z</time>
        <extensions>
          <geotracker:meta c="3.99" s="25.64" />
        </extensions>
      </trkpt>
      <trkpt lat="-18.36501384" lon="127.48694908">
        <ele>450.73</ele>
        <time>2026-09-19T22:57:13Z</time>
        <extensions>
          <geotracker:meta c="3.74" s="26.55" />
        </extensions>
      </trkpt>
      <trkpt lat="-18.36808059" lon="127.48533709">
        <ele>453.42</ele>
        <time>2026-09-19T22:57:27Z</time>
        <extensions>
          <geotracker:meta c="3.48" s="27.15" />
        </extensions>
      </trkpt>
      <trkpt lat="-18.37452351" lon="127.48316754">
        <ele>457.26</ele>
        <time>2026-09-19T22:57:55Z</time>
        <extensions>
          <geotracker:meta c="3.58" s="26.89" />
        </extensions>
      </trkpt>
      <trkpt lat="-18.3774218" lon="127.48124663">
        <ele>458</ele>
        <time>2026-09-19T22:58:09Z</time>
        <extensions>
          <geotracker:meta c="3.82" s="26.86" />
        </extensions>
      </trkpt>
      <trkpt lat="-18.38000689" lon="127.47899985">
        <ele>460.24</ele>
        <time>2026-09-19T22:58:23Z</time>
        <extensions>
          <geotracker:meta c="3.83" s="26.35" />
        </extensions>
      </trkpt>
      <trkpt lat="-18.38255548" lon="127.47678205">
        <ele>462.36</ele>
        <time>2026-09-19T22:58:37Z</time>
        <extensions>
          <geotracker:meta c="3.83" s="26.05" />
        </extensions>
      </trkpt>
      <trkpt lat="-18.38512359" lon="127.47454201">
        <ele>464.16</ele>
        <time>2026-09-19T22:58:51Z</time>
        <extensions>
          <geotracker:meta c="3.84" s="26.77" />
        </extensions>
      </trkpt>
      <trkpt lat="-18.38778654" lon="127.47222845">
        <ele>466.66</ele>
        <time>2026-09-19T22:59:05Z</time>
        <extensions>
          <geotracker:meta c="3.83" s="27.78" />
        </extensions>
      </trkpt>
      <trkpt lat="-18.39047118" lon="127.4698851">
        <ele>468.4</ele>
        <time>2026-09-19T22:59:19Z</time>
        <extensions>
          <geotracker:meta c="3.84" s="27.59" />
        </extensions>
      </trkpt>
      <trkpt lat="-18.3931033" lon="127.46759249">
        <ele>469.25</ele>
        <time>2026-09-19T22:59:33Z</time>
        <extensions>
          <geotracker:meta c="3.84" s="27.11" />
        </extensions>
      </trkpt>
      <trkpt lat="-18.39574737" lon="127.46528468">
        <ele>468.16</ele>
        <time>2026-09-19T22:59:47Z</time>
        <extensions>
          <geotracker:meta c="3.89" s="26.93" />
        </extensions>
      </trkpt>
      <trkpt lat="-18.39835993" lon="127.46301285">
        <ele>466.71</ele>
        <time>2026-09-19T23:00:01Z</time>
        <extensions>
          <geotracker:meta c="3.82" s="26.69" />
        </extensions>
      </trkpt>
      <trkpt lat="-18.40089554" lon="127.46081087">
        <ele>464.58</ele>
        <time>2026-09-19T23:00:15Z</time>
        <extensions>
          <geotracker:meta c="3.8" s="26.02" />
        </extensions>
      </trkpt>
      <trkpt lat="-18.40358743" lon="127.458776">
        <ele>464.03</ele>
        <time>2026-09-19T23:00:29Z</time>
        <extensions>
          <geotracker:meta c="3.72" s="27.15" />
        </extensions>
      </trkpt>
      <trkpt lat="-18.40645984" lon="127.45683346">
        <ele>461.46</ele>
        <time>2026-09-19T23:00:43Z</time>
        <extensions>
          <geotracker:meta c="3.73" s="26.81" />
        </extensions>
      </trkpt>
      <trkpt lat="-18.40925332" lon="127.4549546">
        <ele>457.62</ele>
        <time>2026-09-19T23:00:57Z</time>
        <extensions>
          <geotracker:meta c="3.74" s="26.29" />
        </extensions>
      </trkpt>
      <trkpt lat="-18.41501575" lon="127.45107102">
        <ele>454.48</ele>
        <time>2026-09-19T23:01:25Z</time>
        <extensions>
          <geotracker:meta c="3.72" s="27.63" />
        </extensions>
      </trkpt>
      <trkpt lat="-18.41794055" lon="127.44909743">
        <ele>454.6</ele>
        <time>2026-09-19T23:01:39Z</time>
        <extensions>
          <geotracker:meta c="3.76" s="27.43" />
        </extensions>
      </trkpt>
      <trkpt lat="-18.42083584" lon="127.44717526">
        <ele>454.24</ele>
        <time>2026-09-19T23:01:53Z</time>
        <extensions>
          <geotracker:meta c="3.68" s="26.35" />
        </extensions>
      </trkpt>
      <trkpt lat="-18.42356466" lon="127.44548376">
        <ele>451.82</ele>
        <time>2026-09-19T23:02:07Z</time>
        <extensions>
          <geotracker:meta c="3.67" s="24.4" />
        </extensions>
      </trkpt>
      <trkpt lat="-18.42621382" lon="127.44386274">
        <ele>450.01</ele>
        <time>2026-09-19T23:02:21Z</time>
        <extensions>
          <geotracker:meta c="3.71" s="24.42" />
        </extensions>
      </trkpt>
      <trkpt lat="-18.42894011" lon="127.44220818">
        <ele>449.27</ele>
        <time>2026-09-19T23:02:35Z</time>
        <extensions>
          <geotracker:meta c="3.77" s="25.11" />
        </extensions>
      </trkpt>
      <trkpt lat="-18.43162352" lon="127.44058208">
        <ele>450.59</ele>
        <time>2026-09-19T23:02:49Z</time>
        <extensions>
          <geotracker:meta c="3.62" s="24.54" />
        </extensions>
      </trkpt>
      <trkpt lat="-18.43435746" lon="127.43878141">
        <ele>454.58</ele>
        <time>2026-09-19T23:03:03Z</time>
        <extensions>
          <geotracker:meta c="3.74" s="26.67" />
        </extensions>
      </trkpt>
      <trkpt lat="-18.43707718" lon="127.43648183">
        <ele>456.36</ele>
        <time>2026-09-19T23:03:17Z</time>
        <extensions>
          <geotracker:meta c="3.92" s="27.81" />
        </extensions>
      </trkpt>
      <trkpt lat="-18.43962213" lon="127.4340393">
        <ele>456.62</ele>
        <time>2026-09-19T23:03:31Z</time>
        <extensions>
          <geotracker:meta c="3.86" s="27.1" />
        </extensions>
      </trkpt>
      <trkpt lat="-18.44217912" lon="127.43158659">
        <ele>456.27</ele>
        <time>2026-09-19T23:03:45Z</time>
        <extensions>
          <geotracker:meta c="3.89" s="27.57" />
        </extensions>
      </trkpt>
      <trkpt lat="-18.44472497" lon="127.42914188">
        <ele>455.78</ele>
        <time>2026-09-19T23:03:59Z</time>
        <extensions>
          <geotracker:meta c="3.89" s="27.22" />
        </extensions>
      </trkpt>
      <trkpt lat="-18.44728137" lon="127.426693">
        <ele>454.51</ele>
        <time>2026-09-19T23:04:13Z</time>
        <extensions>
          <geotracker:meta c="3.85" s="27.18" />
        </extensions>
      </trkpt>
      <trkpt lat="-18.44980063" lon="127.42427081">
        <ele>452.17</ele>
        <time>2026-09-19T23:04:27Z</time>
        <extensions>
          <geotracker:meta c="3.88" s="27.04" />
        </extensions>
      </trkpt>
      <trkpt lat="-18.45465894" lon="127.41979216">
        <ele>445.48</ele>
        <time>2026-09-19T23:04:55Z</time>
        <extensions>
          <geotracker:meta c="3.76" s="27.12" />
        </extensions>
      </trkpt>
      <trkpt lat="-18.45758511" lon="127.41801694">
        <ele>443.47</ele>
        <time>2026-09-19T23:05:09Z</time>
        <extensions>
          <geotracker:meta c="3.57" s="25.72" />
        </extensions>
      </trkpt>
      <trkpt lat="-18.46044435" lon="127.41674062">
        <ele>440.78</ele>
        <time>2026-09-19T23:05:23Z</time>
        <extensions>
          <geotracker:meta c="3.45" s="24.35" />
        </extensions>
      </trkpt>
      <trkpt lat="-18.46335642" lon="127.41545189">
        <ele>438.14</ele>
        <time>2026-09-19T23:05:37Z</time>
        <extensions>
          <geotracker:meta c="3.5" s="25.49" />
        </extensions>
      </trkpt>
      <trkpt lat="-18.46634966" lon="127.41411585">
        <ele>436.84</ele>
        <time>2026-09-19T23:05:51Z</time>
        <extensions>
          <geotracker:meta c="3.52" s="25.94" />
        </extensions>
      </trkpt>
      <trkpt lat="-18.4693673" lon="127.4127782">
        <ele>435.03</ele>
        <time>2026-09-19T23:06:05Z</time>
        <extensions>
          <geotracker:meta c="3.56" s="26.17" />
        </extensions>
      </trkpt>
      <trkpt lat="-18.47241921" lon="127.41142528">
        <ele>434.1</ele>
        <time>2026-09-19T23:06:19Z</time>
        <extensions>
          <geotracker:meta c="3.54" s="26.05" />
        </extensions>
      </trkpt>
      <trkpt lat="-18.47549164" lon="127.4100616">
        <ele>434.12</ele>
        <time>2026-09-19T23:06:33Z</time>
        <extensions>
          <geotracker:meta c="3.56" s="26.73" />
        </extensions>
      </trkpt>
      <trkpt lat="-18.47863466" lon="127.40867218">
        <ele>432.96</ele>
        <time>2026-09-19T23:06:47Z</time>
        <extensions>
          <geotracker:meta c="3.54" s="26.62" />
        </extensions>
      </trkpt>
      <trkpt lat="-18.48168935" lon="127.40731839">
        <ele>431.15</ele>
        <time>2026-09-19T23:07:01Z</time>
        <extensions>
          <geotracker:meta c="3.55" s="26.17" />
        </extensions>
      </trkpt>
      <trkpt lat="-18.48469433" lon="127.40588033">
        <ele>431.91</ele>
        <time>2026-09-19T23:07:15Z</time>
        <extensions>
          <geotracker:meta c="3.68" s="26.23" />
        </extensions>
      </trkpt>
      <trkpt lat="-18.48731637" lon="127.40378989">
        <ele>432.45</ele>
        <time>2026-09-19T23:07:29Z</time>
        <extensions>
          <geotracker:meta c="3.92" s="26.15" />
        </extensions>
      </trkpt>
      <trkpt lat="-18.48959895" lon="127.40131983">
        <ele>432.22</ele>
        <time>2026-09-19T23:07:43Z</time>
        <extensions>
          <geotracker:meta c="3.93" s="25.73" />
        </extensions>
      </trkpt>
      <trkpt lat="-18.49193046" lon="127.39880179">
        <ele>431.44</ele>
        <time>2026-09-19T23:07:57Z</time>
        <extensions>
          <geotracker:meta c="3.97" s="26.9" />
        </extensions>
      </trkpt>
      <trkpt lat="-18.49647681" lon="127.39389313">
        <ele>430.63</ele>
        <time>2026-09-19T23:08:25Z</time>
        <extensions>
          <geotracker:meta c="3.91" s="24.94" />
        </extensions>
      </trkpt>
      <trkpt lat="-18.49868335" lon="127.39149864">
        <ele>430.87</ele>
        <time>2026-09-19T23:08:39Z</time>
        <extensions>
          <geotracker:meta c="3.88" s="25.38" />
        </extensions>
      </trkpt>
      <trkpt lat="-18.5009486" lon="127.38905407">
        <ele>430.71</ele>
        <time>2026-09-19T23:08:53Z</time>
        <extensions>
          <geotracker:meta c="3.94" s="25.38" />
        </extensions>
      </trkpt>
      <trkpt lat="-18.50308038" lon="127.38659719">
        <ele>431.1</ele>
        <time>2026-09-19T23:09:07Z</time>
        <extensions>
          <geotracker:meta c="4.05" s="25.15" />
        </extensions>
      </trkpt>
      <trkpt lat="-18.50529658" lon="127.38274464">
        <ele>427.79</ele>
        <time>2026-09-19T23:09:26Z</time>
        <extensions>
          <geotracker:meta c="4.24" s="24.88" />
        </extensions>
      </trkpt>
      <trkpt lat="-18.50663254" lon="127.37979742">
        <ele>426.12</ele>
        <time>2026-09-19T23:09:40Z</time>
        <extensions>
          <geotracker:meta c="4.24" s="24.55" />
        </extensions>
      </trkpt>
      <trkpt lat="-18.50799085" lon="127.37682663">
        <ele>425.33</ele>
        <time>2026-09-19T23:09:54Z</time>
        <extensions>
          <geotracker:meta c="4.23" s="25.16" />
        </extensions>
      </trkpt>
      <trkpt lat="-18.509383" lon="127.37378279">
        <ele>425.3</ele>
        <time>2026-09-19T23:10:08Z</time>
        <extensions>
          <geotracker:meta c="4.28" s="25.7" />
        </extensions>
      </trkpt>
      <trkpt lat="-18.5108019" lon="127.37067086">
        <ele>424.39</ele>
        <time>2026-09-19T23:10:22Z</time>
        <extensions>
          <geotracker:meta c="4.27" s="26.43" />
        </extensions>
      </trkpt>
      <trkpt lat="-18.51224496" lon="127.36750011">
        <ele>424.09</ele>
        <time>2026-09-19T23:10:36Z</time>
        <extensions>
          <geotracker:meta c="4.29" s="26.15" />
        </extensions>
      </trkpt>
      <trkpt lat="-18.51367775" lon="127.36435948">
        <ele>424.26</ele>
        <time>2026-09-19T23:10:50Z</time>
        <extensions>
          <geotracker:meta c="4.28" s="26.08" />
        </extensions>
      </trkpt>
      <trkpt lat="-18.51509021" lon="127.36126351">
        <ele>424.27</ele>
        <time>2026-09-19T23:11:04Z</time>
        <extensions>
          <geotracker:meta c="4.28" s="25.89" />
        </extensions>
      </trkpt>
      <trkpt lat="-18.5165105" lon="127.3581572">
        <ele>422.94</ele>
        <time>2026-09-19T23:11:18Z</time>
        <extensions>
          <geotracker:meta c="4.25" s="26.03" />
        </extensions>
      </trkpt>
      <trkpt lat="-18.51790923" lon="127.3550791">
        <ele>421.55</ele>
        <time>2026-09-19T23:11:32Z</time>
        <extensions>
          <geotracker:meta c="4.37" s="25.82" />
        </extensions>
      </trkpt>
      <trkpt lat="-18.51934048" lon="127.35194428">
        <ele>420.53</ele>
        <time>2026-09-19T23:11:46Z</time>
        <extensions>
          <geotracker:meta c="4.3" s="26.42" />
        </extensions>
      </trkpt>
      <trkpt lat="-18.520793" lon="127.34876627">
        <ele>419.75</ele>
        <time>2026-09-19T23:12:00Z</time>
        <extensions>
          <geotracker:meta c="4.29" s="26.41" />
        </extensions>
      </trkpt>
      <trkpt lat="-18.52220171" lon="127.34566666">
        <ele>418.65</ele>
        <time>2026-09-19T23:12:14Z</time>
        <extensions>
          <geotracker:meta c="4.28" s="25.84" />
        </extensions>
      </trkpt>
      <trkpt lat="-18.52357241" lon="127.34257084">
        <ele>416.8</ele>
        <time>2026-09-19T23:12:28Z</time>
        <extensions>
          <geotracker:meta c="4.3" s="25.6" />
        </extensions>
      </trkpt>
      <trkpt lat="-18.52480044" lon="127.33573409">
        <ele>414.97</ele>
        <time>2026-09-19T23:12:56Z</time>
        <extensions>
          <geotracker:meta c="4.63" s="26.1" />
        </extensions>
      </trkpt>
      <trkpt lat="-18.52505152" lon="127.33226569">
        <ele>413.13</ele>
        <time>2026-09-19T23:13:10Z</time>
        <extensions>
          <geotracker:meta c="4.63" s="26.4" />
        </extensions>
      </trkpt>
      <trkpt lat="-18.52531073" lon="127.32875807">
        <ele>412.04</ele>
        <time>2026-09-19T23:13:24Z</time>
        <extensions>
          <geotracker:meta c="4.62" s="26.4" />
        </extensions>
      </trkpt>
      <trkpt lat="-18.52557004" lon="127.32526157">
        <ele>408.95</ele>
        <time>2026-09-19T23:13:38Z</time>
        <extensions>
          <geotracker:meta c="4.56" s="26.76" />
        </extensions>
      </trkpt>
      <trkpt lat="-18.52581196" lon="127.32173428">
        <ele>406.66</ele>
        <time>2026-09-19T23:13:52Z</time>
        <extensions>
          <geotracker:meta c="4.72" s="26.41" />
        </extensions>
      </trkpt>
      <trkpt lat="-18.52564028" lon="127.31828127">
        <ele>407.09</ele>
        <time>2026-09-19T23:14:06Z</time>
        <extensions>
          <geotracker:meta c="4.82" s="25.98" />
        </extensions>
      </trkpt>
      <trkpt lat="-18.52515105" lon="127.31491138">
        <ele>405.97</ele>
        <time>2026-09-19T23:14:20Z</time>
        <extensions>
          <geotracker:meta c="4.84" s="25.66" />
        </extensions>
      </trkpt>
      <trkpt lat="-18.52465548" lon="127.31152073">
        <ele>405.13</ele>
        <time>2026-09-19T23:14:34Z</time>
        <extensions>
          <geotracker:meta c="4.9" s="26.02" />
        </extensions>
      </trkpt>
      <trkpt lat="-18.52416448" lon="127.30809186">
        <ele>402.65</ele>
        <time>2026-09-19T23:14:48Z</time>
        <extensions>
          <geotracker:meta c="4.85" s="26.04" />
        </extensions>
      </trkpt>
      <trkpt lat="-18.5236766" lon="127.30472284">
        <ele>403.42</ele>
        <time>2026-09-19T23:15:02Z</time>
        <extensions>
          <geotracker:meta c="4.85" s="25.74" />
        </extensions>
      </trkpt>
      <trkpt lat="-18.52333692" lon="127.30132807">
        <ele>402.51</ele>
        <time>2026-09-19T23:15:16Z</time>
        <extensions>
          <geotracker:meta c="4.7" s="25.61" />
        </extensions>
      </trkpt>
      <trkpt lat="-18.52365471" lon="127.29798578">
        <ele>401.63</ele>
        <time>2026-09-19T23:15:30Z</time>
        <extensions>
          <geotracker:meta c="4.67" s="25.18" />
        </extensions>
      </trkpt>
      <trkpt lat="-18.52420787" lon="127.29472296">
        <ele>401.69</ele>
        <time>2026-09-19T23:15:44Z</time>
        <extensions>
          <geotracker:meta c="4.54" s="24.68" />
        </extensions>
      </trkpt>
      <trkpt lat="-18.52477447" lon="127.29144477">
        <ele>401.23</ele>
        <time>2026-09-19T23:15:58Z</time>
        <extensions>
          <geotracker:meta c="4.46" s="25.96" />
        </extensions>
      </trkpt>
      <trkpt lat="-18.52728854" lon="127.28493293">
        <ele>404.45</ele>
        <time>2026-09-19T23:16:26Z</time>
        <extensions>
          <geotracker:meta c="4.06" s="26.57" />
        </extensions>
      </trkpt>
      <trkpt lat="-18.52959049" lon="127.28248928">
        <ele>405.42</ele>
        <time>2026-09-19T23:16:40Z</time>
        <extensions>
          <geotracker:meta c="3.86" s="25.66" />
        </extensions>
      </trkpt>
      <trkpt lat="-18.53217786" lon="127.28031642">
        <ele>406.19</ele>
        <time>2026-09-19T23:16:54Z</time>
        <extensions>
          <geotracker:meta c="3.83" s="27.08" />
        </extensions>
      </trkpt>
      <trkpt lat="-18.5348817" lon="127.27804823">
        <ele>406.78</ele>
        <time>2026-09-19T23:17:08Z</time>
        <extensions>
          <geotracker:meta c="3.84" s="27.77" />
        </extensions>
      </trkpt>
      <trkpt lat="-18.5375307" lon="127.27582891">
        <ele>407.16</ele>
        <time>2026-09-19T23:17:22Z</time>
        <extensions>
          <geotracker:meta c="3.8" s="26.02" />
        </extensions>
      </trkpt>
      <trkpt lat="-18.54012992" lon="127.27356878">
        <ele>406.84</ele>
        <time>2026-09-19T23:17:36Z</time>
        <extensions>
          <geotracker:meta c="3.92" s="26.94" />
        </extensions>
      </trkpt>
      <trkpt lat="-18.54222247" lon="127.27090564">
        <ele>406.2</ele>
        <time>2026-09-19T23:17:50Z</time>
        <extensions>
          <geotracker:meta c="4.13" s="26.46" />
        </extensions>
      </trkpt>
      <trkpt lat="-18.54391433" lon="127.26782705">
        <ele>405.35</ele>
        <time>2026-09-19T23:18:04Z</time>
        <extensions>
          <geotracker:meta c="4.2" s="26.17" />
        </extensions>
      </trkpt>
      <trkpt lat="-18.54552605" lon="127.26485586">
        <ele>406.88</ele>
        <time>2026-09-19T23:18:18Z</time>
        <extensions>
          <geotracker:meta c="4.2" s="26.2" />
        </extensions>
      </trkpt>
      <trkpt lat="-18.54704538" lon="127.26169526">
        <ele>405.49</ele>
        <time>2026-09-19T23:18:32Z</time>
        <extensions>
          <geotracker:meta c="4.34" s="26.81" />
        </extensions>
      </trkpt>
      <trkpt lat="-18.54783954" lon="127.2583185">
        <ele>402.38</ele>
        <time>2026-09-19T23:18:46Z</time>
        <extensions>
          <geotracker:meta c="4.6" s="25.79" />
        </extensions>
      </trkpt>
      <trkpt lat="-18.54807464" lon="127.25498397">
        <ele>398.88</ele>
        <time>2026-09-19T23:19:00Z</time>
        <extensions>
          <geotracker:meta c="4.69" s="24.88" />
        </extensions>
      </trkpt>
      <trkpt lat="-18.5482967" lon="127.25164352">
        <ele>396.92</ele>
        <time>2026-09-19T23:19:14Z</time>
        <extensions>
          <geotracker:meta c="4.55" s="25.53" />
        </extensions>
      </trkpt>
      <trkpt lat="-18.54866041" lon="127.24831233">
        <ele>397.36</ele>
        <time>2026-09-19T23:19:28Z</time>
        <extensions>
          <geotracker:meta c="4.44" s="25.41" />
        </extensions>
      </trkpt>
      <trkpt lat="-18.55126612" lon="127.24189138">
        <ele>391.23</ele>
        <time>2026-09-19T23:19:56Z</time>
        <extensions>
          <geotracker:meta c="4.2" s="26.53" />
        </extensions>
      </trkpt>
      <trkpt lat="-18.55242305" lon="127.23865788">
        <ele>389.87</ele>
        <time>2026-09-19T23:20:10Z</time>
        <extensions>
          <geotracker:meta c="4.51" s="25.74" />
        </extensions>
      </trkpt>
      <trkpt lat="-18.55308895" lon="127.23536732">
        <ele>389.58</ele>
        <time>2026-09-19T23:20:24Z</time>
        <extensions>
          <geotracker:meta c="4.52" s="25.12" />
        </extensions>
      </trkpt>
      <trkpt lat="-18.55373276" lon="127.23209157">
        <ele>387.72</ele>
        <time>2026-09-19T23:20:38Z</time>
        <extensions>
          <geotracker:meta c="4.5" s="25.47" />
        </extensions>
      </trkpt>
      <trkpt lat="-18.55439871" lon="127.22871406">
        <ele>386.99</ele>
        <time>2026-09-19T23:20:52Z</time>
        <extensions>
          <geotracker:meta c="4.53" s="26.59" />
        </extensions>
      </trkpt>
      <trkpt lat="-18.55507994" lon="127.22524728">
        <ele>385.16</ele>
        <time>2026-09-19T23:21:06Z</time>
        <extensions>
          <geotracker:meta c="4.61" s="26.37" />
        </extensions>
      </trkpt>
      <trkpt lat="-18.55575356" lon="127.22179656">
        <ele>381.74</ele>
        <time>2026-09-19T23:21:20Z</time>
        <extensions>
          <geotracker:meta c="4.5" s="26.85" />
        </extensions>
      </trkpt>
      <trkpt lat="-18.55598308" lon="127.218333">
        <ele>377.73</ele>
        <time>2026-09-19T23:21:34Z</time>
        <extensions>
          <geotracker:meta c="4.73" s="25.9" />
        </extensions>
      </trkpt>
      <trkpt lat="-18.55573449" lon="127.2149084">
        <ele>374.45</ele>
        <time>2026-09-19T23:21:48Z</time>
        <extensions>
          <geotracker:meta c="4.8" s="25.78" />
        </extensions>
      </trkpt>
      <trkpt lat="-18.55561288" lon="127.21157941">
        <ele>372.97</ele>
        <time>2026-09-19T23:22:02Z</time>
        <extensions>
          <geotracker:meta c="4.66" s="24.9" />
        </extensions>
      </trkpt>
      <trkpt lat="-18.5560922" lon="127.20826703">
        <ele>371.74</ele>
        <time>2026-09-19T23:22:16Z</time>
        <extensions>
          <geotracker:meta c="4.5" s="25.89" />
        </extensions>
      </trkpt>
      <trkpt lat="-18.55670012" lon="127.20484636">
        <ele>370.08</ele>
        <time>2026-09-19T23:22:30Z</time>
        <extensions>
          <geotracker:meta c="4.51" s="26.19" />
        </extensions>
      </trkpt>
      <trkpt lat="-18.55728903" lon="127.20139473">
        <ele>371.21</ele>
        <time>2026-09-19T23:22:44Z</time>
        <extensions>
          <geotracker:meta c="4.58" s="26.51" />
        </extensions>
      </trkpt>
      <trkpt lat="-18.55725165" lon="127.19785806">
        <ele>371.57</ele>
        <time>2026-09-19T23:22:58Z</time>
        <extensions>
          <geotracker:meta c="4.84" s="26.06" />
        </extensions>
      </trkpt>
      <trkpt lat="-18.55642583" lon="127.19111793">
        <ele>373.87</ele>
        <time>2026-09-19T23:23:26Z</time>
        <extensions>
          <geotracker:meta c="4.75" s="24.86" />
        </extensions>
      </trkpt>
      <trkpt lat="-18.55672996" lon="127.18774119">
        <ele>376.66</ele>
        <time>2026-09-19T23:23:40Z</time>
        <extensions>
          <geotracker:meta c="4.75" s="25.56" />
        </extensions>
      </trkpt>
      <trkpt lat="-18.55786688" lon="127.18454962">
        <ele>377.86</ele>
        <time>2026-09-19T23:23:54Z</time>
        <extensions>
          <geotracker:meta c="4.16" s="26.25" />
        </extensions>
      </trkpt>
      <trkpt lat="-18.55974749" lon="127.18158766">
        <ele>375.31</ele>
        <time>2026-09-19T23:24:08Z</time>
        <extensions>
          <geotracker:meta c="4.12" s="27.44" />
        </extensions>
      </trkpt>
      <trkpt lat="-18.561593" lon="127.17716753">
        <ele>373.29</ele>
        <time>2026-09-19T23:24:27Z</time>
        <extensions>
          <geotracker:meta c="4.47" s="26.59" />
        </extensions>
      </trkpt>
      <trkpt lat="-18.56233098" lon="127.17376362">
        <ele>368.59</ele>
        <time>2026-09-19T23:24:41Z</time>
        <extensions>
          <geotracker:meta c="4.49" s="25.99" />
        </extensions>
      </trkpt>
      <trkpt lat="-18.56303428" lon="127.17049514">
        <ele>365.35</ele>
        <time>2026-09-19T23:24:55Z</time>
        <extensions>
          <geotracker:meta c="4.5" s="25.08" />
        </extensions>
      </trkpt>
      <trkpt lat="-18.56375717" lon="127.16712673">
        <ele>365.35</ele>
        <time>2026-09-19T23:25:09Z</time>
        <extensions>
          <geotracker:meta c="4.53" s="26.57" />
        </extensions>
      </trkpt>
      <trkpt lat="-18.56449837" lon="127.16368037">
        <ele>366.3</ele>
        <time>2026-09-19T23:25:23Z</time>
        <extensions>
          <geotracker:meta c="4.48" s="26.71" />
        </extensions>
      </trkpt>
      <trkpt lat="-18.56523725" lon="127.16027433">
        <ele>365.64</ele>
        <time>2026-09-19T23:25:37Z</time>
        <extensions>
          <geotracker:meta c="4.39" s="25.87" />
        </extensions>
      </trkpt>
      <trkpt lat="-18.56593809" lon="127.15700961">
        <ele>362.63</ele>
        <time>2026-09-19T23:25:51Z</time>
        <extensions>
          <geotracker:meta c="4.5" s="25.05" />
        </extensions>
      </trkpt>
      <trkpt lat="-18.56663484" lon="127.15375879">
        <ele>362.02</ele>
        <time>2026-09-19T23:26:05Z</time>
        <extensions>
          <geotracker:meta c="4.5" s="25.03" />
        </extensions>
      </trkpt>
      <trkpt lat="-18.56734335" lon="127.15047732">
        <ele>361.8</ele>
        <time>2026-09-19T23:26:19Z</time>
        <extensions>
          <geotracker:meta c="4.51" s="25.5" />
        </extensions>
      </trkpt>
      <trkpt lat="-18.56799268" lon="127.14721412">
        <ele>361.66</ele>
        <time>2026-09-19T23:26:33Z</time>
        <extensions>
          <geotracker:meta c="4.54" s="25.75" />
        </extensions>
      </trkpt>
      <trkpt lat="-18.56841835" lon="127.14373444">
        <ele>360.44</ele>
        <time>2026-09-19T23:26:47Z</time>
        <extensions>
          <geotracker:meta c="4.58" s="26.75" />
        </extensions>
      </trkpt>
      <trkpt lat="-18.56879587" lon="127.1402277">
        <ele>361.13</ele>
        <time>2026-09-19T23:27:01Z</time>
        <extensions>
          <geotracker:meta c="4.6" s="26.38" />
        </extensions>
      </trkpt>
      <trkpt lat="-18.56916409" lon="127.13673898">
        <ele>360.89</ele>
        <time>2026-09-19T23:27:15Z</time>
        <extensions>
          <geotracker:meta c="4.6" s="26.7" />
        </extensions>
      </trkpt>
      <trkpt lat="-18.56953779" lon="127.13323807">
        <ele>363.8</ele>
        <time>2026-09-19T23:27:29Z</time>
        <extensions>
          <geotracker:meta c="4.59" s="26.48" />
        </extensions>
      </trkpt>
      <trkpt lat="-18.57018846" lon="127.12629586">
        <ele>363.94</ele>
        <time>2026-09-19T23:27:57Z</time>
        <extensions>
          <geotracker:meta c="4.72" s="26.29" />
        </extensions>
      </trkpt>
      <trkpt lat="-18.56983837" lon="127.12286376">
        <ele>361.33</ele>
        <time>2026-09-19T23:28:11Z</time>
        <extensions>
          <geotracker:meta c="4.98" s="26.01" />
        </extensions>
      </trkpt>
      <trkpt lat="-18.56924572" lon="127.11943159">
        <ele>355.62</ele>
        <time>2026-09-19T23:28:25Z</time>
        <extensions>
          <geotracker:meta c="4.84" s="26.37" />
        </extensions>
      </trkpt>
      <trkpt lat="-18.56875323" lon="127.11603553">
        <ele>354.88</ele>
        <time>2026-09-19T23:28:39Z</time>
        <extensions>
          <geotracker:meta c="4.78" s="25.64" />
        </extensions>
      </trkpt>
      <trkpt lat="-18.56870092" lon="127.11258272">
        <ele>352.69</ele>
        <time>2026-09-19T23:28:53Z</time>
        <extensions>
          <geotracker:meta c="4.66" s="26.62" />
        </extensions>
      </trkpt>
      <trkpt lat="-18.56915586" lon="127.10901342">
        <ele>350.53</ele>
        <time>2026-09-19T23:29:07Z</time>
        <extensions>
          <geotracker:meta c="4.51" s="27.6" />
        </extensions>
      </trkpt>
      <trkpt lat="-18.57006147" lon="127.10553768">
        <ele>353.15</ele>
        <time>2026-09-19T23:29:21Z</time>
        <extensions>
          <geotracker:meta c="4.43" s="26.35" />
        </extensions>
      </trkpt>
      <trkpt lat="-18.57098004" lon="127.10221371">
        <ele>351.98</ele>
        <time>2026-09-19T23:29:35Z</time>
        <extensions>
          <geotracker:meta c="4.43" s="26.28" />
        </extensions>
      </trkpt>
      <trkpt lat="-18.57196633" lon="127.09886556">
        <ele>347.61</ele>
        <time>2026-09-19T23:29:49Z</time>
        <extensions>
          <geotracker:meta c="4.34" s="26.21" />
        </extensions>
      </trkpt>
      <trkpt lat="-18.57343499" lon="127.0958817">
        <ele>346.22</ele>
        <time>2026-09-19T23:30:03Z</time>
        <extensions>
          <geotracker:meta c="4.12" s="24.78" />
        </extensions>
      </trkpt>
      <trkpt lat="-18.57545899" lon="127.0933435">
        <ele>345.21</ele>
        <time>2026-09-19T23:30:17Z</time>
        <extensions>
          <geotracker:meta c="3.91" s="25.26" />
        </extensions>
      </trkpt>
      <trkpt lat="-18.57794172" lon="127.09130119">
        <ele>345.19</ele>
        <time>2026-09-19T23:30:31Z</time>
        <extensions>
          <geotracker:meta c="3.76" s="24.74" />
        </extensions>
      </trkpt>
      <trkpt lat="-18.58051395" lon="127.08941293">
        <ele>344.85</ele>
        <time>2026-09-19T23:30:45Z</time>
        <extensions>
          <geotracker:meta c="3.76" s="25.08" />
        </extensions>
      </trkpt>
      <trkpt lat="-18.58312957" lon="127.08731532">
        <ele>346.95</ele>
        <time>2026-09-19T23:30:59Z</time>
        <extensions>
          <geotracker:meta c="3.82" s="26.65" />
        </extensions>
      </trkpt>
      <trkpt lat="-18.58811081" lon="127.08257162">
        <ele>346.95</ele>
        <time>2026-09-19T23:31:27Z</time>
        <extensions>
          <geotracker:meta c="3.81" s="26.91" />
        </extensions>
      </trkpt>
      <trkpt lat="-18.59057304" lon="127.08018602">
        <ele>347.42</ele>
        <time>2026-09-19T23:31:41Z</time>
        <extensions>
          <geotracker:meta c="3.88" s="26.38" />
        </extensions>
      </trkpt>
      <trkpt lat="-18.59299276" lon="127.07784937">
        <ele>347.83</ele>
        <time>2026-09-19T23:31:55Z</time>
        <extensions>
          <geotracker:meta c="3.89" s="25.79" />
        </extensions>
      </trkpt>
      <trkpt lat="-18.59539229" lon="127.07554555">
        <ele>348.3</ele>
        <time>2026-09-19T23:32:09Z</time>
        <extensions>
          <geotracker:meta c="3.86" s="25.47" />
        </extensions>
      </trkpt>
      <trkpt lat="-18.59777784" lon="127.0732611">
        <ele>347</ele>
        <time>2026-09-19T23:32:23Z</time>
        <extensions>
          <geotracker:meta c="3.84" s="25.42" />
        </extensions>
      </trkpt>
      <trkpt lat="-18.60022655" lon="127.07147459">
        <ele>346.28</ele>
        <time>2026-09-19T23:32:37Z</time>
        <extensions>
          <geotracker:meta c="3.83" s="23.55" />
        </extensions>
      </trkpt>
      <trkpt lat="-18.60300079" lon="127.07004001">
        <ele>346.48</ele>
        <time>2026-09-19T23:32:51Z</time>
        <extensions>
          <geotracker:meta c="3.58" s="25.49" />
        </extensions>
      </trkpt>
      <trkpt lat="-18.60593321" lon="127.06862512">
        <ele>346.22</ele>
        <time>2026-09-19T23:33:05Z</time>
        <extensions>
          <geotracker:meta c="3.6" s="25.52" />
        </extensions>
      </trkpt>
      <trkpt lat="-18.6088757" lon="127.06720199">
        <ele>346.44</ele>
        <time>2026-09-19T23:33:19Z</time>
        <extensions>
          <geotracker:meta c="3.67" s="25.6" />
        </extensions>
      </trkpt>
      <trkpt lat="-18.61178837" lon="127.06579243">
        <ele>346.05</ele>
        <time>2026-09-19T23:33:33Z</time>
        <extensions>
          <geotracker:meta c="3.64" s="25.1" />
        </extensions>
      </trkpt>
      <trkpt lat="-18.6146526" lon="127.06440845">
        <ele>345.93</ele>
        <time>2026-09-19T23:33:47Z</time>
        <extensions>
          <geotracker:meta c="3.49" s="24.64" />
        </extensions>
      </trkpt>
      <trkpt lat="-18.61731118" lon="127.0625913">
        <ele>346.22</ele>
        <time>2026-09-19T23:34:01Z</time>
        <extensions>
          <geotracker:meta c="3.84" s="25.8" />
        </extensions>
      </trkpt>
      <trkpt lat="-18.61951833" lon="127.06005305">
        <ele>347.01</ele>
        <time>2026-09-19T23:34:15Z</time>
        <extensions>
          <geotracker:meta c="4.09" s="25.41" />
        </extensions>
      </trkpt>
      <trkpt lat="-18.62111512" lon="127.05721996">
        <ele>347.47</ele>
        <time>2026-09-19T23:34:29Z</time>
        <extensions>
          <geotracker:meta c="4.27" s="24.76" />
        </extensions>
      </trkpt>
      <trkpt lat="-18.62437816" lon="127.05122062">
        <ele>345</ele>
        <time>2026-09-19T23:34:57Z</time>
        <extensions>
          <geotracker:meta c="4.2" s="26.18" />
        </extensions>
      </trkpt>
      <trkpt lat="-18.6260323" lon="127.04818118">
        <ele>343.68</ele>
        <time>2026-09-19T23:35:11Z</time>
        <extensions>
          <geotracker:meta c="4.22" s="26.55" />
        </extensions>
      </trkpt>
      <trkpt lat="-18.62736721" lon="127.04502156">
        <ele>340.48</ele>
        <time>2026-09-19T23:35:25Z</time>
        <extensions>
          <geotracker:meta c="4.37" s="25.73" />
        </extensions>
      </trkpt>
      <trkpt lat="-18.62810838" lon="127.04177397">
        <ele>339.22</ele>
        <time>2026-09-19T23:35:39Z</time>
        <extensions>
          <geotracker:meta c="4.58" s="24.57" />
        </extensions>
      </trkpt>
      <trkpt lat="-18.62849288" lon="127.03847202">
        <ele>338.92</ele>
        <time>2026-09-19T23:35:53Z</time>
        <extensions>
          <geotracker:meta c="4.59" s="25.6" />
        </extensions>
      </trkpt>
      <trkpt lat="-18.62887599" lon="127.03509108">
        <ele>339.06</ele>
        <time>2026-09-19T23:36:07Z</time>
        <extensions>
          <geotracker:meta c="4.58" s="25.1" />
        </extensions>
      </trkpt>
      <trkpt lat="-18.62924471" lon="127.03180469">
        <ele>339.28</ele>
        <time>2026-09-19T23:36:21Z</time>
        <extensions>
          <geotracker:meta c="4.61" s="24.94" />
        </extensions>
      </trkpt>
      <trkpt lat="-18.62962664" lon="127.02846975">
        <ele>340.36</ele>
        <time>2026-09-19T23:36:35Z</time>
        <extensions>
          <geotracker:meta c="4.61" s="25.57" />
        </extensions>
      </trkpt>
      <trkpt lat="-18.62999993" lon="127.02519699">
        <ele>341.62</ele>
        <time>2026-09-19T23:36:49Z</time>
        <extensions>
          <geotracker:meta c="4.64" s="23.89" />
        </extensions>
      </trkpt>
      <trkpt lat="-18.63037026" lon="127.02189105">
        <ele>342.04</ele>
        <time>2026-09-19T23:37:03Z</time>
        <extensions>
          <geotracker:meta c="4.6" s="26.14" />
        </extensions>
      </trkpt>
      <trkpt lat="-18.63076465" lon="127.01838795">
        <ele>341.85</ele>
        <time>2026-09-19T23:37:17Z</time>
        <extensions>
          <geotracker:meta c="4.65" s="26.58" />
        </extensions>
      </trkpt>
      <trkpt lat="-18.63116133" lon="127.01487038">
        <ele>343.21</ele>
        <time>2026-09-19T23:37:31Z</time>
        <extensions>
          <geotracker:meta c="4.58" s="26.17" />
        </extensions>
      </trkpt>
      <trkpt lat="-18.63155362" lon="127.01138829">
        <ele>345.66</ele>
        <time>2026-09-19T23:37:45Z</time>
        <extensions>
          <geotracker:meta c="4.6" s="26.45" />
        </extensions>
      </trkpt>
      <trkpt lat="-18.63195021" lon="127.00795674">
        <ele>349.38</ele>
        <time>2026-09-19T23:37:59Z</time>
        <extensions>
          <geotracker:meta c="4.59" s="25.74" />
        </extensions>
      </trkpt>
      <trkpt lat="-18.63361946" lon="127.00141755">
        <ele>351.58</ele>
        <time>2026-09-19T23:38:27Z</time>
        <extensions>
          <geotracker:meta c="4.38" s="25.75" />
        </extensions>
      </trkpt>
      <trkpt lat="-18.63473853" lon="126.99816541">
        <ele>351.6</ele>
        <time>2026-09-19T23:38:41Z</time>
        <extensions>
          <geotracker:meta c="4.36" s="26.26" />
        </extensions>
      </trkpt>
      <trkpt lat="-18.63568205" lon="126.99488285">
        <ele>350.89</ele>
        <time>2026-09-19T23:38:55Z</time>
        <extensions>
          <geotracker:meta c="4.49" s="25.57" />
        </extensions>
      </trkpt>
      <trkpt lat="-18.6359241" lon="126.99156583">
        <ele>351.55</ele>
        <time>2026-09-19T23:39:09Z</time>
        <extensions>
          <geotracker:meta c="4.67" s="23.83" />
        </extensions>
      </trkpt>
      <trkpt lat="-18.63522269" lon="126.98744371">
        <ele>350.03</ele>
        <time>2026-09-19T23:39:28Z</time>
        <extensions>
          <geotracker:meta c="5.01" s="24.12" />
        </extensions>
      </trkpt>
      <trkpt lat="-18.63403534" lon="126.98432624">
        <ele>350.21</ele>
        <time>2026-09-19T23:39:42Z</time>
        <extensions>
          <geotracker:meta c="5.13" s="26.03" />
        </extensions>
      </trkpt>
      <trkpt lat="-18.63273089" lon="126.98114538">
        <ele>347.86</ele>
        <time>2026-09-19T23:39:56Z</time>
        <extensions>
          <geotracker:meta c="5.09" s="26.24" />
        </extensions>
      </trkpt>
      <trkpt lat="-18.63178418" lon="126.97785959">
        <ele>346.26</ele>
        <time>2026-09-19T23:40:10Z</time>
        <extensions>
          <geotracker:meta c="4.84" s="25.52" />
        </extensions>
      </trkpt>
      <trkpt lat="-18.63179572" lon="126.97455149">
        <ele>343.24</ele>
        <time>2026-09-19T23:40:24Z</time>
        <extensions>
          <geotracker:meta c="4.57" s="24.94" />
        </extensions>
      </trkpt>
      <trkpt lat="-18.63271868" lon="126.97135993">
        <ele>345.16</ele>
        <time>2026-09-19T23:40:38Z</time>
        <extensions>
          <geotracker:meta c="4.27" s="25.36" />
        </extensions>
      </trkpt>
      <trkpt lat="-18.63418703" lon="126.96837554">
        <ele>345.88</ele>
        <time>2026-09-19T23:40:52Z</time>
        <extensions>
          <geotracker:meta c="4.23" s="25.21" />
        </extensions>
      </trkpt>
      <trkpt lat="-18.63568203" lon="126.96540276">
        <ele>345.68</ele>
        <time>2026-09-19T23:41:06Z</time>
        <extensions>
          <geotracker:meta c="4.23" s="25.54" />
        </extensions>
      </trkpt>
      <trkpt lat="-18.63720133" lon="126.96235251">
        <ele>344.61</ele>
        <time>2026-09-19T23:41:20Z</time>
        <extensions>
          <geotracker:meta c="4.24" s="26.16" />
        </extensions>
      </trkpt>
      <trkpt lat="-18.63874339" lon="126.95926396">
        <ele>343.33</ele>
        <time>2026-09-19T23:41:34Z</time>
        <extensions>
          <geotracker:meta c="4.23" s="26.29" />
        </extensions>
      </trkpt>
      <trkpt lat="-18.64028628" lon="126.95619043">
        <ele>342.49</ele>
        <time>2026-09-19T23:41:48Z</time>
        <extensions>
          <geotracker:meta c="4.22" s="25.97" />
        </extensions>
      </trkpt>
      <trkpt lat="-18.64180095" lon="126.95315988">
        <ele>343.04</ele>
        <time>2026-09-19T23:42:02Z</time>
        <extensions>
          <geotracker:meta c="4.23" s="25.72" />
        </extensions>
      </trkpt>
      <trkpt lat="-18.64363741" lon="126.95030861">
        <ele>343.41</ele>
        <time>2026-09-19T23:42:16Z</time>
        <extensions>
          <geotracker:meta c="4.01" s="26.2" />
        </extensions>
      </trkpt>
      <trkpt lat="-18.64611447" lon="126.94790256">
        <ele>343.08</ele>
        <time>2026-09-19T23:42:30Z</time>
        <extensions>
          <geotracker:meta c="3.79" s="27" />
        </extensions>
      </trkpt>
      <trkpt lat="-18.65180076" lon="126.94434744">
        <ele>337.25</ele>
        <time>2026-09-19T23:42:58Z</time>
        <extensions>
          <geotracker:meta c="3.66" s="26.54" />
        </extensions>
      </trkpt>
      <trkpt lat="-18.65464768" lon="126.94232608">
        <ele>336.38</ele>
        <time>2026-09-19T23:43:12Z</time>
        <extensions>
          <geotracker:meta c="3.85" s="27.41" />
        </extensions>
      </trkpt>
      <trkpt lat="-18.65689212" lon="126.93960525">
        <ele>331.31</ele>
        <time>2026-09-19T23:43:26Z</time>
        <extensions>
          <geotracker:meta c="4.12" s="27.03" />
        </extensions>
      </trkpt>
      <trkpt lat="-18.65834762" lon="126.93639212">
        <ele>327.2</ele>
        <time>2026-09-19T23:43:40Z</time>
        <extensions>
          <geotracker:meta c="4.41" s="27.1" />
        </extensions>
      </trkpt>
      <trkpt lat="-18.65900549" lon="126.93287309">
        <ele>325.87</ele>
        <time>2026-09-19T23:43:54Z</time>
        <extensions>
          <geotracker:meta c="4.58" s="27.07" />
        </extensions>
      </trkpt>
      <trkpt lat="-18.65963176" lon="126.92934989">
        <ele>330.62</ele>
        <time>2026-09-19T23:44:08Z</time>
        <extensions>
          <geotracker:meta c="4.44" s="27.1" />
        </extensions>
      </trkpt>
      <trkpt lat="-18.66080191" lon="126.92591954">
        <ele>330.56</ele>
        <time>2026-09-19T23:44:22Z</time>
        <extensions>
          <geotracker:meta c="4.34" s="27.85" />
        </extensions>
      </trkpt>
      <trkpt lat="-18.66208585" lon="126.92252038">
        <ele>331.77</ele>
        <time>2026-09-19T23:44:36Z</time>
        <extensions>
          <geotracker:meta c="4.34" s="27.38" />
        </extensions>
      </trkpt>
      <trkpt lat="-18.66335998" lon="126.91916579">
        <ele>334.52</ele>
        <time>2026-09-19T23:44:50Z</time>
        <extensions>
          <geotracker:meta c="4.33" s="26.97" />
        </extensions>
      </trkpt>
      <trkpt lat="-18.66463095" lon="126.91582028">
        <ele>336.41</ele>
        <time>2026-09-19T23:45:04Z</time>
        <extensions>
          <geotracker:meta c="4.34" s="27.32" />
        </extensions>
      </trkpt>
      <trkpt lat="-18.66585617" lon="126.91255312">
        <ele>332.2</ele>
        <time>2026-09-19T23:45:18Z</time>
        <extensions>
          <geotracker:meta c="4.34" s="26.17" />
        </extensions>
      </trkpt>
      <trkpt lat="-18.66723914" lon="126.90938831">
        <ele>331.56</ele>
        <time>2026-09-19T23:45:32Z</time>
        <extensions>
          <geotracker:meta c="4.18" s="26.74" />
        </extensions>
      </trkpt>
      <trkpt lat="-18.66935923" lon="126.90659658">
        <ele>329.29</ele>
        <time>2026-09-19T23:45:46Z</time>
        <extensions>
          <geotracker:meta c="3.9" s="27.07" />
        </extensions>
      </trkpt>
      <trkpt lat="-18.67211313" lon="126.90450036">
        <ele>329.52</ele>
        <time>2026-09-19T23:46:00Z</time>
        <extensions>
          <geotracker:meta c="3.64" s="26.68" />
        </extensions>
      </trkpt>
      <trkpt lat="-18.67827476" lon="126.90174724">
        <ele>326.13</ele>
        <time>2026-09-19T23:46:28Z</time>
        <extensions>
          <geotracker:meta c="3.54" s="26.71" />
        </extensions>
      </trkpt>
      <trkpt lat="-18.68147628" lon="126.90036412">
        <ele>327.65</ele>
        <time>2026-09-19T23:46:42Z</time>
        <extensions>
          <geotracker:meta c="3.54" s="27.84" />
        </extensions>
      </trkpt>
      <trkpt lat="-18.68463126" lon="126.89897791">
        <ele>324.83</ele>
        <time>2026-09-19T23:46:56Z</time>
        <extensions>
          <geotracker:meta c="3.53" s="27.12" />
        </extensions>
      </trkpt>
      <trkpt lat="-18.68781328" lon="126.89760334">
        <ele>322.13</ele>
        <time>2026-09-19T23:47:10Z</time>
        <extensions>
          <geotracker:meta c="3.53" s="27.49" />
        </extensions>
      </trkpt>
      <trkpt lat="-18.69087868" lon="126.89591619">
        <ele>319.79</ele>
        <time>2026-09-19T23:47:24Z</time>
        <extensions>
          <geotracker:meta c="3.75" s="27.14" />
        </extensions>
      </trkpt>
      <trkpt lat="-18.69339987" lon="126.8934586">
        <ele>316.15</ele>
        <time>2026-09-19T23:47:38Z</time>
        <extensions>
          <geotracker:meta c="4.02" s="27.27" />
        </extensions>
      </trkpt>
      <trkpt lat="-18.69519444" lon="126.89043094">
        <ele>313.41</ele>
        <time>2026-09-19T23:47:52Z</time>
        <extensions>
          <geotracker:meta c="4.24" s="26.78" />
        </extensions>
      </trkpt>
      <trkpt lat="-18.69673803" lon="126.88727698">
        <ele>309.91</ele>
        <time>2026-09-19T23:48:06Z</time>
        <extensions>
          <geotracker:meta c="4.23" s="26.83" />
        </extensions>
      </trkpt>
      <trkpt lat="-18.69826922" lon="126.88411963">
        <ele>310.61</ele>
        <time>2026-09-19T23:48:20Z</time>
        <extensions>
          <geotracker:meta c="4.24" s="26.67" />
        </extensions>
      </trkpt>
      <trkpt lat="-18.69982313" lon="126.88095289">
        <ele>310.23</ele>
        <time>2026-09-19T23:48:34Z</time>
        <extensions>
          <geotracker:meta c="4.23" s="26.97" />
        </extensions>
      </trkpt>
      <trkpt lat="-18.70141036" lon="126.87776289">
        <ele>311.69</ele>
        <time>2026-09-19T23:48:48Z</time>
        <extensions>
          <geotracker:meta c="4.17" s="27.37" />
        </extensions>
      </trkpt>
      <trkpt lat="-18.70371396" lon="126.87508346">
        <ele>310.35</ele>
        <time>2026-09-19T23:49:02Z</time>
        <extensions>
          <geotracker:meta c="3.78" s="27.4" />
        </extensions>
      </trkpt>
      <trkpt lat="-18.70682048" lon="126.87350611">
        <ele>308.37</ele>
        <time>2026-09-19T23:49:16Z</time>
        <extensions>
          <geotracker:meta c="3.4" s="27.14" />
        </extensions>
      </trkpt>
      <trkpt lat="-18.71006717" lon="126.8728977">
        <ele>304.31</ele>
        <time>2026-09-19T23:49:30Z</time>
        <extensions>
          <geotracker:meta c="3.42" s="25.38" />
        </extensions>
      </trkpt>
      <trkpt lat="-18.71628866" lon="126.87074949">
        <ele>301.54</ele>
        <time>2026-09-19T23:49:58Z</time>
        <extensions>
          <geotracker:meta c="3.29" s="26.4" />
        </extensions>
      </trkpt>
      <trkpt lat="-18.71955989" lon="126.87006849">
        <ele>300.11</ele>
        <time>2026-09-19T23:50:12Z</time>
        <extensions>
          <geotracker:meta c="3.48" s="26.62" />
        </extensions>
      </trkpt>
      <trkpt lat="-18.72241979" lon="126.86830519">
        <ele>297.55</ele>
        <time>2026-09-19T23:50:26Z</time>
        <extensions>
          <geotracker:meta c="3.84" s="23.99" />
        </extensions>
      </trkpt>
      <trkpt lat="-18.72388309" lon="126.8666338">
        <ele>297.22</ele>
        <time>2026-09-19T23:50:40Z</time>
        <extensions>
          <geotracker:meta c="4.03" s="11.57" />
        </extensions>
      </trkpt>
      <trkpt lat="-18.72445818" lon="126.8658602">
        <ele>297.57</ele>
        <time>2026-09-19T23:51:22Z</time>
        <extensions>
          <geotracker:meta c="4.04" s="8.85" />
        </extensions>
      </trkpt>
      <trkpt lat="-18.72543315" lon="126.86455837">
        <ele>297.25</ele>
        <time>2026-09-19T23:51:36Z</time>
        <extensions>
          <geotracker:meta c="4.03" s="15.49" />
        </extensions>
      </trkpt>
      <trkpt lat="-18.72684906" lon="126.86268428">
        <ele>297.22</ele>
        <time>2026-09-19T23:51:50Z</time>
        <extensions>
          <geotracker:meta c="4.04" s="20.22" />
        </extensions>
      </trkpt>
      <trkpt lat="-18.72824127" lon="126.86082142">
        <ele>299</ele>
        <time>2026-09-19T23:52:04Z</time>
        <extensions>
          <geotracker:meta c="4.05" s="14.38" />
        </extensions>
      </trkpt>
      <trkpt lat="-18.72911579" lon="126.86076101">
        <ele>299.36</ele>
        <time>2026-09-19T23:52:18Z</time>
        <extensions>
          <geotracker:meta c="2.39" s="8.38" />
        </extensions>
      </trkpt>
      <trkpt lat="-18.72973667" lon="126.86158365">
        <ele>298.81</ele>
        <time>2026-09-19T23:52:32Z</time>
        <extensions>
          <geotracker:meta c="1.84" s="10.41" />
        </extensions>
      </trkpt>
      <trkpt lat="-18.72987888" lon="126.86322395">
        <ele>294.83</ele>
        <time>2026-09-19T23:52:46Z</time>
        <extensions>
          <geotracker:meta c="1.63" s="14.24" />
        </extensions>
      </trkpt>
      <trkpt lat="-18.72997122" lon="126.86509177">
        <ele>294.83</ele>
        <time>2026-09-19T23:53:00Z</time>
        <extensions>
          <geotracker:meta c="1.62" s="13.63" />
        </extensions>
      </trkpt>
      <trkpt lat="-18.72847038" lon="126.86822398">
        <ele>295.62</ele>
        <time>2026-09-19T23:53:28Z</time>
        <extensions>
          <geotracker:meta c="1.19" s="17.2" />
        </extensions>
      </trkpt>
      <trkpt lat="-18.72765326" lon="126.87045454">
        <ele>294.91</ele>
        <time>2026-09-19T23:53:42Z</time>
        <extensions>
          <geotracker:meta c="1.13" s="15.71" />
        </extensions>
      </trkpt>
      <trkpt lat="-18.72695369" lon="126.87138592">
        <ele>291.42</ele>
        <time>2026-09-19T23:53:56Z</time>
        <extensions>
          <geotracker:meta c="0.76" s="1.78" />
        </extensions>
      </trkpt>
      <trkpt lat="-18.72680446" lon="126.87190863">
        <ele>291.43</ele>
        <time>2026-09-19T23:54:24Z</time>
        <extensions>
          <geotracker:meta c="0.09" s="1.72" />
        </extensions>
      </trkpt>
      <trkpt lat="-18.72670244" lon="126.87187383">
        <ele>295.66</ele>
        <time>2026-09-20T00:20:37Z</time>
        <extensions>
          <geotracker:meta c="2.97" s="0.92" />
        </extensions>
      </trkpt>
      <trkpt lat="-18.7270135" lon="126.87273014">
        <ele>294</ele>
        <time>2026-09-20T01:03:50Z</time>
        <extensions>
          <geotracker:meta c="1.69" s="1.26" />
        </extensions>
      </trkpt>
      <trkpt lat="-18.72706638" lon="126.87289061">
        <ele>294.11</ele>
        <time>2026-09-20T01:06:46Z</time>
        <extensions>
          <geotracker:meta c="5.21" s="1.44" />
        </extensions>
      </trkpt>
      <trkpt lat="-18.72659789" lon="126.87185826">
        <ele>294.04</ele>
        <time>2026-09-20T01:08:10Z</time>
        <extensions>
          <geotracker:meta c="4.97" s="0.96" />
        </extensions>
      </trkpt>
      <trkpt lat="-18.72936724" lon="126.86707226">
        <ele>297.57</ele>
        <time>2026-09-20T01:47:59Z</time>
        <extensions>
          <geotracker:meta c="3.82" s="12.48" />
        </extensions>
      </trkpt>
      <trkpt lat="-18.72961856" lon="126.86127601">
        <ele>301.78</ele>
        <time>2026-09-20T01:48:45Z</time>
        <extensions>
          <geotracker:meta c="5.23" s="10.54" />
        </extensions>
      </trkpt>
      <trkpt lat="-18.73065592" lon="126.85782344">
        <ele>299.99</ele>
        <time>2026-09-20T01:49:30Z</time>
        <extensions>
          <geotracker:meta c="3.97" s="22.28" />
        </extensions>
      </trkpt>
      <trkpt lat="-18.73464824" lon="126.85322808">
        <ele>295.09</ele>
        <time>2026-09-20T01:49:56Z</time>
        <extensions>
          <geotracker:meta c="3.97" s="25.79" />
        </extensions>
      </trkpt>
      <trkpt lat="-18.73695801" lon="126.85056604">
        <ele>295.24</ele>
        <time>2026-09-20T01:50:11Z</time>
        <extensions>
          <geotracker:meta c="3.98" s="25.14" />
        </extensions>
      </trkpt>
      <trkpt lat="-18.73929508" lon="126.84787916">
        <ele>299.92</ele>
        <time>2026-09-20T01:50:26Z</time>
        <extensions>
          <geotracker:meta c="3.98" s="25.65" />
        </extensions>
      </trkpt>
      <trkpt lat="-18.74398482" lon="126.84242989">
        <ele>307.63</ele>
        <time>2026-09-20T01:50:55Z</time>
        <extensions>
          <geotracker:meta c="3.98" s="26.5" />
        </extensions>
      </trkpt>
    </trkseg>
    <trkseg>
      <trkpt lat="-18.75408705" lon="126.81179541">
        <ele>314.77</ele>
        <time>2026-09-20T01:53:10Z</time>
        <extensions>
          <geotracker:meta c="4.71" s="24.36" />
        </extensions>
      </trkpt>
      <trkpt lat="-18.75380681" lon="126.80824905">
        <ele>308</ele>
        <time>2026-09-20T01:53:25Z</time>
        <extensions>
          <geotracker:meta c="4.83" s="25.47" />
        </extensions>
      </trkpt>
      <trkpt lat="-18.75337686" lon="126.80463766">
        <ele>294.59</ele>
        <time>2026-09-20T01:53:40Z</time>
        <extensions>
          <geotracker:meta c="4.83" s="26.28" />
        </extensions>
      </trkpt>
      <trkpt lat="-18.75298164" lon="126.80086919">
        <ele>301.35</ele>
        <time>2026-09-20T01:53:55Z</time>
        <extensions>
          <geotracker:meta c="4.83" s="26.58" />
        </extensions>
      </trkpt>
      <trkpt lat="-18.75256846" lon="126.79711286">
        <ele>309.44</ele>
        <time>2026-09-20T01:54:10Z</time>
        <extensions>
          <geotracker:meta c="4.82" s="26.2" />
        </extensions>
      </trkpt>
      <trkpt lat="-18.75205921" lon="126.78952565">
        <ele>305.32</ele>
        <time>2026-09-20T01:54:40Z</time>
        <extensions>
          <geotracker:meta c="4.78" s="26.6" />
        </extensions>
      </trkpt>
      <trkpt lat="-18.75279985" lon="126.78222219">
        <ele>305.07</ele>
        <time>2026-09-20T01:55:10Z</time>
        <extensions>
          <geotracker:meta c="4.42" s="24.77" />
        </extensions>
      </trkpt>
      <trkpt lat="-18.75372694" lon="126.77884268">
        <ele>303.71</ele>
        <time>2026-09-20T01:55:25Z</time>
        <extensions>
          <geotracker:meta c="4.43" s="25.34" />
        </extensions>
      </trkpt>
      <trkpt lat="-18.75573398" lon="126.77154275">
        <ele>311.13</ele>
        <time>2026-09-20T01:55:55Z</time>
        <extensions>
          <geotracker:meta c="4.43" s="27.47" />
        </extensions>
      </trkpt>
    </trkseg>
    <trkseg>
      <trkpt lat="-18.78812245" lon="126.57282345">
        <ele>314.98</ele>
        <time>2026-09-20T02:09:55Z</time>
        <extensions>
          <geotracker:meta c="4.23" s="24.99" />
        </extensions>
      </trkpt>
      <trkpt lat="-18.79218979" lon="126.56462491">
        <ele>306.65</ele>
        <time>2026-09-20T02:10:32Z</time>
        <extensions>
          <geotracker:meta c="4.24" s="26.77" />
        </extensions>
      </trkpt>
      <trkpt lat="-18.79390649" lon="126.56114987">
        <ele>303.11</ele>
        <time>2026-09-20T02:10:47Z</time>
        <extensions>
          <geotracker:meta c="4.23" s="27.9" />
        </extensions>
      </trkpt>
      <trkpt lat="-18.79553734" lon="126.5576473">
        <ele>296.61</ele>
        <time>2026-09-20T02:11:02Z</time>
        <extensions>
          <geotracker:meta c="4.32" s="27.32" />
        </extensions>
      </trkpt>
    </trkseg>
    <trkseg>
      <trkpt lat="-18.74413064" lon="126.17108914">
        <ele>304.23</ele>
        <time>2026-09-20T02:36:44Z</time>
        <extensions>
          <geotracker:meta c="4.82" s="28.31" />
        </extensions>
      </trkpt>
      <trkpt lat="-18.74373134" lon="126.16714983">
        <ele>307.04</ele>
        <time>2026-09-20T02:36:59Z</time>
        <extensions>
          <geotracker:meta c="4.78" s="27.61" />
        </extensions>
      </trkpt>
      <trkpt lat="-18.74421114" lon="126.15948704">
        <ele>309.61</ele>
        <time>2026-09-20T02:37:29Z</time>
        <extensions>
          <geotracker:meta c="4.53" s="26.57" />
        </extensions>
      </trkpt>
      <trkpt lat="-18.74557288" lon="126.15216429">
        <ele>316.33</ele>
        <time>2026-09-20T02:37:59Z</time>
        <extensions>
          <geotracker:meta c="4.53" s="23.59" />
        </extensions>
      </trkpt>
      <trkpt lat="-18.74645648" lon="126.14726608">
        <ele>317.72</ele>
        <time>2026-09-20T02:51:07Z</time>
        <extensions>
          <geotracker:meta c="4.5" s="7.52" />
        </extensions>
      </trkpt>
      <trkpt lat="-18.74777577" lon="126.13994166">
        <ele>317.05</ele>
        <time>2026-09-20T02:51:51Z</time>
        <extensions>
          <geotracker:meta c="4.53" s="23.19" />
        </extensions>
      </trkpt>
      <trkpt lat="-18.74940499" lon="126.1308211">
        <ele>325.7</ele>
        <time>2026-09-20T02:52:30Z</time>
        <extensions>
          <geotracker:meta c="4.52" s="24.86" />
        </extensions>
      </trkpt>
      <trkpt lat="-18.75062673" lon="126.12371023">
        <ele>323.69</ele>
        <time>2026-09-20T02:53:00Z</time>
        <extensions>
          <geotracker:meta c="4.63" s="25.33" />
        </extensions>
      </trkpt>
    </trkseg>
    <trkseg>
      <trkpt lat="-18.51580663" lon="125.75437595">
        <ele>179.23</ele>
        <time>2026-09-20T03:26:30Z</time>
        <extensions>
          <geotracker:meta c="6.27" s="26.13" />
        </extensions>
      </trkpt>
    </trkseg>
    <trkseg>
      <trkpt lat="-18.23886617" lon="125.59499265">
        <ele>136.6</ele>
        <time>2026-09-20T03:51:19Z</time>
        <extensions>
          <geotracker:meta c="5.65" s="25.76" />
        </extensions>
      </trkpt>
      <trkpt lat="-18.23669771" lon="125.59292792">
        <ele>131.92</ele>
        <time>2026-09-20T03:51:32Z</time>
        <extensions>
          <geotracker:meta c="5.46" s="23.68" />
        </extensions>
      </trkpt>
      <trkpt lat="-18.23489362" lon="125.59054259">
        <ele>135.33</ele>
        <time>2026-09-20T03:51:47Z</time>
        <extensions>
          <geotracker:meta c="5.35" s="19.15" />
        </extensions>
      </trkpt>
      <trkpt lat="-18.23214098" lon="125.58673107">
        <ele>136.83</ele>
        <time>2026-09-20T03:52:17Z</time>
        <extensions>
          <geotracker:meta c="5.36" s="16.33" />
        </extensions>
      </trkpt>
    </trkseg>
    <trkseg>
      <trkpt lat="-18.19707148" lon="125.56814011">
        <ele>137.9</ele>
        <time>2026-09-20T03:57:32Z</time>
        <extensions>
          <geotracker:meta c="0.78" s="7.91" />
        </extensions>
      </trkpt>
      <trkpt lat="-18.1950583" lon="125.5688103">
        <ele>138.04</ele>
        <time>2026-09-20T03:58:02Z</time>
        <extensions>
          <geotracker:meta c="5.69" s="6.24" />
        </extensions>
      </trkpt>
      <trkpt lat="-18.19421397" lon="125.5681912">
        <ele>136.95</ele>
        <time>2026-09-20T04:27:35Z</time>
        <extensions>
          <geotracker:meta c="1.32" s="3.85" />
        </extensions>
      </trkpt>
      <trkpt lat="-18.19425906" lon="125.56888083">
        <ele>136.57</ele>
        <time>2026-09-20T04:28:06Z</time>
        <extensions>
          <geotracker:meta c="2.07" s="2.09" />
        </extensions>
      </trkpt>
      <trkpt lat="-18.19627604" lon="125.56554448">
        <ele>139.89</ele>
        <time>2026-09-20T04:54:15Z</time>
        <extensions>
          <geotracker:meta c="5.62" s="13.27" />
        </extensions>
      </trkpt>
      <trkpt lat="-18.19473955" lon="125.5636977">
        <ele>142.27</ele>
        <time>2026-09-20T04:54:32Z</time>
        <extensions>
          <geotracker:meta c="5.27" s="16.71" />
        </extensions>
      </trkpt>
      <trkpt lat="-18.19390513" lon="125.56149401">
        <ele>141.67</ele>
        <time>2026-09-20T04:54:46Z</time>
        <extensions>
          <geotracker:meta c="4.95" s="18.33" />
        </extensions>
      </trkpt>
      <trkpt lat="-18.19347006" lon="125.5588951">
        <ele>137.76</ele>
        <time>2026-09-20T04:55:00Z</time>
        <extensions>
          <geotracker:meta c="4.88" s="21.69" />
        </extensions>
      </trkpt>
      <trkpt lat="-18.19300876" lon="125.55598512">
        <ele>134.07</ele>
        <time>2026-09-20T04:55:14Z</time>
        <extensions>
          <geotracker:meta c="4.88" s="22.35" />
        </extensions>
      </trkpt>
      <trkpt lat="-18.19253628" lon="125.55297942">
        <ele>134.05</ele>
        <time>2026-09-20T04:55:28Z</time>
        <extensions>
          <geotracker:meta c="4.89" s="24.25" />
        </extensions>
      </trkpt>
      <trkpt lat="-18.19205663" lon="125.54993504">
        <ele>134.2</ele>
        <time>2026-09-20T04:55:42Z</time>
        <extensions>
          <geotracker:meta c="4.88" s="21.34" />
        </extensions>
      </trkpt>
      <trkpt lat="-18.19162188" lon="125.54716078">
        <ele>134.78</ele>
        <time>2026-09-20T04:55:56Z</time>
        <extensions>
          <geotracker:meta c="4.88" s="21.41" />
        </extensions>
      </trkpt>
      <trkpt lat="-18.19118077" lon="125.54434147">
        <ele>136.53</ele>
        <time>2026-09-20T04:56:10Z</time>
        <extensions>
          <geotracker:meta c="4.88" s="21.34" />
        </extensions>
      </trkpt>
      <trkpt lat="-18.19073368" lon="125.54152369">
        <ele>138.87</ele>
        <time>2026-09-20T04:56:24Z</time>
        <extensions>
          <geotracker:meta c="4.87" s="22.25" />
        </extensions>
      </trkpt>
      <trkpt lat="-18.19028554" lon="125.53869871">
        <ele>139.17</ele>
        <time>2026-09-20T04:56:38Z</time>
        <extensions>
          <geotracker:meta c="4.88" s="22.01" />
        </extensions>
      </trkpt>
      <trkpt lat="-18.18981624" lon="125.53578124">
        <ele>139.03</ele>
        <time>2026-09-20T04:56:52Z</time>
        <extensions>
          <geotracker:meta c="4.88" s="22.48" />
        </extensions>
      </trkpt>
      <trkpt lat="-18.18933606" lon="125.53274711">
        <ele>138.43</ele>
        <time>2026-09-20T04:57:06Z</time>
        <extensions>
          <geotracker:meta c="4.87" s="23.85" />
        </extensions>
      </trkpt>
      <trkpt lat="-18.18882532" lon="125.52956963">
        <ele>138.73</ele>
        <time>2026-09-20T04:57:20Z</time>
        <extensions>
          <geotracker:meta c="4.88" s="25.01" />
        </extensions>
      </trkpt>
      <trkpt lat="-18.18676663" lon="125.52341461">
        <ele>141.06</ele>
        <time>2026-09-20T04:57:48Z</time>
        <extensions>
          <geotracker:meta c="5.37" s="24.54" />
        </extensions>
      </trkpt>
      <trkpt lat="-18.18123758" lon="125.52024727">
        <ele>146.41</ele>
        <time>2026-09-20T04:58:16Z</time>
        <extensions>
          <geotracker:meta c="6.15" s="25.92" />
        </extensions>
      </trkpt>
      <trkpt lat="-18.17793519" lon="125.51995397">
        <ele>145.08</ele>
        <time>2026-09-20T04:58:30Z</time>
        <extensions>
          <geotracker:meta c="6.2" s="26.55" />
        </extensions>
      </trkpt>
    </trkseg>
    <trkseg>
      <trkpt lat="-18.14296824" lon="125.49705091">
        <ele>143.65</ele>
        <time>2026-09-20T05:01:46Z</time>
        <extensions>
          <geotracker:meta c="5.23" s="25.31" />
        </extensions>
      </trkpt>
      <trkpt lat="-18.14138649" lon="125.49412903">
        <ele>142.04</ele>
        <time>2026-09-20T05:02:00Z</time>
        <extensions>
          <geotracker:meta c="5.24" s="25.7" />
        </extensions>
      </trkpt>
      <trkpt lat="-18.13979985" lon="125.49122212">
        <ele>140.76</ele>
        <time>2026-09-20T05:02:14Z</time>
        <extensions>
          <geotracker:meta c="5.23" s="24.92" />
        </extensions>
      </trkpt>
      <trkpt lat="-18.13823319" lon="125.48833726">
        <ele>142.26</ele>
        <time>2026-09-20T05:02:28Z</time>
        <extensions>
          <geotracker:meta c="5.23" s="25.03" />
        </extensions>
      </trkpt>
    </trkseg>
    <trkseg>
      <trkpt lat="-18.11864218" lon="125.4523496">
        <ele>153.11</ele>
        <time>2026-09-20T05:05:30Z</time>
        <extensions>
          <geotracker:meta c="5.23" s="23.2" />
        </extensions>
      </trkpt>
      <trkpt lat="-18.1157534" lon="125.44706258">
        <ele>152.51</ele>
        <time>2026-09-20T05:05:58Z</time>
        <extensions>
          <geotracker:meta c="5.22" s="23.01" />
        </extensions>
      </trkpt>
      <trkpt lat="-18.11278902" lon="125.44158601">
        <ele>158.36</ele>
        <time>2026-09-20T05:06:26Z</time>
        <extensions>
          <geotracker:meta c="5.23" s="24.4" />
        </extensions>
      </trkpt>
      <trkpt lat="-18.10964064" lon="125.43578803">
        <ele>159.05</ele>
        <time>2026-09-20T05:06:54Z</time>
        <extensions>
          <geotracker:meta c="5.23" s="25.24" />
        </extensions>
      </trkpt>
      <trkpt lat="-18.10806278" lon="125.43290993">
        <ele>159.78</ele>
        <time>2026-09-20T05:07:08Z</time>
        <extensions>
          <geotracker:meta c="5.23" s="25" />
        </extensions>
      </trkpt>
      <trkpt lat="-18.10477675" lon="125.42684697">
        <ele>161.54</ele>
        <time>2026-09-20T05:07:36Z</time>
        <extensions>
          <geotracker:meta c="5.23" s="26.61" />
        </extensions>
      </trkpt>
      <trkpt lat="-18.10311028" lon="125.42377914">
        <ele>162.78</ele>
        <time>2026-09-20T05:07:50Z</time>
        <extensions>
          <geotracker:meta c="5.23" s="26.6" />
        </extensions>
      </trkpt>
      <trkpt lat="-18.10144084" lon="125.42070346">
        <ele>165.59</ele>
        <time>2026-09-20T05:08:04Z</time>
        <extensions>
          <geotracker:meta c="5.23" s="27.29" />
        </extensions>
      </trkpt>
      <trkpt lat="-18.09975326" lon="125.41759181">
        <ele>169.57</ele>
        <time>2026-09-20T05:08:18Z</time>
        <extensions>
          <geotracker:meta c="5.22" s="25.72" />
        </extensions>
      </trkpt>
      <trkpt lat="-18.09818251" lon="125.41473394">
        <ele>172.33</ele>
        <time>2026-09-20T05:08:32Z</time>
        <extensions>
          <geotracker:meta c="5.23" s="24.54" />
        </extensions>
      </trkpt>
      <trkpt lat="-18.09668256" lon="125.41197476">
        <ele>173.05</ele>
        <time>2026-09-20T05:08:46Z</time>
        <extensions>
          <geotracker:meta c="5.23" s="24" />
        </extensions>
      </trkpt>
      <trkpt lat="-18.09517823" lon="125.40920366">
        <ele>173.7</ele>
        <time>2026-09-20T05:09:00Z</time>
        <extensions>
          <geotracker:meta c="5.23" s="24.74" />
        </extensions>
      </trkpt>
      <trkpt lat="-18.09359275" lon="125.40627794">
        <ele>175.7</ele>
        <time>2026-09-20T05:09:14Z</time>
        <extensions>
          <geotracker:meta c="5.23" s="25.56" />
        </extensions>
      </trkpt>
      <trkpt lat="-18.08922289" lon="125.4012429">
        <ele>175.97</ele>
        <time>2026-09-20T05:09:42Z</time>
        <extensions>
          <geotracker:meta c="5.6" s="26.67" />
        </extensions>
      </trkpt>
      <trkpt lat="-18.08604606" lon="125.39854177">
        <ele>176.52</ele>
        <time>2026-09-20T05:09:59Z</time>
        <extensions>
          <geotracker:meta c="5.61" s="26.21" />
        </extensions>
      </trkpt>
      <trkpt lat="-18.0835071" lon="125.39637797">
        <ele>177.2</ele>
        <time>2026-09-20T05:10:13Z</time>
        <extensions>
          <geotracker:meta c="5.59" s="24.12" />
        </extensions>
      </trkpt>
      <trkpt lat="-18.08127939" lon="125.3944702">
        <ele>180.18</ele>
        <time>2026-09-20T05:10:27Z</time>
        <extensions>
          <geotracker:meta c="5.6" s="23.85" />
        </extensions>
      </trkpt>
      <trkpt lat="-18.0788115" lon="125.39237231">
        <ele>183.24</ele>
        <time>2026-09-20T05:10:41Z</time>
        <extensions>
          <geotracker:meta c="5.6" s="25.38" />
        </extensions>
      </trkpt>
      <trkpt lat="-18.07380971" lon="125.38809601">
        <ele>183.1</ele>
        <time>2026-09-20T05:11:09Z</time>
        <extensions>
          <geotracker:meta c="5.59" s="25.56" />
        </extensions>
      </trkpt>
      <trkpt lat="-18.06873467" lon="125.38377406">
        <ele>180.41</ele>
        <time>2026-09-20T05:11:37Z</time>
        <extensions>
          <geotracker:meta c="5.6" s="26.55" />
        </extensions>
      </trkpt>
      <trkpt lat="-18.06615851" lon="125.38157776">
        <ele>176.84</ele>
        <time>2026-09-20T05:11:51Z</time>
        <extensions>
          <geotracker:meta c="5.61" s="25.65" />
        </extensions>
      </trkpt>
      <trkpt lat="-18.06363493" lon="125.37944062">
        <ele>174.67</ele>
        <time>2026-09-20T05:12:05Z</time>
        <extensions>
          <geotracker:meta c="5.59" s="25.48" />
        </extensions>
      </trkpt>
    </trkseg>
    <trkseg>
      <trkpt lat="-18.03001057" lon="125.33887689">
        <ele>185.91</ele>
        <time>2026-09-20T05:15:49Z</time>
        <extensions>
          <geotracker:meta c="5.35" s="23.95" />
        </extensions>
      </trkpt>
      <trkpt lat="-18.02813514" lon="125.33623083">
        <ele>185.64</ele>
        <time>2026-09-20T05:16:03Z</time>
        <extensions>
          <geotracker:meta c="5.35" s="25.18" />
        </extensions>
      </trkpt>
      <trkpt lat="-18.02628316" lon="125.33360752">
        <ele>186.48</ele>
        <time>2026-09-20T05:16:17Z</time>
        <extensions>
          <geotracker:meta c="5.35" s="24.66" />
        </extensions>
      </trkpt>
      <trkpt lat="-18.02250449" lon="125.32824366">
        <ele>193.58</ele>
        <time>2026-09-20T05:16:45Z</time>
        <extensions>
          <geotracker:meta c="5.35" s="24.96" />
        </extensions>
      </trkpt>
      <trkpt lat="-18.01917986" lon="125.32271868">
        <ele>192.45</ele>
        <time>2026-09-20T05:17:13Z</time>
        <extensions>
          <geotracker:meta c="5.19" s="24.27" />
        </extensions>
      </trkpt>
      <trkpt lat="-18.01627037" lon="125.31696698">
        <ele>197.95</ele>
        <time>2026-09-20T05:17:41Z</time>
        <extensions>
          <geotracker:meta c="5.2" s="24.37" />
        </extensions>
      </trkpt>
    </trkseg>
    <trkseg>
      <trkpt lat="-17.994327" lon="125.26999461">
        <ele>227.39</ele>
        <time>2026-09-20T05:21:25Z</time>
        <extensions>
          <geotracker:meta c="4.98" s="24.77" />
        </extensions>
      </trkpt>
      <trkpt lat="-17.99258872" lon="125.26362818">
        <ele>233.48</ele>
        <time>2026-09-20T05:21:53Z</time>
        <extensions>
          <geotracker:meta c="4.99" s="24.93" />
        </extensions>
      </trkpt>
      <trkpt lat="-17.99170953" lon="125.2604188">
        <ele>236.77</ele>
        <time>2026-09-20T05:22:07Z</time>
        <extensions>
          <geotracker:meta c="4.98" s="25.23" />
        </extensions>
      </trkpt>
      <trkpt lat="-17.99086271" lon="125.25728045">
        <ele>244.82</ele>
        <time>2026-09-20T05:22:21Z</time>
        <extensions>
          <geotracker:meta c="4.99" s="24.54" />
        </extensions>
      </trkpt>
      <trkpt lat="-17.98998881" lon="125.2541168">
        <ele>249.95</ele>
        <time>2026-09-20T05:22:35Z</time>
        <extensions>
          <geotracker:meta c="4.99" s="24.7" />
        </extensions>
      </trkpt>
      <trkpt lat="-17.9891192" lon="125.25094856">
        <ele>251.32</ele>
        <time>2026-09-20T05:22:49Z</time>
        <extensions>
          <geotracker:meta c="5" s="25.43" />
        </extensions>
      </trkpt>
      <trkpt lat="-17.98826878" lon="125.24784493">
        <ele>256.97</ele>
        <time>2026-09-20T05:23:03Z</time>
        <extensions>
          <geotracker:meta c="5" s="22.69" />
        </extensions>
      </trkpt>
      <trkpt lat="-17.98759113" lon="125.24539527">
        <ele>261.13</ele>
        <time>2026-09-20T05:23:17Z</time>
        <extensions>
          <geotracker:meta c="4.97" s="18.7" />
        </extensions>
      </trkpt>
      <trkpt lat="-17.98709814" lon="125.24364615">
        <ele>264.41</ele>
        <time>2026-09-20T05:23:31Z</time>
        <extensions>
          <geotracker:meta c="5.34" s="6.41" />
        </extensions>
      </trkpt>
      <trkpt lat="-17.98647661" lon="125.24399724">
        <ele>263.55</ele>
        <time>2026-09-20T05:23:45Z</time>
        <extensions>
          <geotracker:meta c="0.81" s="6.47" />
        </extensions>
      </trkpt>
      <trkpt lat="-17.98561408" lon="125.24472079">
        <ele>263.78</ele>
        <time>2026-09-20T05:23:59Z</time>
        <extensions>
          <geotracker:meta c="0.83" s="11.96" />
        </extensions>
      </trkpt>
      <trkpt lat="-17.98201043" lon="125.24743402">
        <ele>255.98</ele>
        <time>2026-09-20T05:24:41Z</time>
        <extensions>
          <geotracker:meta c="0.47" s="1.49" />
        </extensions>
      </trkpt>
      <trkpt lat="-17.98141455" lon="125.24774213">
        <ele>254.48</ele>
        <time>2026-09-20T05:27:29Z</time>
        <extensions>
          <geotracker:meta c="0.46" s="9.24" />
        </extensions>
      </trkpt>
      <trkpt lat="-17.97988477" lon="125.24853472">
        <ele>250.51</ele>
        <time>2026-09-20T05:27:46Z</time>
        <extensions>
          <geotracker:meta c="0.45" s="14.26" />
        </extensions>
      </trkpt>
      <trkpt lat="-17.97818503" lon="125.24941786">
        <ele>247.98</ele>
        <time>2026-09-20T05:28:00Z</time>
        <extensions>
          <geotracker:meta c="0.46" s="15.84" />
        </extensions>
      </trkpt>
      <trkpt lat="-17.97628825" lon="125.25041419">
        <ele>247.18</ele>
        <time>2026-09-20T05:28:14Z</time>
        <extensions>
          <geotracker:meta c="0.46" s="17.67" />
        </extensions>
      </trkpt>
      <trkpt lat="-17.97431462" lon="125.25145393">
        <ele>245.72</ele>
        <time>2026-09-20T05:28:28Z</time>
        <extensions>
          <geotracker:meta c="0.45" s="17.69" />
        </extensions>
      </trkpt>
      <trkpt lat="-17.97227857" lon="125.25250606">
        <ele>245.32</ele>
        <time>2026-09-20T05:28:42Z</time>
        <extensions>
          <geotracker:meta c="0.46" s="17.88" />
        </extensions>
      </trkpt>
      <trkpt lat="-17.96596857" lon="125.25580055">
        <ele>239.47</ele>
        <time>2026-09-20T05:29:24Z</time>
        <extensions>
          <geotracker:meta c="0.48" s="16.97" />
        </extensions>
      </trkpt>
      <trkpt lat="-17.95956173" lon="125.25913274">
        <ele>241.16</ele>
        <time>2026-09-20T05:30:06Z</time>
        <extensions>
          <geotracker:meta c="0.46" s="20.3" />
        </extensions>
      </trkpt>
      <trkpt lat="-17.9549983" lon="125.26149026">
        <ele>237.64</ele>
        <time>2026-09-20T05:30:34Z</time>
        <extensions>
          <geotracker:meta c="0.48" s="20.75" />
        </extensions>
      </trkpt>
    </trkseg>
    <trkseg>
      <trkpt lat="-17.92706336" lon="125.27538726">
        <ele>216.32</ele>
        <time>2026-09-20T05:33:50Z</time>
        <extensions>
          <geotracker:meta c="0.72" s="19.17" />
        </extensions>
      </trkpt>
      <trkpt lat="-17.92515363" lon="125.27697901">
        <ele>217.71</ele>
        <time>2026-09-20T05:34:04Z</time>
        <extensions>
          <geotracker:meta c="0.69" s="19.51" />
        </extensions>
      </trkpt>
      <trkpt lat="-17.92336042" lon="125.27848951">
        <ele>219.83</ele>
        <time>2026-09-20T05:34:18Z</time>
        <extensions>
          <geotracker:meta c="0.68" s="17.03" />
        </extensions>
      </trkpt>
      <trkpt lat="-17.92154517" lon="125.2797229">
        <ele>221.35</ele>
        <time>2026-09-20T05:34:32Z</time>
        <extensions>
          <geotracker:meta c="0.5" s="13.98" />
        </extensions>
      </trkpt>
      <trkpt lat="-17.91982647" lon="125.2806082">
        <ele>225.17</ele>
        <time>2026-09-20T05:34:46Z</time>
        <extensions>
          <geotracker:meta c="0.27" s="17.65" />
        </extensions>
      </trkpt>
      <trkpt lat="-17.91806382" lon="125.28111705">
        <ele>228.9</ele>
        <time>2026-09-20T05:35:00Z</time>
        <extensions>
          <geotracker:meta c="0.49" s="13.92" />
        </extensions>
      </trkpt>
      <trkpt lat="-17.91653075" lon="125.28207344">
        <ele>230.43</ele>
        <time>2026-09-20T05:35:14Z</time>
        <extensions>
          <geotracker:meta c="0.49" s="15.01" />
        </extensions>
      </trkpt>
      <trkpt lat="-17.91495298" lon="125.28288591">
        <ele>232.15</ele>
        <time>2026-09-20T05:35:28Z</time>
        <extensions>
          <geotracker:meta c="0.31" s="11.44" />
        </extensions>
      </trkpt>
      <trkpt lat="-17.91214859" lon="125.28376358">
        <ele>231.62</ele>
        <time>2026-09-20T05:35:56Z</time>
        <extensions>
          <geotracker:meta c="0.27" s="14.84" />
        </extensions>
      </trkpt>
      <trkpt lat="-17.91043365" lon="125.28425845">
        <ele>231.02</ele>
        <time>2026-09-20T05:36:10Z</time>
        <extensions>
          <geotracker:meta c="0.16" s="13.39" />
        </extensions>
      </trkpt>
      <trkpt lat="-17.90916188" lon="125.2853292">
        <ele>230.68</ele>
        <time>2026-09-20T05:36:24Z</time>
        <extensions>
          <geotracker:meta c="1.25" s="14.83" />
        </extensions>
      </trkpt>
      <trkpt lat="-17.9091371" lon="125.28747687">
        <ele>232.41</ele>
        <time>2026-09-20T05:36:38Z</time>
        <extensions>
          <geotracker:meta c="1.77" s="17.95" />
        </extensions>
      </trkpt>
      <trkpt lat="-17.90960108" lon="125.28981862">
        <ele>232.7</ele>
        <time>2026-09-20T05:36:52Z</time>
        <extensions>
          <geotracker:meta c="1.78" s="16.61" />
        </extensions>
      </trkpt>
      <trkpt lat="-17.91005162" lon="125.29212229">
        <ele>233.67</ele>
        <time>2026-09-20T05:37:06Z</time>
        <extensions>
          <geotracker:meta c="1.86" s="18.19" />
        </extensions>
      </trkpt>
      <trkpt lat="-17.91095579" lon="125.29433611">
        <ele>233.18</ele>
        <time>2026-09-20T05:37:20Z</time>
        <extensions>
          <geotracker:meta c="2.02" s="17.61" />
        </extensions>
      </trkpt>
      <trkpt lat="-17.91169205" lon="125.29657127">
        <ele>229.68</ele>
        <time>2026-09-20T05:37:34Z</time>
        <extensions>
          <geotracker:meta c="1.67" s="17.66" />
        </extensions>
      </trkpt>
      <trkpt lat="-17.91160303" lon="125.29888512">
        <ele>228.49</ele>
        <time>2026-09-20T05:37:48Z</time>
        <extensions>
          <geotracker:meta c="1.45" s="17.08" />
        </extensions>
      </trkpt>
      <trkpt lat="-17.91139991" lon="125.30114834">
        <ele>229.45</ele>
        <time>2026-09-20T05:38:02Z</time>
        <extensions>
          <geotracker:meta c="1.5" s="16.88" />
        </extensions>
      </trkpt>
      <trkpt lat="-17.91155005" lon="125.30205636">
        <ele>230.65</ele>
        <time>2026-09-20T05:38:16Z</time>
        <extensions>
          <geotracker:meta c="2.84" s="5.12" />
        </extensions>
      </trkpt>
      <trkpt lat="-17.91251701" lon="125.30223568">
        <ele>230.82</ele>
        <time>2026-09-20T05:38:30Z</time>
        <extensions>
          <geotracker:meta c="2.87" s="8.93" />
        </extensions>
      </trkpt>
      <trkpt lat="-17.91353936" lon="125.30203221">
        <ele>228.19</ele>
        <time>2026-09-20T05:38:44Z</time>
        <extensions>
          <geotracker:meta c="3.48" s="8.7" />
        </extensions>
      </trkpt>
      <trkpt lat="-17.9142312" lon="125.30149043">
        <ele>226.75</ele>
        <time>2026-09-20T05:38:58Z</time>
        <extensions>
          <geotracker:meta c="3.1" s="5.57" />
        </extensions>
      </trkpt>
      <trkpt lat="-17.9149342" lon="125.30155313">
        <ele>225.18</ele>
        <time>2026-09-20T05:39:26Z</time>
        <extensions>
          <geotracker:meta c="2.78" s="2.59" />
        </extensions>
      </trkpt>
      <trkpt lat="-17.91562675" lon="125.30145892">
        <ele>226.27</ele>
        <time>2026-09-20T05:40:08Z</time>
        <extensions>
          <geotracker:meta c="3.06" s="3.16" />
        </extensions>
      </trkpt>
      <trkpt lat="-17.91603439" lon="125.30180118">
        <ele>227.2</ele>
        <time>2026-09-20T05:40:22Z</time>
        <extensions>
          <geotracker:meta c="2.27" s="3.43" />
        </extensions>
      </trkpt>
      <trkpt lat="-17.91629308" lon="125.30243124">
        <ele>227.61</ele>
        <time>2026-09-20T05:40:50Z</time>
        <extensions>
          <geotracker:meta c="3.22" s="1.56" />
        </extensions>
      </trkpt>
    </trkseg>
  </trk>
</gpx>