<?xml version='1.0' encoding='UTF-8' standalone='yes' ?>
<gpx xmlns="http://www.topografix.com/GPX/1/1" xmlns:geotracker="http://ilyabogdanovich.com/gpx/extensions/geotracker" xmlns:xsi="http://www.w3.org/2001/XMLSchema-instance" xsi:schemaLocation="http://www.topografix.com/GPX/1/1 http://www.topografix.com/GPX/1/1/gpx.xsd" version="1.1" creator="Recorded in Geo Tracker for Android from Ilya Bogdanovich">
  <metadata>
    <name>Cheela</name>
    <author>
      <name>Recorded in Geo Tracker for Android from Ilya Bogdanovich</name>
      <link href="https://play.google.com/store/apps/details?id=com.ilyabogdanovich.geotracker" />
    </author>
    <link href="https://play.google.com/store/apps/details?id=com.ilyabogdanovich.geotracker" />
    <time>2026-10-01T22:59:49Z</time>
  </metadata>
  <wpt lat="-22.69648849" lon="117.78592359">
    <ele>713.88</ele>
    <time>2026-10-02T04:39:27Z</time>
    <name>Stop for ~25 min</name>
    <desc>Elevation: 714 m
Time from start: 05:39:37
Distance from start: 48.03 km</desc>
    <extensions>
      <geotracker:meta emoji="⏱️" />
    </extensions>
  </wpt>
  <trk>
    <name>Cheela</name>
    <src>Recorded in Geo Tracker for Android from Ilya Bogdanovich</src>
    <link href="https://play.google.com/store/apps/details?id=com.ilyabogdanovich.geotracker" />
    <extensions>
      <geotracker:meta>
        <geotracker:length>142150.97</geotracker:length>
        <geotracker:duration>25813002</geotracker:duration>
        <geotracker:creationtime>2026-10-01T22:59:49Z</geotracker:creationtime>
        <geotracker:activity>0</geotracker:activity>
      </geotracker:meta>
    </extensions>
    <trkseg>
      <trkpt lat="-22.57167474" lon="118.09676312">
        <ele>734.83</ele>
        <time>2026-10-01T23:01:06Z</time>
        <extensions>
          <geotracker:meta c="3.56" s="10.71" />
        </extensions>
      </trkpt>
      <trkpt lat="-22.57528192" lon="118.0959418">
        <ele>745.12</ele>
        <time>2026-10-01T23:01:34Z</time>
        <extensions>
          <geotracker:meta c="3.26" s="16.49" />
        </extensions>
      </trkpt>
      <trkpt lat="-22.57743977" lon="118.09609964">
        <ele>745.72</ele>
        <time>2026-10-01T23:01:48Z</time>
        <extensions>
          <geotracker:meta c="2.96" s="16.84" />
        </extensions>
      </trkpt>
      <trkpt lat="-22.579342" lon="118.09655671">
        <ele>742.97</ele>
        <time>2026-10-01T23:02:02Z</time>
        <extensions>
          <geotracker:meta c="2.99" s="14.49" />
        </extensions>
      </trkpt>
      <trkpt lat="-22.58135336" lon="118.0970471">
        <ele>736.01</ele>
        <time>2026-10-01T23:02:16Z</time>
        <extensions>
          <geotracker:meta c="2.89" s="17.52" />
        </extensions>
      </trkpt>
      <trkpt lat="-22.58360158" lon="118.09759316">
        <ele>729.1</ele>
        <time>2026-10-01T23:02:30Z</time>
        <extensions>
          <geotracker:meta c="2.93" s="19.43" />
        </extensions>
      </trkpt>
      <trkpt lat="-22.58604987" lon="118.0981941">
        <ele>724.94</ele>
        <time>2026-10-01T23:02:44Z</time>
        <extensions>
          <geotracker:meta c="2.9" s="19.84" />
        </extensions>
      </trkpt>
      <trkpt lat="-22.58849677" lon="118.09880162">
        <ele>727.43</ele>
        <time>2026-10-01T23:02:58Z</time>
        <extensions>
          <geotracker:meta c="2.9" s="19.56" />
        </extensions>
      </trkpt>
      <trkpt lat="-22.59139174" lon="118.09953336">
        <ele>726.52</ele>
        <time>2026-10-01T23:03:15Z</time>
        <extensions>
          <geotracker:meta c="2.92" s="19.29" />
        </extensions>
      </trkpt>
      <trkpt lat="-22.59433793" lon="118.10022131">
        <ele>730.35</ele>
        <time>2026-10-01T23:03:32Z</time>
        <extensions>
          <geotracker:meta c="2.93" s="20.03" />
        </extensions>
      </trkpt>
      <trkpt lat="-22.59673969" lon="118.10079984">
        <ele>736.48</ele>
        <time>2026-10-01T23:03:47Z</time>
        <extensions>
          <geotracker:meta c="2.92" s="15.68" />
        </extensions>
      </trkpt>
      <trkpt lat="-22.59850022" lon="118.10124702">
        <ele>740.67</ele>
        <time>2026-10-01T23:04:02Z</time>
        <extensions>
          <geotracker:meta c="2.91" s="11.61" />
        </extensions>
      </trkpt>
      <trkpt lat="-22.59939027" lon="118.10192406">
        <ele>737.46</ele>
        <time>2026-10-01T23:04:16Z</time>
        <extensions>
          <geotracker:meta c="2.79" s="5.11" />
        </extensions>
      </trkpt>
    </trkseg>
    <trkseg>
      <trkpt lat="-22.58049626" lon="118.07070714">
        <ele>716.06</ele>
        <time>2026-10-02T03:55:33Z</time>
        <extensions>
          <geotracker:meta c="3.72" s="20.56" />
        </extensions>
      </trkpt>
      <trkpt lat="-22.58654651" lon="118.06911773">
        <ele>703.04</ele>
        <time>2026-10-02T03:56:07Z</time>
        <extensions>
          <geotracker:meta c="3.18" s="19.43" />
        </extensions>
      </trkpt>
      <trkpt lat="-22.58918603" lon="118.06901151">
        <ele>699.94</ele>
        <time>2026-10-02T03:56:22Z</time>
        <extensions>
          <geotracker:meta c="3.18" s="19.25" />
        </extensions>
      </trkpt>
    </trkseg>
    <trkseg>
      <trkpt lat="-22.60701596" lon="118.06755049">
        <ele>706.47</ele>
        <time>2026-10-02T04:00:01Z</time>
        <extensions>
          <geotracker:meta c="4.92" s="8.31" />
        </extensions>
      </trkpt>
      <trkpt lat="-22.60677429" lon="118.06615298">
        <ele>706.13</ele>
        <time>2026-10-02T04:00:15Z</time>
        <extensions>
          <geotracker:meta c="4.9" s="12.21" />
        </extensions>
      </trkpt>
      <trkpt lat="-22.60652054" lon="118.06475518">
        <ele>704.81</ele>
        <time>2026-10-02T04:00:29Z</time>
        <extensions>
          <geotracker:meta c="4.91" s="10.15" />
        </extensions>
      </trkpt>
      <trkpt lat="-22.60621718" lon="118.06306085">
        <ele>704.01</ele>
        <time>2026-10-02T04:00:43Z</time>
        <extensions>
          <geotracker:meta c="4.9" s="14.12" />
        </extensions>
      </trkpt>
      <trkpt lat="-22.60584481" lon="118.06094211">
        <ele>703.05</ele>
        <time>2026-10-02T04:00:57Z</time>
        <extensions>
          <geotracker:meta c="4.9" s="17.14" />
        </extensions>
      </trkpt>
      <trkpt lat="-22.60541874" lon="118.0585325">
        <ele>701.93</ele>
        <time>2026-10-02T04:01:11Z</time>
        <extensions>
          <geotracker:meta c="4.91" s="18.55" />
        </extensions>
      </trkpt>
      <trkpt lat="-22.6049689" lon="118.05594526">
        <ele>701.53</ele>
        <time>2026-10-02T04:01:25Z</time>
        <extensions>
          <geotracker:meta c="4.9" s="19.85" />
        </extensions>
      </trkpt>
      <trkpt lat="-22.60447897" lon="118.05317875">
        <ele>701.9</ele>
        <time>2026-10-02T04:01:39Z</time>
        <extensions>
          <geotracker:meta c="4.89" s="21.2" />
        </extensions>
      </trkpt>
      <trkpt lat="-22.60397843" lon="118.050364">
        <ele>702.4</ele>
        <time>2026-10-02T04:01:53Z</time>
        <extensions>
          <geotracker:meta c="4.89" s="21.25" />
        </extensions>
      </trkpt>
      <trkpt lat="-22.60329617" lon="118.04475321">
        <ele>703.75</ele>
        <time>2026-10-02T04:02:21Z</time>
        <extensions>
          <geotracker:meta c="4.76" s="21.09" />
        </extensions>
      </trkpt>
      <trkpt lat="-22.60315148" lon="118.04183426">
        <ele>700.03</ele>
        <time>2026-10-02T04:02:35Z</time>
        <extensions>
          <geotracker:meta c="4.77" s="22.47" />
        </extensions>
      </trkpt>
      <trkpt lat="-22.60300022" lon="118.03860095">
        <ele>698.24</ele>
        <time>2026-10-02T04:02:49Z</time>
        <extensions>
          <geotracker:meta c="4.77" s="24.46" />
        </extensions>
      </trkpt>
      <trkpt lat="-22.60284565" lon="118.03526631">
        <ele>698.94</ele>
        <time>2026-10-02T04:03:03Z</time>
        <extensions>
          <geotracker:meta c="4.76" s="24.62" />
        </extensions>
      </trkpt>
      <trkpt lat="-22.60269133" lon="118.03201259">
        <ele>700.09</ele>
        <time>2026-10-02T04:03:17Z</time>
        <extensions>
          <geotracker:meta c="4.76" s="23.29" />
        </extensions>
      </trkpt>
      <trkpt lat="-22.60254116" lon="118.02888107">
        <ele>700.99</ele>
        <time>2026-10-02T04:03:31Z</time>
        <extensions>
          <geotracker:meta c="4.76" s="23.19" />
        </extensions>
      </trkpt>
      <trkpt lat="-22.60209537" lon="118.02576192">
        <ele>700.29</ele>
        <time>2026-10-02T04:03:45Z</time>
        <extensions>
          <geotracker:meta c="4.99" s="23.47" />
        </extensions>
      </trkpt>
      <trkpt lat="-22.60124678" lon="118.02261502">
        <ele>698.66</ele>
        <time>2026-10-02T04:03:59Z</time>
        <extensions>
          <geotracker:meta c="5" s="24.48" />
        </extensions>
      </trkpt>
      <trkpt lat="-22.60040754" lon="118.0194257">
        <ele>701.21</ele>
        <time>2026-10-02T04:04:13Z</time>
        <extensions>
          <geotracker:meta c="4.99" s="24.31" />
        </extensions>
      </trkpt>
      <trkpt lat="-22.59955179" lon="118.016345">
        <ele>703.77</ele>
        <time>2026-10-02T04:04:27Z</time>
        <extensions>
          <geotracker:meta c="5.01" s="23.27" />
        </extensions>
      </trkpt>
      <trkpt lat="-22.59872515" lon="118.01331864">
        <ele>706.19</ele>
        <time>2026-10-02T04:04:41Z</time>
        <extensions>
          <geotracker:meta c="5" s="23.32" />
        </extensions>
      </trkpt>
      <trkpt lat="-22.59789733" lon="118.01026854">
        <ele>709.62</ele>
        <time>2026-10-02T04:04:55Z</time>
        <extensions>
          <geotracker:meta c="5" s="22.97" />
        </extensions>
      </trkpt>
      <trkpt lat="-22.59744706" lon="118.00731">
        <ele>709.03</ele>
        <time>2026-10-02T04:05:09Z</time>
        <extensions>
          <geotracker:meta c="4.73" s="22.12" />
        </extensions>
      </trkpt>
      <trkpt lat="-22.59773086" lon="118.00417826">
        <ele>703.44</ele>
        <time>2026-10-02T04:05:23Z</time>
        <extensions>
          <geotracker:meta c="4.58" s="24.14" />
        </extensions>
      </trkpt>
      <trkpt lat="-22.59851744" lon="117.99765374">
        <ele>706.66</ele>
        <time>2026-10-02T04:05:51Z</time>
        <extensions>
          <geotracker:meta c="4.58" s="24.39" />
        </extensions>
      </trkpt>
      <trkpt lat="-22.59889325" lon="117.99446549">
        <ele>709.18</ele>
        <time>2026-10-02T04:06:05Z</time>
        <extensions>
          <geotracker:meta c="4.58" s="22.55" />
        </extensions>
      </trkpt>
      <trkpt lat="-22.59925588" lon="117.99142257">
        <ele>710.91</ele>
        <time>2026-10-02T04:06:19Z</time>
        <extensions>
          <geotracker:meta c="4.58" s="23.41" />
        </extensions>
      </trkpt>
      <trkpt lat="-22.59963414" lon="117.98825817">
        <ele>712.05</ele>
        <time>2026-10-02T04:06:33Z</time>
        <extensions>
          <geotracker:meta c="4.58" s="22.85" />
        </extensions>
      </trkpt>
      <trkpt lat="-22.59998112" lon="117.98534144">
        <ele>714.37</ele>
        <time>2026-10-02T04:06:47Z</time>
        <extensions>
          <geotracker:meta c="4.59" s="21.03" />
        </extensions>
      </trkpt>
      <trkpt lat="-22.60032406" lon="117.98247183">
        <ele>717.28</ele>
        <time>2026-10-02T04:07:01Z</time>
        <extensions>
          <geotracker:meta c="4.58" s="21.37" />
        </extensions>
      </trkpt>
      <trkpt lat="-22.60052137" lon="117.97960177">
        <ele>719.41</ele>
        <time>2026-10-02T04:07:15Z</time>
        <extensions>
          <geotracker:meta c="4.69" s="21.04" />
        </extensions>
      </trkpt>
      <trkpt lat="-22.60057031" lon="117.97670822">
        <ele>720.18</ele>
        <time>2026-10-02T04:07:29Z</time>
        <extensions>
          <geotracker:meta c="4.69" s="21.65" />
        </extensions>
      </trkpt>
      <trkpt lat="-22.60062533" lon="117.9738132">
        <ele>721.07</ele>
        <time>2026-10-02T04:07:43Z</time>
        <extensions>
          <geotracker:meta c="4.69" s="20.8" />
        </extensions>
      </trkpt>
      <trkpt lat="-22.60067596" lon="117.9710141">
        <ele>722.27</ele>
        <time>2026-10-02T04:07:57Z</time>
        <extensions>
          <geotracker:meta c="4.7" s="20.2" />
        </extensions>
      </trkpt>
      <trkpt lat="-22.60072235" lon="117.96828085">
        <ele>722.72</ele>
        <time>2026-10-02T04:08:11Z</time>
        <extensions>
          <geotracker:meta c="4.68" s="20.27" />
        </extensions>
      </trkpt>
      <trkpt lat="-22.60123592" lon="117.96550356">
        <ele>724.45</ele>
        <time>2026-10-02T04:08:25Z</time>
        <extensions>
          <geotracker:meta c="4.29" s="21.73" />
        </extensions>
      </trkpt>
      <trkpt lat="-22.60274985" lon="117.96295392">
        <ele>728.89</ele>
        <time>2026-10-02T04:08:39Z</time>
        <extensions>
          <geotracker:meta c="4.12" s="22.57" />
        </extensions>
      </trkpt>
      <trkpt lat="-22.60416243" lon="117.96024338">
        <ele>731.52</ele>
        <time>2026-10-02T04:08:53Z</time>
        <extensions>
          <geotracker:meta c="4.38" s="23.56" />
        </extensions>
      </trkpt>
      <trkpt lat="-22.60429246" lon="117.95382408">
        <ele>731.45</ele>
        <time>2026-10-02T04:09:21Z</time>
        <extensions>
          <geotracker:meta c="4.76" s="23.48" />
        </extensions>
      </trkpt>
      <trkpt lat="-22.60413084" lon="117.95055547">
        <ele>734.36</ele>
        <time>2026-10-02T04:09:35Z</time>
        <extensions>
          <geotracker:meta c="4.77" s="24.63" />
        </extensions>
      </trkpt>
      <trkpt lat="-22.60445188" lon="117.94724876">
        <ele>740.18</ele>
        <time>2026-10-02T04:09:49Z</time>
        <extensions>
          <geotracker:meta c="4.47" s="24.45" />
        </extensions>
      </trkpt>
      <trkpt lat="-22.6052016" lon="117.94402227">
        <ele>745.94</ele>
        <time>2026-10-02T04:10:03Z</time>
        <extensions>
          <geotracker:meta c="4.47" s="24.24" />
        </extensions>
      </trkpt>
      <trkpt lat="-22.60597822" lon="117.9406783">
        <ele>745.52</ele>
        <time>2026-10-02T04:10:17Z</time>
        <extensions>
          <geotracker:meta c="4.47" s="26.3" />
        </extensions>
      </trkpt>
      <trkpt lat="-22.60675786" lon="117.93731871">
        <ele>753.55</ele>
        <time>2026-10-02T04:10:31Z</time>
        <extensions>
          <geotracker:meta c="4.46" s="23.8" />
        </extensions>
      </trkpt>
      <trkpt lat="-22.60753354" lon="117.93424475">
        <ele>752.59</ele>
        <time>2026-10-02T04:10:45Z</time>
        <extensions>
          <geotracker:meta c="4.35" s="23.76" />
        </extensions>
      </trkpt>
      <trkpt lat="-22.6098243" lon="117.92957037">
        <ele>751.16</ele>
        <time>2026-10-02T04:11:07Z</time>
        <extensions>
          <geotracker:meta c="4.2" s="24.75" />
        </extensions>
      </trkpt>
      <trkpt lat="-22.61134752" lon="117.92661943">
        <ele>759.41</ele>
        <time>2026-10-02T04:11:21Z</time>
        <extensions>
          <geotracker:meta c="4.2" s="24.08" />
        </extensions>
      </trkpt>
      <trkpt lat="-22.61225414" lon="117.92387405">
        <ele>777.41</ele>
        <time>2026-10-02T04:11:35Z</time>
        <extensions>
          <geotracker:meta c="4.62" s="19.59" />
        </extensions>
      </trkpt>
      <trkpt lat="-22.61208103" lon="117.92158205">
        <ele>796.1</ele>
        <time>2026-10-02T04:11:49Z</time>
        <extensions>
          <geotracker:meta c="4.91" s="15.42" />
        </extensions>
      </trkpt>
      <trkpt lat="-22.61159611" lon="117.91955715">
        <ele>812.98</ele>
        <time>2026-10-02T04:12:03Z</time>
        <extensions>
          <geotracker:meta c="5.08" s="15.33" />
        </extensions>
      </trkpt>
      <trkpt lat="-22.61084918" lon="117.91762076">
        <ele>829.94</ele>
        <time>2026-10-02T04:12:17Z</time>
        <extensions>
          <geotracker:meta c="5.11" s="15.44" />
        </extensions>
      </trkpt>
      <trkpt lat="-22.61060582" lon="117.9153748">
        <ele>839.12</ele>
        <time>2026-10-02T04:12:31Z</time>
        <extensions>
          <geotracker:meta c="4.56" s="18.69" />
        </extensions>
      </trkpt>
      <trkpt lat="-22.6117154" lon="117.91302744">
        <ele>837.58</ele>
        <time>2026-10-02T04:12:45Z</time>
        <extensions>
          <geotracker:meta c="3.94" s="19.37" />
        </extensions>
      </trkpt>
      <trkpt lat="-22.61308032" lon="117.91088682">
        <ele>829.2</ele>
        <time>2026-10-02T04:12:59Z</time>
        <extensions>
          <geotracker:meta c="4.31" s="19.2" />
        </extensions>
      </trkpt>
      <trkpt lat="-22.61355601" lon="117.90807151">
        <ele>807.85</ele>
        <time>2026-10-02T04:13:13Z</time>
        <extensions>
          <geotracker:meta c="4.63" s="23.5" />
        </extensions>
      </trkpt>
      <trkpt lat="-22.61399087" lon="117.90483528">
        <ele>783.91</ele>
        <time>2026-10-02T04:13:27Z</time>
        <extensions>
          <geotracker:meta c="4.41" s="23.93" />
        </extensions>
      </trkpt>
      <trkpt lat="-22.61531019" lon="117.90219246">
        <ele>775.73</ele>
        <time>2026-10-02T04:13:41Z</time>
        <extensions>
          <geotracker:meta c="4.09" s="21.98" />
        </extensions>
      </trkpt>
      <trkpt lat="-22.61687506" lon="117.89963062">
        <ele>774.03</ele>
        <time>2026-10-02T04:13:55Z</time>
        <extensions>
          <geotracker:meta c="4.28" s="22.22" />
        </extensions>
      </trkpt>
      <trkpt lat="-22.61777671" lon="117.89668197">
        <ele>773.31</ele>
        <time>2026-10-02T04:14:09Z</time>
        <extensions>
          <geotracker:meta c="4.42" s="23.69" />
        </extensions>
      </trkpt>
      <trkpt lat="-22.62010514" lon="117.8913482">
        <ele>780.93</ele>
        <time>2026-10-02T04:14:37Z</time>
        <extensions>
          <geotracker:meta c="3.85" s="21.71" />
        </extensions>
      </trkpt>
      <trkpt lat="-22.62259184" lon="117.89016659">
        <ele>771.39</ele>
        <time>2026-10-02T04:14:51Z</time>
        <extensions>
          <geotracker:meta c="3.34" s="22.95" />
        </extensions>
      </trkpt>
      <trkpt lat="-22.62556126" lon="117.88951541">
        <ele>771.31</ele>
        <time>2026-10-02T04:15:05Z</time>
        <extensions>
          <geotracker:meta c="3.34" s="24.23" />
        </extensions>
      </trkpt>
      <trkpt lat="-22.62861867" lon="117.88885344">
        <ele>774.57</ele>
        <time>2026-10-02T04:15:19Z</time>
        <extensions>
          <geotracker:meta c="3.32" s="24.95" />
        </extensions>
      </trkpt>
      <trkpt lat="-22.63153107" lon="117.88845295">
        <ele>779.27</ele>
        <time>2026-10-02T04:15:33Z</time>
        <extensions>
          <geotracker:meta c="3.2" s="23.38" />
        </extensions>
      </trkpt>
      <trkpt lat="-22.63458071" lon="117.88838929">
        <ele>774.66</ele>
        <time>2026-10-02T04:15:47Z</time>
        <extensions>
          <geotracker:meta c="3.15" s="25.06" />
        </extensions>
      </trkpt>
      <trkpt lat="-22.63779172" lon="117.8883578">
        <ele>777.83</ele>
        <time>2026-10-02T04:16:01Z</time>
        <extensions>
          <geotracker:meta c="3.15" s="25.06" />
        </extensions>
      </trkpt>
      <trkpt lat="-22.6409091" lon="117.88832382">
        <ele>781.42</ele>
        <time>2026-10-02T04:16:15Z</time>
        <extensions>
          <geotracker:meta c="3.17" s="24.34" />
        </extensions>
      </trkpt>
      <trkpt lat="-22.64395291" lon="117.88811119">
        <ele>781.1</ele>
        <time>2026-10-02T04:16:29Z</time>
        <extensions>
          <geotracker:meta c="3.28" s="24.21" />
        </extensions>
      </trkpt>
      <trkpt lat="-22.64698363" lon="117.88740547">
        <ele>781.25</ele>
        <time>2026-10-02T04:16:43Z</time>
        <extensions>
          <geotracker:meta c="3.39" s="25.13" />
        </extensions>
      </trkpt>
      <trkpt lat="-22.65006054" lon="117.88656528">
        <ele>781.6</ele>
        <time>2026-10-02T04:16:57Z</time>
        <extensions>
          <geotracker:meta c="3.39" s="24.89" />
        </extensions>
      </trkpt>
      <trkpt lat="-22.65302529" lon="117.88575817">
        <ele>791.15</ele>
        <time>2026-10-02T04:17:11Z</time>
        <extensions>
          <geotracker:meta c="3.39" s="23.7" />
        </extensions>
      </trkpt>
      <trkpt lat="-22.65587804" lon="117.8851005">
        <ele>797.42</ele>
        <time>2026-10-02T04:17:25Z</time>
        <extensions>
          <geotracker:meta c="3.22" s="23.08" />
        </extensions>
      </trkpt>
      <trkpt lat="-22.65880966" lon="117.88540728">
        <ele>804.1</ele>
        <time>2026-10-02T04:17:39Z</time>
        <extensions>
          <geotracker:meta c="2.86" s="23.37" />
        </extensions>
      </trkpt>
      <trkpt lat="-22.66333346" lon="117.8886096">
        <ele>803.92</ele>
        <time>2026-10-02T04:18:07Z</time>
        <extensions>
          <geotracker:meta c="2.4" s="19.95" />
        </extensions>
      </trkpt>
      <trkpt lat="-22.66534449" lon="117.89056892">
        <ele>804</ele>
        <time>2026-10-02T04:18:21Z</time>
        <extensions>
          <geotracker:meta c="2.41" s="21.64" />
        </extensions>
      </trkpt>
      <trkpt lat="-22.66741519" lon="117.89259459">
        <ele>805.26</ele>
        <time>2026-10-02T04:18:35Z</time>
        <extensions>
          <geotracker:meta c="2.41" s="22" />
        </extensions>
      </trkpt>
      <trkpt lat="-22.66951186" lon="117.89462241">
        <ele>805.36</ele>
        <time>2026-10-02T04:18:49Z</time>
        <extensions>
          <geotracker:meta c="2.43" s="22.08" />
        </extensions>
      </trkpt>
      <trkpt lat="-22.67198378" lon="117.89621903">
        <ele>811</ele>
        <time>2026-10-02T04:19:03Z</time>
        <extensions>
          <geotracker:meta c="2.76" s="23.26" />
        </extensions>
      </trkpt>
      <trkpt lat="-22.67482867" lon="117.89689688">
        <ele>818.73</ele>
        <time>2026-10-02T04:19:17Z</time>
        <extensions>
          <geotracker:meta c="3.09" s="22.86" />
        </extensions>
      </trkpt>
      <trkpt lat="-22.67761552" lon="117.89658243">
        <ele>810.88</ele>
        <time>2026-10-02T04:19:31Z</time>
        <extensions>
          <geotracker:meta c="3.4" s="23.83" />
        </extensions>
      </trkpt>
      <trkpt lat="-22.68070338" lon="117.89525667">
        <ele>790.51</ele>
        <time>2026-10-02T04:19:45Z</time>
        <extensions>
          <geotracker:meta c="3.56" s="28.29" />
        </extensions>
      </trkpt>
      <trkpt lat="-22.68394603" lon="117.89371419">
        <ele>783.17</ele>
        <time>2026-10-02T04:19:59Z</time>
        <extensions>
          <geotracker:meta c="3.56" s="27.17" />
        </extensions>
      </trkpt>
      <trkpt lat="-22.68709216" lon="117.89221796">
        <ele>776.31</ele>
        <time>2026-10-02T04:20:13Z</time>
        <extensions>
          <geotracker:meta c="3.55" s="26.99" />
        </extensions>
      </trkpt>
      <trkpt lat="-22.68990627" lon="117.89050778">
        <ele>769.19</ele>
        <time>2026-10-02T04:20:27Z</time>
        <extensions>
          <geotracker:meta c="3.85" s="25.79" />
        </extensions>
      </trkpt>
      <trkpt lat="-22.69239412" lon="117.8880927">
        <ele>763.64</ele>
        <time>2026-10-02T04:20:41Z</time>
        <extensions>
          <geotracker:meta c="3.88" s="26.66" />
        </extensions>
      </trkpt>
      <trkpt lat="-22.69487794" lon="117.88567578">
        <ele>762.01</ele>
        <time>2026-10-02T04:20:55Z</time>
        <extensions>
          <geotracker:meta c="3.87" s="26.58" />
        </extensions>
      </trkpt>
      <trkpt lat="-22.69735277" lon="117.8832758">
        <ele>756.83</ele>
        <time>2026-10-02T04:21:09Z</time>
        <extensions>
          <geotracker:meta c="3.87" s="26.65" />
        </extensions>
      </trkpt>
      <trkpt lat="-22.70255037" lon="117.87849417">
        <ele>747.15</ele>
        <time>2026-10-02T04:21:37Z</time>
        <extensions>
          <geotracker:meta c="3.7" s="26.21" />
        </extensions>
      </trkpt>
      <trkpt lat="-22.70560739" lon="117.87699205">
        <ele>740.91</ele>
        <time>2026-10-02T04:21:51Z</time>
        <extensions>
          <geotracker:meta c="3.44" s="27.32" />
        </extensions>
      </trkpt>
      <trkpt lat="-22.70898462" lon="117.87643119">
        <ele>738.35</ele>
        <time>2026-10-02T04:22:05Z</time>
        <extensions>
          <geotracker:meta c="3.18" s="26.61" />
        </extensions>
      </trkpt>
      <trkpt lat="-22.71232915" lon="117.87636135">
        <ele>733.19</ele>
        <time>2026-10-02T04:22:19Z</time>
        <extensions>
          <geotracker:meta c="3.24" s="26.77" />
        </extensions>
      </trkpt>
      <trkpt lat="-22.71576362" lon="117.87575969">
        <ele>727.87</ele>
        <time>2026-10-02T04:22:33Z</time>
        <extensions>
          <geotracker:meta c="3.33" s="27.35" />
        </extensions>
      </trkpt>
      <trkpt lat="-22.71923012" lon="117.87505983">
        <ele>720.18</ele>
        <time>2026-10-02T04:22:47Z</time>
        <extensions>
          <geotracker:meta c="3.33" s="27.84" />
        </extensions>
      </trkpt>
      <trkpt lat="-22.72262096" lon="117.87437315">
        <ele>712.8</ele>
        <time>2026-10-02T04:23:01Z</time>
        <extensions>
          <geotracker:meta c="3.33" s="27.31" />
        </extensions>
      </trkpt>
      <trkpt lat="-22.72609624" lon="117.87367853">
        <ele>703.67</ele>
        <time>2026-10-02T04:23:15Z</time>
        <extensions>
          <geotracker:meta c="3.33" s="27.21" />
        </extensions>
      </trkpt>
      <trkpt lat="-22.72938749" lon="117.87301022">
        <ele>698.84</ele>
        <time>2026-10-02T04:23:29Z</time>
        <extensions>
          <geotracker:meta c="3.32" s="25.39" />
        </extensions>
      </trkpt>
      <trkpt lat="-22.73249637" lon="117.87236374">
        <ele>695.43</ele>
        <time>2026-10-02T04:23:43Z</time>
        <extensions>
          <geotracker:meta c="3.38" s="24.91" />
        </extensions>
      </trkpt>
      <trkpt lat="-22.73558716" lon="117.87094416">
        <ele>690.77</ele>
        <time>2026-10-02T04:23:57Z</time>
        <extensions>
          <geotracker:meta c="3.69" s="26.86" />
        </extensions>
      </trkpt>
      <trkpt lat="-22.7379945" lon="117.86894377">
        <ele>688.22</ele>
        <time>2026-10-02T04:24:11Z</time>
        <extensions>
          <geotracker:meta c="3.83" s="22" />
        </extensions>
      </trkpt>
      <trkpt lat="-22.74012567" lon="117.86703771">
        <ele>689.68</ele>
        <time>2026-10-02T04:24:25Z</time>
        <extensions>
          <geotracker:meta c="3.83" s="19.67" />
        </extensions>
      </trkpt>
      <trkpt lat="-22.74197153" lon="117.86540122">
        <ele>690.49</ele>
        <time>2026-10-02T04:24:39Z</time>
        <extensions>
          <geotracker:meta c="3.83" s="17.04" />
        </extensions>
      </trkpt>
      <trkpt lat="-22.74273288" lon="117.86379056">
        <ele>692.88</ele>
        <time>2026-10-02T04:25:07Z</time>
        <extensions>
          <geotracker:meta c="5.74" s="11.74" />
        </extensions>
      </trkpt>
      <trkpt lat="-22.74096852" lon="117.86255359">
        <ele>691.05</ele>
        <time>2026-10-02T04:25:21Z</time>
        <extensions>
          <geotracker:meta c="5.63" s="20.22" />
        </extensions>
      </trkpt>
      <trkpt lat="-22.73909017" lon="117.86040339">
        <ele>692.21</ele>
        <time>2026-10-02T04:25:35Z</time>
        <extensions>
          <geotracker:meta c="5.32" s="22.21" />
        </extensions>
      </trkpt>
      <trkpt lat="-22.73786765" lon="117.85761531">
        <ele>696</ele>
        <time>2026-10-02T04:25:49Z</time>
        <extensions>
          <geotracker:meta c="4.99" s="23.12" />
        </extensions>
      </trkpt>
      <trkpt lat="-22.73744616" lon="117.85301424">
        <ele>698.13</ele>
        <time>2026-10-02T04:26:09Z</time>
        <extensions>
          <geotracker:meta c="4.74" s="23.86" />
        </extensions>
      </trkpt>
      <trkpt lat="-22.7371103" lon="117.84983208">
        <ele>699.41</ele>
        <time>2026-10-02T04:26:23Z</time>
        <extensions>
          <geotracker:meta c="4.97" s="24.23" />
        </extensions>
      </trkpt>
      <trkpt lat="-22.73586965" lon="117.84688206">
        <ele>702.2</ele>
        <time>2026-10-02T04:26:37Z</time>
        <extensions>
          <geotracker:meta c="5.29" s="23.75" />
        </extensions>
      </trkpt>
      <trkpt lat="-22.73419888" lon="117.8441313">
        <ele>703.97</ele>
        <time>2026-10-02T04:26:51Z</time>
        <extensions>
          <geotracker:meta c="5.29" s="24.51" />
        </extensions>
      </trkpt>
      <trkpt lat="-22.73239941" lon="117.84151409">
        <ele>705.61</ele>
        <time>2026-10-02T04:27:05Z</time>
        <extensions>
          <geotracker:meta c="5.43" s="23.84" />
        </extensions>
      </trkpt>
      <trkpt lat="-22.73023238" lon="117.83922812">
        <ele>711.93</ele>
        <time>2026-10-02T04:27:19Z</time>
        <extensions>
          <geotracker:meta c="5.6" s="23.72" />
        </extensions>
      </trkpt>
      <trkpt lat="-22.7278815" lon="117.83731612">
        <ele>716.87</ele>
        <time>2026-10-02T04:27:33Z</time>
        <extensions>
          <geotracker:meta c="5.65" s="23.63" />
        </extensions>
      </trkpt>
      <trkpt lat="-22.7253764" lon="117.8353266">
        <ele>716.91</ele>
        <time>2026-10-02T04:27:47Z</time>
        <extensions>
          <geotracker:meta c="5.65" s="25.04" />
        </extensions>
      </trkpt>
      <trkpt lat="-22.72287027" lon="117.83323709">
        <ele>718.13</ele>
        <time>2026-10-02T04:28:01Z</time>
        <extensions>
          <geotracker:meta c="5.53" s="25.21" />
        </extensions>
      </trkpt>
      <trkpt lat="-22.72095709" lon="117.83042565">
        <ele>720.05</ele>
        <time>2026-10-02T04:28:15Z</time>
        <extensions>
          <geotracker:meta c="5.17" s="25.95" />
        </extensions>
      </trkpt>
      <trkpt lat="-22.71992363" lon="117.82698217">
        <ele>724.48</ele>
        <time>2026-10-02T04:28:29Z</time>
        <extensions>
          <geotracker:meta c="4.98" s="26.72" />
        </extensions>
      </trkpt>
      <trkpt lat="-22.71906578" lon="117.82357532">
        <ele>727.3</ele>
        <time>2026-10-02T04:28:43Z</time>
        <extensions>
          <geotracker:meta c="4.98" s="25.57" />
        </extensions>
      </trkpt>
      <trkpt lat="-22.71779919" lon="117.82042029">
        <ele>730.56</ele>
        <time>2026-10-02T04:28:57Z</time>
        <extensions>
          <geotracker:meta c="5.32" s="25.54" />
        </extensions>
      </trkpt>
      <trkpt lat="-22.71587321" lon="117.81763325">
        <ele>737.85</ele>
        <time>2026-10-02T04:29:11Z</time>
        <extensions>
          <geotracker:meta c="5.37" s="24.47" />
        </extensions>
      </trkpt>
      <trkpt lat="-22.71155047" lon="117.81419917">
        <ele>766.18</ele>
        <time>2026-10-02T04:29:39Z</time>
        <extensions>
          <geotracker:meta c="5.73" s="19.79" />
        </extensions>
      </trkpt>
      <trkpt lat="-22.70946493" lon="117.8125155">
        <ele>767.85</ele>
        <time>2026-10-02T04:29:53Z</time>
        <extensions>
          <geotracker:meta c="5.57" s="21.46" />
        </extensions>
      </trkpt>
      <trkpt lat="-22.70754735" lon="117.81036688">
        <ele>756.94</ele>
        <time>2026-10-02T04:30:07Z</time>
        <extensions>
          <geotracker:meta c="5.39" s="23.23" />
        </extensions>
      </trkpt>
      <trkpt lat="-22.70579344" lon="117.80749523">
        <ele>743.95</ele>
        <time>2026-10-02T04:30:21Z</time>
        <extensions>
          <geotracker:meta c="5.19" s="24.77" />
        </extensions>
      </trkpt>
      <trkpt lat="-22.70459884" lon="117.80433547">
        <ele>738.36</ele>
        <time>2026-10-02T04:30:35Z</time>
        <extensions>
          <geotracker:meta c="5.01" s="26" />
        </extensions>
      </trkpt>
      <trkpt lat="-22.70398093" lon="117.80091336">
        <ele>733.78</ele>
        <time>2026-10-02T04:30:49Z</time>
        <extensions>
          <geotracker:meta c="4.85" s="25.3" />
        </extensions>
      </trkpt>
      <trkpt lat="-22.70353821" lon="117.7974868">
        <ele>728.5</ele>
        <time>2026-10-02T04:31:03Z</time>
        <extensions>
          <geotracker:meta c="4.85" s="25.71" />
        </extensions>
      </trkpt>
      <trkpt lat="-22.70309766" lon="117.79405348">
        <ele>723.89</ele>
        <time>2026-10-02T04:31:17Z</time>
        <extensions>
          <geotracker:meta c="4.85" s="24.1" />
        </extensions>
      </trkpt>
      <trkpt lat="-22.70229378" lon="117.7911519">
        <ele>721.7</ele>
        <time>2026-10-02T04:31:31Z</time>
        <extensions>
          <geotracker:meta c="5.18" s="21.85" />
        </extensions>
      </trkpt>
      <trkpt lat="-22.70054762" lon="117.7887628">
        <ele>717.48</ele>
        <time>2026-10-02T04:31:45Z</time>
        <extensions>
          <geotracker:meta c="5.53" s="21.93" />
        </extensions>
      </trkpt>
      <trkpt lat="-22.6987497" lon="117.78690581">
        <ele>714.22</ele>
        <time>2026-10-02T04:31:59Z</time>
        <extensions>
          <geotracker:meta c="5.51" s="17.04" />
        </extensions>
      </trkpt>
      <trkpt lat="-22.6973584" lon="117.786557">
        <ele>714.72</ele>
        <time>2026-10-02T04:32:13Z</time>
        <extensions>
          <geotracker:meta c="0.24" s="5.91" />
        </extensions>
      </trkpt>
      <trkpt lat="-22.6970211" lon="117.78608875">
        <ele>714.63</ele>
        <time>2026-10-02T04:32:27Z</time>
        <extensions>
          <geotracker:meta c="5.06" s="7.07" />
        </extensions>
      </trkpt>
      <trkpt lat="-22.69673283" lon="117.78551612">
        <ele>714.72</ele>
        <time>2026-10-02T04:32:41Z</time>
        <extensions>
          <geotracker:meta c="1.18" s="3.72" />
        </extensions>
      </trkpt>
      <trkpt lat="-22.69680673" lon="117.78574702">
        <ele>714.39</ele>
        <time>2026-10-02T04:36:53Z</time>
        <extensions>
          <geotracker:meta c="3.71" s="0.19" />
        </extensions>
      </trkpt>
      <trkpt lat="-22.69648849" lon="117.78592359">
        <ele>713.88</ele>
        <time>2026-10-02T04:39:27Z</time>
        <extensions>
          <geotracker:meta c="5.15" s="1.48" />
        </extensions>
      </trkpt>
      <trkpt lat="-22.69661983" lon="117.78354422">
        <ele>713.32</ele>
        <time>2026-10-02T05:02:47Z</time>
        <extensions>
          <geotracker:meta c="4.9" s="16.79" />
        </extensions>
      </trkpt>
      <trkpt lat="-22.69348136" lon="117.77993677">
        <ele>725.94</ele>
        <time>2026-10-02T05:03:16Z</time>
        <extensions>
          <geotracker:meta c="5.96" s="18.4" />
        </extensions>
      </trkpt>
      <trkpt lat="-22.69127189" lon="117.77935652">
        <ele>736.41</ele>
        <time>2026-10-02T05:03:30Z</time>
        <extensions>
          <geotracker:meta c="6.04" s="17.9" />
        </extensions>
      </trkpt>
      <trkpt lat="-22.68881655" lon="117.77868558">
        <ele>734.53</ele>
        <time>2026-10-02T05:03:44Z</time>
        <extensions>
          <geotracker:meta c="5.96" s="22.41" />
        </extensions>
      </trkpt>
      <trkpt lat="-22.6863776" lon="117.7770334">
        <ele>744.13</ele>
        <time>2026-10-02T05:03:58Z</time>
        <extensions>
          <geotracker:meta c="5.56" s="22.44" />
        </extensions>
      </trkpt>
      <trkpt lat="-22.684296" lon="117.77530419">
        <ele>738.86</ele>
        <time>2026-10-02T05:04:12Z</time>
        <extensions>
          <geotracker:meta c="5.67" s="21.41" />
        </extensions>
      </trkpt>
      <trkpt lat="-22.6815908" lon="117.77429101">
        <ele>725.11</ele>
        <time>2026-10-02T05:04:26Z</time>
        <extensions>
          <geotracker:meta c="6.2" s="24.26" />
        </extensions>
      </trkpt>
      <trkpt lat="-22.67832763" lon="117.77447938">
        <ele>715.8</ele>
        <time>2026-10-02T05:04:40Z</time>
        <extensions>
          <geotracker:meta c="0.06" s="26.78" />
        </extensions>
      </trkpt>
      <trkpt lat="-22.67496581" lon="117.77435164">
        <ele>709.63</ele>
        <time>2026-10-02T05:04:54Z</time>
        <extensions>
          <geotracker:meta c="6.04" s="26.49" />
        </extensions>
      </trkpt>
      <trkpt lat="-22.67198506" lon="117.77306167">
        <ele>706.88</ele>
        <time>2026-10-02T05:05:08Z</time>
        <extensions>
          <geotracker:meta c="5.84" s="24.25" />
        </extensions>
      </trkpt>
      <trkpt lat="-22.66682217" lon="117.76984949">
        <ele>703.45</ele>
        <time>2026-10-02T05:05:36Z</time>
        <extensions>
          <geotracker:meta c="5.53" s="24.61" />
        </extensions>
      </trkpt>
      <trkpt lat="-22.66483057" lon="117.7672064">
        <ele>702.43</ele>
        <time>2026-10-02T05:05:50Z</time>
        <extensions>
          <geotracker:meta c="5.33" s="24.88" />
        </extensions>
      </trkpt>
      <trkpt lat="-22.66270974" lon="117.76448688">
        <ele>698.59</ele>
        <time>2026-10-02T05:06:04Z</time>
        <extensions>
          <geotracker:meta c="5.55" s="27.01" />
        </extensions>
      </trkpt>
      <trkpt lat="-22.65997652" lon="117.76260596">
        <ele>697.21</ele>
        <time>2026-10-02T05:06:18Z</time>
        <extensions>
          <geotracker:meta c="5.86" s="24.71" />
        </extensions>
      </trkpt>
      <trkpt lat="-22.65731006" lon="117.76134828">
        <ele>698.62</ele>
        <time>2026-10-02T05:06:32Z</time>
        <extensions>
          <geotracker:meta c="5.88" s="22.81" />
        </extensions>
      </trkpt>
      <trkpt lat="-22.6548438" lon="117.75962295">
        <ele>700.34</ele>
        <time>2026-10-02T05:06:46Z</time>
        <extensions>
          <geotracker:meta c="5.51" s="23.63" />
        </extensions>
      </trkpt>
      <trkpt lat="-22.65317357" lon="117.75691058">
        <ele>702.02</ele>
        <time>2026-10-02T05:07:00Z</time>
        <extensions>
          <geotracker:meta c="5.12" s="24.53" />
        </extensions>
      </trkpt>
      <trkpt lat="-22.6519434" lon="117.75378924">
        <ele>704.38</ele>
        <time>2026-10-02T05:07:14Z</time>
        <extensions>
          <geotracker:meta c="5.12" s="24.83" />
        </extensions>
      </trkpt>
      <trkpt lat="-22.65037283" lon="117.75104224">
        <ele>710.66</ele>
        <time>2026-10-02T05:07:28Z</time>
        <extensions>
          <geotracker:meta c="5.5" s="22.68" />
        </extensions>
      </trkpt>
      <trkpt lat="-22.64871813" lon="117.74898809">
        <ele>717.08</ele>
        <time>2026-10-02T05:07:42Z</time>
        <extensions>
          <geotracker:meta c="5.49" s="17.67" />
        </extensions>
      </trkpt>
      <trkpt lat="-22.64699787" lon="117.74736801">
        <ele>725.44</ele>
        <time>2026-10-02T05:07:56Z</time>
        <extensions>
          <geotracker:meta c="5.73" s="18.31" />
        </extensions>
      </trkpt>
      <trkpt lat="-22.6450247" lon="117.74627707">
        <ele>739.13</ele>
        <time>2026-10-02T05:08:10Z</time>
        <extensions>
          <geotracker:meta c="5.78" s="16.87" />
        </extensions>
      </trkpt>
      <trkpt lat="-22.64307209" lon="117.74542969">
        <ele>750.19</ele>
        <time>2026-10-02T05:08:24Z</time>
        <extensions>
          <geotracker:meta c="5.89" s="16.25" />
        </extensions>
      </trkpt>
      <trkpt lat="-22.64116477" lon="117.74458677">
        <ele>756.22</ele>
        <time>2026-10-02T05:08:38Z</time>
        <extensions>
          <geotracker:meta c="5.94" s="17.24" />
        </extensions>
      </trkpt>
      <trkpt lat="-22.63836889" lon="117.74383073">
        <ele>759.03</ele>
        <time>2026-10-02T05:09:06Z</time>
        <extensions>
          <geotracker:meta c="3.62" s="2.63" />
        </extensions>
      </trkpt>
      <trkpt lat="-22.63953543" lon="117.74397853">
        <ele>759.4</ele>
        <time>2026-10-02T05:09:20Z</time>
        <extensions>
          <geotracker:meta c="3.1" s="14.34" />
        </extensions>
      </trkpt>
      <trkpt lat="-22.64172865" lon="117.74489063">
        <ele>755.5</ele>
        <time>2026-10-02T05:09:34Z</time>
        <extensions>
          <geotracker:meta c="2.75" s="21.24" />
        </extensions>
      </trkpt>
      <trkpt lat="-22.64442714" lon="117.74607135">
        <ele>743.32</ele>
        <time>2026-10-02T05:09:48Z</time>
        <extensions>
          <geotracker:meta c="2.75" s="24.26" />
        </extensions>
      </trkpt>
      <trkpt lat="-22.64733646" lon="117.7476839">
        <ele>725</ele>
        <time>2026-10-02T05:10:02Z</time>
        <extensions>
          <geotracker:meta c="2.52" s="26.58" />
        </extensions>
      </trkpt>
      <trkpt lat="-22.64965809" lon="117.75022261">
        <ele>712.96</ele>
        <time>2026-10-02T05:10:16Z</time>
        <extensions>
          <geotracker:meta c="2.28" s="26.32" />
        </extensions>
      </trkpt>
      <trkpt lat="-22.65160996" lon="117.75310844">
        <ele>706.74</ele>
        <time>2026-10-02T05:10:30Z</time>
        <extensions>
          <geotracker:meta c="2.09" s="26.53" />
        </extensions>
      </trkpt>
      <trkpt lat="-22.65292739" lon="117.75637372">
        <ele>701.36</ele>
        <time>2026-10-02T05:10:44Z</time>
        <extensions>
          <geotracker:meta c="1.99" s="25.74" />
        </extensions>
      </trkpt>
      <trkpt lat="-22.65452646" lon="117.75930559">
        <ele>698.97</ele>
        <time>2026-10-02T05:10:58Z</time>
        <extensions>
          <geotracker:meta c="2.29" s="24.36" />
        </extensions>
      </trkpt>
      <trkpt lat="-22.65711844" lon="117.7613017">
        <ele>697.7</ele>
        <time>2026-10-02T05:11:12Z</time>
        <extensions>
          <geotracker:meta c="2.74" s="25.11" />
        </extensions>
      </trkpt>
      <trkpt lat="-22.66005116" lon="117.76267698">
        <ele>696.36</ele>
        <time>2026-10-02T05:11:26Z</time>
        <extensions>
          <geotracker:meta c="2.74" s="25.03" />
        </extensions>
      </trkpt>
      <trkpt lat="-22.66272562" lon="117.76454038">
        <ele>697.97</ele>
        <time>2026-10-02T05:11:40Z</time>
        <extensions>
          <geotracker:meta c="2.4" s="26.03" />
        </extensions>
      </trkpt>
      <trkpt lat="-22.66477473" lon="117.76717563">
        <ele>702.48</ele>
        <time>2026-10-02T05:11:54Z</time>
        <extensions>
          <geotracker:meta c="2.15" s="22.67" />
        </extensions>
      </trkpt>
      <trkpt lat="-22.66641482" lon="117.76946747">
        <ele>704.56</ele>
        <time>2026-10-02T05:12:08Z</time>
        <extensions>
          <geotracker:meta c="2.14" s="21.1" />
        </extensions>
      </trkpt>
      <trkpt lat="-22.67142455" lon="117.77283875">
        <ele>707.19</ele>
        <time>2026-10-02T05:12:36Z</time>
        <extensions>
          <geotracker:meta c="2.74" s="25.08" />
        </extensions>
      </trkpt>
      <trkpt lat="-22.67439405" lon="117.77421109">
        <ele>707.82</ele>
        <time>2026-10-02T05:12:50Z</time>
        <extensions>
          <geotracker:meta c="2.82" s="25.93" />
        </extensions>
      </trkpt>
      <trkpt lat="-22.67760842" lon="117.77456691">
        <ele>712.16</ele>
        <time>2026-10-02T05:13:04Z</time>
        <extensions>
          <geotracker:meta c="3.21" s="25" />
        </extensions>
      </trkpt>
      <trkpt lat="-22.68070571" lon="117.77434492">
        <ele>720.15</ele>
        <time>2026-10-02T05:13:18Z</time>
        <extensions>
          <geotracker:meta c="3.21" s="22.76" />
        </extensions>
      </trkpt>
      <trkpt lat="-22.68343477" lon="117.77483564">
        <ele>731.98</ele>
        <time>2026-10-02T05:13:32Z</time>
        <extensions>
          <geotracker:meta c="2.72" s="21.38" />
        </extensions>
      </trkpt>
      <trkpt lat="-22.68565005" lon="117.7764882">
        <ele>743.86</ele>
        <time>2026-10-02T05:13:46Z</time>
        <extensions>
          <geotracker:meta c="2.48" s="21.8" />
        </extensions>
      </trkpt>
      <trkpt lat="-22.68793102" lon="117.7783009">
        <ele>735.64</ele>
        <time>2026-10-02T05:14:00Z</time>
        <extensions>
          <geotracker:meta c="2.62" s="22.81" />
        </extensions>
      </trkpt>
      <trkpt lat="-22.69054304" lon="117.77920535">
        <ele>737.65</ele>
        <time>2026-10-02T05:14:14Z</time>
        <extensions>
          <geotracker:meta c="2.9" s="21.42" />
        </extensions>
      </trkpt>
      <trkpt lat="-22.69306729" lon="117.77986996">
        <ele>729.45</ele>
        <time>2026-10-02T05:14:28Z</time>
        <extensions>
          <geotracker:meta c="2.9" s="20.18" />
        </extensions>
      </trkpt>
      <trkpt lat="-22.69523028" lon="117.78098145">
        <ele>717.06</ele>
        <time>2026-10-02T05:14:42Z</time>
        <extensions>
          <geotracker:meta c="2.44" s="17.53" />
        </extensions>
      </trkpt>
      <trkpt lat="-22.6962451" lon="117.78212075">
        <ele>712.54</ele>
        <time>2026-10-02T05:14:56Z</time>
        <extensions>
          <geotracker:meta c="3.54" s="6.1" />
        </extensions>
      </trkpt>
      <trkpt lat="-22.69722595" lon="117.7812422">
        <ele>714.66</ele>
        <time>2026-10-02T05:15:10Z</time>
        <extensions>
          <geotracker:meta c="3.91" s="13.46" />
        </extensions>
      </trkpt>
      <trkpt lat="-22.69807501" lon="117.7793039">
        <ele>719.9</ele>
        <time>2026-10-02T05:15:24Z</time>
        <extensions>
          <geotracker:meta c="4.06" s="15.55" />
        </extensions>
      </trkpt>
      <trkpt lat="-22.69916539" lon="117.77817121">
        <ele>718.91</ele>
        <time>2026-10-02T05:15:38Z</time>
        <extensions>
          <geotracker:meta c="4.64" s="9.51" />
        </extensions>
      </trkpt>
      <trkpt lat="-22.69835187" lon="117.7747903">
        <ele>708.06</ele>
        <time>2026-10-02T05:16:06Z</time>
        <extensions>
          <geotracker:meta c="4.97" s="15.98" />
        </extensions>
      </trkpt>
      <trkpt lat="-22.69780471" lon="117.77255251">
        <ele>706.37</ele>
        <time>2026-10-02T05:16:20Z</time>
        <extensions>
          <geotracker:meta c="4.97" s="17.88" />
        </extensions>
      </trkpt>
      <trkpt lat="-22.69720366" lon="117.77006374">
        <ele>700.67</ele>
        <time>2026-10-02T05:16:34Z</time>
        <extensions>
          <geotracker:meta c="4.97" s="19.38" />
        </extensions>
      </trkpt>
      <trkpt lat="-22.6963977" lon="117.76756868">
        <ele>700.16</ele>
        <time>2026-10-02T05:16:48Z</time>
        <extensions>
          <geotracker:meta c="5.15" s="19.04" />
        </extensions>
      </trkpt>
      <trkpt lat="-22.69498538" lon="117.76528463">
        <ele>700.7</ele>
        <time>2026-10-02T05:17:02Z</time>
        <extensions>
          <geotracker:meta c="5.45" s="21.55" />
        </extensions>
      </trkpt>
      <trkpt lat="-22.69287792" lon="117.7634513">
        <ele>699.46</ele>
        <time>2026-10-02T05:17:16Z</time>
        <extensions>
          <geotracker:meta c="5.7" s="22.03" />
        </extensions>
      </trkpt>
      <trkpt lat="-22.69059326" lon="117.76175932">
        <ele>695.51</ele>
        <time>2026-10-02T05:17:30Z</time>
        <extensions>
          <geotracker:meta c="5.64" s="21.34" />
        </extensions>
      </trkpt>
      <trkpt lat="-22.68849665" lon="117.7597236">
        <ele>698.36</ele>
        <time>2026-10-02T05:17:44Z</time>
        <extensions>
          <geotracker:meta c="5.53" s="22.34" />
        </extensions>
      </trkpt>
      <trkpt lat="-22.68646569" lon="117.75765441">
        <ele>695.6</ele>
        <time>2026-10-02T05:17:58Z</time>
        <extensions>
          <geotracker:meta c="5.49" s="22.23" />
        </extensions>
      </trkpt>
      <trkpt lat="-22.68307842" lon="117.75359031">
        <ele>691.93</ele>
        <time>2026-10-02T05:18:23Z</time>
        <extensions>
          <geotracker:meta c="5.39" s="22.64" />
        </extensions>
      </trkpt>
      <trkpt lat="-22.68123673" lon="117.75121649">
        <ele>688.86</ele>
        <time>2026-10-02T05:18:37Z</time>
        <extensions>
          <geotracker:meta c="5.49" s="22.8" />
        </extensions>
      </trkpt>
      <trkpt lat="-22.67935308" lon="117.74878457">
        <ele>685.26</ele>
        <time>2026-10-02T05:18:51Z</time>
        <extensions>
          <geotracker:meta c="5.33" s="23.63" />
        </extensions>
      </trkpt>
      <trkpt lat="-22.67738716" lon="117.74627068">
        <ele>683.67</ele>
        <time>2026-10-02T05:19:05Z</time>
        <extensions>
          <geotracker:meta c="5.46" s="23.99" />
        </extensions>
      </trkpt>
      <trkpt lat="-22.67504582" lon="117.74417516">
        <ele>679.45</ele>
        <time>2026-10-02T05:19:19Z</time>
        <extensions>
          <geotracker:meta c="5.65" s="23.86" />
        </extensions>
      </trkpt>
      <trkpt lat="-22.67266777" lon="117.74210686">
        <ele>678.85</ele>
        <time>2026-10-02T05:19:33Z</time>
        <extensions>
          <geotracker:meta c="5.42" s="24.8" />
        </extensions>
      </trkpt>
      <trkpt lat="-22.67074977" lon="117.73929111">
        <ele>674.37</ele>
        <time>2026-10-02T05:19:47Z</time>
        <extensions>
          <geotracker:meta c="5.31" s="26.18" />
        </extensions>
      </trkpt>
      <trkpt lat="-22.66887142" lon="117.73630786">
        <ele>670.99</ele>
        <time>2026-10-02T05:20:01Z</time>
        <extensions>
          <geotracker:meta c="5.33" s="26.73" />
        </extensions>
      </trkpt>
      <trkpt lat="-22.66665903" lon="117.73367716">
        <ele>671.11</ele>
        <time>2026-10-02T05:20:15Z</time>
        <extensions>
          <geotracker:meta c="5.51" s="25.95" />
        </extensions>
      </trkpt>
      <trkpt lat="-22.66436212" lon="117.73119583">
        <ele>668.34</ele>
        <time>2026-10-02T05:20:29Z</time>
        <extensions>
          <geotracker:meta c="5.51" s="25.7" />
        </extensions>
      </trkpt>
      <trkpt lat="-22.66205913" lon="117.72870781">
        <ele>668.58</ele>
        <time>2026-10-02T05:20:43Z</time>
        <extensions>
          <geotracker:meta c="5.54" s="25.58" />
        </extensions>
      </trkpt>
      <trkpt lat="-22.65977832" lon="117.72624079">
        <ele>668.69</ele>
        <time>2026-10-02T05:20:57Z</time>
        <extensions>
          <geotracker:meta c="5.47" s="25.45" />
        </extensions>
      </trkpt>
      <trkpt lat="-22.65717984" lon="117.72416152">
        <ele>664.06</ele>
        <time>2026-10-02T05:21:11Z</time>
        <extensions>
          <geotracker:meta c="5.77" s="25.72" />
        </extensions>
      </trkpt>
      <trkpt lat="-22.65426813" lon="117.72252356">
        <ele>659.89</ele>
        <time>2026-10-02T05:21:25Z</time>
        <extensions>
          <geotracker:meta c="5.84" s="26.22" />
        </extensions>
      </trkpt>
      <trkpt lat="-22.64976978" lon="117.71754657">
        <ele>658.34</ele>
        <time>2026-10-02T05:21:53Z</time>
        <extensions>
          <geotracker:meta c="5.11" s="25.5" />
        </extensions>
      </trkpt>
      <trkpt lat="-22.64692493" lon="117.71226201">
        <ele>655.34</ele>
        <time>2026-10-02T05:22:18Z</time>
        <extensions>
          <geotracker:meta c="5.6" s="24.3" />
        </extensions>
      </trkpt>
      <trkpt lat="-22.64406066" lon="117.71078162">
        <ele>651.53</ele>
        <time>2026-10-02T05:22:33Z</time>
        <extensions>
          <geotracker:meta c="6.01" s="24.97" />
        </extensions>
      </trkpt>
      <trkpt lat="-22.64094668" lon="117.70954768">
        <ele>656.43</ele>
        <time>2026-10-02T05:22:48Z</time>
        <extensions>
          <geotracker:meta c="5.72" s="24.68" />
        </extensions>
      </trkpt>
      <trkpt lat="-22.63822661" lon="117.70732138">
        <ele>654.51</ele>
        <time>2026-10-02T05:23:03Z</time>
        <extensions>
          <geotracker:meta c="5.51" s="25.5" />
        </extensions>
      </trkpt>
      <trkpt lat="-22.63622696" lon="117.70432507">
        <ele>641.77</ele>
        <time>2026-10-02T05:23:17Z</time>
        <extensions>
          <geotracker:meta c="5.22" s="26.04" />
        </extensions>
      </trkpt>
      <trkpt lat="-22.63469761" lon="117.70092643">
        <ele>640.04</ele>
        <time>2026-10-02T05:23:32Z</time>
        <extensions>
          <geotracker:meta c="5.02" s="25.48" />
        </extensions>
      </trkpt>
      <trkpt lat="-22.6342246" lon="117.69719008">
        <ele>635.15</ele>
        <time>2026-10-02T05:23:47Z</time>
        <extensions>
          <geotracker:meta c="4.71" s="26.48" />
        </extensions>
      </trkpt>
      <trkpt lat="-22.63421598" lon="117.69331484">
        <ele>637.08</ele>
        <time>2026-10-02T05:24:02Z</time>
        <extensions>
          <geotracker:meta c="4.72" s="26.22" />
        </extensions>
      </trkpt>
      <trkpt lat="-22.63418595" lon="117.68953321">
        <ele>630.37</ele>
        <time>2026-10-02T05:24:17Z</time>
        <extensions>
          <geotracker:meta c="4.72" s="26.37" />
        </extensions>
      </trkpt>
      <trkpt lat="-22.63415823" lon="117.68571098">
        <ele>637.96</ele>
        <time>2026-10-02T05:24:32Z</time>
        <extensions>
          <geotracker:meta c="4.77" s="26.25" />
        </extensions>
      </trkpt>
      <trkpt lat="-22.63346326" lon="117.68196355">
        <ele>634.92</ele>
        <time>2026-10-02T05:24:47Z</time>
        <extensions>
          <geotracker:meta c="4.97" s="26.08" />
        </extensions>
      </trkpt>
      <trkpt lat="-22.63258319" lon="117.67826641">
        <ele>635.06</ele>
        <time>2026-10-02T05:25:02Z</time>
        <extensions>
          <geotracker:meta c="4.97" s="26.28" />
        </extensions>
      </trkpt>
      <trkpt lat="-22.63168477" lon="117.67449343">
        <ele>638.44</ele>
        <time>2026-10-02T05:25:17Z</time>
        <extensions>
          <geotracker:meta c="4.97" s="27.07" />
        </extensions>
      </trkpt>
      <trkpt lat="-22.63076941" lon="117.67078323">
        <ele>633.93</ele>
        <time>2026-10-02T05:25:32Z</time>
        <extensions>
          <geotracker:meta c="4.97" s="26.01" />
        </extensions>
      </trkpt>
      <trkpt lat="-22.62987999" lon="117.66725268">
        <ele>632.02</ele>
        <time>2026-10-02T05:25:47Z</time>
        <extensions>
          <geotracker:meta c="4.97" s="25.02" />
        </extensions>
      </trkpt>
      <trkpt lat="-22.62901024" lon="117.66361401">
        <ele>624.57</ele>
        <time>2026-10-02T05:26:02Z</time>
        <extensions>
          <geotracker:meta c="4.97" s="25.83" />
        </extensions>
      </trkpt>
      <trkpt lat="-22.62815089" lon="117.66000446">
        <ele>620.85</ele>
        <time>2026-10-02T05:26:17Z</time>
        <extensions>
          <geotracker:meta c="4.97" s="26.46" />
        </extensions>
      </trkpt>
      <trkpt lat="-22.6272797" lon="117.65628525">
        <ele>619.84</ele>
        <time>2026-10-02T05:26:32Z</time>
        <extensions>
          <geotracker:meta c="4.96" s="26.14" />
        </extensions>
      </trkpt>
      <trkpt lat="-22.62636689" lon="117.65264223">
        <ele>618.34</ele>
        <time>2026-10-02T05:26:47Z</time>
        <extensions>
          <geotracker:meta c="4.96" s="25.91" />
        </extensions>
      </trkpt>
      <trkpt lat="-22.62561" lon="117.64865434">
        <ele>622.12</ele>
        <time>2026-10-02T05:27:03Z</time>
        <extensions>
          <geotracker:meta c="4.78" s="26.19" />
        </extensions>
      </trkpt>
      <trkpt lat="-22.62544376" lon="117.64506214">
        <ele>623.64</ele>
        <time>2026-10-02T05:27:17Z</time>
        <extensions>
          <geotracker:meta c="4.76" s="25.29" />
        </extensions>
      </trkpt>
      <trkpt lat="-22.62521645" lon="117.6415059">
        <ele>617.5</ele>
        <time>2026-10-02T05:27:32Z</time>
        <extensions>
          <geotracker:meta c="4.77" s="24.57" />
        </extensions>
      </trkpt>
      <trkpt lat="-22.62507234" lon="117.63752421">
        <ele>607.09</ele>
        <time>2026-10-02T05:27:48Z</time>
        <extensions>
          <geotracker:meta c="4.7" s="26.55" />
        </extensions>
      </trkpt>
      <trkpt lat="-22.62511078" lon="117.63339006">
        <ele>600.88</ele>
        <time>2026-10-02T05:28:04Z</time>
        <extensions>
          <geotracker:meta c="4.71" s="26.27" />
        </extensions>
      </trkpt>
      <trkpt lat="-22.62471799" lon="117.62969152">
        <ele>603.24</ele>
        <time>2026-10-02T05:28:19Z</time>
        <extensions>
          <geotracker:meta c="4.89" s="25.3" />
        </extensions>
      </trkpt>
      <trkpt lat="-22.62412234" lon="117.62609206">
        <ele>599.09</ele>
        <time>2026-10-02T05:28:34Z</time>
        <extensions>
          <geotracker:meta c="4.9" s="24.46" />
        </extensions>
      </trkpt>
      <trkpt lat="-22.62359787" lon="117.62306584">
        <ele>599.19</ele>
        <time>2026-10-02T05:28:49Z</time>
        <extensions>
          <geotracker:meta c="4.89" s="17.1" />
        </extensions>
      </trkpt>
      <trkpt lat="-22.62332234" lon="117.62126985">
        <ele>597.19</ele>
        <time>2026-10-02T05:29:04Z</time>
        <extensions>
          <geotracker:meta c="4.61" s="5.22" />
        </extensions>
      </trkpt>
      <trkpt lat="-22.62424656" lon="117.62091257">
        <ele>595.57</ele>
        <time>2026-10-02T05:29:18Z</time>
        <extensions>
          <geotracker:meta c="3.41" s="13.41" />
        </extensions>
      </trkpt>
      <trkpt lat="-22.62604642" lon="117.61983854">
        <ele>596.26</ele>
        <time>2026-10-02T05:29:32Z</time>
        <extensions>
          <geotracker:meta c="3.8" s="15.95" />
        </extensions>
      </trkpt>
      <trkpt lat="-22.62707719" lon="117.61889657">
        <ele>594.63</ele>
        <time>2026-10-02T05:29:46Z</time>
        <extensions>
          <geotracker:meta c="3.84" s="10.92" />
        </extensions>
      </trkpt>
      <trkpt lat="-22.62963404" lon="117.61659531">
        <ele>594.76</ele>
        <time>2026-10-02T05:30:15Z</time>
        <extensions>
          <geotracker:meta c="3.89" s="11.53" />
        </extensions>
      </trkpt>
      <trkpt lat="-22.63075264" lon="117.6156985">
        <ele>594.81</ele>
        <time>2026-10-02T05:30:30Z</time>
        <extensions>
          <geotracker:meta c="3.72" s="11.14" />
        </extensions>
      </trkpt>
      <trkpt lat="-22.63191818" lon="117.61504904">
        <ele>593.77</ele>
        <time>2026-10-02T05:30:45Z</time>
        <extensions>
          <geotracker:meta c="3.6" s="9.26" />
        </extensions>
      </trkpt>
      <trkpt lat="-22.63313063" lon="117.61465245">
        <ele>589.65</ele>
        <time>2026-10-02T05:31:00Z</time>
        <extensions>
          <geotracker:meta c="3.31" s="8.34" />
        </extensions>
      </trkpt>
      <trkpt lat="-22.63433577" lon="117.61443203">
        <ele>589.04</ele>
        <time>2026-10-02T05:31:14Z</time>
        <extensions>
          <geotracker:meta c="3.3" s="10.78" />
        </extensions>
      </trkpt>
      <trkpt lat="-22.63585048" lon="117.61418302">
        <ele>580.24</ele>
        <time>2026-10-02T05:31:29Z</time>
        <extensions>
          <geotracker:meta c="3.37" s="11.37" />
        </extensions>
      </trkpt>
      <trkpt lat="-22.63726799" lon="117.61389248">
        <ele>582.45</ele>
        <time>2026-10-02T05:31:44Z</time>
        <extensions>
          <geotracker:meta c="3.4" s="9.37" />
        </extensions>
      </trkpt>
      <trkpt lat="-22.63856177" lon="117.61368828">
        <ele>586.94</ele>
        <time>2026-10-02T05:31:59Z</time>
        <extensions>
          <geotracker:meta c="3.31" s="9.69" />
        </extensions>
      </trkpt>
      <trkpt lat="-22.6400554" lon="117.6134207">
        <ele>588.56</ele>
        <time>2026-10-02T05:32:14Z</time>
        <extensions>
          <geotracker:meta c="3.31" s="11.75" />
        </extensions>
      </trkpt>
      <trkpt lat="-22.64161667" lon="117.61325833">
        <ele>585.07</ele>
        <time>2026-10-02T05:32:29Z</time>
        <extensions>
          <geotracker:meta c="3.14" s="11.79" />
        </extensions>
      </trkpt>
      <trkpt lat="-22.64296793" lon="117.61333725">
        <ele>587.44</ele>
        <time>2026-10-02T05:32:44Z</time>
        <extensions>
          <geotracker:meta c="2.99" s="7.71" />
        </extensions>
      </trkpt>
      <trkpt lat="-22.64397953" lon="117.61351502">
        <ele>585.53</ele>
        <time>2026-10-02T05:32:58Z</time>
        <extensions>
          <geotracker:meta c="2.99" s="8.35" />
        </extensions>
      </trkpt>
      <trkpt lat="-22.64524389" lon="117.61367333">
        <ele>582.35</ele>
        <time>2026-10-02T05:33:12Z</time>
        <extensions>
          <geotracker:meta c="3.04" s="11.73" />
        </extensions>
      </trkpt>
      <trkpt lat="-22.64743539" lon="117.61347221">
        <ele>582.17</ele>
        <time>2026-10-02T05:33:39Z</time>
        <extensions>
          <geotracker:meta c="3.33" s="1.55" />
        </extensions>
      </trkpt>
      <trkpt lat="-22.64818546" lon="117.61316124">
        <ele>587.85</ele>
        <time>2026-10-02T05:43:45Z</time>
        <extensions>
          <geotracker:meta c="3.56" s="9.24" />
        </extensions>
      </trkpt>
      <trkpt lat="-22.64945822" lon="117.61237703">
        <ele>588.9</ele>
        <time>2026-10-02T05:44:00Z</time>
        <extensions>
          <geotracker:meta c="3.79" s="12.8" />
        </extensions>
      </trkpt>
      <trkpt lat="-22.65100676" lon="117.61093961">
        <ele>582.46</ele>
        <time>2026-10-02T05:44:15Z</time>
        <extensions>
          <geotracker:meta c="3.87" s="15.73" />
        </extensions>
      </trkpt>
      <trkpt lat="-22.65281549" lon="117.61011897">
        <ele>581.65</ele>
        <time>2026-10-02T05:44:30Z</time>
        <extensions>
          <geotracker:meta c="3.11" s="13.52" />
        </extensions>
      </trkpt>
      <trkpt lat="-22.65474789" lon="117.61072059">
        <ele>580.76</ele>
        <time>2026-10-02T05:44:45Z</time>
        <extensions>
          <geotracker:meta c="2.75" s="15.86" />
        </extensions>
      </trkpt>
      <trkpt lat="-22.65646356" lon="117.61158186">
        <ele>577.05</ele>
        <time>2026-10-02T05:45:00Z</time>
        <extensions>
          <geotracker:meta c="2.7" s="12.3" />
        </extensions>
      </trkpt>
      <trkpt lat="-22.65778671" lon="117.61231544">
        <ele>577.58</ele>
        <time>2026-10-02T05:45:15Z</time>
        <extensions>
          <geotracker:meta c="2.68" s="10.59" />
        </extensions>
      </trkpt>
      <trkpt lat="-22.65939216" lon="117.61279381">
        <ele>576.21</ele>
        <time>2026-10-02T05:45:30Z</time>
        <extensions>
          <geotracker:meta c="3.06" s="14.36" />
        </extensions>
      </trkpt>
      <trkpt lat="-22.66108398" lon="117.61301206">
        <ele>576.26</ele>
        <time>2026-10-02T05:45:45Z</time>
        <extensions>
          <geotracker:meta c="3.1" s="12.9" />
        </extensions>
      </trkpt>
      <trkpt lat="-22.66297137" lon="117.61321807">
        <ele>576.09</ele>
        <time>2026-10-02T05:46:00Z</time>
        <extensions>
          <geotracker:meta c="2.92" s="15.13" />
        </extensions>
      </trkpt>
      <trkpt lat="-22.66513071" lon="117.61300507">
        <ele>566.99</ele>
        <time>2026-10-02T05:46:15Z</time>
        <extensions>
          <geotracker:meta c="3.46" s="17.23" />
        </extensions>
      </trkpt>
      <trkpt lat="-22.66714572" lon="117.61326611">
        <ele>564.03</ele>
        <time>2026-10-02T05:46:30Z</time>
        <extensions>
          <geotracker:meta c="2.88" s="15.12" />
        </extensions>
      </trkpt>
      <trkpt lat="-22.66927553" lon="117.61339626">
        <ele>565.63</ele>
        <time>2026-10-02T05:46:45Z</time>
        <extensions>
          <geotracker:meta c="3.33" s="16.88" />
        </extensions>
      </trkpt>
      <trkpt lat="-22.67119348" lon="117.61239693">
        <ele>564.95</ele>
        <time>2026-10-02T05:47:00Z</time>
        <extensions>
          <geotracker:meta c="3.83" s="15.23" />
        </extensions>
      </trkpt>
      <trkpt lat="-22.67247473" lon="117.61059506">
        <ele>572.91</ele>
        <time>2026-10-02T05:47:15Z</time>
        <extensions>
          <geotracker:meta c="4.26" s="14.41" />
        </extensions>
      </trkpt>
      <trkpt lat="-22.67294721" lon="117.60904149">
        <ele>565.52</ele>
        <time>2026-10-02T05:47:30Z</time>
        <extensions>
          <geotracker:meta c="4.46" s="9.61" />
        </extensions>
      </trkpt>
      <trkpt lat="-22.67332074" lon="117.60739578">
        <ele>560.79</ele>
        <time>2026-10-02T05:47:45Z</time>
        <extensions>
          <geotracker:meta c="4.44" s="13.97" />
        </extensions>
      </trkpt>
      <trkpt lat="-22.67393106" lon="117.60517741">
        <ele>563.27</ele>
        <time>2026-10-02T05:48:00Z</time>
        <extensions>
          <geotracker:meta c="4.41" s="17.3" />
        </extensions>
      </trkpt>
      <trkpt lat="-22.67491695" lon="117.60294245">
        <ele>568.26</ele>
        <time>2026-10-02T05:48:15Z</time>
        <extensions>
          <geotracker:meta c="4.22" s="16.69" />
        </extensions>
      </trkpt>
      <trkpt lat="-22.67560524" lon="117.60145696">
        <ele>567.5</ele>
        <time>2026-10-02T05:48:25Z</time>
        <extensions>
          <geotracker:meta c="4.25" s="17.09" />
        </extensions>
      </trkpt>
      <trkpt lat="-22.67664057" lon="117.59915103">
        <ele>567.44</ele>
        <time>2026-10-02T05:48:40Z</time>
        <extensions>
          <geotracker:meta c="4.32" s="18.98" />
        </extensions>
      </trkpt>
      <trkpt lat="-22.67774331" lon="117.59656335">
        <ele>571.47</ele>
        <time>2026-10-02T05:48:55Z</time>
        <extensions>
          <geotracker:meta c="4.23" s="18.85" />
        </extensions>
      </trkpt>
      <trkpt lat="-22.67882503" lon="117.59464356">
        <ele>564.69</ele>
        <time>2026-10-02T05:49:10Z</time>
        <extensions>
          <geotracker:meta c="4.13" s="10.58" />
        </extensions>
      </trkpt>
      <trkpt lat="-22.67953093" lon="117.59328884">
        <ele>564.11</ele>
        <time>2026-10-02T05:49:25Z</time>
        <extensions>
          <geotracker:meta c="4.17" s="10.16" />
        </extensions>
      </trkpt>
      <trkpt lat="-22.68022956" lon="117.59216387">
        <ele>568.93</ele>
        <time>2026-10-02T05:49:40Z</time>
        <extensions>
          <geotracker:meta c="4.12" s="8.37" />
        </extensions>
      </trkpt>
      <trkpt lat="-22.68099051" lon="117.59114464">
        <ele>571.2</ele>
        <time>2026-10-02T05:49:55Z</time>
        <extensions>
          <geotracker:meta c="4.11" s="10.19" />
        </extensions>
      </trkpt>
      <trkpt lat="-22.68174077" lon="117.58989109">
        <ele>569.38</ele>
        <time>2026-10-02T05:50:10Z</time>
        <extensions>
          <geotracker:meta c="4.13" s="8.76" />
        </extensions>
      </trkpt>
      <trkpt lat="-22.68253961" lon="117.58868074">
        <ele>573.65</ele>
        <time>2026-10-02T05:50:25Z</time>
        <extensions>
          <geotracker:meta c="4.13" s="12.44" />
        </extensions>
      </trkpt>
      <trkpt lat="-22.68356182" lon="117.58694538">
        <ele>580.63</ele>
        <time>2026-10-02T05:50:40Z</time>
        <extensions>
          <geotracker:meta c="4.12" s="12.57" />
        </extensions>
      </trkpt>
      <trkpt lat="-22.68452737" lon="117.58522785">
        <ele>577.21</ele>
        <time>2026-10-02T05:50:55Z</time>
        <extensions>
          <geotracker:meta c="4.22" s="14.24" />
        </extensions>
      </trkpt>
      <trkpt lat="-22.68534086" lon="117.58342598">
        <ele>569.24</ele>
        <time>2026-10-02T05:51:10Z</time>
        <extensions>
          <geotracker:meta c="4.38" s="12.7" />
        </extensions>
      </trkpt>
      <trkpt lat="-22.68571282" lon="117.58156243">
        <ele>566.22</ele>
        <time>2026-10-02T05:51:25Z</time>
        <extensions>
          <geotracker:meta c="4.54" s="13.83" />
        </extensions>
      </trkpt>
      <trkpt lat="-22.68588147" lon="117.57939143">
        <ele>569.31</ele>
        <time>2026-10-02T05:51:40Z</time>
        <extensions>
          <geotracker:meta c="4.54" s="16.16" />
        </extensions>
      </trkpt>
      <trkpt lat="-22.68645067" lon="117.57722469">
        <ele>560.39</ele>
        <time>2026-10-02T05:51:55Z</time>
        <extensions>
          <geotracker:meta c="4.26" s="15.08" />
        </extensions>
      </trkpt>
      <trkpt lat="-22.68738516" lon="117.57522623">
        <ele>562.4</ele>
        <time>2026-10-02T05:52:10Z</time>
        <extensions>
          <geotracker:meta c="4.21" s="15.14" />
        </extensions>
      </trkpt>
      <trkpt lat="-22.68838186" lon="117.57308096">
        <ele>561.75</ele>
        <time>2026-10-02T05:52:25Z</time>
        <extensions>
          <geotracker:meta c="4.34" s="16.67" />
        </extensions>
      </trkpt>
      <trkpt lat="-22.68909004" lon="117.57093611">
        <ele>557.2</ele>
        <time>2026-10-02T05:52:40Z</time>
        <extensions>
          <geotracker:meta c="4.41" s="13.4" />
        </extensions>
      </trkpt>
      <trkpt lat="-22.68959778" lon="117.56906136">
        <ele>561.6</ele>
        <time>2026-10-02T05:52:55Z</time>
        <extensions>
          <geotracker:meta c="4.43" s="13.45" />
        </extensions>
      </trkpt>
      <trkpt lat="-22.68995636" lon="117.56701966">
        <ele>558.04</ele>
        <time>2026-10-02T05:53:10Z</time>
        <extensions>
          <geotracker:meta c="4.72" s="10.77" />
        </extensions>
      </trkpt>
      <trkpt lat="-22.69006128" lon="117.56587909">
        <ele>563.57</ele>
        <time>2026-10-02T05:53:25Z</time>
        <extensions>
          <geotracker:meta c="4.57" s="10.45" />
        </extensions>
      </trkpt>
      <trkpt lat="-22.69048655" lon="117.56443617">
        <ele>552.83</ele>
        <time>2026-10-02T05:53:40Z</time>
        <extensions>
          <geotracker:meta c="4.34" s="10.71" />
        </extensions>
      </trkpt>
      <trkpt lat="-22.69107674" lon="117.56337423">
        <ele>548.12</ele>
        <time>2026-10-02T05:53:55Z</time>
        <extensions>
          <geotracker:meta c="3.96" s="9.65" />
        </extensions>
      </trkpt>
      <trkpt lat="-22.69210573" lon="117.56217254">
        <ele>548.93</ele>
        <time>2026-10-02T05:54:10Z</time>
        <extensions>
          <geotracker:meta c="3.95" s="11.88" />
        </extensions>
      </trkpt>
      <trkpt lat="-22.6931773" lon="117.56102208">
        <ele>549.57</ele>
        <time>2026-10-02T05:54:25Z</time>
        <extensions>
          <geotracker:meta c="3.98" s="8.65" />
        </extensions>
      </trkpt>
      <trkpt lat="-22.69385563" lon="117.56002992">
        <ele>544.06</ele>
        <time>2026-10-02T05:54:40Z</time>
        <extensions>
          <geotracker:meta c="4.05" s="8.85" />
        </extensions>
      </trkpt>
      <trkpt lat="-22.69465419" lon="117.55894738">
        <ele>541.04</ele>
        <time>2026-10-02T05:54:55Z</time>
        <extensions>
          <geotracker:meta c="4.03" s="10.13" />
        </extensions>
      </trkpt>
      <trkpt lat="-22.69556068" lon="117.55785657">
        <ele>545.84</ele>
        <time>2026-10-02T05:55:10Z</time>
        <extensions>
          <geotracker:meta c="3.99" s="9.65" />
        </extensions>
      </trkpt>
      <trkpt lat="-22.69662426" lon="117.55643366">
        <ele>544.99</ele>
        <time>2026-10-02T05:55:28Z</time>
        <extensions>
          <geotracker:meta c="4.01" s="12.4" />
        </extensions>
      </trkpt>
      <trkpt lat="-22.69761072" lon="117.55511199">
        <ele>543.15</ele>
        <time>2026-10-02T05:55:42Z</time>
        <extensions>
          <geotracker:meta c="4.07" s="12.73" />
        </extensions>
      </trkpt>
      <trkpt lat="-22.6986992" lon="117.5536473">
        <ele>546.17</ele>
        <time>2026-10-02T05:55:56Z</time>
        <extensions>
          <geotracker:meta c="4.07" s="14.51" />
        </extensions>
      </trkpt>
      <trkpt lat="-22.69987172" lon="117.55201513">
        <ele>544.07</ele>
        <time>2026-10-02T05:56:10Z</time>
        <extensions>
          <geotracker:meta c="4.13" s="15.19" />
        </extensions>
      </trkpt>
      <trkpt lat="-22.70155393" lon="117.54917776">
        <ele>544.09</ele>
        <time>2026-10-02T05:56:38Z</time>
        <extensions>
          <geotracker:meta c="4.15" s="12.78" />
        </extensions>
      </trkpt>
      <trkpt lat="-22.70243259" lon="117.54768695">
        <ele>544.82</ele>
        <time>2026-10-02T05:56:52Z</time>
        <extensions>
          <geotracker:meta c="4.15" s="13.96" />
        </extensions>
      </trkpt>
      <trkpt lat="-22.70329878" lon="117.5462914">
        <ele>542.78</ele>
        <time>2026-10-02T05:57:06Z</time>
        <extensions>
          <geotracker:meta c="4.12" s="10.71" />
        </extensions>
      </trkpt>
      <trkpt lat="-22.70414004" lon="117.54479753">
        <ele>539.89</ele>
        <time>2026-10-02T05:57:20Z</time>
        <extensions>
          <geotracker:meta c="4.14" s="14.68" />
        </extensions>
      </trkpt>
      <trkpt lat="-22.70530437" lon="117.54286224">
        <ele>535.87</ele>
        <time>2026-10-02T05:57:34Z</time>
        <extensions>
          <geotracker:meta c="4.16" s="18.08" />
        </extensions>
      </trkpt>
      <trkpt lat="-22.70647779" lon="117.5407617">
        <ele>535.57</ele>
        <time>2026-10-02T05:57:48Z</time>
        <extensions>
          <geotracker:meta c="4.27" s="17.28" />
        </extensions>
      </trkpt>
      <trkpt lat="-22.70726574" lon="117.53848782">
        <ele>533.61</ele>
        <time>2026-10-02T05:58:02Z</time>
        <extensions>
          <geotracker:meta c="4.41" s="17.35" />
        </extensions>
      </trkpt>
      <trkpt lat="-22.70798179" lon="117.53609791">
        <ele>531.77</ele>
        <time>2026-10-02T05:58:16Z</time>
        <extensions>
          <geotracker:meta c="4.38" s="17.42" />
        </extensions>
      </trkpt>
      <trkpt lat="-22.7085766" lon="117.53403584">
        <ele>531.81</ele>
        <time>2026-10-02T05:58:30Z</time>
        <extensions>
          <geotracker:meta c="4.45" s="16.44" />
        </extensions>
      </trkpt>
      <trkpt lat="-22.70898353" lon="117.53165391">
        <ele>530.58</ele>
        <time>2026-10-02T05:58:44Z</time>
        <extensions>
          <geotracker:meta c="4.53" s="18.34" />
        </extensions>
      </trkpt>
      <trkpt lat="-22.70985915" lon="117.52731236">
        <ele>524.85</ele>
        <time>2026-10-02T05:59:10Z</time>
        <extensions>
          <geotracker:meta c="4.47" s="15.91" />
        </extensions>
      </trkpt>
      <trkpt lat="-22.71037755" lon="117.52508916">
        <ele>521.9</ele>
        <time>2026-10-02T05:59:25Z</time>
        <extensions>
          <geotracker:meta c="4.48" s="15.44" />
        </extensions>
      </trkpt>
      <trkpt lat="-22.71064561" lon="117.52397698">
        <ele>520.91</ele>
        <time>2026-10-02T05:59:40Z</time>
        <extensions>
          <geotracker:meta c="4.49" s="4.45" />
        </extensions>
      </trkpt>
      <trkpt lat="-22.71103012" lon="117.52250371">
        <ele>526.93</ele>
        <time>2026-10-02T06:00:09Z</time>
        <extensions>
          <geotracker:meta c="4.48" s="6.57" />
        </extensions>
      </trkpt>
      <trkpt lat="-22.71126454" lon="117.52143188">
        <ele>523.23</ele>
        <time>2026-10-02T06:00:24Z</time>
        <extensions>
          <geotracker:meta c="4.42" s="8.24" />
        </extensions>
      </trkpt>
      <trkpt lat="-22.7117159" lon="117.52009731">
        <ele>519.52</ele>
        <time>2026-10-02T06:00:39Z</time>
        <extensions>
          <geotracker:meta c="4.26" s="10.95" />
        </extensions>
      </trkpt>
      <trkpt lat="-22.71307041" lon="117.51757946">
        <ele>516.62</ele>
        <time>2026-10-02T06:01:07Z</time>
        <extensions>
          <geotracker:meta c="4.12" s="8.58" />
        </extensions>
      </trkpt>
      <trkpt lat="-22.7138364" lon="117.51638839">
        <ele>511.29</ele>
        <time>2026-10-02T06:01:22Z</time>
        <extensions>
          <geotracker:meta c="4.12" s="9.03" />
        </extensions>
      </trkpt>
      <trkpt lat="-22.71510302" lon="117.51402899">
        <ele>517.13</ele>
        <time>2026-10-02T06:01:52Z</time>
        <extensions>
          <geotracker:meta c="4.17" s="10.32" />
        </extensions>
      </trkpt>
      <trkpt lat="-22.71586526" lon="117.5129195">
        <ele>527.12</ele>
        <time>2026-10-02T06:02:07Z</time>
        <extensions>
          <geotracker:meta c="3.96" s="6.98" />
        </extensions>
      </trkpt>
      <trkpt lat="-22.71662571" lon="117.51219144">
        <ele>525.19</ele>
        <time>2026-10-02T06:02:24Z</time>
        <extensions>
          <geotracker:meta c="3.78" s="9.64" />
        </extensions>
      </trkpt>
      <trkpt lat="-22.71741982" lon="117.51138786">
        <ele>525.55</ele>
        <time>2026-10-02T06:02:39Z</time>
        <extensions>
          <geotracker:meta c="3.94" s="5.62" />
        </extensions>
      </trkpt>
      <trkpt lat="-22.71828192" lon="117.51069639">
        <ele>520.18</ele>
        <time>2026-10-02T06:02:54Z</time>
        <extensions>
          <geotracker:meta c="3.67" s="9.09" />
        </extensions>
      </trkpt>
      <trkpt lat="-22.71950208" lon="117.50995396">
        <ele>524.81</ele>
        <time>2026-10-02T06:03:09Z</time>
        <extensions>
          <geotracker:meta c="3.7" s="10.14" />
        </extensions>
      </trkpt>
      <trkpt lat="-22.72042515" lon="117.50923915">
        <ele>520.87</ele>
        <time>2026-10-02T06:03:24Z</time>
        <extensions>
          <geotracker:meta c="3.72" s="8.07" />
        </extensions>
      </trkpt>
      <trkpt lat="-22.7214921" lon="117.5084483">
        <ele>515.56</ele>
        <time>2026-10-02T06:03:41Z</time>
        <extensions>
          <geotracker:meta c="3.69" s="9.95" />
        </extensions>
      </trkpt>
      <trkpt lat="-22.72262233" lon="117.50780372">
        <ele>514.56</ele>
        <time>2026-10-02T06:03:56Z</time>
        <extensions>
          <geotracker:meta c="3.57" s="9.58" />
        </extensions>
      </trkpt>
      <trkpt lat="-22.72388472" lon="117.507035">
        <ele>510.55</ele>
        <time>2026-10-02T06:04:11Z</time>
        <extensions>
          <geotracker:meta c="3.64" s="10.07" />
        </extensions>
      </trkpt>
      <trkpt lat="-22.72509191" lon="117.50625826">
        <ele>514.25</ele>
        <time>2026-10-02T06:04:26Z</time>
        <extensions>
          <geotracker:meta c="3.61" s="9.59" />
        </extensions>
      </trkpt>
      <trkpt lat="-22.72601138" lon="117.5058536">
        <ele>515.58</ele>
        <time>2026-10-02T06:04:41Z</time>
        <extensions>
          <geotracker:meta c="3.51" s="6.9" />
        </extensions>
      </trkpt>
      <trkpt lat="-22.72697133" lon="117.50550504">
        <ele>510.08</ele>
        <time>2026-10-02T06:04:56Z</time>
        <extensions>
          <geotracker:meta c="3.4" s="8.05" />
        </extensions>
      </trkpt>
      <trkpt lat="-22.72821808" lon="117.50530343">
        <ele>513.51</ele>
        <time>2026-10-02T06:05:11Z</time>
        <extensions>
          <geotracker:meta c="3.25" s="9.79" />
        </extensions>
      </trkpt>
      <trkpt lat="-22.72937452" lon="117.50518326">
        <ele>520.26</ele>
        <time>2026-10-02T06:05:26Z</time>
        <extensions>
          <geotracker:meta c="3.21" s="8.06" />
        </extensions>
      </trkpt>
      <trkpt lat="-22.73067792" lon="117.50506527">
        <ele>520.28</ele>
        <time>2026-10-02T06:05:41Z</time>
        <extensions>
          <geotracker:meta c="3.24" s="10.75" />
        </extensions>
      </trkpt>
      <trkpt lat="-22.73219604" lon="117.50486479">
        <ele>521.61</ele>
        <time>2026-10-02T06:05:56Z</time>
        <extensions>
          <geotracker:meta c="3.21" s="11.18" />
        </extensions>
      </trkpt>
      <trkpt lat="-22.73356521" lon="117.50472782">
        <ele>522.2</ele>
        <time>2026-10-02T06:06:11Z</time>
        <extensions>
          <geotracker:meta c="3.22" s="9.84" />
        </extensions>
      </trkpt>
      <trkpt lat="-22.73498372" lon="117.50447959">
        <ele>521.64</ele>
        <time>2026-10-02T06:06:26Z</time>
        <extensions>
          <geotracker:meta c="3.38" s="12.16" />
        </extensions>
      </trkpt>
      <trkpt lat="-22.73666585" lon="117.50391328">
        <ele>513.36</ele>
        <time>2026-10-02T06:06:41Z</time>
        <extensions>
          <geotracker:meta c="3.54" s="12.98" />
        </extensions>
      </trkpt>
      <trkpt lat="-22.73836066" lon="117.50296114">
        <ele>513.53</ele>
        <time>2026-10-02T06:06:56Z</time>
        <extensions>
          <geotracker:meta c="3.63" s="13.69" />
        </extensions>
      </trkpt>
      <trkpt lat="-22.73969527" lon="117.50181439">
        <ele>511.98</ele>
        <time>2026-10-02T06:07:11Z</time>
        <extensions>
          <geotracker:meta c="4.02" s="12.06" />
        </extensions>
      </trkpt>
      <trkpt lat="-22.74074328" lon="117.50085831">
        <ele>506.99</ele>
        <time>2026-10-02T06:07:26Z</time>
        <extensions>
          <geotracker:meta c="3.7" s="9.46" />
        </extensions>
      </trkpt>
      <trkpt lat="-22.74207792" lon="117.5001995">
        <ele>508.59</ele>
        <time>2026-10-02T06:07:41Z</time>
        <extensions>
          <geotracker:meta c="3.5" s="12.7" />
        </extensions>
      </trkpt>
      <trkpt lat="-22.74366251" lon="117.49969438">
        <ele>508.65</ele>
        <time>2026-10-02T06:07:56Z</time>
        <extensions>
          <geotracker:meta c="3.41" s="12" />
        </extensions>
      </trkpt>
      <trkpt lat="-22.74506442" lon="117.49911762">
        <ele>507.33</ele>
        <time>2026-10-02T06:08:11Z</time>
        <extensions>
          <geotracker:meta c="3.54" s="8.35" />
        </extensions>
      </trkpt>
      <trkpt lat="-22.74608963" lon="117.49878423">
        <ele>503.55</ele>
        <time>2026-10-02T06:08:26Z</time>
        <extensions>
          <geotracker:meta c="3.35" s="9.38" />
        </extensions>
      </trkpt>
      <trkpt lat="-22.74732239" lon="117.49847282">
        <ele>504.39</ele>
        <time>2026-10-02T06:08:41Z</time>
        <extensions>
          <geotracker:meta c="3.4" s="10.86" />
        </extensions>
      </trkpt>
      <trkpt lat="-22.748861" lon="117.49804307">
        <ele>504.29</ele>
        <time>2026-10-02T06:08:56Z</time>
        <extensions>
          <geotracker:meta c="3.44" s="9.84" />
        </extensions>
      </trkpt>
      <trkpt lat="-22.75031991" lon="117.49767315">
        <ele>497.37</ele>
        <time>2026-10-02T06:09:11Z</time>
        <extensions>
          <geotracker:meta c="3.37" s="11.63" />
        </extensions>
      </trkpt>
      <trkpt lat="-22.75168609" lon="117.4973227">
        <ele>497.99</ele>
        <time>2026-10-02T06:09:26Z</time>
        <extensions>
          <geotracker:meta c="3.4" s="7.56" />
        </extensions>
      </trkpt>
      <trkpt lat="-22.75243239" lon="117.49713088">
        <ele>496.44</ele>
        <time>2026-10-02T06:09:41Z</time>
        <extensions>
          <geotracker:meta c="3.39" s="7.03" />
        </extensions>
      </trkpt>
      <trkpt lat="-22.75373244" lon="117.49681667">
        <ele>488.15</ele>
        <time>2026-10-02T06:09:56Z</time>
        <extensions>
          <geotracker:meta c="3.38" s="12.12" />
        </extensions>
      </trkpt>
      <trkpt lat="-22.75554401" lon="117.49646925">
        <ele>493.54</ele>
        <time>2026-10-02T06:10:11Z</time>
        <extensions>
          <geotracker:meta c="3.14" s="14.19" />
        </extensions>
      </trkpt>
      <trkpt lat="-22.75744113" lon="117.49672398">
        <ele>492.37</ele>
        <time>2026-10-02T06:10:26Z</time>
        <extensions>
          <geotracker:meta c="2.87" s="13.79" />
        </extensions>
      </trkpt>
      <trkpt lat="-22.75923107" lon="117.49750004">
        <ele>493.75</ele>
        <time>2026-10-02T06:10:41Z</time>
        <extensions>
          <geotracker:meta c="2.68" s="14.07" />
        </extensions>
      </trkpt>
      <trkpt lat="-22.76096052" lon="117.49838166">
        <ele>489.45</ele>
        <time>2026-10-02T06:10:56Z</time>
        <extensions>
          <geotracker:meta c="2.8" s="14.47" />
        </extensions>
      </trkpt>
      <trkpt lat="-22.76288774" lon="117.49872793">
        <ele>490.96</ele>
        <time>2026-10-02T06:11:11Z</time>
        <extensions>
          <geotracker:meta c="3.18" s="14.64" />
        </extensions>
      </trkpt>
      <trkpt lat="-22.76489748" lon="117.4983037">
        <ele>486.99</ele>
        <time>2026-10-02T06:11:26Z</time>
        <extensions>
          <geotracker:meta c="3.46" s="16.24" />
        </extensions>
      </trkpt>
      <trkpt lat="-22.76714803" lon="117.49744361">
        <ele>486.04</ele>
        <time>2026-10-02T06:11:41Z</time>
        <extensions>
          <geotracker:meta c="3.47" s="19.07" />
        </extensions>
      </trkpt>
      <trkpt lat="-22.76967955" lon="117.49649741">
        <ele>488.65</ele>
        <time>2026-10-02T06:11:56Z</time>
        <extensions>
          <geotracker:meta c="3.45" s="19.62" />
        </extensions>
      </trkpt>
      <trkpt lat="-22.77218856" lon="117.49584041">
        <ele>484</ele>
        <time>2026-10-02T06:12:11Z</time>
        <extensions>
          <geotracker:meta c="3.33" s="17.8" />
        </extensions>
      </trkpt>
      <trkpt lat="-22.77433539" lon="117.49542992">
        <ele>485.36</ele>
        <time>2026-10-02T06:12:26Z</time>
        <extensions>
          <geotracker:meta c="3.34" s="15.93" />
        </extensions>
      </trkpt>
      <trkpt lat="-22.77638959" lon="117.4949863">
        <ele>482.09</ele>
        <time>2026-10-02T06:12:41Z</time>
        <extensions>
          <geotracker:meta c="3.29" s="12.37" />
        </extensions>
      </trkpt>
      <trkpt lat="-22.77748782" lon="117.49477805">
        <ele>481.8</ele>
        <time>2026-10-02T06:12:56Z</time>
        <extensions>
          <geotracker:meta c="3.34" s="6.9" />
        </extensions>
      </trkpt>
      <trkpt lat="-22.77830966" lon="117.4946164">
        <ele>477.28</ele>
        <time>2026-10-02T06:13:11Z</time>
        <extensions>
          <geotracker:meta c="3.31" s="6.39" />
        </extensions>
      </trkpt>
      <trkpt lat="-22.77896499" lon="117.49452679">
        <ele>478.04</ele>
        <time>2026-10-02T06:13:26Z</time>
        <extensions>
          <geotracker:meta c="3.22" s="4.24" />
        </extensions>
      </trkpt>
      <trkpt lat="-22.77968234" lon="117.49451752">
        <ele>478.25</ele>
        <time>2026-10-02T06:13:41Z</time>
        <extensions>
          <geotracker:meta c="3.08" s="5.62" />
        </extensions>
      </trkpt>
      <trkpt lat="-22.78062507" lon="117.49459031">
        <ele>480.97</ele>
        <time>2026-10-02T06:13:56Z</time>
        <extensions>
          <geotracker:meta c="3.05" s="8" />
        </extensions>
      </trkpt>
      <trkpt lat="-22.78176827" lon="117.49472067">
        <ele>477.88</ele>
        <time>2026-10-02T06:14:11Z</time>
        <extensions>
          <geotracker:meta c="3.07" s="9.32" />
        </extensions>
      </trkpt>
      <trkpt lat="-22.78303431" lon="117.49484927">
        <ele>481.31</ele>
        <time>2026-10-02T06:14:26Z</time>
        <extensions>
          <geotracker:meta c="3.04" s="9.07" />
        </extensions>
      </trkpt>
      <trkpt lat="-22.78389503" lon="117.49501203">
        <ele>476.75</ele>
        <time>2026-10-02T06:14:41Z</time>
        <extensions>
          <geotracker:meta c="2.89" s="5.31" />
        </extensions>
      </trkpt>
      <trkpt lat="-22.78461612" lon="117.49524682">
        <ele>474.91</ele>
        <time>2026-10-02T06:14:56Z</time>
        <extensions>
          <geotracker:meta c="2.89" s="5.79" />
        </extensions>
      </trkpt>
      <trkpt lat="-22.78543256" lon="117.49543882">
        <ele>467.68</ele>
        <time>2026-10-02T06:15:11Z</time>
        <extensions>
          <geotracker:meta c="2.88" s="6.18" />
        </extensions>
      </trkpt>
      <trkpt lat="-22.78639011" lon="117.49575044">
        <ele>478.8</ele>
        <time>2026-10-02T06:15:26Z</time>
        <extensions>
          <geotracker:meta c="2.84" s="8.64" />
        </extensions>
      </trkpt>
      <trkpt lat="-22.78758766" lon="117.49604552">
        <ele>474.75</ele>
        <time>2026-10-02T06:15:41Z</time>
        <extensions>
          <geotracker:meta c="2.91" s="9.36" />
        </extensions>
      </trkpt>
      <trkpt lat="-22.7886535" lon="117.49635985">
        <ele>482.71</ele>
        <time>2026-10-02T06:15:56Z</time>
        <extensions>
          <geotracker:meta c="2.88" s="8.69" />
        </extensions>
      </trkpt>
      <trkpt lat="-22.7898734" lon="117.49663187">
        <ele>480.51</ele>
        <time>2026-10-02T06:16:11Z</time>
        <extensions>
          <geotracker:meta c="3.03" s="10.47" />
        </extensions>
      </trkpt>
      <trkpt lat="-22.79125386" lon="117.49665922">
        <ele>480.17</ele>
        <time>2026-10-02T06:16:26Z</time>
        <extensions>
          <geotracker:meta c="3.16" s="9.25" />
        </extensions>
      </trkpt>
      <trkpt lat="-22.79273397" lon="117.49646582">
        <ele>478.64</ele>
        <time>2026-10-02T06:16:41Z</time>
        <extensions>
          <geotracker:meta c="3.3" s="12.15" />
        </extensions>
      </trkpt>
      <trkpt lat="-22.79433002" lon="117.49623196">
        <ele>469.97</ele>
        <time>2026-10-02T06:16:56Z</time>
        <extensions>
          <geotracker:meta c="3.28" s="11.54" />
        </extensions>
      </trkpt>
      <trkpt lat="-22.79579326" lon="117.49599923">
        <ele>472.2</ele>
        <time>2026-10-02T06:17:11Z</time>
        <extensions>
          <geotracker:meta c="3.35" s="10.36" />
        </extensions>
      </trkpt>
      <trkpt lat="-22.79723814" lon="117.49544509">
        <ele>474.35</ele>
        <time>2026-10-02T06:17:26Z</time>
        <extensions>
          <geotracker:meta c="3.59" s="13" />
        </extensions>
      </trkpt>
      <trkpt lat="-22.79875076" lon="117.49431656">
        <ele>476.22</ele>
        <time>2026-10-02T06:17:41Z</time>
        <extensions>
          <geotracker:meta c="3.9" s="13.27" />
        </extensions>
      </trkpt>
      <trkpt lat="-22.79991144" lon="117.49279196">
        <ele>466.06</ele>
        <time>2026-10-02T06:17:56Z</time>
        <extensions>
          <geotracker:meta c="4.13" s="13.92" />
        </extensions>
      </trkpt>
      <trkpt lat="-22.80096811" lon="117.49107124">
        <ele>472.59</ele>
        <time>2026-10-02T06:18:11Z</time>
        <extensions>
          <geotracker:meta c="4.13" s="14.31" />
        </extensions>
      </trkpt>
      <trkpt lat="-22.80202929" lon="117.48935333">
        <ele>467.52</ele>
        <time>2026-10-02T06:18:26Z</time>
        <extensions>
          <geotracker:meta c="4.12" s="14.01" />
        </extensions>
      </trkpt>
      <trkpt lat="-22.80325699" lon="117.48731959">
        <ele>465.71</ele>
        <time>2026-10-02T06:18:43Z</time>
        <extensions>
          <geotracker:meta c="4.12" s="15.63" />
        </extensions>
      </trkpt>
      <trkpt lat="-22.8045077" lon="117.48529421">
        <ele>463.74</ele>
        <time>2026-10-02T06:18:58Z</time>
        <extensions>
          <geotracker:meta c="4.13" s="18.16" />
        </extensions>
      </trkpt>
      <trkpt lat="-22.80584554" lon="117.48312768">
        <ele>465.72</ele>
        <time>2026-10-02T06:19:13Z</time>
        <extensions>
          <geotracker:meta c="4.11" s="16.41" />
        </extensions>
      </trkpt>
      <trkpt lat="-22.8071086" lon="117.48112583">
        <ele>468.59</ele>
        <time>2026-10-02T06:19:28Z</time>
        <extensions>
          <geotracker:meta c="4.13" s="16.69" />
        </extensions>
      </trkpt>
      <trkpt lat="-22.8081333" lon="117.47945465">
        <ele>468.63</ele>
        <time>2026-10-02T06:19:43Z</time>
        <extensions>
          <geotracker:meta c="4.11" s="12.19" />
        </extensions>
      </trkpt>
      <trkpt lat="-22.80910775" lon="117.47789782">
        <ele>465.85</ele>
        <time>2026-10-02T06:19:58Z</time>
        <extensions>
          <geotracker:meta c="4.12" s="13.25" />
        </extensions>
      </trkpt>
      <trkpt lat="-22.81006913" lon="117.47630983">
        <ele>467.21</ele>
        <time>2026-10-02T06:20:13Z</time>
        <extensions>
          <geotracker:meta c="4.11" s="13.79" />
        </extensions>
      </trkpt>
      <trkpt lat="-22.81128115" lon="117.47439049">
        <ele>467.07</ele>
        <time>2026-10-02T06:20:28Z</time>
        <extensions>
          <geotracker:meta c="4.08" s="17.46" />
        </extensions>
      </trkpt>
      <trkpt lat="-22.81267189" lon="117.47257413">
        <ele>467.36</ele>
        <time>2026-10-02T06:20:43Z</time>
        <extensions>
          <geotracker:meta c="4" s="16.68" />
        </extensions>
      </trkpt>
      <trkpt lat="-22.81418446" lon="117.4709133">
        <ele>466.02</ele>
        <time>2026-10-02T06:20:58Z</time>
        <extensions>
          <geotracker:meta c="3.9" s="15.38" />
        </extensions>
      </trkpt>
      <trkpt lat="-22.81571587" lon="117.46926705">
        <ele>461.48</ele>
        <time>2026-10-02T06:21:13Z</time>
        <extensions>
          <geotracker:meta c="3.92" s="17.28" />
        </extensions>
      </trkpt>
      <trkpt lat="-22.81733134" lon="117.46753535">
        <ele>460.06</ele>
        <time>2026-10-02T06:21:27Z</time>
        <extensions>
          <geotracker:meta c="3.97" s="17.78" />
        </extensions>
      </trkpt>
      <trkpt lat="-22.82084687" lon="117.46376714">
        <ele>456.55</ele>
        <time>2026-10-02T06:21:55Z</time>
        <extensions>
          <geotracker:meta c="3.95" s="20.03" />
        </extensions>
      </trkpt>
      <trkpt lat="-22.8226558" lon="117.46182441">
        <ele>456.58</ele>
        <time>2026-10-02T06:22:09Z</time>
        <extensions>
          <geotracker:meta c="3.93" s="20.48" />
        </extensions>
      </trkpt>
      <trkpt lat="-22.82444095" lon="117.45991731">
        <ele>456.5</ele>
        <time>2026-10-02T06:22:23Z</time>
        <extensions>
          <geotracker:meta c="3.9" s="19.63" />
        </extensions>
      </trkpt>
      <trkpt lat="-22.82625003" lon="117.45796439">
        <ele>454.25</ele>
        <time>2026-10-02T06:22:37Z</time>
        <extensions>
          <geotracker:meta c="3.9" s="20.2" />
        </extensions>
      </trkpt>
      <trkpt lat="-22.82803336" lon="117.45605394">
        <ele>452.01</ele>
        <time>2026-10-02T06:22:51Z</time>
        <extensions>
          <geotracker:meta c="3.91" s="19.22" />
        </extensions>
      </trkpt>
      <trkpt lat="-22.83003671" lon="117.45444494">
        <ele>447.44</ele>
        <time>2026-10-02T06:23:05Z</time>
        <extensions>
          <geotracker:meta c="3.72" s="20.56" />
        </extensions>
      </trkpt>
      <trkpt lat="-22.8322319" lon="117.45284705">
        <ele>446.25</ele>
        <time>2026-10-02T06:23:19Z</time>
        <extensions>
          <geotracker:meta c="3.75" s="20.38" />
        </extensions>
      </trkpt>
      <trkpt lat="-22.83413809" lon="117.45166447">
        <ele>444.65</ele>
        <time>2026-10-02T06:23:33Z</time>
        <extensions>
          <geotracker:meta c="3.54" s="14.67" />
        </extensions>
      </trkpt>
      <trkpt lat="-22.8355223" lon="117.45115298">
        <ele>444.24</ele>
        <time>2026-10-02T06:23:47Z</time>
        <extensions>
          <geotracker:meta c="3.48" s="9.05" />
        </extensions>
      </trkpt>
      <trkpt lat="-22.83685337" lon="117.45097232">
        <ele>442.34</ele>
        <time>2026-10-02T06:24:01Z</time>
        <extensions>
          <geotracker:meta c="3.23" s="12.28" />
        </extensions>
      </trkpt>
      <trkpt lat="-22.83843076" lon="117.45083488">
        <ele>442.86</ele>
        <time>2026-10-02T06:24:15Z</time>
        <extensions>
          <geotracker:meta c="3.21" s="13.68" />
        </extensions>
      </trkpt>
      <trkpt lat="-22.84025959" lon="117.4506454">
        <ele>446.71</ele>
        <time>2026-10-02T06:24:29Z</time>
        <extensions>
          <geotracker:meta c="3.26" s="14.5" />
        </extensions>
      </trkpt>
      <trkpt lat="-22.84217244" lon="117.45044232">
        <ele>444.47</ele>
        <time>2026-10-02T06:24:43Z</time>
        <extensions>
          <geotracker:meta c="3.31" s="16.94" />
        </extensions>
      </trkpt>
      <trkpt lat="-22.8442363" lon="117.44985958">
        <ele>445.8</ele>
        <time>2026-10-02T06:24:57Z</time>
        <extensions>
          <geotracker:meta c="3.54" s="16.06" />
        </extensions>
      </trkpt>
      <trkpt lat="-22.84720948" lon="117.44644493">
        <ele>438.61</ele>
        <time>2026-10-02T06:25:25Z</time>
        <extensions>
          <geotracker:meta c="4.27" s="18.49" />
        </extensions>
      </trkpt>
      <trkpt lat="-22.84765027" lon="117.44408884">
        <ele>436.73</ele>
        <time>2026-10-02T06:25:39Z</time>
        <extensions>
          <geotracker:meta c="4.73" s="16.56" />
        </extensions>
      </trkpt>
      <trkpt lat="-22.84776732" lon="117.4419681">
        <ele>437.24</ele>
        <time>2026-10-02T06:25:53Z</time>
        <extensions>
          <geotracker:meta c="4.68" s="15.65" />
        </extensions>
      </trkpt>
      <trkpt lat="-22.84789515" lon="117.43967336">
        <ele>439.19</ele>
        <time>2026-10-02T06:26:07Z</time>
        <extensions>
          <geotracker:meta c="4.61" s="17.71" />
        </extensions>
      </trkpt>
      <trkpt lat="-22.84801546" lon="117.43714454">
        <ele>439.01</ele>
        <time>2026-10-02T06:26:21Z</time>
        <extensions>
          <geotracker:meta c="4.67" s="16.69" />
        </extensions>
      </trkpt>
      <trkpt lat="-22.84813816" lon="117.43490078">
        <ele>434.31</ele>
        <time>2026-10-02T06:26:35Z</time>
        <extensions>
          <geotracker:meta c="4.67" s="16.11" />
        </extensions>
      </trkpt>
      <trkpt lat="-22.84839649" lon="117.43240469">
        <ele>435.85</ele>
        <time>2026-10-02T06:26:51Z</time>
        <extensions>
          <geotracker:meta c="4.53" s="16.63" />
        </extensions>
      </trkpt>
      <trkpt lat="-22.84906484" lon="117.43020972">
        <ele>439.07</ele>
        <time>2026-10-02T06:27:05Z</time>
        <extensions>
          <geotracker:meta c="4.22" s="17.18" />
        </extensions>
      </trkpt>
      <trkpt lat="-22.8501426" lon="117.42756407">
        <ele>442.14</ele>
        <time>2026-10-02T06:27:21Z</time>
        <extensions>
          <geotracker:meta c="4.2" s="19.14" />
        </extensions>
      </trkpt>
      <trkpt lat="-22.85111523" lon="117.42512211">
        <ele>443.79</ele>
        <time>2026-10-02T06:27:36Z</time>
        <extensions>
          <geotracker:meta c="4.3" s="18.15" />
        </extensions>
      </trkpt>
      <trkpt lat="-22.85312668" lon="117.42005133">
        <ele>442.69</ele>
        <time>2026-10-02T06:28:06Z</time>
        <extensions>
          <geotracker:meta c="4.3" s="19.8" />
        </extensions>
      </trkpt>
      <trkpt lat="-22.85527758" lon="117.41469084">
        <ele>436.7</ele>
        <time>2026-10-02T06:28:36Z</time>
        <extensions>
          <geotracker:meta c="4.29" s="20.4" />
        </extensions>
      </trkpt>
    </trkseg>
    <trkseg>
      <trkpt lat="-22.8842825" lon="117.39120069">
        <ele>416.94</ele>
        <time>2026-10-02T06:32:35Z</time>
        <extensions>
          <geotracker:meta c="4.11" s="14.78" />
        </extensions>
      </trkpt>
      <trkpt lat="-22.88561351" lon="117.38932527">
        <ele>419.86</ele>
        <time>2026-10-02T06:32:50Z</time>
        <extensions>
          <geotracker:meta c="3.94" s="16.79" />
        </extensions>
      </trkpt>
      <trkpt lat="-22.88729702" lon="117.38782292">
        <ele>421.6</ele>
        <time>2026-10-02T06:33:05Z</time>
        <extensions>
          <geotracker:meta c="3.72" s="15.91" />
        </extensions>
      </trkpt>
      <trkpt lat="-22.88909659" lon="117.38682811">
        <ele>417.32</ele>
        <time>2026-10-02T06:33:20Z</time>
        <extensions>
          <geotracker:meta c="3.51" s="15.48" />
        </extensions>
      </trkpt>
      <trkpt lat="-22.89126523" lon="117.38615346">
        <ele>414.76</ele>
        <time>2026-10-02T06:33:35Z</time>
        <extensions>
          <geotracker:meta c="3.39" s="16.59" />
        </extensions>
      </trkpt>
      <trkpt lat="-22.89273637" lon="117.38573647">
        <ele>415.43</ele>
        <time>2026-10-02T06:33:45Z</time>
        <extensions>
          <geotracker:meta c="3.39" s="16.99" />
        </extensions>
      </trkpt>
      <trkpt lat="-22.89494178" lon="117.38514287">
        <ele>414.69</ele>
        <time>2026-10-02T06:34:00Z</time>
        <extensions>
          <geotracker:meta c="3.39" s="17.48" />
        </extensions>
      </trkpt>
      <trkpt lat="-22.89740156" lon="117.38447583">
        <ele>413.94</ele>
        <time>2026-10-02T06:34:15Z</time>
        <extensions>
          <geotracker:meta c="3.38" s="18.29" />
        </extensions>
      </trkpt>
      <trkpt lat="-22.89981101" lon="117.3837972">
        <ele>410.55</ele>
        <time>2026-10-02T06:34:30Z</time>
        <extensions>
          <geotracker:meta c="3.4" s="19.09" />
        </extensions>
      </trkpt>
      <trkpt lat="-22.9022717" lon="117.38311378">
        <ele>412.08</ele>
        <time>2026-10-02T06:34:45Z</time>
        <extensions>
          <geotracker:meta c="3.39" s="18.35" />
        </extensions>
      </trkpt>
      <trkpt lat="-22.90466349" lon="117.38210432">
        <ele>407.38</ele>
        <time>2026-10-02T06:35:00Z</time>
        <extensions>
          <geotracker:meta c="3.68" s="19.53" />
        </extensions>
      </trkpt>
      <trkpt lat="-22.90671726" lon="117.38046637">
        <ele>404.39</ele>
        <time>2026-10-02T06:35:15Z</time>
        <extensions>
          <geotracker:meta c="3.79" s="16.82" />
        </extensions>
      </trkpt>
      <trkpt lat="-22.90840694" lon="117.37914048">
        <ele>402.12</ele>
        <time>2026-10-02T06:35:30Z</time>
        <extensions>
          <geotracker:meta c="3.8" s="14.87" />
        </extensions>
      </trkpt>
      <trkpt lat="-22.91003067" lon="117.37781472">
        <ele>403.69</ele>
        <time>2026-10-02T06:35:45Z</time>
        <extensions>
          <geotracker:meta c="3.8" s="16.1" />
        </extensions>
      </trkpt>
      <trkpt lat="-22.91182348" lon="117.37634178">
        <ele>402.28</ele>
        <time>2026-10-02T06:36:00Z</time>
        <extensions>
          <geotracker:meta c="3.82" s="18.4" />
        </extensions>
      </trkpt>
      <trkpt lat="-22.91380629" lon="117.37470411">
        <ele>402.14</ele>
        <time>2026-10-02T06:36:15Z</time>
        <extensions>
          <geotracker:meta c="3.78" s="16.71" />
        </extensions>
      </trkpt>
      <trkpt lat="-22.91553649" lon="117.37330901">
        <ele>401.22</ele>
        <time>2026-10-02T06:36:30Z</time>
        <extensions>
          <geotracker:meta c="3.78" s="15.69" />
        </extensions>
      </trkpt>
      <trkpt lat="-22.91733664" lon="117.37182288">
        <ele>405.67</ele>
        <time>2026-10-02T06:36:45Z</time>
        <extensions>
          <geotracker:meta c="3.81" s="17.82" />
        </extensions>
      </trkpt>
      <trkpt lat="-22.91895782" lon="117.3697269">
        <ele>409.68</ele>
        <time>2026-10-02T06:37:00Z</time>
        <extensions>
          <geotracker:meta c="4.14" s="19.39" />
        </extensions>
      </trkpt>
      <trkpt lat="-22.92038183" lon="117.36736898">
        <ele>415.25</ele>
        <time>2026-10-02T06:37:15Z</time>
        <extensions>
          <geotracker:meta c="4.12" s="19.4" />
        </extensions>
      </trkpt>
      <trkpt lat="-22.92195827" lon="117.36559503">
        <ele>421.68</ele>
        <time>2026-10-02T06:37:30Z</time>
        <extensions>
          <geotracker:meta c="3.72" s="15.61" />
        </extensions>
      </trkpt>
      <trkpt lat="-22.92397047" lon="117.36454947">
        <ele>421.03</ele>
        <time>2026-10-02T06:37:45Z</time>
        <extensions>
          <geotracker:meta c="3.57" s="17.33" />
        </extensions>
      </trkpt>
      <trkpt lat="-22.92610952" lon="117.36351246">
        <ele>416.26</ele>
        <time>2026-10-02T06:38:00Z</time>
        <extensions>
          <geotracker:meta c="3.55" s="17.54" />
        </extensions>
      </trkpt>
      <trkpt lat="-22.93404625" lon="117.36085981">
        <ele>405.48</ele>
        <time>2026-10-02T06:51:18Z</time>
        <extensions>
          <geotracker:meta c="3.97" s="18.33" />
        </extensions>
      </trkpt>
      <trkpt lat="-22.93564439" lon="117.3588215">
        <ele>394.97</ele>
        <time>2026-10-02T06:51:31Z</time>
        <extensions>
          <geotracker:meta c="4" s="22.2" />
        </extensions>
      </trkpt>
    </trkseg>
    <trkseg>
      <trkpt lat="-22.97603335" lon="117.2261472">
        <ele>351.79</ele>
        <time>2026-10-02T07:01:39Z</time>
        <extensions>
          <geotracker:meta c="4.93" s="24.67" />
        </extensions>
      </trkpt>
      <trkpt lat="-22.97479016" lon="117.21918741">
        <ele>347.18</ele>
        <time>2026-10-02T07:02:07Z</time>
        <extensions>
          <geotracker:meta c="4.9" s="25.79" />
        </extensions>
      </trkpt>
      <trkpt lat="-22.97283038" lon="117.21233077">
        <ele>342.5</ele>
        <time>2026-10-02T07:02:35Z</time>
        <extensions>
          <geotracker:meta c="5.02" s="26.38" />
        </extensions>
      </trkpt>
      <trkpt lat="-22.97133338" lon="117.20539481">
        <ele>341.83</ele>
        <time>2026-10-02T07:03:03Z</time>
        <extensions>
          <geotracker:meta c="4.92" s="26.27" />
        </extensions>
      </trkpt>
      <trkpt lat="-22.9706253" lon="117.20184301">
        <ele>341.25</ele>
        <time>2026-10-02T07:03:17Z</time>
        <extensions>
          <geotracker:meta c="4.88" s="26.9" />
        </extensions>
      </trkpt>
      <trkpt lat="-22.96970379" lon="117.19483667">
        <ele>332.07</ele>
        <time>2026-10-02T07:03:45Z</time>
        <extensions>
          <geotracker:meta c="4.84" s="25.62" />
        </extensions>
      </trkpt>
      <trkpt lat="-22.9688008" lon="117.18782557">
        <ele>330.99</ele>
        <time>2026-10-02T07:04:13Z</time>
        <extensions>
          <geotracker:meta c="4.79" s="25.87" />
        </extensions>
      </trkpt>
      <trkpt lat="-22.96938103" lon="117.18069875">
        <ele>330.75</ele>
        <time>2026-10-02T07:04:41Z</time>
        <extensions>
          <geotracker:meta c="4.6" s="26.18" />
        </extensions>
      </trkpt>
      <trkpt lat="-22.97007443" lon="117.17359276">
        <ele>328.71</ele>
        <time>2026-10-02T07:05:09Z</time>
        <extensions>
          <geotracker:meta c="4.6" s="26.25" />
        </extensions>
      </trkpt>
      <trkpt lat="-22.97043147" lon="117.16999061">
        <ele>328.36</ele>
        <time>2026-10-02T07:05:23Z</time>
        <extensions>
          <geotracker:meta c="4.61" s="26.48" />
        </extensions>
      </trkpt>
      <trkpt lat="-22.97121203" lon="117.1665859">
        <ele>327.41</ele>
        <time>2026-10-02T07:05:37Z</time>
        <extensions>
          <geotracker:meta c="4.14" s="25.89" />
        </extensions>
      </trkpt>
      <trkpt lat="-22.97326813" lon="117.16375424">
        <ele>323.27</ele>
        <time>2026-10-02T07:05:51Z</time>
        <extensions>
          <geotracker:meta c="4.01" s="26.61" />
        </extensions>
      </trkpt>
      <trkpt lat="-22.97822422" lon="117.1592051">
        <ele>320.44</ele>
        <time>2026-10-02T07:06:19Z</time>
        <extensions>
          <geotracker:meta c="3.59" s="25.93" />
        </extensions>
      </trkpt>
    </trkseg>
    <trkseg>
      <trkpt lat="-22.96846804" lon="117.0735065">
        <ele>296.17</ele>
        <time>2026-10-02T07:12:38Z</time>
        <extensions>
          <geotracker:meta c="4.88" s="25.01" />
        </extensions>
      </trkpt>
      <trkpt lat="-22.96737486" lon="117.06647821">
        <ele>294.72</ele>
        <time>2026-10-02T07:13:06Z</time>
        <extensions>
          <geotracker:meta c="4.84" s="26.09" />
        </extensions>
      </trkpt>
    </trkseg>
    <trkseg>
      <trkpt lat="-22.95860211" lon="116.98973374">
        <ele>274.18</ele>
        <time>2026-10-02T07:18:14Z</time>
        <extensions>
          <geotracker:meta c="4.7" s="23.24" />
        </extensions>
      </trkpt>
      <trkpt lat="-22.95837864" lon="116.9869642">
        <ele>273.56</ele>
        <time>2026-10-02T07:18:28Z</time>
        <extensions>
          <geotracker:meta c="5.06" s="18.77" />
        </extensions>
      </trkpt>
      <trkpt lat="-22.95768912" lon="116.98479673">
        <ele>273.95</ele>
        <time>2026-10-02T07:18:42Z</time>
        <extensions>
          <geotracker:meta c="5.16" s="14.2" />
        </extensions>
      </trkpt>
      <trkpt lat="-22.95830872" lon="116.98371566">
        <ele>271.11</ele>
        <time>2026-10-02T07:19:10Z</time>
        <extensions>
          <geotracker:meta c="3.22" s="6.39" />
        </extensions>
      </trkpt>
      <trkpt lat="-22.96013888" lon="116.98321485">
        <ele>267.39</ele>
        <time>2026-10-02T07:19:38Z</time>
        <extensions>
          <geotracker:meta c="3.19" s="8.59" />
        </extensions>
      </trkpt>
      <trkpt lat="-22.96311261" lon="116.98303613">
        <ele>269.32</ele>
        <time>2026-10-02T07:20:20Z</time>
        <extensions>
          <geotracker:meta c="3.2" s="10.01" />
        </extensions>
      </trkpt>
      <trkpt lat="-22.96494071" lon="116.98334234">
        <ele>279.95</ele>
        <time>2026-10-02T07:20:48Z</time>
        <extensions>
          <geotracker:meta c="2.71" s="4.53" />
        </extensions>
      </trkpt>
      <trkpt lat="-22.96569615" lon="116.98331447">
        <ele>273.46</ele>
        <time>2026-10-02T07:21:02Z</time>
        <extensions>
          <geotracker:meta c="3.6" s="6.1" />
        </extensions>
      </trkpt>
      <trkpt lat="-22.96614272" lon="116.98309609">
        <ele>273.55</ele>
        <time>2026-10-02T07:33:36Z</time>
        <extensions>
          <geotracker:meta c="4.52" s="3.22" />
        </extensions>
      </trkpt>
      <trkpt lat="-22.96610022" lon="116.98257524">
        <ele>267.86</ele>
        <time>2026-10-02T07:33:49Z</time>
        <extensions>
          <geotracker:meta c="4.8" s="4.61" />
        </extensions>
      </trkpt>
      <trkpt lat="-22.9649953" lon="116.98025301">
        <ele>269.25</ele>
        <time>2026-10-02T07:34:34Z</time>
        <extensions>
          <geotracker:meta c="5.65" s="9.06" />
        </extensions>
      </trkpt>
      <trkpt lat="-22.96399661" lon="116.97974377">
        <ele>282.84</ele>
        <time>2026-10-02T07:34:49Z</time>
        <extensions>
          <geotracker:meta c="0.02" s="9.2" />
        </extensions>
      </trkpt>
      <trkpt lat="-22.96134541" lon="116.98311555">
        <ele>279.65</ele>
        <time>2026-10-02T07:35:49Z</time>
        <extensions>
          <geotracker:meta c="0.14" s="8.04" />
        </extensions>
      </trkpt>
      <trkpt lat="-22.96005716" lon="116.98318225">
        <ele>272.04</ele>
        <time>2026-10-02T07:36:05Z</time>
        <extensions>
          <geotracker:meta c="6.1" s="8.06" />
        </extensions>
      </trkpt>
      <trkpt lat="-22.95711054" lon="116.98374537">
        <ele>275.22</ele>
        <time>2026-10-02T07:36:52Z</time>
        <extensions>
          <geotracker:meta c="5.42" s="6.57" />
        </extensions>
      </trkpt>
      <trkpt lat="-22.95617298" lon="116.98253545">
        <ele>274.12</ele>
        <time>2026-10-02T07:37:07Z</time>
        <extensions>
          <geotracker:meta c="5.96" s="12.87" />
        </extensions>
      </trkpt>
      <trkpt lat="-22.95475794" lon="116.98113623">
        <ele>272.81</ele>
        <time>2026-10-02T07:37:22Z</time>
        <extensions>
          <geotracker:meta c="5.52" s="15.31" />
        </extensions>
      </trkpt>
      <trkpt lat="-22.95315231" lon="116.97958614">
        <ele>274.87</ele>
        <time>2026-10-02T07:37:37Z</time>
        <extensions>
          <geotracker:meta c="5.56" s="15.9" />
        </extensions>
      </trkpt>
      <trkpt lat="-22.95206731" lon="116.97853156">
        <ele>275.42</ele>
        <time>2026-10-02T07:37:52Z</time>
        <extensions>
          <geotracker:meta c="5.53" s="2.91" />
        </extensions>
      </trkpt>
      <trkpt lat="-22.9511493" lon="116.97767559">
        <ele>275.59</ele>
        <time>2026-10-02T07:38:07Z</time>
        <extensions>
          <geotracker:meta c="5.55" s="11.38" />
        </extensions>
      </trkpt>
      <trkpt lat="-22.94988953" lon="116.97642078">
        <ele>274.65</ele>
        <time>2026-10-02T07:38:22Z</time>
        <extensions>
          <geotracker:meta c="5.58" s="14.69" />
        </extensions>
      </trkpt>
      <trkpt lat="-22.94812178" lon="116.97471484">
        <ele>273.9</ele>
        <time>2026-10-02T07:38:37Z</time>
        <extensions>
          <geotracker:meta c="5.55" s="18.51" />
        </extensions>
      </trkpt>
      <trkpt lat="-22.94665638" lon="116.97329362">
        <ele>272.81</ele>
        <time>2026-10-02T07:38:52Z</time>
        <extensions>
          <geotracker:meta c="5.67" s="8.27" />
        </extensions>
      </trkpt>
      <trkpt lat="-22.94590058" lon="116.97392405">
        <ele>273.08</ele>
        <time>2026-10-02T07:39:07Z</time>
        <extensions>
          <geotracker:meta c="0.53" s="7.34" />
        </extensions>
      </trkpt>
      <trkpt lat="-22.94518909" lon="116.97379746">
        <ele>275.06</ele>
        <time>2026-10-02T07:39:22Z</time>
        <extensions>
          <geotracker:meta c="5.45" s="9.12" />
        </extensions>
      </trkpt>
      <trkpt lat="-22.94493228" lon="116.97332279">
        <ele>275.08</ele>
        <time>2026-10-02T07:39:37Z</time>
        <extensions>
          <geotracker:meta c="2.28" s="3.84" />
        </extensions>
      </trkpt>
      <trkpt lat="-22.94562332" lon="116.97420755">
        <ele>273.6</ele>
        <time>2026-10-02T07:39:52Z</time>
        <extensions>
          <geotracker:meta c="2.53" s="9.22" />
        </extensions>
      </trkpt>
      <trkpt lat="-22.94660939" lon="116.9752113">
        <ele>272.57</ele>
        <time>2026-10-02T07:40:07Z</time>
        <extensions>
          <geotracker:meta c="2.4" s="9.86" />
        </extensions>
      </trkpt>
      <trkpt lat="-22.94777558" lon="116.97641469">
        <ele>269.8</ele>
        <time>2026-10-02T07:40:22Z</time>
        <extensions>
          <geotracker:meta c="2.37" s="12.67" />
        </extensions>
      </trkpt>
      <trkpt lat="-22.94881103" lon="116.97744581">
        <ele>268.6</ele>
        <time>2026-10-02T07:40:37Z</time>
        <extensions>
          <geotracker:meta c="2.41" s="8.26" />
        </extensions>
      </trkpt>
      <trkpt lat="-22.94879541" lon="116.9779606">
        <ele>269.09</ele>
        <time>2026-10-02T07:40:52Z</time>
        <extensions>
          <geotracker:meta c="2.24" s="1.8" />
        </extensions>
      </trkpt>
    </trkseg>
  </trk>
</gpx>