<?xml version='1.0' encoding='UTF-8' standalone='yes' ?>
<gpx xmlns="http://www.topografix.com/GPX/1/1" xmlns:geotracker="http://ilyabogdanovich.com/gpx/extensions/geotracker" xmlns:xsi="http://www.w3.org/2001/XMLSchema-instance" xsi:schemaLocation="http://www.topografix.com/GPX/1/1 http://www.topografix.com/GPX/1/1/gpx.xsd" version="1.1" creator="Recorded in Geo Tracker for Android from Ilya Bogdanovich">
  <metadata>
    <name>El Questro</name>
    <author>
      <name>Recorded in Geo Tracker for Android from Ilya Bogdanovich</name>
      <link href="https://play.google.com/store/apps/details?id=com.ilyabogdanovich.geotracker" />
    </author>
    <link href="https://play.google.com/store/apps/details?id=com.ilyabogdanovich.geotracker" />
    <time>2026-09-14T22:16:12Z</time>
  </metadata>
  <wpt lat="-16.0145095" lon="128.02405894">
    <ele>190.63</ele>
    <time>2026-09-15T02:28:04Z</time>
    <name>Stop for ~1 h 24 min</name>
    <desc>Elevation: 191 m
Time from start: 04:11:51
Distance from start: 69 km</desc>
    <extensions>
      <geotracker:meta emoji="⏱️" />
    </extensions>
  </wpt>
  <wpt lat="-16.02144206" lon="128.02326545">
    <ele>183.33</ele>
    <time>2026-09-15T04:58:34Z</time>
    <name>Stop for ~3 min</name>
    <desc>Elevation: 183 m
Time from start: 06:42:21
Distance from start: 74.62 km</desc>
    <extensions>
      <geotracker:meta emoji="⏱️" />
    </extensions>
  </wpt>
  <wpt lat="-16.02174424" lon="128.03080681">
    <ele>226.68</ele>
    <time>2026-09-15T05:42:03Z</time>
    <name>Stop for ~8 min</name>
    <desc>Elevation: 227 m
Time from start: 07:25:50
Distance from start: 75.69 km</desc>
    <extensions>
      <geotracker:meta emoji="⏱️" />
    </extensions>
  </wpt>
  <wpt lat="-16.02443006" lon="128.03416113">
    <ele>257.93</ele>
    <time>2026-09-15T06:17:33Z</time>
    <name>Stop for ~13 min</name>
    <desc>Elevation: 258 m
Time from start: 08:01:20
Distance from start: 76.22 km</desc>
    <extensions>
      <geotracker:meta emoji="⏱️" />
    </extensions>
  </wpt>
  <wpt lat="-16.02599898" lon="128.03699596">
    <ele>288.19</ele>
    <time>2026-09-15T06:56:54Z</time>
    <name>Stop for ~5 min</name>
    <desc>Elevation: 288 m
Time from start: 08:40:41
Distance from start: 76.63 km</desc>
    <extensions>
      <geotracker:meta emoji="⏱️" />
    </extensions>
  </wpt>
  <wpt lat="-16.0082207" lon="127.98047635">
    <ele>140.34</ele>
    <time>2026-09-15T08:34:28Z</time>
    <name>Stop for ~43 min</name>
    <desc>Elevation: 140 m
Time from start: 10:18:15
Distance from start: 84.82 km</desc>
    <extensions>
      <geotracker:meta emoji="⏱️" />
    </extensions>
  </wpt>
  <trk>
    <name>El Questro</name>
    <src>Recorded in Geo Tracker for Android from Ilya Bogdanovich</src>
    <link href="https://play.google.com/store/apps/details?id=com.ilyabogdanovich.geotracker" />
    <extensions>
      <geotracker:meta>
        <geotracker:length>84991.69</geotracker:length>
        <geotracker:duration>33005394</geotracker:duration>
        <geotracker:creationtime>2026-09-14T22:16:12Z</geotracker:creationtime>
        <geotracker:activity>0</geotracker:activity>
      </geotracker:meta>
    </extensions>
    <trkseg>
      <trkpt lat="-15.80592395" lon="128.48234834">
        <ele>131.93</ele>
        <time>2026-09-14T22:17:31Z</time>
        <extensions>
          <geotracker:meta c="2.77" s="7.72" />
        </extensions>
      </trkpt>
      <trkpt lat="-15.80665763" lon="128.48251802">
        <ele>138.05</ele>
        <time>2026-09-14T22:17:41Z</time>
        <extensions>
          <geotracker:meta c="3.06" s="8.89" />
        </extensions>
      </trkpt>
      <trkpt lat="-15.80735468" lon="128.48272636">
        <ele>132.66</ele>
        <time>2026-09-14T22:17:51Z</time>
        <extensions>
          <geotracker:meta c="2.59" s="6.9" />
        </extensions>
      </trkpt>
      <trkpt lat="-15.80798197" lon="128.48303096">
        <ele>134.35</ele>
        <time>2026-09-14T22:18:02Z</time>
        <extensions>
          <geotracker:meta c="2.82" s="6.85" />
        </extensions>
      </trkpt>
      <trkpt lat="-15.80845051" lon="128.48317405">
        <ele>131.72</ele>
        <time>2026-09-14T22:18:11Z</time>
        <extensions>
          <geotracker:meta c="2.8" s="5.84" />
        </extensions>
      </trkpt>
      <trkpt lat="-15.80898399" lon="128.48334867">
        <ele>126.43</ele>
        <time>2026-09-14T22:18:21Z</time>
        <extensions>
          <geotracker:meta c="2.99" s="6.2" />
        </extensions>
      </trkpt>
      <trkpt lat="-15.80949981" lon="128.4834668">
        <ele>130.49</ele>
        <time>2026-09-14T22:18:31Z</time>
        <extensions>
          <geotracker:meta c="2.92" s="5.81" />
        </extensions>
      </trkpt>
      <trkpt lat="-15.81003342" lon="128.48350657">
        <ele>126.11</ele>
        <time>2026-09-14T22:18:41Z</time>
        <extensions>
          <geotracker:meta c="3.03" s="5.61" />
        </extensions>
      </trkpt>
      <trkpt lat="-15.81060296" lon="128.48358238">
        <ele>128.26</ele>
        <time>2026-09-14T22:18:51Z</time>
        <extensions>
          <geotracker:meta c="3.01" s="7.11" />
        </extensions>
      </trkpt>
      <trkpt lat="-15.81119027" lon="128.4838847">
        <ele>127.49</ele>
        <time>2026-09-14T22:19:01Z</time>
        <extensions>
          <geotracker:meta c="2.65" s="7.66" />
        </extensions>
      </trkpt>
      <trkpt lat="-15.81186575" lon="128.48422795">
        <ele>131.21</ele>
        <time>2026-09-14T22:19:11Z</time>
        <extensions>
          <geotracker:meta c="2.77" s="9.13" />
        </extensions>
      </trkpt>
      <trkpt lat="-15.81275203" lon="128.48434132">
        <ele>129.8</ele>
        <time>2026-09-14T22:19:21Z</time>
        <extensions>
          <geotracker:meta c="3.13" s="9.94" />
        </extensions>
      </trkpt>
      <trkpt lat="-15.81363733" lon="128.48449692">
        <ele>133.53</ele>
        <time>2026-09-14T22:19:31Z</time>
        <extensions>
          <geotracker:meta c="2.71" s="11.08" />
        </extensions>
      </trkpt>
      <trkpt lat="-15.81453774" lon="128.48502174">
        <ele>131.77</ele>
        <time>2026-09-14T22:19:41Z</time>
        <extensions>
          <geotracker:meta c="2.66" s="11.82" />
        </extensions>
      </trkpt>
      <trkpt lat="-15.81534027" lon="128.48564531">
        <ele>131.01</ele>
        <time>2026-09-14T22:19:51Z</time>
        <extensions>
          <geotracker:meta c="2.24" s="10.26" />
        </extensions>
      </trkpt>
      <trkpt lat="-15.81588205" lon="128.48642151">
        <ele>123.74</ele>
        <time>2026-09-14T22:20:02Z</time>
        <extensions>
          <geotracker:meta c="2.09" s="8.9" />
        </extensions>
      </trkpt>
      <trkpt lat="-15.81608413" lon="128.48736049">
        <ele>124.16</ele>
        <time>2026-09-14T22:20:13Z</time>
        <extensions>
          <geotracker:meta c="1.75" s="9.49" />
        </extensions>
      </trkpt>
      <trkpt lat="-15.81622277" lon="128.48864604">
        <ele>117.61</ele>
        <time>2026-09-14T22:20:41Z</time>
        <extensions>
          <geotracker:meta c="2.62" s="1.94" />
        </extensions>
      </trkpt>
      <trkpt lat="-15.81680051" lon="128.48851375">
        <ele>119.46</ele>
        <time>2026-09-14T22:20:52Z</time>
        <extensions>
          <geotracker:meta c="3.56" s="7.98" />
        </extensions>
      </trkpt>
      <trkpt lat="-15.8173865" lon="128.487848">
        <ele>117.41</ele>
        <time>2026-09-14T22:21:01Z</time>
        <extensions>
          <geotracker:meta c="3.97" s="12.51" />
        </extensions>
      </trkpt>
      <trkpt lat="-15.81823631" lon="128.4869438">
        <ele>121.23</ele>
        <time>2026-09-14T22:21:11Z</time>
        <extensions>
          <geotracker:meta c="3.95" s="12.75" />
        </extensions>
      </trkpt>
      <trkpt lat="-15.81900313" lon="128.48610869">
        <ele>120.91</ele>
        <time>2026-09-14T22:21:21Z</time>
        <extensions>
          <geotracker:meta c="3.95" s="12.1" />
        </extensions>
      </trkpt>
      <trkpt lat="-15.81971703" lon="128.48533939">
        <ele>119.31</ele>
        <time>2026-09-14T22:21:31Z</time>
        <extensions>
          <geotracker:meta c="3.95" s="10.49" />
        </extensions>
      </trkpt>
      <trkpt lat="-15.8202413" lon="128.48468741">
        <ele>116.2</ele>
        <time>2026-09-14T22:21:41Z</time>
        <extensions>
          <geotracker:meta c="4.07" s="8.21" />
        </extensions>
      </trkpt>
      <trkpt lat="-15.82053196" lon="128.48425374">
        <ele>116.73</ele>
        <time>2026-09-14T22:21:51Z</time>
        <extensions>
          <geotracker:meta c="4.14" s="2" />
        </extensions>
      </trkpt>
      <trkpt lat="-15.82122638" lon="128.4828384">
        <ele>114.42</ele>
        <time>2026-09-14T22:23:58Z</time>
        <extensions>
          <geotracker:meta c="4.29" s="12.31" />
        </extensions>
      </trkpt>
      <trkpt lat="-15.82178602" lon="128.48167644">
        <ele>113.57</ele>
        <time>2026-09-14T22:24:08Z</time>
        <extensions>
          <geotracker:meta c="4.27" s="15.07" />
        </extensions>
      </trkpt>
      <trkpt lat="-15.82242431" lon="128.48032404">
        <ele>116.94</ele>
        <time>2026-09-14T22:24:18Z</time>
        <extensions>
          <geotracker:meta c="4.23" s="17.08" />
        </extensions>
      </trkpt>
      <trkpt lat="-15.82326122" lon="128.47885083">
        <ele>119.95</ele>
        <time>2026-09-14T22:24:28Z</time>
        <extensions>
          <geotracker:meta c="4.18" s="18.93" />
        </extensions>
      </trkpt>
      <trkpt lat="-15.82419378" lon="128.47720982">
        <ele>121.02</ele>
        <time>2026-09-14T22:24:38Z</time>
        <extensions>
          <geotracker:meta c="4.18" s="21.54" />
        </extensions>
      </trkpt>
      <trkpt lat="-15.82523305" lon="128.47543716">
        <ele>119.67</ele>
        <time>2026-09-14T22:24:48Z</time>
        <extensions>
          <geotracker:meta c="4.16" s="23.03" />
        </extensions>
      </trkpt>
      <trkpt lat="-15.82634129" lon="128.47349205">
        <ele>119.26</ele>
        <time>2026-09-14T22:24:58Z</time>
        <extensions>
          <geotracker:meta c="4.19" s="24.86" />
        </extensions>
      </trkpt>
      <trkpt lat="-15.82751586" lon="128.4714381">
        <ele>113.5</ele>
        <time>2026-09-14T22:25:08Z</time>
        <extensions>
          <geotracker:meta c="4.17" s="25.96" />
        </extensions>
      </trkpt>
      <trkpt lat="-15.82871896" lon="128.46936922">
        <ele>114.09</ele>
        <time>2026-09-14T22:25:18Z</time>
        <extensions>
          <geotracker:meta c="4.17" s="25.75" />
        </extensions>
      </trkpt>
      <trkpt lat="-15.82992159" lon="128.46728448">
        <ele>115.12</ele>
        <time>2026-09-14T22:25:28Z</time>
        <extensions>
          <geotracker:meta c="4.17" s="25.65" />
        </extensions>
      </trkpt>
      <trkpt lat="-15.83094873" lon="128.46518556">
        <ele>117.57</ele>
        <time>2026-09-14T22:25:38Z</time>
        <extensions>
          <geotracker:meta c="4.28" s="25.41" />
        </extensions>
      </trkpt>
      <trkpt lat="-15.83188964" lon="128.46302036">
        <ele>117.09</ele>
        <time>2026-09-14T22:25:48Z</time>
        <extensions>
          <geotracker:meta c="4.28" s="25.29" />
        </extensions>
      </trkpt>
      <trkpt lat="-15.83283116" lon="128.46091903">
        <ele>119.86</ele>
        <time>2026-09-14T22:25:58Z</time>
        <extensions>
          <geotracker:meta c="4.28" s="24.3" />
        </extensions>
      </trkpt>
      <trkpt lat="-15.83372707" lon="128.45893411">
        <ele>124.15</ele>
        <time>2026-09-14T22:26:08Z</time>
        <extensions>
          <geotracker:meta c="4.28" s="23.26" />
        </extensions>
      </trkpt>
      <trkpt lat="-15.83460088" lon="128.45691078">
        <ele>129.04</ele>
        <time>2026-09-14T22:26:18Z</time>
        <extensions>
          <geotracker:meta c="4.28" s="24.03" />
        </extensions>
      </trkpt>
      <trkpt lat="-15.8355381" lon="128.45481931">
        <ele>128.09</ele>
        <time>2026-09-14T22:26:28Z</time>
        <extensions>
          <geotracker:meta c="4.29" s="25.49" />
        </extensions>
      </trkpt>
      <trkpt lat="-15.83649179" lon="128.45263168">
        <ele>128.72</ele>
        <time>2026-09-14T22:26:38Z</time>
        <extensions>
          <geotracker:meta c="4.28" s="25.82" />
        </extensions>
      </trkpt>
      <trkpt lat="-15.83736595" lon="128.45064829">
        <ele>130.66</ele>
        <time>2026-09-14T22:26:47Z</time>
        <extensions>
          <geotracker:meta c="4.28" s="25.75" />
        </extensions>
      </trkpt>
      <trkpt lat="-15.83833064" lon="128.44851376">
        <ele>133.01</ele>
        <time>2026-09-14T22:26:57Z</time>
        <extensions>
          <geotracker:meta c="4.28" s="24.76" />
        </extensions>
      </trkpt>
      <trkpt lat="-15.83925223" lon="128.44638167">
        <ele>134.97</ele>
        <time>2026-09-14T22:27:07Z</time>
        <extensions>
          <geotracker:meta c="4.29" s="25.8" />
        </extensions>
      </trkpt>
      <trkpt lat="-15.84014356" lon="128.44436652">
        <ele>130.1</ele>
        <time>2026-09-14T22:27:16Z</time>
        <extensions>
          <geotracker:meta c="4.28" s="26.58" />
        </extensions>
      </trkpt>
      <trkpt lat="-15.84122381" lon="128.44190719">
        <ele>126.38</ele>
        <time>2026-09-14T22:27:27Z</time>
        <extensions>
          <geotracker:meta c="4.28" s="26.07" />
        </extensions>
      </trkpt>
      <trkpt lat="-15.84212931" lon="128.43996222">
        <ele>125.16</ele>
        <time>2026-09-14T22:27:36Z</time>
        <extensions>
          <geotracker:meta c="4.28" s="26.18" />
        </extensions>
      </trkpt>
      <trkpt lat="-15.8431078" lon="128.43771631">
        <ele>124.12</ele>
        <time>2026-09-14T22:27:46Z</time>
        <extensions>
          <geotracker:meta c="4.29" s="25.89" />
        </extensions>
      </trkpt>
      <trkpt lat="-15.84423985" lon="128.43505328">
        <ele>123.91</ele>
        <time>2026-09-14T22:27:58Z</time>
        <extensions>
          <geotracker:meta c="4.29" s="25.88" />
        </extensions>
      </trkpt>
      <trkpt lat="-15.84522727" lon="128.43285934">
        <ele>122.38</ele>
        <time>2026-09-14T22:28:08Z</time>
        <extensions>
          <geotracker:meta c="4.29" s="25.97" />
        </extensions>
      </trkpt>
      <trkpt lat="-15.84615598" lon="128.43069503">
        <ele>122.37</ele>
        <time>2026-09-14T22:28:18Z</time>
        <extensions>
          <geotracker:meta c="4.28" s="24" />
        </extensions>
      </trkpt>
      <trkpt lat="-15.84696084" lon="128.42887679">
        <ele>121.47</ele>
        <time>2026-09-14T22:28:28Z</time>
        <extensions>
          <geotracker:meta c="4.29" s="19.23" />
        </extensions>
      </trkpt>
      <trkpt lat="-15.84765331" lon="128.42732154">
        <ele>120.76</ele>
        <time>2026-09-14T22:28:38Z</time>
        <extensions>
          <geotracker:meta c="4.29" s="17.89" />
        </extensions>
      </trkpt>
      <trkpt lat="-15.84838027" lon="128.42568441">
        <ele>123.25</ele>
        <time>2026-09-14T22:28:48Z</time>
        <extensions>
          <geotracker:meta c="4.28" s="20.69" />
        </extensions>
      </trkpt>
      <trkpt lat="-15.84917022" lon="128.42386459">
        <ele>120.2</ele>
        <time>2026-09-14T22:28:58Z</time>
        <extensions>
          <geotracker:meta c="4.28" s="21.55" />
        </extensions>
      </trkpt>
      <trkpt lat="-15.85000141" lon="128.42202685">
        <ele>121.14</ele>
        <time>2026-09-14T22:29:08Z</time>
        <extensions>
          <geotracker:meta c="4.28" s="21.98" />
        </extensions>
      </trkpt>
      <trkpt lat="-15.85079809" lon="128.4201699">
        <ele>119.05</ele>
        <time>2026-09-14T22:29:18Z</time>
        <extensions>
          <geotracker:meta c="4.28" s="21.42" />
        </extensions>
      </trkpt>
      <trkpt lat="-15.8516126" lon="128.41835738">
        <ele>119.04</ele>
        <time>2026-09-14T22:29:28Z</time>
        <extensions>
          <geotracker:meta c="4.28" s="20.55" />
        </extensions>
      </trkpt>
      <trkpt lat="-15.85226223" lon="128.41684773">
        <ele>120.18</ele>
        <time>2026-09-14T22:29:38Z</time>
        <extensions>
          <geotracker:meta c="4.29" s="15.5" />
        </extensions>
      </trkpt>
      <trkpt lat="-15.85276807" lon="128.41574823">
        <ele>122.47</ele>
        <time>2026-09-14T22:29:48Z</time>
        <extensions>
          <geotracker:meta c="4.29" s="11.47" />
        </extensions>
      </trkpt>
      <trkpt lat="-15.85310546" lon="128.41498964">
        <ele>121.85</ele>
        <time>2026-09-14T22:29:58Z</time>
        <extensions>
          <geotracker:meta c="4.27" s="6.07" />
        </extensions>
      </trkpt>
      <trkpt lat="-15.85354727" lon="128.41394515">
        <ele>121.66</ele>
        <time>2026-09-14T22:30:18Z</time>
        <extensions>
          <geotracker:meta c="4.29" s="11.9" />
        </extensions>
      </trkpt>
      <trkpt lat="-15.85410816" lon="128.41270119">
        <ele>122.1</ele>
        <time>2026-09-14T22:30:28Z</time>
        <extensions>
          <geotracker:meta c="4.31" s="15.83" />
        </extensions>
      </trkpt>
      <trkpt lat="-15.85467767" lon="128.41137539">
        <ele>121.06</ele>
        <time>2026-09-14T22:30:38Z</time>
        <extensions>
          <geotracker:meta c="4.27" s="15.63" />
        </extensions>
      </trkpt>
      <trkpt lat="-15.85531385" lon="128.40992374">
        <ele>123.61</ele>
        <time>2026-09-14T22:30:48Z</time>
        <extensions>
          <geotracker:meta c="4.28" s="17.93" />
        </extensions>
      </trkpt>
      <trkpt lat="-15.85603446" lon="128.4083386">
        <ele>125.14</ele>
        <time>2026-09-14T22:30:58Z</time>
        <extensions>
          <geotracker:meta c="4.28" s="19.67" />
        </extensions>
      </trkpt>
      <trkpt lat="-15.85679619" lon="128.4065698">
        <ele>127.56</ele>
        <time>2026-09-14T22:31:08Z</time>
        <extensions>
          <geotracker:meta c="4.28" s="21.42" />
        </extensions>
      </trkpt>
      <trkpt lat="-15.85763523" lon="128.40465473">
        <ele>125.69</ele>
        <time>2026-09-14T22:31:18Z</time>
        <extensions>
          <geotracker:meta c="4.27" s="23.18" />
        </extensions>
      </trkpt>
      <trkpt lat="-15.85854472" lon="128.40262593">
        <ele>125.95</ele>
        <time>2026-09-14T22:31:28Z</time>
        <extensions>
          <geotracker:meta c="4.28" s="24.49" />
        </extensions>
      </trkpt>
      <trkpt lat="-15.85947529" lon="128.40053146">
        <ele>127.03</ele>
        <time>2026-09-14T22:31:38Z</time>
        <extensions>
          <geotracker:meta c="4.28" s="25.02" />
        </extensions>
      </trkpt>
      <trkpt lat="-15.86042664" lon="128.39835617">
        <ele>122.43</ele>
        <time>2026-09-14T22:31:48Z</time>
        <extensions>
          <geotracker:meta c="4.28" s="25.46" />
        </extensions>
      </trkpt>
      <trkpt lat="-15.86134852" lon="128.3962433">
        <ele>124.92</ele>
        <time>2026-09-14T22:31:58Z</time>
        <extensions>
          <geotracker:meta c="4.29" s="24.89" />
        </extensions>
      </trkpt>
      <trkpt lat="-15.8623053" lon="128.39411768">
        <ele>127.34</ele>
        <time>2026-09-14T22:32:08Z</time>
        <extensions>
          <geotracker:meta c="4.28" s="25.2" />
        </extensions>
      </trkpt>
      <trkpt lat="-15.86324064" lon="128.39198835">
        <ele>131.68</ele>
        <time>2026-09-14T22:32:18Z</time>
        <extensions>
          <geotracker:meta c="4.29" s="24.84" />
        </extensions>
      </trkpt>
      <trkpt lat="-15.86416064" lon="128.38989282">
        <ele>138.33</ele>
        <time>2026-09-14T22:32:28Z</time>
        <extensions>
          <geotracker:meta c="4.29" s="24.55" />
        </extensions>
      </trkpt>
      <trkpt lat="-15.86506521" lon="128.38781784">
        <ele>145.22</ele>
        <time>2026-09-14T22:32:38Z</time>
        <extensions>
          <geotracker:meta c="4.28" s="24.47" />
        </extensions>
      </trkpt>
      <trkpt lat="-15.86600393" lon="128.38570835">
        <ele>145.23</ele>
        <time>2026-09-14T22:32:48Z</time>
        <extensions>
          <geotracker:meta c="4.29" s="25.15" />
        </extensions>
      </trkpt>
      <trkpt lat="-15.86692877" lon="128.38359124">
        <ele>151.96</ele>
        <time>2026-09-14T22:32:58Z</time>
        <extensions>
          <geotracker:meta c="4.28" s="24.58" />
        </extensions>
      </trkpt>
      <trkpt lat="-15.86784622" lon="128.38151478">
        <ele>157.73</ele>
        <time>2026-09-14T22:33:08Z</time>
        <extensions>
          <geotracker:meta c="4.32" s="24.44" />
        </extensions>
      </trkpt>
      <trkpt lat="-15.8683011" lon="128.37926338">
        <ele>161.91</ele>
        <time>2026-09-14T22:33:18Z</time>
        <extensions>
          <geotracker:meta c="4.63" s="24.57" />
        </extensions>
      </trkpt>
      <trkpt lat="-15.86836498" lon="128.37717469">
        <ele>157.49</ele>
        <time>2026-09-14T22:33:27Z</time>
        <extensions>
          <geotracker:meta c="4.7" s="24.07" />
        </extensions>
      </trkpt>
      <trkpt lat="-15.86840626" lon="128.37516308">
        <ele>152.41</ele>
        <time>2026-09-14T22:33:36Z</time>
        <extensions>
          <geotracker:meta c="4.69" s="24.13" />
        </extensions>
      </trkpt>
      <trkpt lat="-15.86847817" lon="128.37083354">
        <ele>147.8</ele>
        <time>2026-09-14T22:33:55Z</time>
        <extensions>
          <geotracker:meta c="4.69" s="24.79" />
        </extensions>
      </trkpt>
      <trkpt lat="-15.86853035" lon="128.36849209">
        <ele>150.16</ele>
        <time>2026-09-14T22:34:05Z</time>
        <extensions>
          <geotracker:meta c="4.7" s="25.45" />
        </extensions>
      </trkpt>
      <trkpt lat="-15.86829378" lon="128.36617269">
        <ele>145.83</ele>
        <time>2026-09-14T22:34:15Z</time>
        <extensions>
          <geotracker:meta c="4.98" s="24.82" />
        </extensions>
      </trkpt>
      <trkpt lat="-15.86726016" lon="128.36411097">
        <ele>138.95</ele>
        <time>2026-09-14T22:34:25Z</time>
        <extensions>
          <geotracker:meta c="5.39" s="25.64" />
        </extensions>
      </trkpt>
      <trkpt lat="-15.86555357" lon="128.36252482">
        <ele>141.2</ele>
        <time>2026-09-14T22:34:35Z</time>
        <extensions>
          <geotracker:meta c="5.58" s="24.64" />
        </extensions>
      </trkpt>
      <trkpt lat="-15.86387531" lon="128.36097562">
        <ele>140.74</ele>
        <time>2026-09-14T22:34:45Z</time>
        <extensions>
          <geotracker:meta c="5.49" s="25.65" />
        </extensions>
      </trkpt>
      <trkpt lat="-15.86233542" lon="128.35906465">
        <ele>138.13</ele>
        <time>2026-09-14T22:34:55Z</time>
        <extensions>
          <geotracker:meta c="5.37" s="27.19" />
        </extensions>
      </trkpt>
      <trkpt lat="-15.86120382" lon="128.35686135">
        <ele>136.13</ele>
        <time>2026-09-14T22:35:05Z</time>
        <extensions>
          <geotracker:meta c="5.04" s="26.45" />
        </extensions>
      </trkpt>
      <trkpt lat="-15.86059375" lon="128.35449828">
        <ele>132.37</ele>
        <time>2026-09-14T22:35:15Z</time>
        <extensions>
          <geotracker:meta c="4.96" s="26.08" />
        </extensions>
      </trkpt>
      <trkpt lat="-15.85982044" lon="128.35172601">
        <ele>127.38</ele>
        <time>2026-09-14T22:35:27Z</time>
        <extensions>
          <geotracker:meta c="5.07" s="24.88" />
        </extensions>
      </trkpt>
      <trkpt lat="-15.85885442" lon="128.34970029">
        <ele>129.96</ele>
        <time>2026-09-14T22:35:37Z</time>
        <extensions>
          <geotracker:meta c="5.21" s="23.72" />
        </extensions>
      </trkpt>
      <trkpt lat="-15.85782335" lon="128.34767506">
        <ele>124.49</ele>
        <time>2026-09-14T22:35:47Z</time>
        <extensions>
          <geotracker:meta c="5.11" s="24.92" />
        </extensions>
      </trkpt>
      <trkpt lat="-15.85730139" lon="128.34536281">
        <ele>119.2</ele>
        <time>2026-09-14T22:35:57Z</time>
        <extensions>
          <geotracker:meta c="4.85" s="26" />
        </extensions>
      </trkpt>
      <trkpt lat="-15.85699328" lon="128.34305983">
        <ele>128.22</ele>
        <time>2026-09-14T22:36:07Z</time>
        <extensions>
          <geotracker:meta c="4.85" s="24.23" />
        </extensions>
      </trkpt>
      <trkpt lat="-15.8566862" lon="128.34075109">
        <ele>125.26</ele>
        <time>2026-09-14T22:36:17Z</time>
        <extensions>
          <geotracker:meta c="4.84" s="25.8" />
        </extensions>
      </trkpt>
      <trkpt lat="-15.8563606" lon="128.33833197">
        <ele>123.16</ele>
        <time>2026-09-14T22:36:27Z</time>
        <extensions>
          <geotracker:meta c="4.84" s="26.23" />
        </extensions>
      </trkpt>
      <trkpt lat="-15.85605324" lon="128.33596486">
        <ele>118.15</ele>
        <time>2026-09-14T22:36:37Z</time>
        <extensions>
          <geotracker:meta c="4.84" s="24.6" />
        </extensions>
      </trkpt>
      <trkpt lat="-15.85568859" lon="128.33378885">
        <ele>120.26</ele>
        <time>2026-09-14T22:36:47Z</time>
        <extensions>
          <geotracker:meta c="4.97" s="23.72" />
        </extensions>
      </trkpt>
      <trkpt lat="-15.85480216" lon="128.33173374">
        <ele>122.02</ele>
        <time>2026-09-14T22:36:57Z</time>
        <extensions>
          <geotracker:meta c="5.29" s="24.94" />
        </extensions>
      </trkpt>
      <trkpt lat="-15.85343993" lon="128.32982046">
        <ele>115.69</ele>
        <time>2026-09-14T22:37:07Z</time>
        <extensions>
          <geotracker:meta c="5.33" s="25.76" />
        </extensions>
      </trkpt>
      <trkpt lat="-15.85236005" lon="128.32763943">
        <ele>112.81</ele>
        <time>2026-09-14T22:37:17Z</time>
        <extensions>
          <geotracker:meta c="5.13" s="26.12" />
        </extensions>
      </trkpt>
      <trkpt lat="-15.85148487" lon="128.32558121">
        <ele>111.5</ele>
        <time>2026-09-14T22:37:27Z</time>
        <extensions>
          <geotracker:meta c="5.14" s="21.48" />
        </extensions>
      </trkpt>
      <trkpt lat="-15.8506305" lon="128.32418551">
        <ele>112.82</ele>
        <time>2026-09-14T22:37:37Z</time>
        <extensions>
          <geotracker:meta c="5.35" s="16.24" />
        </extensions>
      </trkpt>
      <trkpt lat="-15.84952887" lon="128.32312919">
        <ele>111.16</ele>
        <time>2026-09-14T22:37:47Z</time>
        <extensions>
          <geotracker:meta c="5.67" s="17.26" />
        </extensions>
      </trkpt>
      <trkpt lat="-15.84798667" lon="128.32241316">
        <ele>113.13</ele>
        <time>2026-09-14T22:37:57Z</time>
        <extensions>
          <geotracker:meta c="6" s="19.85" />
        </extensions>
      </trkpt>
      <trkpt lat="-15.8461827" lon="128.32202802">
        <ele>113.88</ele>
        <time>2026-09-14T22:38:07Z</time>
        <extensions>
          <geotracker:meta c="6.08" s="21.15" />
        </extensions>
      </trkpt>
      <trkpt lat="-15.84430938" lon="128.32118681">
        <ele>113.55</ele>
        <time>2026-09-14T22:38:17Z</time>
        <extensions>
          <geotracker:meta c="5.7" s="23.46" />
        </extensions>
      </trkpt>
      <trkpt lat="-15.84279772" lon="128.3195637">
        <ele>111.32</ele>
        <time>2026-09-14T22:38:27Z</time>
        <extensions>
          <geotracker:meta c="5.33" s="24.74" />
        </extensions>
      </trkpt>
      <trkpt lat="-15.84159806" lon="128.31756274">
        <ele>110.62</ele>
        <time>2026-09-14T22:38:37Z</time>
        <extensions>
          <geotracker:meta c="5.25" s="25.24" />
        </extensions>
      </trkpt>
      <trkpt lat="-15.84043239" lon="128.31557178">
        <ele>107.21</ele>
        <time>2026-09-14T22:38:47Z</time>
        <extensions>
          <geotracker:meta c="5.26" s="24.83" />
        </extensions>
      </trkpt>
      <trkpt lat="-15.83908735" lon="128.31379651">
        <ele>111.03</ele>
        <time>2026-09-14T22:38:57Z</time>
        <extensions>
          <geotracker:meta c="5.52" s="24.02" />
        </extensions>
      </trkpt>
      <trkpt lat="-15.8372395" lon="128.31262215">
        <ele>113.86</ele>
        <time>2026-09-14T22:39:07Z</time>
        <extensions>
          <geotracker:meta c="5.89" s="23.78" />
        </extensions>
      </trkpt>
      <trkpt lat="-15.83516792" lon="128.31198051">
        <ele>114.45</ele>
        <time>2026-09-14T22:39:17Z</time>
        <extensions>
          <geotracker:meta c="6.14" s="23.88" />
        </extensions>
      </trkpt>
      <trkpt lat="-15.83325693" lon="128.31149108">
        <ele>109.33</ele>
        <time>2026-09-14T22:39:27Z</time>
        <extensions>
          <geotracker:meta c="6.02" s="20.69" />
        </extensions>
      </trkpt>
      <trkpt lat="-15.83167077" lon="128.31106">
        <ele>107.03</ele>
        <time>2026-09-14T22:39:36Z</time>
        <extensions>
          <geotracker:meta c="6.02" s="20.21" />
        </extensions>
      </trkpt>
      <trkpt lat="-15.83009201" lon="128.31061951">
        <ele>105.72</ele>
        <time>2026-09-14T22:39:45Z</time>
        <extensions>
          <geotracker:meta c="6.03" s="18.24" />
        </extensions>
      </trkpt>
      <trkpt lat="-15.82907546" lon="128.3104218">
        <ele>106.93</ele>
        <time>2026-09-14T22:40:03Z</time>
        <extensions>
          <geotracker:meta c="2.98" s="3.52" />
        </extensions>
      </trkpt>
      <trkpt lat="-15.8295707" lon="128.31051513">
        <ele>107.57</ele>
        <time>2026-09-14T22:40:12Z</time>
        <extensions>
          <geotracker:meta c="3.09" s="8.15" />
        </extensions>
      </trkpt>
      <trkpt lat="-15.83054701" lon="128.31078214">
        <ele>106.55</ele>
        <time>2026-09-14T22:40:22Z</time>
        <extensions>
          <geotracker:meta c="2.9" s="14.1" />
        </extensions>
      </trkpt>
      <trkpt lat="-15.83177365" lon="128.31112215">
        <ele>107.16</ele>
        <time>2026-09-14T22:40:31Z</time>
        <extensions>
          <geotracker:meta c="2.88" s="16.5" />
        </extensions>
      </trkpt>
      <trkpt lat="-15.83300756" lon="128.31146467">
        <ele>110.39</ele>
        <time>2026-09-14T22:40:40Z</time>
        <extensions>
          <geotracker:meta c="2.88" s="14" />
        </extensions>
      </trkpt>
      <trkpt lat="-15.83393135" lon="128.31167424">
        <ele>111.18</ele>
        <time>2026-09-14T22:40:49Z</time>
        <extensions>
          <geotracker:meta c="3.21" s="10.24" />
        </extensions>
      </trkpt>
      <trkpt lat="-15.83441198" lon="128.31139973">
        <ele>111.48</ele>
        <time>2026-09-14T22:40:58Z</time>
        <extensions>
          <geotracker:meta c="3.97" s="2.12" />
        </extensions>
      </trkpt>
      <trkpt lat="-15.83449226" lon="128.31140162">
        <ele>112.5</ele>
        <time>2026-09-14T22:43:22Z</time>
        <extensions>
          <geotracker:meta c="2.26" s="2.07" />
        </extensions>
      </trkpt>
      <trkpt lat="-15.83485582" lon="128.31072571">
        <ele>111.64</ele>
        <time>2026-09-14T22:44:07Z</time>
        <extensions>
          <geotracker:meta c="4.06" s="8.86" />
        </extensions>
      </trkpt>
      <trkpt lat="-15.83532983" lon="128.30995974">
        <ele>111.66</ele>
        <time>2026-09-14T22:44:16Z</time>
        <extensions>
          <geotracker:meta c="4.26" s="12.61" />
        </extensions>
      </trkpt>
      <trkpt lat="-15.83630423" lon="128.30761529">
        <ele>112.46</ele>
        <time>2026-09-14T22:44:34Z</time>
        <extensions>
          <geotracker:meta c="4.34" s="16.3" />
        </extensions>
      </trkpt>
      <trkpt lat="-15.8367986" lon="128.30626568">
        <ele>114.35</ele>
        <time>2026-09-14T22:44:43Z</time>
        <extensions>
          <geotracker:meta c="4.35" s="17.84" />
        </extensions>
      </trkpt>
      <trkpt lat="-15.83731384" lon="128.3048404">
        <ele>117.4</ele>
        <time>2026-09-14T22:44:52Z</time>
        <extensions>
          <geotracker:meta c="4.35" s="18.13" />
        </extensions>
      </trkpt>
      <trkpt lat="-15.83783798" lon="128.30341321">
        <ele>118.99</ele>
        <time>2026-09-14T22:45:01Z</time>
        <extensions>
          <geotracker:meta c="4.34" s="18.19" />
        </extensions>
      </trkpt>
      <trkpt lat="-15.8385128" lon="128.30198645">
        <ele>122.26</ele>
        <time>2026-09-14T22:45:10Z</time>
        <extensions>
          <geotracker:meta c="4.09" s="19.51" />
        </extensions>
      </trkpt>
      <trkpt lat="-15.83962715" lon="128.30068378">
        <ele>127.05</ele>
        <time>2026-09-14T22:45:19Z</time>
        <extensions>
          <geotracker:meta c="3.98" s="21.2" />
        </extensions>
      </trkpt>
      <trkpt lat="-15.84081706" lon="128.29932547">
        <ele>129.12</ele>
        <time>2026-09-14T22:45:28Z</time>
        <extensions>
          <geotracker:meta c="3.98" s="21.88" />
        </extensions>
      </trkpt>
      <trkpt lat="-15.84201434" lon="128.29795269">
        <ele>130.99</ele>
        <time>2026-09-14T22:45:37Z</time>
        <extensions>
          <geotracker:meta c="3.98" s="21.84" />
        </extensions>
      </trkpt>
      <trkpt lat="-15.8432223" lon="128.29657284">
        <ele>133.75</ele>
        <time>2026-09-14T22:45:46Z</time>
        <extensions>
          <geotracker:meta c="3.97" s="22.23" />
        </extensions>
      </trkpt>
      <trkpt lat="-15.84573422" lon="128.29368307">
        <ele>136.31</ele>
        <time>2026-09-14T22:46:04Z</time>
        <extensions>
          <geotracker:meta c="3.97" s="24.46" />
        </extensions>
      </trkpt>
      <trkpt lat="-15.84704844" lon="128.29218725">
        <ele>140.02</ele>
        <time>2026-09-14T22:46:13Z</time>
        <extensions>
          <geotracker:meta c="3.98" s="23.72" />
        </extensions>
      </trkpt>
      <trkpt lat="-15.84821944" lon="128.29063549">
        <ele>135.42</ele>
        <time>2026-09-14T22:46:22Z</time>
        <extensions>
          <geotracker:meta c="4.09" s="23.77" />
        </extensions>
      </trkpt>
      <trkpt lat="-15.84942102" lon="128.28914928">
        <ele>139.66</ele>
        <time>2026-09-14T22:46:31Z</time>
        <extensions>
          <geotracker:meta c="3.84" s="23.18" />
        </extensions>
      </trkpt>
      <trkpt lat="-15.85091772" lon="128.28794426">
        <ele>136.42</ele>
        <time>2026-09-14T22:46:40Z</time>
        <extensions>
          <geotracker:meta c="3.78" s="24.17" />
        </extensions>
      </trkpt>
      <trkpt lat="-15.85262762" lon="128.28690658">
        <ele>134.33</ele>
        <time>2026-09-14T22:46:49Z</time>
        <extensions>
          <geotracker:meta c="3.6" s="24.35" />
        </extensions>
      </trkpt>
      <trkpt lat="-15.85443234" lon="128.28598215">
        <ele>127.36</ele>
        <time>2026-09-14T22:46:58Z</time>
        <extensions>
          <geotracker:meta c="3.6" s="24.87" />
        </extensions>
      </trkpt>
      <trkpt lat="-15.85616144" lon="128.28507943">
        <ele>127.13</ele>
        <time>2026-09-14T22:47:07Z</time>
        <extensions>
          <geotracker:meta c="3.63" s="22.93" />
        </extensions>
      </trkpt>
      <trkpt lat="-15.8576564" lon="128.28395087">
        <ele>127.57</ele>
        <time>2026-09-14T22:47:16Z</time>
        <extensions>
          <geotracker:meta c="3.99" s="22.88" />
        </extensions>
      </trkpt>
      <trkpt lat="-15.85986155" lon="128.28090703">
        <ele>126.96</ele>
        <time>2026-09-14T22:47:34Z</time>
        <extensions>
          <geotracker:meta c="3.99" s="22.66" />
        </extensions>
      </trkpt>
      <trkpt lat="-15.86106615" lon="128.27949142">
        <ele>127.93</ele>
        <time>2026-09-14T22:47:43Z</time>
        <extensions>
          <geotracker:meta c="3.97" s="22.74" />
        </extensions>
      </trkpt>
      <trkpt lat="-15.86212429" lon="128.27793702">
        <ele>130.86</ele>
        <time>2026-09-14T22:47:52Z</time>
        <extensions>
          <geotracker:meta c="4.35" s="23.24" />
        </extensions>
      </trkpt>
      <trkpt lat="-15.86262251" lon="128.27601518">
        <ele>133.96</ele>
        <time>2026-09-14T22:48:01Z</time>
        <extensions>
          <geotracker:meta c="4.47" s="23.98" />
        </extensions>
      </trkpt>
      <trkpt lat="-15.86309809" lon="128.27407536">
        <ele>135.54</ele>
        <time>2026-09-14T22:48:10Z</time>
        <extensions>
          <geotracker:meta c="4.46" s="24.05" />
        </extensions>
      </trkpt>
      <trkpt lat="-15.86358646" lon="128.27208422">
        <ele>136.59</ele>
        <time>2026-09-14T22:48:19Z</time>
        <extensions>
          <geotracker:meta c="4.46" s="24.85" />
        </extensions>
      </trkpt>
      <trkpt lat="-15.8640885" lon="128.27004883">
        <ele>139.42</ele>
        <time>2026-09-14T22:48:28Z</time>
        <extensions>
          <geotracker:meta c="4.46" s="24.86" />
        </extensions>
      </trkpt>
      <trkpt lat="-15.86458051" lon="128.268016">
        <ele>142.4</ele>
        <time>2026-09-14T22:48:37Z</time>
        <extensions>
          <geotracker:meta c="4.48" s="25.09" />
        </extensions>
      </trkpt>
      <trkpt lat="-15.86509214" lon="128.26594979">
        <ele>144.07</ele>
        <time>2026-09-14T22:48:46Z</time>
        <extensions>
          <geotracker:meta c="4.45" s="25.54" />
        </extensions>
      </trkpt>
      <trkpt lat="-15.86606766" lon="128.26185297">
        <ele>149.8</ele>
        <time>2026-09-14T22:49:04Z</time>
        <extensions>
          <geotracker:meta c="4.57" s="24.41" />
        </extensions>
      </trkpt>
      <trkpt lat="-15.86625733" lon="128.25980187">
        <ele>145.88</ele>
        <time>2026-09-14T22:49:13Z</time>
        <extensions>
          <geotracker:meta c="4.61" s="24.67" />
        </extensions>
      </trkpt>
      <trkpt lat="-15.86644192" lon="128.25778394">
        <ele>142.84</ele>
        <time>2026-09-14T22:49:22Z</time>
        <extensions>
          <geotracker:meta c="4.62" s="23.59" />
        </extensions>
      </trkpt>
      <trkpt lat="-15.86663218" lon="128.25581068">
        <ele>139.43</ele>
        <time>2026-09-14T22:49:31Z</time>
        <extensions>
          <geotracker:meta c="4.62" s="23.8" />
        </extensions>
      </trkpt>
      <trkpt lat="-15.86680173" lon="128.25389223">
        <ele>136.51</ele>
        <time>2026-09-14T22:49:40Z</time>
        <extensions>
          <geotracker:meta c="4.59" s="21.13" />
        </extensions>
      </trkpt>
      <trkpt lat="-15.86704205" lon="128.25273612">
        <ele>129.13</ele>
        <time>2026-09-14T22:49:49Z</time>
        <extensions>
          <geotracker:meta c="4.31" s="10.02" />
        </extensions>
      </trkpt>
      <trkpt lat="-15.8672702" lon="128.25204999">
        <ele>127.47</ele>
        <time>2026-09-14T22:49:58Z</time>
        <extensions>
          <geotracker:meta c="4.39" s="9.22" />
        </extensions>
      </trkpt>
      <trkpt lat="-15.86762356" lon="128.25117986">
        <ele>129.49</ele>
        <time>2026-09-14T22:50:07Z</time>
        <extensions>
          <geotracker:meta c="4.38" s="13.13" />
        </extensions>
      </trkpt>
      <trkpt lat="-15.86839198" lon="128.25009545">
        <ele>132.03</ele>
        <time>2026-09-14T22:50:16Z</time>
        <extensions>
          <geotracker:meta c="3.99" s="18.14" />
        </extensions>
      </trkpt>
      <trkpt lat="-15.87120608" lon="128.24801574">
        <ele>136.67</ele>
        <time>2026-09-14T22:50:34Z</time>
        <extensions>
          <geotracker:meta c="4" s="23.3" />
        </extensions>
      </trkpt>
      <trkpt lat="-15.87209426" lon="128.24627657">
        <ele>136.47</ele>
        <time>2026-09-14T22:50:43Z</time>
        <extensions>
          <geotracker:meta c="4.44" s="23.39" />
        </extensions>
      </trkpt>
      <trkpt lat="-15.87261717" lon="128.24438374">
        <ele>134.39</ele>
        <time>2026-09-14T22:50:52Z</time>
        <extensions>
          <geotracker:meta c="4.44" s="23.59" />
        </extensions>
      </trkpt>
      <trkpt lat="-15.87313783" lon="128.2425172">
        <ele>127.54</ele>
        <time>2026-09-14T22:51:01Z</time>
        <extensions>
          <geotracker:meta c="4.44" s="22.34" />
        </extensions>
      </trkpt>
      <trkpt lat="-15.87385722" lon="128.24084702">
        <ele>121.01</ele>
        <time>2026-09-14T22:51:10Z</time>
        <extensions>
          <geotracker:meta c="4.12" s="21.3" />
        </extensions>
      </trkpt>
      <trkpt lat="-15.87476806" lon="128.23935408">
        <ele>126.28</ele>
        <time>2026-09-14T22:51:19Z</time>
        <extensions>
          <geotracker:meta c="4.15" s="21.46" />
        </extensions>
      </trkpt>
      <trkpt lat="-15.87530554" lon="128.23760352">
        <ele>132.91</ele>
        <time>2026-09-14T22:51:28Z</time>
        <extensions>
          <geotracker:meta c="4.64" s="21.69" />
        </extensions>
      </trkpt>
      <trkpt lat="-15.87525214" lon="128.23584669">
        <ele>139.93</ele>
        <time>2026-09-14T22:51:37Z</time>
        <extensions>
          <geotracker:meta c="4.76" s="20.52" />
        </extensions>
      </trkpt>
      <trkpt lat="-15.87515496" lon="128.2341966">
        <ele>137.97</ele>
        <time>2026-09-14T22:51:46Z</time>
        <extensions>
          <geotracker:meta c="4.78" s="19.77" />
        </extensions>
      </trkpt>
      <trkpt lat="-15.87559803" lon="128.23076285">
        <ele>130.43</ele>
        <time>2026-09-14T22:52:04Z</time>
        <extensions>
          <geotracker:meta c="4.37" s="21.53" />
        </extensions>
      </trkpt>
      <trkpt lat="-15.87635957" lon="128.22911873">
        <ele>129.85</ele>
        <time>2026-09-14T22:52:13Z</time>
        <extensions>
          <geotracker:meta c="4.15" s="21.65" />
        </extensions>
      </trkpt>
      <trkpt lat="-15.87742787" lon="128.2276246">
        <ele>124.91</ele>
        <time>2026-09-14T22:52:22Z</time>
        <extensions>
          <geotracker:meta c="4.05" s="22.71" />
        </extensions>
      </trkpt>
      <trkpt lat="-15.8785578" lon="128.22614147">
        <ele>129.47</ele>
        <time>2026-09-14T22:52:31Z</time>
        <extensions>
          <geotracker:meta c="4.04" s="22.34" />
        </extensions>
      </trkpt>
      <trkpt lat="-15.87975802" lon="128.22453772">
        <ele>121.68</ele>
        <time>2026-09-14T22:52:40Z</time>
        <extensions>
          <geotracker:meta c="4.02" s="25.65" />
        </extensions>
      </trkpt>
      <trkpt lat="-15.88120289" lon="128.22297377">
        <ele>115.9</ele>
        <time>2026-09-14T22:52:49Z</time>
        <extensions>
          <geotracker:meta c="3.94" s="26.01" />
        </extensions>
      </trkpt>
      <trkpt lat="-15.88269132" lon="128.22144741">
        <ele>112.43</ele>
        <time>2026-09-14T22:52:58Z</time>
        <extensions>
          <geotracker:meta c="3.86" s="25.47" />
        </extensions>
      </trkpt>
      <trkpt lat="-15.88425759" lon="128.22014568">
        <ele>110.47</ele>
        <time>2026-09-14T22:53:07Z</time>
        <extensions>
          <geotracker:meta c="3.8" s="24.14" />
        </extensions>
      </trkpt>
      <trkpt lat="-15.88574805" lon="128.21879554">
        <ele>109.99</ele>
        <time>2026-09-14T22:53:16Z</time>
        <extensions>
          <geotracker:meta c="3.93" s="24.59" />
        </extensions>
      </trkpt>
      <trkpt lat="-15.88832546" lon="128.21551027">
        <ele>102.39</ele>
        <time>2026-09-14T22:53:34Z</time>
        <extensions>
          <geotracker:meta c="4.15" s="24.44" />
        </extensions>
      </trkpt>
      <trkpt lat="-15.88924031" lon="128.21389636">
        <ele>99.51</ele>
        <time>2026-09-14T22:53:43Z</time>
        <extensions>
          <geotracker:meta c="4.2" s="21.06" />
        </extensions>
      </trkpt>
      <trkpt lat="-15.89004606" lon="128.21247138">
        <ele>103.19</ele>
        <time>2026-09-14T22:53:52Z</time>
        <extensions>
          <geotracker:meta c="4.18" s="18.62" />
        </extensions>
      </trkpt>
      <trkpt lat="-15.89079032" lon="128.21112911">
        <ele>103.78</ele>
        <time>2026-09-14T22:54:01Z</time>
        <extensions>
          <geotracker:meta c="4.18" s="18.74" />
        </extensions>
      </trkpt>
      <trkpt lat="-15.89159271" lon="128.20967543">
        <ele>104.52</ele>
        <time>2026-09-14T22:54:10Z</time>
        <extensions>
          <geotracker:meta c="4.18" s="20.86" />
        </extensions>
      </trkpt>
      <trkpt lat="-15.89249687" lon="128.20806693">
        <ele>105.02</ele>
        <time>2026-09-14T22:54:19Z</time>
        <extensions>
          <geotracker:meta c="4.17" s="23.09" />
        </extensions>
      </trkpt>
      <trkpt lat="-15.89348128" lon="128.206296">
        <ele>104.48</ele>
        <time>2026-09-14T22:54:28Z</time>
        <extensions>
          <geotracker:meta c="4.19" s="25.02" />
        </extensions>
      </trkpt>
      <trkpt lat="-15.89448194" lon="128.20453813">
        <ele>105.06</ele>
        <time>2026-09-14T22:54:37Z</time>
        <extensions>
          <geotracker:meta c="4.18" s="22.73" />
        </extensions>
      </trkpt>
      <trkpt lat="-15.89537281" lon="128.20304456">
        <ele>105.76</ele>
        <time>2026-09-14T22:54:46Z</time>
        <extensions>
          <geotracker:meta c="4.16" s="20.24" />
        </extensions>
      </trkpt>
      <trkpt lat="-15.89727434" lon="128.19991348">
        <ele>110.25</ele>
        <time>2026-09-14T22:55:04Z</time>
        <extensions>
          <geotracker:meta c="4.14" s="23.88" />
        </extensions>
      </trkpt>
      <trkpt lat="-15.89821888" lon="128.19834918">
        <ele>109.76</ele>
        <time>2026-09-14T22:55:13Z</time>
        <extensions>
          <geotracker:meta c="4.17" s="20.88" />
        </extensions>
      </trkpt>
      <trkpt lat="-15.89919331" lon="128.19681976">
        <ele>111.84</ele>
        <time>2026-09-14T22:55:22Z</time>
        <extensions>
          <geotracker:meta c="4.08" s="22.81" />
        </extensions>
      </trkpt>
      <trkpt lat="-15.90028113" lon="128.1952649">
        <ele>108.99</ele>
        <time>2026-09-14T22:55:31Z</time>
        <extensions>
          <geotracker:meta c="4.08" s="23.16" />
        </extensions>
      </trkpt>
      <trkpt lat="-15.9014451" lon="128.19368782">
        <ele>111.19</ele>
        <time>2026-09-14T22:55:40Z</time>
        <extensions>
          <geotracker:meta c="4.02" s="23.84" />
        </extensions>
      </trkpt>
      <trkpt lat="-15.9028494" lon="128.19226179">
        <ele>113.4</ele>
        <time>2026-09-14T22:55:49Z</time>
        <extensions>
          <geotracker:meta c="3.83" s="24.68" />
        </extensions>
      </trkpt>
      <trkpt lat="-15.90440594" lon="128.19092526">
        <ele>114.85</ele>
        <time>2026-09-14T22:55:58Z</time>
        <extensions>
          <geotracker:meta c="3.84" s="25.01" />
        </extensions>
      </trkpt>
      <trkpt lat="-15.9059998" lon="128.18955428">
        <ele>111.79</ele>
        <time>2026-09-14T22:56:07Z</time>
        <extensions>
          <geotracker:meta c="3.84" s="25.48" />
        </extensions>
      </trkpt>
      <trkpt lat="-15.90749433" lon="128.18824817">
        <ele>111.06</ele>
        <time>2026-09-14T22:56:16Z</time>
        <extensions>
          <geotracker:meta c="3.84" s="23.79" />
        </extensions>
      </trkpt>
      <trkpt lat="-15.91007343" lon="128.18600093">
        <ele>111.06</ele>
        <time>2026-09-14T22:56:34Z</time>
        <extensions>
          <geotracker:meta c="3.88" s="18.53" />
        </extensions>
      </trkpt>
      <trkpt lat="-15.91097199" lon="128.18494748">
        <ele>108.01</ele>
        <time>2026-09-14T22:56:43Z</time>
        <extensions>
          <geotracker:meta c="4.06" s="16.79" />
        </extensions>
      </trkpt>
      <trkpt lat="-15.9118112" lon="128.18378404">
        <ele>107.81</ele>
        <time>2026-09-14T22:56:52Z</time>
        <extensions>
          <geotracker:meta c="4.17" s="16.37" />
        </extensions>
      </trkpt>
      <trkpt lat="-15.91215522" lon="128.18233534">
        <ele>111.08</ele>
        <time>2026-09-14T22:57:01Z</time>
        <extensions>
          <geotracker:meta c="4.51" s="18.23" />
        </extensions>
      </trkpt>
      <trkpt lat="-15.91240372" lon="128.18072038">
        <ele>112.31</ele>
        <time>2026-09-14T22:57:10Z</time>
        <extensions>
          <geotracker:meta c="4.55" s="20.48" />
        </extensions>
      </trkpt>
      <trkpt lat="-15.91266373" lon="128.17896854">
        <ele>114.7</ele>
        <time>2026-09-14T22:57:19Z</time>
        <extensions>
          <geotracker:meta c="4.56" s="21.51" />
        </extensions>
      </trkpt>
      <trkpt lat="-15.91293096" lon="128.17710871">
        <ele>116.37</ele>
        <time>2026-09-14T22:57:28Z</time>
        <extensions>
          <geotracker:meta c="4.56" s="23.17" />
        </extensions>
      </trkpt>
      <trkpt lat="-15.91323434" lon="128.17511151">
        <ele>119.38</ele>
        <time>2026-09-14T22:57:37Z</time>
        <extensions>
          <geotracker:meta c="4.55" s="24.51" />
        </extensions>
      </trkpt>
      <trkpt lat="-15.9135343" lon="128.17305982">
        <ele>123.02</ele>
        <time>2026-09-14T22:57:46Z</time>
        <extensions>
          <geotracker:meta c="4.56" s="24.92" />
        </extensions>
      </trkpt>
      <trkpt lat="-15.91471897" lon="128.16933243">
        <ele>118.21</ele>
        <time>2026-09-14T22:58:04Z</time>
        <extensions>
          <geotracker:meta c="4.26" s="23.44" />
        </extensions>
      </trkpt>
      <trkpt lat="-15.91560129" lon="128.16762258">
        <ele>122.48</ele>
        <time>2026-09-14T22:58:13Z</time>
        <extensions>
          <geotracker:meta c="4.2" s="23.28" />
        </extensions>
      </trkpt>
      <trkpt lat="-15.91641225" lon="128.16582302">
        <ele>126.91</ele>
        <time>2026-09-14T22:58:22Z</time>
        <extensions>
          <geotracker:meta c="4.38" s="23.89" />
        </extensions>
      </trkpt>
      <trkpt lat="-15.91671936" lon="128.16390131">
        <ele>123.86</ele>
        <time>2026-09-14T22:58:31Z</time>
        <extensions>
          <geotracker:meta c="4.67" s="22.79" />
        </extensions>
      </trkpt>
      <trkpt lat="-15.91671805" lon="128.16196095">
        <ele>129.04</ele>
        <time>2026-09-14T22:58:40Z</time>
        <extensions>
          <geotracker:meta c="4.76" s="23.47" />
        </extensions>
      </trkpt>
      <trkpt lat="-15.91657507" lon="128.15997154">
        <ele>135.07</ele>
        <time>2026-09-14T22:58:49Z</time>
        <extensions>
          <geotracker:meta c="4.76" s="23.86" />
        </extensions>
      </trkpt>
      <trkpt lat="-15.91659906" lon="128.15794588">
        <ele>141.58</ele>
        <time>2026-09-14T22:58:58Z</time>
        <extensions>
          <geotracker:meta c="4.6" s="24.02" />
        </extensions>
      </trkpt>
      <trkpt lat="-15.9169981" lon="128.15594929">
        <ele>140.95</ele>
        <time>2026-09-14T22:59:07Z</time>
        <extensions>
          <geotracker:meta c="4.48" s="24.29" />
        </extensions>
      </trkpt>
      <trkpt lat="-15.91750426" lon="128.15388226">
        <ele>140.28</ele>
        <time>2026-09-14T22:59:16Z</time>
        <extensions>
          <geotracker:meta c="4.47" s="25.54" />
        </extensions>
      </trkpt>
      <trkpt lat="-15.91848465" lon="128.14986787">
        <ele>144.93</ele>
        <time>2026-09-14T22:59:34Z</time>
        <extensions>
          <geotracker:meta c="4.46" s="22.61" />
        </extensions>
      </trkpt>
      <trkpt lat="-15.91888432" lon="128.14822135">
        <ele>145.57</ele>
        <time>2026-09-14T22:59:43Z</time>
        <extensions>
          <geotracker:meta c="4.46" s="19.41" />
        </extensions>
      </trkpt>
      <trkpt lat="-15.91926769" lon="128.14666444">
        <ele>153.97</ele>
        <time>2026-09-14T22:59:52Z</time>
        <extensions>
          <geotracker:meta c="4.43" s="18.7" />
        </extensions>
      </trkpt>
      <trkpt lat="-15.91966583" lon="128.1450235">
        <ele>155.08</ele>
        <time>2026-09-14T23:00:01Z</time>
        <extensions>
          <geotracker:meta c="4.45" s="21.96" />
        </extensions>
      </trkpt>
      <trkpt lat="-15.92014213" lon="128.14323354">
        <ele>150.91</ele>
        <time>2026-09-14T23:00:10Z</time>
        <extensions>
          <geotracker:meta c="4.41" s="20.4" />
        </extensions>
      </trkpt>
      <trkpt lat="-15.92065742" lon="128.14164844">
        <ele>151.17</ele>
        <time>2026-09-14T23:00:19Z</time>
        <extensions>
          <geotracker:meta c="4.38" s="20.61" />
        </extensions>
      </trkpt>
      <trkpt lat="-15.92127903" lon="128.13982888">
        <ele>148.85</ele>
        <time>2026-09-14T23:00:28Z</time>
        <extensions>
          <geotracker:meta c="4.37" s="24.16" />
        </extensions>
      </trkpt>
      <trkpt lat="-15.92192988" lon="128.13790958">
        <ele>147.28</ele>
        <time>2026-09-14T23:00:37Z</time>
        <extensions>
          <geotracker:meta c="4.38" s="23.88" />
        </extensions>
      </trkpt>
      <trkpt lat="-15.92255894" lon="128.1360334">
        <ele>145.54</ele>
        <time>2026-09-14T23:00:46Z</time>
        <extensions>
          <geotracker:meta c="4.37" s="23.51" />
        </extensions>
      </trkpt>
      <trkpt lat="-15.92373111" lon="128.13235821">
        <ele>147.29</ele>
        <time>2026-09-14T23:01:04Z</time>
        <extensions>
          <geotracker:meta c="4.47" s="22.3" />
        </extensions>
      </trkpt>
      <trkpt lat="-15.92392837" lon="128.13055229">
        <ele>155.46</ele>
        <time>2026-09-14T23:01:13Z</time>
        <extensions>
          <geotracker:meta c="4.69" s="21.53" />
        </extensions>
      </trkpt>
      <trkpt lat="-15.92373263" lon="128.12872836">
        <ele>158.92</ele>
        <time>2026-09-14T23:01:22Z</time>
        <extensions>
          <geotracker:meta c="4.91" s="22.78" />
        </extensions>
      </trkpt>
      <trkpt lat="-15.92315108" lon="128.1268405">
        <ele>156.02</ele>
        <time>2026-09-14T23:01:31Z</time>
        <extensions>
          <geotracker:meta c="5.07" s="23.26" />
        </extensions>
      </trkpt>
      <trkpt lat="-15.92254856" lon="128.12508787">
        <ele>152.69</ele>
        <time>2026-09-14T23:01:40Z</time>
        <extensions>
          <geotracker:meta c="5.05" s="20.91" />
        </extensions>
      </trkpt>
      <trkpt lat="-15.92200993" lon="128.12355008">
        <ele>152.28</ele>
        <time>2026-09-14T23:01:49Z</time>
        <extensions>
          <geotracker:meta c="5.07" s="18.12" />
        </extensions>
      </trkpt>
      <trkpt lat="-15.92161864" lon="128.12247266">
        <ele>153.87</ele>
        <time>2026-09-14T23:01:58Z</time>
        <extensions>
          <geotracker:meta c="5.31" s="8.43" />
        </extensions>
      </trkpt>
      <trkpt lat="-15.92109537" lon="128.12228797">
        <ele>155.28</ele>
        <time>2026-09-14T23:02:07Z</time>
        <extensions>
          <geotracker:meta c="6.11" s="8.02" />
        </extensions>
      </trkpt>
      <trkpt lat="-15.92040096" lon="128.12240664">
        <ele>154.89</ele>
        <time>2026-09-14T23:02:16Z</time>
        <extensions>
          <geotracker:meta c="0.16" s="10.48" />
        </extensions>
      </trkpt>
      <trkpt lat="-15.91860191" lon="128.12295835">
        <ele>157.8</ele>
        <time>2026-09-14T23:02:34Z</time>
        <extensions>
          <geotracker:meta c="0.37" s="12.13" />
        </extensions>
      </trkpt>
      <trkpt lat="-15.91767717" lon="128.12329394">
        <ele>159.36</ele>
        <time>2026-09-14T23:02:43Z</time>
        <extensions>
          <geotracker:meta c="0.28" s="11.67" />
        </extensions>
      </trkpt>
      <trkpt lat="-15.9168732" lon="128.12353881">
        <ele>160.79</ele>
        <time>2026-09-14T23:02:52Z</time>
        <extensions>
          <geotracker:meta c="0.38" s="10.12" />
        </extensions>
      </trkpt>
      <trkpt lat="-15.91604459" lon="128.12371817">
        <ele>161.22</ele>
        <time>2026-09-14T23:03:01Z</time>
        <extensions>
          <geotracker:meta c="0.25" s="10.51" />
        </extensions>
      </trkpt>
      <trkpt lat="-15.91515053" lon="128.12401349">
        <ele>162.03</ele>
        <time>2026-09-14T23:03:10Z</time>
        <extensions>
          <geotracker:meta c="0.29" s="11.97" />
        </extensions>
      </trkpt>
      <trkpt lat="-15.91426246" lon="128.12420498">
        <ele>163.75</ele>
        <time>2026-09-14T23:03:19Z</time>
        <extensions>
          <geotracker:meta c="6.16" s="11.03" />
        </extensions>
      </trkpt>
      <trkpt lat="-15.9133093" lon="128.124143">
        <ele>165.26</ele>
        <time>2026-09-14T23:03:28Z</time>
        <extensions>
          <geotracker:meta c="6.2" s="11.94" />
        </extensions>
      </trkpt>
      <trkpt lat="-15.91239327" lon="128.1241624">
        <ele>166.87</ele>
        <time>2026-09-14T23:03:37Z</time>
        <extensions>
          <geotracker:meta c="0.19" s="11.7" />
        </extensions>
      </trkpt>
      <trkpt lat="-15.91082213" lon="128.12480909">
        <ele>165.38</ele>
        <time>2026-09-14T23:03:55Z</time>
        <extensions>
          <geotracker:meta c="0.61" s="10.01" />
        </extensions>
      </trkpt>
      <trkpt lat="-15.91037886" lon="128.12525281">
        <ele>166.16</ele>
        <time>2026-09-14T23:04:04Z</time>
        <extensions>
          <geotracker:meta c="0.77" s="7.78" />
        </extensions>
      </trkpt>
      <trkpt lat="-15.91006611" lon="128.1258967">
        <ele>166.53</ele>
        <time>2026-09-14T23:04:13Z</time>
        <extensions>
          <geotracker:meta c="1.26" s="6.81" />
        </extensions>
      </trkpt>
      <trkpt lat="-15.90990426" lon="128.12654515">
        <ele>166.55</ele>
        <time>2026-09-14T23:04:40Z</time>
        <extensions>
          <geotracker:meta c="0.6" s="3.82" />
        </extensions>
      </trkpt>
      <trkpt lat="-15.90927177" lon="128.12676821">
        <ele>168.63</ele>
        <time>2026-09-14T23:04:58Z</time>
        <extensions>
          <geotracker:meta c="0.28" s="1.16" />
        </extensions>
      </trkpt>
      <trkpt lat="-15.90871257" lon="128.1268795">
        <ele>169.59</ele>
        <time>2026-09-14T23:05:16Z</time>
        <extensions>
          <geotracker:meta c="0.18" s="5.38" />
        </extensions>
      </trkpt>
      <trkpt lat="-15.90832745" lon="128.12712553">
        <ele>169.19</ele>
        <time>2026-09-14T23:06:19Z</time>
        <extensions>
          <geotracker:meta c="0.77" s="0.6" />
        </extensions>
      </trkpt>
      <trkpt lat="-15.90835825" lon="128.12710368">
        <ele>170.01</ele>
        <time>2026-09-14T23:08:25Z</time>
        <extensions>
          <geotracker:meta c="0.95" s="0.95" />
        </extensions>
      </trkpt>
      <trkpt lat="-15.90797184" lon="128.1274338">
        <ele>173.16</ele>
        <time>2026-09-14T23:09:19Z</time>
        <extensions>
          <geotracker:meta c="0.92" s="1.83" />
        </extensions>
      </trkpt>
      <trkpt lat="-15.90773437" lon="128.12803712">
        <ele>171.82</ele>
        <time>2026-09-14T23:10:13Z</time>
        <extensions>
          <geotracker:meta c="0.91" s="2.54" />
        </extensions>
      </trkpt>
      <trkpt lat="-15.90758167" lon="128.12850613">
        <ele>174.07</ele>
        <time>2026-09-14T23:10:31Z</time>
        <extensions>
          <geotracker:meta c="1.84" s="3" />
        </extensions>
      </trkpt>
      <trkpt lat="-15.90737098" lon="128.12894073">
        <ele>170.97</ele>
        <time>2026-09-14T23:10:49Z</time>
        <extensions>
          <geotracker:meta c="0.17" s="2.78" />
        </extensions>
      </trkpt>
      <trkpt lat="-15.90734459" lon="128.12895653">
        <ele>173.59</ele>
        <time>2026-09-14T23:12:55Z</time>
        <extensions>
          <geotracker:meta c="5" s="0.32" />
        </extensions>
      </trkpt>
    </trkseg>
    <trkseg>
      <trkpt lat="-15.90813722" lon="128.12915894">
        <ele>177.24</ele>
        <time>2026-09-15T01:16:30Z</time>
        <extensions>
          <geotracker:meta c="3.31" s="2.81" />
        </extensions>
      </trkpt>
      <trkpt lat="-15.90757808" lon="128.12882634">
        <ele>174.94</ele>
        <time>2026-09-15T01:17:20Z</time>
        <extensions>
          <geotracker:meta c="5.02" s="4.68" />
        </extensions>
      </trkpt>
      <trkpt lat="-15.90754926" lon="128.12834035">
        <ele>173.77</ele>
        <time>2026-09-15T01:17:30Z</time>
        <extensions>
          <geotracker:meta c="4.77" s="3.93" />
        </extensions>
      </trkpt>
      <trkpt lat="-15.9078872" lon="128.12786117">
        <ele>167.49</ele>
        <time>2026-09-15T01:18:10Z</time>
        <extensions>
          <geotracker:meta c="4.4" s="1.55" />
        </extensions>
      </trkpt>
      <trkpt lat="-15.90806586" lon="128.12734765">
        <ele>172.49</ele>
        <time>2026-09-15T01:18:40Z</time>
        <extensions>
          <geotracker:meta c="3.52" s="2.39" />
        </extensions>
      </trkpt>
      <trkpt lat="-15.90847514" lon="128.12707257">
        <ele>172.14</ele>
        <time>2026-09-15T01:19:10Z</time>
        <extensions>
          <geotracker:meta c="3.98" s="1.42" />
        </extensions>
      </trkpt>
      <trkpt lat="-15.90894535" lon="128.12681829">
        <ele>168.15</ele>
        <time>2026-09-15T01:19:40Z</time>
        <extensions>
          <geotracker:meta c="3.38" s="3.5" />
        </extensions>
      </trkpt>
      <trkpt lat="-15.90943708" lon="128.12673796">
        <ele>168.42</ele>
        <time>2026-09-15T01:20:00Z</time>
        <extensions>
          <geotracker:meta c="3.17" s="2.05" />
        </extensions>
      </trkpt>
      <trkpt lat="-15.90999966" lon="128.12635425">
        <ele>165.53</ele>
        <time>2026-09-15T01:20:20Z</time>
        <extensions>
          <geotracker:meta c="4.55" s="4.94" />
        </extensions>
      </trkpt>
      <trkpt lat="-15.91010701" lon="128.12588614">
        <ele>170.04</ele>
        <time>2026-09-15T01:20:40Z</time>
        <extensions>
          <geotracker:meta c="4.35" s="1.23" />
        </extensions>
      </trkpt>
      <trkpt lat="-15.91040821" lon="128.12529414">
        <ele>169.99</ele>
        <time>2026-09-15T01:20:54Z</time>
        <extensions>
          <geotracker:meta c="4.07" s="7.35" />
        </extensions>
      </trkpt>
      <trkpt lat="-15.91097113" lon="128.12477037">
        <ele>171.92</ele>
        <time>2026-09-15T01:21:04Z</time>
        <extensions>
          <geotracker:meta c="3.78" s="9.76" />
        </extensions>
      </trkpt>
      <trkpt lat="-15.91220394" lon="128.12426872">
        <ele>172.42</ele>
        <time>2026-09-15T01:21:19Z</time>
        <extensions>
          <geotracker:meta c="3.38" s="10.05" />
        </extensions>
      </trkpt>
      <trkpt lat="-15.91307874" lon="128.12420748">
        <ele>172.69</ele>
        <time>2026-09-15T01:21:29Z</time>
        <extensions>
          <geotracker:meta c="3.14" s="9.61" />
        </extensions>
      </trkpt>
      <trkpt lat="-15.91449152" lon="128.1242747">
        <ele>167.84</ele>
        <time>2026-09-15T01:21:59Z</time>
        <extensions>
          <geotracker:meta c="3.26" s="5.03" />
        </extensions>
      </trkpt>
      <trkpt lat="-15.91785693" lon="128.12330445">
        <ele>162.71</ele>
        <time>2026-09-15T01:23:29Z</time>
        <extensions>
          <geotracker:meta c="3.48" s="5.08" />
        </extensions>
      </trkpt>
      <trkpt lat="-15.9193473" lon="128.1227022">
        <ele>160.11</ele>
        <time>2026-09-15T01:23:59Z</time>
        <extensions>
          <geotracker:meta c="3.54" s="5.22" />
        </extensions>
      </trkpt>
      <trkpt lat="-15.91978356" lon="128.12257508">
        <ele>156.21</ele>
        <time>2026-09-15T01:24:09Z</time>
        <extensions>
          <geotracker:meta c="3.44" s="4.89" />
        </extensions>
      </trkpt>
      <trkpt lat="-15.92024331" lon="128.12248673">
        <ele>159.59</ele>
        <time>2026-09-15T01:24:19Z</time>
        <extensions>
          <geotracker:meta c="3.34" s="5.35" />
        </extensions>
      </trkpt>
      <trkpt lat="-15.92079007" lon="128.12238858">
        <ele>157.36</ele>
        <time>2026-09-15T01:24:29Z</time>
        <extensions>
          <geotracker:meta c="3.27" s="6.58" />
        </extensions>
      </trkpt>
      <trkpt lat="-15.92133471" lon="128.12235658">
        <ele>158.63</ele>
        <time>2026-09-15T01:24:39Z</time>
        <extensions>
          <geotracker:meta c="3.15" s="5.07" />
        </extensions>
      </trkpt>
      <trkpt lat="-15.9213659" lon="128.12173649">
        <ele>153.59</ele>
        <time>2026-09-15T01:24:59Z</time>
        <extensions>
          <geotracker:meta c="5.09" s="9.09" />
        </extensions>
      </trkpt>
      <trkpt lat="-15.92098036" lon="128.1207208">
        <ele>153.06</ele>
        <time>2026-09-15T01:25:09Z</time>
        <extensions>
          <geotracker:meta c="5.08" s="13.05" />
        </extensions>
      </trkpt>
      <trkpt lat="-15.92050728" lon="128.11937102">
        <ele>147.39</ele>
        <time>2026-09-15T01:25:19Z</time>
        <extensions>
          <geotracker:meta c="5.06" s="16.67" />
        </extensions>
      </trkpt>
      <trkpt lat="-15.92010374" lon="128.11784006">
        <ele>148.57</ele>
        <time>2026-09-15T01:25:29Z</time>
        <extensions>
          <geotracker:meta c="4.87" s="17.86" />
        </extensions>
      </trkpt>
      <trkpt lat="-15.92001074" lon="128.11611839">
        <ele>151.6</ele>
        <time>2026-09-15T01:25:39Z</time>
        <extensions>
          <geotracker:meta c="4.68" s="18.7" />
        </extensions>
      </trkpt>
      <trkpt lat="-15.92011809" lon="128.11433303">
        <ele>150.3</ele>
        <time>2026-09-15T01:25:49Z</time>
        <extensions>
          <geotracker:meta c="4.66" s="19.66" />
        </extensions>
      </trkpt>
      <trkpt lat="-15.92022349" lon="128.11263722">
        <ele>150.06</ele>
        <time>2026-09-15T01:25:59Z</time>
        <extensions>
          <geotracker:meta c="4.67" s="17.3" />
        </extensions>
      </trkpt>
      <trkpt lat="-15.92029445" lon="128.11103211">
        <ele>147.52</ele>
        <time>2026-09-15T01:26:09Z</time>
        <extensions>
          <geotracker:meta c="4.66" s="18.06" />
        </extensions>
      </trkpt>
      <trkpt lat="-15.92038754" lon="128.10922834">
        <ele>150.43</ele>
        <time>2026-09-15T01:26:19Z</time>
        <extensions>
          <geotracker:meta c="4.66" s="19.93" />
        </extensions>
      </trkpt>
      <trkpt lat="-15.92047602" lon="128.10739941">
        <ele>146.9</ele>
        <time>2026-09-15T01:26:29Z</time>
        <extensions>
          <geotracker:meta c="4.67" s="18.93" />
        </extensions>
      </trkpt>
      <trkpt lat="-15.92058504" lon="128.10569709">
        <ele>151.19</ele>
        <time>2026-09-15T01:26:39Z</time>
        <extensions>
          <geotracker:meta c="4.66" s="18.2" />
        </extensions>
      </trkpt>
      <trkpt lat="-15.92057169" lon="128.10392527">
        <ele>157.13</ele>
        <time>2026-09-15T01:26:49Z</time>
        <extensions>
          <geotracker:meta c="4.77" s="18.96" />
        </extensions>
      </trkpt>
      <trkpt lat="-15.92046685" lon="128.10213455">
        <ele>165.02</ele>
        <time>2026-09-15T01:26:59Z</time>
        <extensions>
          <geotracker:meta c="4.78" s="20.18" />
        </extensions>
      </trkpt>
      <trkpt lat="-15.9203385" lon="128.10034064">
        <ele>164.47</ele>
        <time>2026-09-15T01:27:09Z</time>
        <extensions>
          <geotracker:meta c="4.76" s="18.46" />
        </extensions>
      </trkpt>
      <trkpt lat="-15.92024619" lon="128.09872129">
        <ele>167.4</ele>
        <time>2026-09-15T01:27:19Z</time>
        <extensions>
          <geotracker:meta c="4.77" s="16.19" />
        </extensions>
      </trkpt>
      <trkpt lat="-15.92018547" lon="128.09719973">
        <ele>161.91</ele>
        <time>2026-09-15T01:27:29Z</time>
        <extensions>
          <geotracker:meta c="4.79" s="16.53" />
        </extensions>
      </trkpt>
      <trkpt lat="-15.92005152" lon="128.09561563">
        <ele>162.09</ele>
        <time>2026-09-15T01:27:39Z</time>
        <extensions>
          <geotracker:meta c="4.79" s="17.91" />
        </extensions>
      </trkpt>
      <trkpt lat="-15.91993585" lon="128.09399182">
        <ele>166.6</ele>
        <time>2026-09-15T01:27:49Z</time>
        <extensions>
          <geotracker:meta c="4.78" s="16.8" />
        </extensions>
      </trkpt>
      <trkpt lat="-15.91974383" lon="128.0923442">
        <ele>169.05</ele>
        <time>2026-09-15T01:27:59Z</time>
        <extensions>
          <geotracker:meta c="4.9" s="18.44" />
        </extensions>
      </trkpt>
      <trkpt lat="-15.91938511" lon="128.09061636">
        <ele>165.56</ele>
        <time>2026-09-15T01:28:09Z</time>
        <extensions>
          <geotracker:meta c="4.94" s="18.9" />
        </extensions>
      </trkpt>
      <trkpt lat="-15.91904283" lon="128.08889931">
        <ele>162.07</ele>
        <time>2026-09-15T01:28:19Z</time>
        <extensions>
          <geotracker:meta c="4.92" s="19.37" />
        </extensions>
      </trkpt>
      <trkpt lat="-15.91868708" lon="128.08711954">
        <ele>169.02</ele>
        <time>2026-09-15T01:28:29Z</time>
        <extensions>
          <geotracker:meta c="4.92" s="18.92" />
        </extensions>
      </trkpt>
      <trkpt lat="-15.91832919" lon="128.08536307">
        <ele>173.34</ele>
        <time>2026-09-15T01:28:39Z</time>
        <extensions>
          <geotracker:meta c="4.91" s="20.6" />
        </extensions>
      </trkpt>
      <trkpt lat="-15.91793582" lon="128.08344448">
        <ele>168.65</ele>
        <time>2026-09-15T01:28:49Z</time>
        <extensions>
          <geotracker:meta c="4.93" s="20.11" />
        </extensions>
      </trkpt>
      <trkpt lat="-15.91755616" lon="128.08166624">
        <ele>170.58</ele>
        <time>2026-09-15T01:28:59Z</time>
        <extensions>
          <geotracker:meta c="4.93" s="19.45" />
        </extensions>
      </trkpt>
      <trkpt lat="-15.91687529" lon="128.07913009">
        <ele>174.19</ele>
        <time>2026-09-15T01:29:14Z</time>
        <extensions>
          <geotracker:meta c="5.09" s="17.5" />
        </extensions>
      </trkpt>
      <trkpt lat="-15.91623657" lon="128.07757541">
        <ele>180.54</ele>
        <time>2026-09-15T01:29:24Z</time>
        <extensions>
          <geotracker:meta c="5.13" s="18.68" />
        </extensions>
      </trkpt>
      <trkpt lat="-15.91383512" lon="128.07205134">
        <ele>165.79</ele>
        <time>2026-09-15T01:29:56Z</time>
        <extensions>
          <geotracker:meta c="5.14" s="18.82" />
        </extensions>
      </trkpt>
      <trkpt lat="-15.91188755" lon="128.06652196">
        <ele>168.83</ele>
        <time>2026-09-15T01:30:26Z</time>
        <extensions>
          <geotracker:meta c="4.79" s="23.03" />
        </extensions>
      </trkpt>
    </trkseg>
    <trkseg>
      <trkpt lat="-15.92139498" lon="128.03400397">
        <ele>140.03</ele>
        <time>2026-09-15T01:37:56Z</time>
        <extensions>
          <geotracker:meta c="3.55" s="4.58" />
        </extensions>
      </trkpt>
      <trkpt lat="-15.92242697" lon="128.03346484">
        <ele>133.36</ele>
        <time>2026-09-15T01:38:16Z</time>
        <extensions>
          <geotracker:meta c="3.65" s="10.2" />
        </extensions>
      </trkpt>
      <trkpt lat="-15.92334664" lon="128.03300554">
        <ele>130.69</ele>
        <time>2026-09-15T01:38:26Z</time>
        <extensions>
          <geotracker:meta c="3.59" s="10.89" />
        </extensions>
      </trkpt>
      <trkpt lat="-15.9240369" lon="128.03283506">
        <ele>131.06</ele>
        <time>2026-09-15T01:38:36Z</time>
        <extensions>
          <geotracker:meta c="3.17" s="6.13" />
        </extensions>
      </trkpt>
      <trkpt lat="-15.92465657" lon="128.03280865">
        <ele>132.24</ele>
        <time>2026-09-15T01:38:46Z</time>
        <extensions>
          <geotracker:meta c="3.18" s="7.91" />
        </extensions>
      </trkpt>
      <trkpt lat="-15.92550376" lon="128.03275853">
        <ele>132.25</ele>
        <time>2026-09-15T01:38:56Z</time>
        <extensions>
          <geotracker:meta c="3.19" s="10.52" />
        </extensions>
      </trkpt>
      <trkpt lat="-15.92644357" lon="128.03261395">
        <ele>133.16</ele>
        <time>2026-09-15T01:39:06Z</time>
        <extensions>
          <geotracker:meta c="3.43" s="9.69" />
        </extensions>
      </trkpt>
      <trkpt lat="-15.92702651" lon="128.0321433">
        <ele>134.62</ele>
        <time>2026-09-15T01:39:16Z</time>
        <extensions>
          <geotracker:meta c="3.96" s="9.04" />
        </extensions>
      </trkpt>
      <trkpt lat="-15.92760692" lon="128.03148244">
        <ele>137.79</ele>
        <time>2026-09-15T01:39:26Z</time>
        <extensions>
          <geotracker:meta c="3.95" s="10.56" />
        </extensions>
      </trkpt>
      <trkpt lat="-15.92826999" lon="128.03076484">
        <ele>135.31</ele>
        <time>2026-09-15T01:39:36Z</time>
        <extensions>
          <geotracker:meta c="3.91" s="9.86" />
        </extensions>
      </trkpt>
      <trkpt lat="-15.92879312" lon="128.03024145">
        <ele>136.66</ele>
        <time>2026-09-15T01:39:46Z</time>
        <extensions>
          <geotracker:meta c="3.93" s="8.15" />
        </extensions>
      </trkpt>
      <trkpt lat="-15.92933928" lon="128.02969169">
        <ele>139.97</ele>
        <time>2026-09-15T01:39:56Z</time>
        <extensions>
          <geotracker:meta c="3.9" s="8.44" />
        </extensions>
      </trkpt>
      <trkpt lat="-15.92979497" lon="128.02922736">
        <ele>137.78</ele>
        <time>2026-09-15T01:40:06Z</time>
        <extensions>
          <geotracker:meta c="3.95" s="7.95" />
        </extensions>
      </trkpt>
      <trkpt lat="-15.93030742" lon="128.02864475">
        <ele>134.53</ele>
        <time>2026-09-15T01:40:16Z</time>
        <extensions>
          <geotracker:meta c="4" s="8.91" />
        </extensions>
      </trkpt>
      <trkpt lat="-15.93092021" lon="128.02799154">
        <ele>131.03</ele>
        <time>2026-09-15T01:40:26Z</time>
        <extensions>
          <geotracker:meta c="3.96" s="9.3" />
        </extensions>
      </trkpt>
      <trkpt lat="-15.93157074" lon="128.02743141">
        <ele>133.85</ele>
        <time>2026-09-15T01:40:36Z</time>
        <extensions>
          <geotracker:meta c="3.68" s="10.05" />
        </extensions>
      </trkpt>
      <trkpt lat="-15.9324059" lon="128.02719995">
        <ele>136.71</ele>
        <time>2026-09-15T01:40:46Z</time>
        <extensions>
          <geotracker:meta c="3.15" s="8.72" />
        </extensions>
      </trkpt>
      <trkpt lat="-15.93303475" lon="128.0272037">
        <ele>134.66</ele>
        <time>2026-09-15T01:40:56Z</time>
        <extensions>
          <geotracker:meta c="3.12" s="7.56" />
        </extensions>
      </trkpt>
      <trkpt lat="-15.93382194" lon="128.02722493">
        <ele>135.12</ele>
        <time>2026-09-15T01:41:06Z</time>
        <extensions>
          <geotracker:meta c="3.14" s="9.35" />
        </extensions>
      </trkpt>
      <trkpt lat="-15.93466107" lon="128.02721011">
        <ele>133.83</ele>
        <time>2026-09-15T01:41:16Z</time>
        <extensions>
          <geotracker:meta c="3.13" s="9.24" />
        </extensions>
      </trkpt>
      <trkpt lat="-15.93545902" lon="128.02722013">
        <ele>131.01</ele>
        <time>2026-09-15T01:41:26Z</time>
        <extensions>
          <geotracker:meta c="3.08" s="7.5" />
        </extensions>
      </trkpt>
      <trkpt lat="-15.93618802" lon="128.02726691">
        <ele>134.63</ele>
        <time>2026-09-15T01:41:36Z</time>
        <extensions>
          <geotracker:meta c="3.12" s="8.83" />
        </extensions>
      </trkpt>
      <trkpt lat="-15.93691205" lon="128.02731206">
        <ele>139.07</ele>
        <time>2026-09-15T01:41:46Z</time>
        <extensions>
          <geotracker:meta c="3.08" s="7.87" />
        </extensions>
      </trkpt>
      <trkpt lat="-15.9376192" lon="128.02736316">
        <ele>142.08</ele>
        <time>2026-09-15T01:41:56Z</time>
        <extensions>
          <geotracker:meta c="2.95" s="7.95" />
        </extensions>
      </trkpt>
      <trkpt lat="-15.93839092" lon="128.027693">
        <ele>146.89</ele>
        <time>2026-09-15T01:42:06Z</time>
        <extensions>
          <geotracker:meta c="2.76" s="9.96" />
        </extensions>
      </trkpt>
      <trkpt lat="-15.93929004" lon="128.02803291">
        <ele>148.27</ele>
        <time>2026-09-15T01:42:16Z</time>
        <extensions>
          <geotracker:meta c="2.77" s="10.78" />
        </extensions>
      </trkpt>
      <trkpt lat="-15.94011724" lon="128.0283554">
        <ele>149.79</ele>
        <time>2026-09-15T01:42:26Z</time>
        <extensions>
          <geotracker:meta c="2.78" s="8.79" />
        </extensions>
      </trkpt>
      <trkpt lat="-15.94093199" lon="128.02865484">
        <ele>150.86</ele>
        <time>2026-09-15T01:42:36Z</time>
        <extensions>
          <geotracker:meta c="2.78" s="9.56" />
        </extensions>
      </trkpt>
      <trkpt lat="-15.94175517" lon="128.02898635">
        <ele>154.21</ele>
        <time>2026-09-15T01:42:46Z</time>
        <extensions>
          <geotracker:meta c="2.74" s="9.33" />
        </extensions>
      </trkpt>
      <trkpt lat="-15.94251186" lon="128.02931777">
        <ele>147.19</ele>
        <time>2026-09-15T01:42:56Z</time>
        <extensions>
          <geotracker:meta c="2.82" s="9.15" />
        </extensions>
      </trkpt>
      <trkpt lat="-15.94336391" lon="128.02961047">
        <ele>152.89</ele>
        <time>2026-09-15T01:43:06Z</time>
        <extensions>
          <geotracker:meta c="2.9" s="10.06" />
        </extensions>
      </trkpt>
      <trkpt lat="-15.94398723" lon="128.02969486">
        <ele>149.45</ele>
        <time>2026-09-15T01:43:16Z</time>
        <extensions>
          <geotracker:meta c="3.03" s="4.48" />
        </extensions>
      </trkpt>
      <trkpt lat="-15.94450513" lon="128.02979334">
        <ele>150.15</ele>
        <time>2026-09-15T01:43:26Z</time>
        <extensions>
          <geotracker:meta c="2.91" s="6.59" />
        </extensions>
      </trkpt>
      <trkpt lat="-15.94521238" lon="128.0299111">
        <ele>148.37</ele>
        <time>2026-09-15T01:43:36Z</time>
        <extensions>
          <geotracker:meta c="3.08" s="8.28" />
        </extensions>
      </trkpt>
      <trkpt lat="-15.94595175" lon="128.02988476">
        <ele>140.71</ele>
        <time>2026-09-15T01:43:46Z</time>
        <extensions>
          <geotracker:meta c="3.14" s="8.45" />
        </extensions>
      </trkpt>
      <trkpt lat="-15.94674537" lon="128.02984861">
        <ele>144.34</ele>
        <time>2026-09-15T01:43:56Z</time>
        <extensions>
          <geotracker:meta c="3.18" s="9.43" />
        </extensions>
      </trkpt>
      <trkpt lat="-15.94761833" lon="128.02979341">
        <ele>145.61</ele>
        <time>2026-09-15T01:44:06Z</time>
        <extensions>
          <geotracker:meta c="3.18" s="10.33" />
        </extensions>
      </trkpt>
      <trkpt lat="-15.94853495" lon="128.02973454">
        <ele>139.78</ele>
        <time>2026-09-15T01:44:16Z</time>
        <extensions>
          <geotracker:meta c="3.23" s="9.35" />
        </extensions>
      </trkpt>
      <trkpt lat="-15.94937467" lon="128.02973755">
        <ele>142.21</ele>
        <time>2026-09-15T01:44:26Z</time>
        <extensions>
          <geotracker:meta c="3.15" s="9.79" />
        </extensions>
      </trkpt>
      <trkpt lat="-15.95032589" lon="128.02970179">
        <ele>142.88</ele>
        <time>2026-09-15T01:44:36Z</time>
        <extensions>
          <geotracker:meta c="3.21" s="10.18" />
        </extensions>
      </trkpt>
      <trkpt lat="-15.95119031" lon="128.0296885">
        <ele>141.53</ele>
        <time>2026-09-15T01:44:46Z</time>
        <extensions>
          <geotracker:meta c="3.17" s="9.45" />
        </extensions>
      </trkpt>
      <trkpt lat="-15.95208272" lon="128.02961048">
        <ele>138.34</ele>
        <time>2026-09-15T01:44:56Z</time>
        <extensions>
          <geotracker:meta c="3.19" s="9.84" />
        </extensions>
      </trkpt>
      <trkpt lat="-15.95296351" lon="128.02960009">
        <ele>141.97</ele>
        <time>2026-09-15T01:45:06Z</time>
        <extensions>
          <geotracker:meta c="3.16" s="9.95" />
        </extensions>
      </trkpt>
      <trkpt lat="-15.95388533" lon="128.02953293">
        <ele>142.09</ele>
        <time>2026-09-15T01:45:16Z</time>
        <extensions>
          <geotracker:meta c="3.2" s="10.13" />
        </extensions>
      </trkpt>
      <trkpt lat="-15.95481193" lon="128.02948724">
        <ele>140.48</ele>
        <time>2026-09-15T01:45:26Z</time>
        <extensions>
          <geotracker:meta c="3.14" s="10.11" />
        </extensions>
      </trkpt>
      <trkpt lat="-15.95566968" lon="128.02959655">
        <ele>140.74</ele>
        <time>2026-09-15T01:45:36Z</time>
        <extensions>
          <geotracker:meta c="2.93" s="8.66" />
        </extensions>
      </trkpt>
      <trkpt lat="-15.95643738" lon="128.02974957">
        <ele>143.79</ele>
        <time>2026-09-15T01:45:46Z</time>
        <extensions>
          <geotracker:meta c="2.95" s="8.42" />
        </extensions>
      </trkpt>
      <trkpt lat="-15.95721788" lon="128.02991229">
        <ele>142.7</ele>
        <time>2026-09-15T01:45:56Z</time>
        <extensions>
          <geotracker:meta c="3.01" s="8.8" />
        </extensions>
      </trkpt>
      <trkpt lat="-15.95806464" lon="128.02985217">
        <ele>144.49</ele>
        <time>2026-09-15T01:46:06Z</time>
        <extensions>
          <geotracker:meta c="3.5" s="10.89" />
        </extensions>
      </trkpt>
      <trkpt lat="-15.95892787" lon="128.02939752">
        <ele>138.94</ele>
        <time>2026-09-15T01:46:16Z</time>
        <extensions>
          <geotracker:meta c="3.6" s="10.28" />
        </extensions>
      </trkpt>
      <trkpt lat="-15.95977913" lon="128.02900669">
        <ele>136.41</ele>
        <time>2026-09-15T01:46:26Z</time>
        <extensions>
          <geotracker:meta c="3.48" s="9.71" />
        </extensions>
      </trkpt>
      <trkpt lat="-15.96065199" lon="128.02865007">
        <ele>140.75</ele>
        <time>2026-09-15T01:46:36Z</time>
        <extensions>
          <geotracker:meta c="3.43" s="11.02" />
        </extensions>
      </trkpt>
      <trkpt lat="-15.9616079" lon="128.02842323">
        <ele>142.04</ele>
        <time>2026-09-15T01:46:46Z</time>
        <extensions>
          <geotracker:meta c="3.19" s="11.36" />
        </extensions>
      </trkpt>
      <trkpt lat="-15.96273096" lon="128.02828969">
        <ele>148.7</ele>
        <time>2026-09-15T01:46:56Z</time>
        <extensions>
          <geotracker:meta c="3.27" s="12.55" />
        </extensions>
      </trkpt>
      <trkpt lat="-15.96387014" lon="128.02822819">
        <ele>144.6</ele>
        <time>2026-09-15T01:47:06Z</time>
        <extensions>
          <geotracker:meta c="3.08" s="12.44" />
        </extensions>
      </trkpt>
      <trkpt lat="-15.96476157" lon="128.02827489">
        <ele>148.47</ele>
        <time>2026-09-15T01:47:16Z</time>
        <extensions>
          <geotracker:meta c="3.02" s="8.98" />
        </extensions>
      </trkpt>
      <trkpt lat="-15.96566822" lon="128.0283222">
        <ele>148.27</ele>
        <time>2026-09-15T01:47:26Z</time>
        <extensions>
          <geotracker:meta c="3.15" s="11.11" />
        </extensions>
      </trkpt>
      <trkpt lat="-15.96666655" lon="128.02843227">
        <ele>152.39</ele>
        <time>2026-09-15T01:47:36Z</time>
        <extensions>
          <geotracker:meta c="3.01" s="10.84" />
        </extensions>
      </trkpt>
      <trkpt lat="-15.96768307" lon="128.02829915">
        <ele>147.09</ele>
        <time>2026-09-15T01:47:46Z</time>
        <extensions>
          <geotracker:meta c="3.36" s="12" />
        </extensions>
      </trkpt>
      <trkpt lat="-15.96864873" lon="128.02836851">
        <ele>152.3</ele>
        <time>2026-09-15T01:47:56Z</time>
        <extensions>
          <geotracker:meta c="2.78" s="12.02" />
        </extensions>
      </trkpt>
      <trkpt lat="-15.96958514" lon="128.02880251">
        <ele>155.37</ele>
        <time>2026-09-15T01:48:06Z</time>
        <extensions>
          <geotracker:meta c="2.74" s="10.39" />
        </extensions>
      </trkpt>
      <trkpt lat="-15.97052759" lon="128.02908696">
        <ele>157.13</ele>
        <time>2026-09-15T01:48:16Z</time>
        <extensions>
          <geotracker:meta c="3.14" s="11.61" />
        </extensions>
      </trkpt>
      <trkpt lat="-15.97157677" lon="128.02888544">
        <ele>154.25</ele>
        <time>2026-09-15T01:48:26Z</time>
        <extensions>
          <geotracker:meta c="3.37" s="11.94" />
        </extensions>
      </trkpt>
      <trkpt lat="-15.9725878" lon="128.02867583">
        <ele>152.84</ele>
        <time>2026-09-15T01:48:36Z</time>
        <extensions>
          <geotracker:meta c="3.49" s="10.58" />
        </extensions>
      </trkpt>
      <trkpt lat="-15.97327364" lon="128.02812733">
        <ele>152.59</ele>
        <time>2026-09-15T01:48:46Z</time>
        <extensions>
          <geotracker:meta c="4.04" s="10.21" />
        </extensions>
      </trkpt>
      <trkpt lat="-15.97384066" lon="128.02731575">
        <ele>157.15</ele>
        <time>2026-09-15T01:48:56Z</time>
        <extensions>
          <geotracker:meta c="4.06" s="10.28" />
        </extensions>
      </trkpt>
      <trkpt lat="-15.97457076" lon="128.02662777">
        <ele>155.75</ele>
        <time>2026-09-15T01:49:06Z</time>
        <extensions>
          <geotracker:meta c="3.57" s="12.41" />
        </extensions>
      </trkpt>
      <trkpt lat="-15.97554865" lon="128.02617801">
        <ele>163.59</ele>
        <time>2026-09-15T01:49:16Z</time>
        <extensions>
          <geotracker:meta c="3.57" s="11.2" />
        </extensions>
      </trkpt>
      <trkpt lat="-15.97645919" lon="128.02586871">
        <ele>159.19</ele>
        <time>2026-09-15T01:49:26Z</time>
        <extensions>
          <geotracker:meta c="3.25" s="11.29" />
        </extensions>
      </trkpt>
      <trkpt lat="-15.9774301" lon="128.02594846">
        <ele>155.69</ele>
        <time>2026-09-15T01:49:36Z</time>
        <extensions>
          <geotracker:meta c="3.06" s="10.31" />
        </extensions>
      </trkpt>
      <trkpt lat="-15.9782277" lon="128.02608987">
        <ele>158.62</ele>
        <time>2026-09-15T01:49:46Z</time>
        <extensions>
          <geotracker:meta c="3.05" s="6.95" />
        </extensions>
      </trkpt>
      <trkpt lat="-15.97875554" lon="128.02571215">
        <ele>160.79</ele>
        <time>2026-09-15T01:50:46Z</time>
        <extensions>
          <geotracker:meta c="4.16" s="1.5" />
        </extensions>
      </trkpt>
      <trkpt lat="-15.97917218" lon="128.02532937">
        <ele>164.67</ele>
        <time>2026-09-15T01:51:16Z</time>
        <extensions>
          <geotracker:meta c="3.95" s="5.28" />
        </extensions>
      </trkpt>
      <trkpt lat="-15.97947633" lon="128.02492219">
        <ele>159.92</ele>
        <time>2026-09-15T01:51:26Z</time>
        <extensions>
          <geotracker:meta c="3.89" s="4.21" />
        </extensions>
      </trkpt>
      <trkpt lat="-15.97991829" lon="128.02473529">
        <ele>163.91</ele>
        <time>2026-09-15T01:51:36Z</time>
        <extensions>
          <geotracker:meta c="3.34" s="6.29" />
        </extensions>
      </trkpt>
      <trkpt lat="-15.98058729" lon="128.02468118">
        <ele>167.78</ele>
        <time>2026-09-15T01:51:46Z</time>
        <extensions>
          <geotracker:meta c="3.19" s="8.14" />
        </extensions>
      </trkpt>
      <trkpt lat="-15.98138615" lon="128.02456286">
        <ele>169.53</ele>
        <time>2026-09-15T01:51:56Z</time>
        <extensions>
          <geotracker:meta c="3.5" s="9.16" />
        </extensions>
      </trkpt>
      <trkpt lat="-15.98222453" lon="128.02423742">
        <ele>168.16</ele>
        <time>2026-09-15T01:52:06Z</time>
        <extensions>
          <geotracker:meta c="3.46" s="10.56" />
        </extensions>
      </trkpt>
      <trkpt lat="-15.98316765" lon="128.02415699">
        <ele>173</ele>
        <time>2026-09-15T01:52:16Z</time>
        <extensions>
          <geotracker:meta c="3.21" s="10.89" />
        </extensions>
      </trkpt>
      <trkpt lat="-15.98405549" lon="128.0241288">
        <ele>173</ele>
        <time>2026-09-15T01:52:26Z</time>
        <extensions>
          <geotracker:meta c="3.18" s="8.93" />
        </extensions>
      </trkpt>
      <trkpt lat="-15.98473618" lon="128.02408868">
        <ele>174.95</ele>
        <time>2026-09-15T01:52:36Z</time>
        <extensions>
          <geotracker:meta c="3.19" s="5.85" />
        </extensions>
      </trkpt>
      <trkpt lat="-15.98529629" lon="128.02407097">
        <ele>175.85</ele>
        <time>2026-09-15T01:52:46Z</time>
        <extensions>
          <geotracker:meta c="3.25" s="6.53" />
        </extensions>
      </trkpt>
      <trkpt lat="-15.98590542" lon="128.02395306">
        <ele>176.29</ele>
        <time>2026-09-15T01:52:56Z</time>
        <extensions>
          <geotracker:meta c="3.43" s="7.19" />
        </extensions>
      </trkpt>
      <trkpt lat="-15.98652828" lon="128.023844">
        <ele>177.17</ele>
        <time>2026-09-15T01:53:06Z</time>
        <extensions>
          <geotracker:meta c="3.31" s="6.39" />
        </extensions>
      </trkpt>
      <trkpt lat="-15.98709618" lon="128.02373563">
        <ele>178.9</ele>
        <time>2026-09-15T01:53:16Z</time>
        <extensions>
          <geotracker:meta c="3.34" s="4.77" />
        </extensions>
      </trkpt>
      <trkpt lat="-15.98802926" lon="128.02372131">
        <ele>177.55</ele>
        <time>2026-09-15T01:53:36Z</time>
        <extensions>
          <geotracker:meta c="3.18" s="6.3" />
        </extensions>
      </trkpt>
      <trkpt lat="-15.98862268" lon="128.02369151">
        <ele>180.02</ele>
        <time>2026-09-15T01:53:46Z</time>
        <extensions>
          <geotracker:meta c="3.2" s="5.76" />
        </extensions>
      </trkpt>
      <trkpt lat="-15.98917387" lon="128.02366111">
        <ele>178.13</ele>
        <time>2026-09-15T01:53:56Z</time>
        <extensions>
          <geotracker:meta c="3.27" s="5.14" />
        </extensions>
      </trkpt>
      <trkpt lat="-15.99004769" lon="128.02360751">
        <ele>176.35</ele>
        <time>2026-09-15T01:54:16Z</time>
        <extensions>
          <geotracker:meta c="3.13" s="4.82" />
        </extensions>
      </trkpt>
      <trkpt lat="-15.99054424" lon="128.02365516">
        <ele>179.03</ele>
        <time>2026-09-15T01:54:26Z</time>
        <extensions>
          <geotracker:meta c="2.85" s="6.31" />
        </extensions>
      </trkpt>
      <trkpt lat="-15.99113665" lon="128.02389406">
        <ele>178.85</ele>
        <time>2026-09-15T01:54:36Z</time>
        <extensions>
          <geotracker:meta c="2.73" s="6.26" />
        </extensions>
      </trkpt>
      <trkpt lat="-15.99200194" lon="128.02422684">
        <ele>177.88</ele>
        <time>2026-09-15T01:54:56Z</time>
        <extensions>
          <geotracker:meta c="3.03" s="7.57" />
        </extensions>
      </trkpt>
      <trkpt lat="-15.99277467" lon="128.02425261">
        <ele>179.24</ele>
        <time>2026-09-15T01:55:06Z</time>
        <extensions>
          <geotracker:meta c="3.17" s="8.97" />
        </extensions>
      </trkpt>
      <trkpt lat="-15.99373914" lon="128.02426059">
        <ele>178.99</ele>
        <time>2026-09-15T01:55:16Z</time>
        <extensions>
          <geotracker:meta c="3.03" s="11.61" />
        </extensions>
      </trkpt>
      <trkpt lat="-15.99473579" lon="128.02440345">
        <ele>178.16</ele>
        <time>2026-09-15T01:55:26Z</time>
        <extensions>
          <geotracker:meta c="3.06" s="10.87" />
        </extensions>
      </trkpt>
      <trkpt lat="-15.99563045" lon="128.02426327">
        <ele>192.62</ele>
        <time>2026-09-15T01:55:36Z</time>
        <extensions>
          <geotracker:meta c="3.5" s="10.47" />
        </extensions>
      </trkpt>
      <trkpt lat="-15.99635155" lon="128.02392882">
        <ele>193.96</ele>
        <time>2026-09-15T01:55:46Z</time>
        <extensions>
          <geotracker:meta c="3.67" s="7.42" />
        </extensions>
      </trkpt>
      <trkpt lat="-15.99726975" lon="128.02387938">
        <ele>188.37</ele>
        <time>2026-09-15T01:57:06Z</time>
        <extensions>
          <geotracker:meta c="2.98" s="6.95" />
        </extensions>
      </trkpt>
      <trkpt lat="-15.99804053" lon="128.0239502">
        <ele>192.54</ele>
        <time>2026-09-15T01:57:16Z</time>
        <extensions>
          <geotracker:meta c="3.15" s="8.69" />
        </extensions>
      </trkpt>
      <trkpt lat="-15.99871953" lon="128.02393718">
        <ele>196.82</ele>
        <time>2026-09-15T01:57:26Z</time>
        <extensions>
          <geotracker:meta c="3.13" s="7.33" />
        </extensions>
      </trkpt>
      <trkpt lat="-15.99937504" lon="128.02386189">
        <ele>199.72</ele>
        <time>2026-09-15T01:57:36Z</time>
        <extensions>
          <geotracker:meta c="3.34" s="7.54" />
        </extensions>
      </trkpt>
      <trkpt lat="-16.0000058" lon="128.02370602">
        <ele>203.81</ele>
        <time>2026-09-15T01:57:46Z</time>
        <extensions>
          <geotracker:meta c="3.31" s="7.44" />
        </extensions>
      </trkpt>
      <trkpt lat="-16.00070323" lon="128.02368178">
        <ele>202.95</ele>
        <time>2026-09-15T01:57:56Z</time>
        <extensions>
          <geotracker:meta c="3.03" s="8.09" />
        </extensions>
      </trkpt>
      <trkpt lat="-16.00144094" lon="128.02382053">
        <ele>209.64</ele>
        <time>2026-09-15T01:58:06Z</time>
        <extensions>
          <geotracker:meta c="2.97" s="6.8" />
        </extensions>
      </trkpt>
      <trkpt lat="-16.00211781" lon="128.02389168">
        <ele>213.22</ele>
        <time>2026-09-15T01:58:16Z</time>
        <extensions>
          <geotracker:meta c="3.02" s="7.9" />
        </extensions>
      </trkpt>
      <trkpt lat="-16.00288753" lon="128.02380003">
        <ele>214.74</ele>
        <time>2026-09-15T01:58:26Z</time>
        <extensions>
          <geotracker:meta c="3.42" s="8.85" />
        </extensions>
      </trkpt>
      <trkpt lat="-16.00355066" lon="128.0235485">
        <ele>208.1</ele>
        <time>2026-09-15T01:58:36Z</time>
        <extensions>
          <geotracker:meta c="3.61" s="5.55" />
        </extensions>
      </trkpt>
      <trkpt lat="-16.0060733" lon="128.02197882">
        <ele>202.8</ele>
        <time>2026-09-15T01:59:26Z</time>
        <extensions>
          <geotracker:meta c="3.47" s="8.12" />
        </extensions>
      </trkpt>
      <trkpt lat="-16.00889105" lon="128.02260327">
        <ele>192.47</ele>
        <time>2026-09-15T02:00:36Z</time>
        <extensions>
          <geotracker:meta c="2.46" s="3.43" />
        </extensions>
      </trkpt>
      <trkpt lat="-16.01207416" lon="128.02327813">
        <ele>192.46</ele>
        <time>2026-09-15T02:01:36Z</time>
        <extensions>
          <geotracker:meta c="4" s="7.26" />
        </extensions>
      </trkpt>
      <trkpt lat="-16.01367362" lon="128.02326546">
        <ele>191.65</ele>
        <time>2026-09-15T02:25:46Z</time>
        <extensions>
          <geotracker:meta c="4.32" s="1.47" />
        </extensions>
      </trkpt>
      <trkpt lat="-16.0145095" lon="128.02405894">
        <ele>190.63</ele>
        <time>2026-09-15T02:28:04Z</time>
        <extensions>
          <geotracker:meta c="1.35" s="1.52" />
        </extensions>
      </trkpt>
      <trkpt lat="-16.01402354" lon="128.02445298">
        <ele>186.87</ele>
        <time>2026-09-15T03:50:38Z</time>
        <extensions>
          <geotracker:meta c="3.83" s="1.39" />
        </extensions>
      </trkpt>
      <trkpt lat="-16.0144314" lon="128.02419807">
        <ele>189.59</ele>
        <time>2026-09-15T03:51:18Z</time>
        <extensions>
          <geotracker:meta c="3.92" s="1.16" />
        </extensions>
      </trkpt>
      <trkpt lat="-16.0142505" lon="128.02357307">
        <ele>188.62</ele>
        <time>2026-09-15T03:52:28Z</time>
        <extensions>
          <geotracker:meta c="5.2" s="1.67" />
        </extensions>
      </trkpt>
      <trkpt lat="-16.0139336" lon="128.02318312">
        <ele>189.35</ele>
        <time>2026-09-15T03:53:08Z</time>
        <extensions>
          <geotracker:meta c="5.07" s="1.17" />
        </extensions>
      </trkpt>
      <trkpt lat="-16.01364083" lon="128.02329561">
        <ele>187.78</ele>
        <time>2026-09-15T03:58:38Z</time>
        <extensions>
          <geotracker:meta c="2.37" s="0.76" />
        </extensions>
      </trkpt>
      <trkpt lat="-16.00912118" lon="128.02297432">
        <ele>189.86</ele>
        <time>2026-09-15T04:04:28Z</time>
        <extensions>
          <geotracker:meta c="5.52" s="3.57" />
        </extensions>
      </trkpt>
      <trkpt lat="-16.00790271" lon="128.02141163">
        <ele>187.37</ele>
        <time>2026-09-15T04:05:38Z</time>
        <extensions>
          <geotracker:meta c="5.85" s="6.04" />
        </extensions>
      </trkpt>
      <trkpt lat="-16.01078625" lon="128.01859724">
        <ele>179.36</ele>
        <time>2026-09-15T04:07:18Z</time>
        <extensions>
          <geotracker:meta c="3.36" s="6.43" />
        </extensions>
      </trkpt>
      <trkpt lat="-16.01377192" lon="128.01542442">
        <ele>162.93</ele>
        <time>2026-09-15T04:08:38Z</time>
        <extensions>
          <geotracker:meta c="4.15" s="6.13" />
        </extensions>
      </trkpt>
      <trkpt lat="-16.01480318" lon="128.01253704">
        <ele>162.39</ele>
        <time>2026-09-15T04:09:38Z</time>
        <extensions>
          <geotracker:meta c="4.68" s="5.56" />
        </extensions>
      </trkpt>
      <trkpt lat="-16.01475754" lon="128.00813058">
        <ele>151.79</ele>
        <time>2026-09-15T04:10:38Z</time>
        <extensions>
          <geotracker:meta c="5.12" s="9.99" />
        </extensions>
      </trkpt>
      <trkpt lat="-16.01433736" lon="128.00718532">
        <ele>153.02</ele>
        <time>2026-09-15T04:10:48Z</time>
        <extensions>
          <geotracker:meta c="4.97" s="11.14" />
        </extensions>
      </trkpt>
      <trkpt lat="-16.01426615" lon="128.00379365">
        <ele>152.29</ele>
        <time>2026-09-15T04:12:18Z</time>
        <extensions>
          <geotracker:meta c="2.9" s="4.96" />
        </extensions>
      </trkpt>
      <trkpt lat="-16.01657417" lon="128.00833441">
        <ele>153.59</ele>
        <time>2026-09-15T04:13:48Z</time>
        <extensions>
          <geotracker:meta c="1.92" s="6.77" />
        </extensions>
      </trkpt>
      <trkpt lat="-16.01827978" lon="128.01159149">
        <ele>162.2</ele>
        <time>2026-09-15T04:33:11Z</time>
        <extensions>
          <geotracker:meta c="0.48" s="1" />
        </extensions>
      </trkpt>
      <trkpt lat="-16.01982646" lon="128.0122374">
        <ele>155.8</ele>
        <time>2026-09-15T04:35:31Z</time>
        <extensions>
          <geotracker:meta c="2.58" s="3.01" />
        </extensions>
      </trkpt>
      <trkpt lat="-16.02024125" lon="128.01245298">
        <ele>158.83</ele>
        <time>2026-09-15T04:35:51Z</time>
        <extensions>
          <geotracker:meta c="2.72" s="1.65" />
        </extensions>
      </trkpt>
      <trkpt lat="-16.02100169" lon="128.01545997">
        <ele>166.56</ele>
        <time>2026-09-15T04:37:21Z</time>
        <extensions>
          <geotracker:meta c="1.76" s="3.97" />
        </extensions>
      </trkpt>
      <trkpt lat="-16.02054281" lon="128.01867275">
        <ele>178.58</ele>
        <time>2026-09-15T04:38:31Z</time>
        <extensions>
          <geotracker:meta c="1.4" s="5.24" />
        </extensions>
      </trkpt>
      <trkpt lat="-16.02015178" lon="128.02186579">
        <ele>184.67</ele>
        <time>2026-09-15T04:40:11Z</time>
        <extensions>
          <geotracker:meta c="1.81" s="5.17" />
        </extensions>
      </trkpt>
      <trkpt lat="-16.02079791" lon="128.02283868">
        <ele>183.57</ele>
        <time>2026-09-15T04:40:41Z</time>
        <extensions>
          <geotracker:meta c="3.17" s="3.57" />
        </extensions>
      </trkpt>
      <trkpt lat="-16.02119752" lon="128.02278281">
        <ele>187.15</ele>
        <time>2026-09-15T04:57:29Z</time>
        <extensions>
          <geotracker:meta c="2.08" s="0.68" />
        </extensions>
      </trkpt>
      <trkpt lat="-16.02144206" lon="128.02326545">
        <ele>183.33</ele>
        <time>2026-09-15T04:58:34Z</time>
        <extensions>
          <geotracker:meta c="2.41" s="1.2" />
        </extensions>
      </trkpt>
      <trkpt lat="-16.02175047" lon="128.02388717">
        <ele>184.72</ele>
        <time>2026-09-15T05:00:36Z</time>
        <extensions>
          <geotracker:meta c="1.59" s="0.99" />
        </extensions>
      </trkpt>
      <trkpt lat="-16.02180729" lon="128.02435106">
        <ele>183.98</ele>
        <time>2026-09-15T05:01:50Z</time>
        <extensions>
          <geotracker:meta c="1.68" s="1.06" />
        </extensions>
      </trkpt>
      <trkpt lat="-16.0219102" lon="128.02494413">
        <ele>188.58</ele>
        <time>2026-09-15T05:03:05Z</time>
        <extensions>
          <geotracker:meta c="2.09" s="1.17" />
        </extensions>
      </trkpt>
      <trkpt lat="-16.02200379" lon="128.02544971">
        <ele>189.77</ele>
        <time>2026-09-15T05:04:29Z</time>
        <extensions>
          <geotracker:meta c="1.67" s="0.85" />
        </extensions>
      </trkpt>
      <trkpt lat="-16.02202693" lon="128.02593297">
        <ele>191.66</ele>
        <time>2026-09-15T05:06:12Z</time>
        <extensions>
          <geotracker:meta c="1.97" s="1.2" />
        </extensions>
      </trkpt>
      <trkpt lat="-16.02203742" lon="128.02642663">
        <ele>190.44</ele>
        <time>2026-09-15T05:07:08Z</time>
        <extensions>
          <geotracker:meta c="1.52" s="1.3" />
        </extensions>
      </trkpt>
      <trkpt lat="-16.02188246" lon="128.02687123">
        <ele>193.88</ele>
        <time>2026-09-15T05:08:03Z</time>
        <extensions>
          <geotracker:meta c="0.77" s="0.16" />
        </extensions>
      </trkpt>
      <trkpt lat="-16.02166084" lon="128.02727935">
        <ele>193.94</ele>
        <time>2026-09-15T05:10:04Z</time>
        <extensions>
          <geotracker:meta c="0.82" s="0.27" />
        </extensions>
      </trkpt>
      <trkpt lat="-16.02160693" lon="128.02778004">
        <ele>202.19</ele>
        <time>2026-09-15T05:11:20Z</time>
        <extensions>
          <geotracker:meta c="1.05" s="0.43" />
        </extensions>
      </trkpt>
      <trkpt lat="-16.02137914" lon="128.02823111">
        <ele>207.76</ele>
        <time>2026-09-15T05:12:24Z</time>
        <extensions>
          <geotracker:meta c="1.03" s="0.65" />
        </extensions>
      </trkpt>
      <trkpt lat="-16.02119123" lon="128.02869921">
        <ele>205.99</ele>
        <time>2026-09-15T05:14:04Z</time>
        <extensions>
          <geotracker:meta c="0.81" s="1.05" />
        </extensions>
      </trkpt>
      <trkpt lat="-16.02072714" lon="128.02879505">
        <ele>205.14</ele>
        <time>2026-09-15T05:16:42Z</time>
        <extensions>
          <geotracker:meta c="0.56" s="0.63" />
        </extensions>
      </trkpt>
      <trkpt lat="-16.02028949" lon="128.02895026">
        <ele>209.93</ele>
        <time>2026-09-15T05:17:55Z</time>
        <extensions>
          <geotracker:meta c="0.21" s="0.77" />
        </extensions>
      </trkpt>
      <trkpt lat="-16.01983287" lon="128.02913242">
        <ele>219.15</ele>
        <time>2026-09-15T05:19:09Z</time>
        <extensions>
          <geotracker:meta c="1.36" s="0.73" />
        </extensions>
      </trkpt>
      <trkpt lat="-16.01987626" lon="128.02939099">
        <ele>219.55</ele>
        <time>2026-09-15T05:21:11Z</time>
        <extensions>
          <geotracker:meta c="2.21" s="0.53" />
        </extensions>
      </trkpt>
      <trkpt lat="-16.02015374" lon="128.02976466">
        <ele>202.75</ele>
        <time>2026-09-15T05:22:46Z</time>
        <extensions>
          <geotracker:meta c="0.94" s="0.95" />
        </extensions>
      </trkpt>
      <trkpt lat="-16.02066096" lon="128.02981751">
        <ele>209.35</ele>
        <time>2026-09-15T05:24:29Z</time>
        <extensions>
          <geotracker:meta c="3.61" s="0.95" />
        </extensions>
      </trkpt>
      <trkpt lat="-16.02102355" lon="128.03018803">
        <ele>219.05</ele>
        <time>2026-09-15T05:26:11Z</time>
        <extensions>
          <geotracker:meta c="2.32" s="1.27" />
        </extensions>
      </trkpt>
      <trkpt lat="-16.02140183" lon="128.03049136">
        <ele>216.97</ele>
        <time>2026-09-15T05:28:00Z</time>
        <extensions>
          <geotracker:meta c="2.16" s="0.69" />
        </extensions>
      </trkpt>
      <trkpt lat="-16.02157256" lon="128.03078671">
        <ele>218.68</ele>
        <time>2026-09-15T05:39:55Z</time>
        <extensions>
          <geotracker:meta c="2.72" s="0.36" />
        </extensions>
      </trkpt>
      <trkpt lat="-16.02174424" lon="128.03080681">
        <ele>226.68</ele>
        <time>2026-09-15T05:42:03Z</time>
        <extensions>
          <geotracker:meta c="2.49" s="0.16" />
        </extensions>
      </trkpt>
      <trkpt lat="-16.02213171" lon="128.03107142">
        <ele>217.22</ele>
        <time>2026-09-15T05:44:39Z</time>
        <extensions>
          <geotracker:meta c="5.75" s="0.33" />
        </extensions>
      </trkpt>
      <trkpt lat="-16.02213909" lon="128.03098403">
        <ele>217.83</ele>
        <time>2026-09-15T05:46:56Z</time>
        <extensions>
          <geotracker:meta c="5.06" s="0.23" />
        </extensions>
      </trkpt>
      <trkpt lat="-16.02207473" lon="128.03151501">
        <ele>225.15</ele>
        <time>2026-09-15T05:48:01Z</time>
        <extensions>
          <geotracker:meta c="1.26" s="0.75" />
        </extensions>
      </trkpt>
      <trkpt lat="-16.02245129" lon="128.03156643">
        <ele>225.35</ele>
        <time>2026-09-15T05:50:48Z</time>
        <extensions>
          <geotracker:meta c="2.54" s="0.73" />
        </extensions>
      </trkpt>
      <trkpt lat="-16.02265999" lon="128.03203086">
        <ele>226.93</ele>
        <time>2026-09-15T05:52:29Z</time>
        <extensions>
          <geotracker:meta c="1.37" s="0.7" />
        </extensions>
      </trkpt>
      <trkpt lat="-16.02284041" lon="128.03247169">
        <ele>229.89</ele>
        <time>2026-09-15T05:54:22Z</time>
        <extensions>
          <geotracker:meta c="1.08" s="1.2" />
        </extensions>
      </trkpt>
      <trkpt lat="-16.02313789" lon="128.03268634">
        <ele>234.29</ele>
        <time>2026-09-15T05:56:32Z</time>
        <extensions>
          <geotracker:meta c="1.69" s="0.51" />
        </extensions>
      </trkpt>
      <trkpt lat="-16.02317692" lon="128.03270177">
        <ele>233.25</ele>
        <time>2026-09-15T05:58:39Z</time>
        <extensions>
          <geotracker:meta c="4.01" s="1.32" />
        </extensions>
      </trkpt>
      <trkpt lat="-16.0233141" lon="128.03295025">
        <ele>252.61</ele>
        <time>2026-09-15T06:00:40Z</time>
        <extensions>
          <geotracker:meta c="5.41" s="0.74" />
        </extensions>
      </trkpt>
      <trkpt lat="-16.02349975" lon="128.0333815">
        <ele>244.04</ele>
        <time>2026-09-15T06:02:12Z</time>
        <extensions>
          <geotracker:meta c="2.75" s="0.87" />
        </extensions>
      </trkpt>
      <trkpt lat="-16.0239631" lon="128.03356888">
        <ele>245.67</ele>
        <time>2026-09-15T06:03:42Z</time>
        <extensions>
          <geotracker:meta c="3.43" s="1.09" />
        </extensions>
      </trkpt>
      <trkpt lat="-16.0242454" lon="128.03401917">
        <ele>251.23</ele>
        <time>2026-09-15T06:05:05Z</time>
        <extensions>
          <geotracker:meta c="1.68" s="0.64" />
        </extensions>
      </trkpt>
      <trkpt lat="-16.02442066" lon="128.03421216">
        <ele>261.12</ele>
        <time>2026-09-15T06:07:14Z</time>
        <extensions>
          <geotracker:meta c="2.59" s="0.33" />
        </extensions>
      </trkpt>
      <trkpt lat="-16.02443006" lon="128.03416113">
        <ele>257.93</ele>
        <time>2026-09-15T06:17:33Z</time>
        <extensions>
          <geotracker:meta c="5.56" s="0.16" />
        </extensions>
      </trkpt>
      <trkpt lat="-16.02443053" lon="128.03424301">
        <ele>258.99</ele>
        <time>2026-09-15T06:21:12Z</time>
        <extensions>
          <geotracker:meta c="0.99" s="0.6" />
        </extensions>
      </trkpt>
      <trkpt lat="-16.02464987" lon="128.03443051">
        <ele>258.64</ele>
        <time>2026-09-15T06:23:20Z</time>
        <extensions>
          <geotracker:meta c="2.56" s="1" />
        </extensions>
      </trkpt>
      <trkpt lat="-16.02485589" lon="128.03478342">
        <ele>265.57</ele>
        <time>2026-09-15T06:25:22Z</time>
        <extensions>
          <geotracker:meta c="3.01" s="0.63" />
        </extensions>
      </trkpt>
      <trkpt lat="-16.02522659" lon="128.03519125">
        <ele>276.95</ele>
        <time>2026-09-15T06:26:56Z</time>
        <extensions>
          <geotracker:meta c="2.32" s="1.21" />
        </extensions>
      </trkpt>
      <trkpt lat="-16.02552494" lon="128.03558012">
        <ele>279.36</ele>
        <time>2026-09-15T06:28:54Z</time>
        <extensions>
          <geotracker:meta c="1.91" s="0.83" />
        </extensions>
      </trkpt>
      <trkpt lat="-16.02554276" lon="128.03568771">
        <ele>294.97</ele>
        <time>2026-09-15T06:31:20Z</time>
        <extensions>
          <geotracker:meta c="0.77" s="0.41" />
        </extensions>
      </trkpt>
      <trkpt lat="-16.02587055" lon="128.03605435">
        <ele>285.47</ele>
        <time>2026-09-15T06:33:29Z</time>
        <extensions>
          <geotracker:meta c="1.46" s="0.87" />
        </extensions>
      </trkpt>
      <trkpt lat="-16.02611838" lon="128.0364926">
        <ele>294.81</ele>
        <time>2026-09-15T06:34:53Z</time>
        <extensions>
          <geotracker:meta c="2.16" s="2.53" />
        </extensions>
      </trkpt>
      <trkpt lat="-16.02606326" lon="128.03699797">
        <ele>298.65</ele>
        <time>2026-09-15T06:36:54Z</time>
        <extensions>
          <geotracker:meta c="0.86" s="0.89" />
        </extensions>
      </trkpt>
      <trkpt lat="-16.02591957" lon="128.03712507">
        <ele>288.3</ele>
        <time>2026-09-15T06:53:51Z</time>
        <extensions>
          <geotracker:meta c="5.01" s="0.15" />
        </extensions>
      </trkpt>
      <trkpt lat="-16.02599898" lon="128.03699596">
        <ele>288.19</ele>
        <time>2026-09-15T06:56:54Z</time>
        <extensions>
          <geotracker:meta c="4.26" s="0.67" />
        </extensions>
      </trkpt>
      <trkpt lat="-16.02603523" lon="128.03652224">
        <ele>290.21</ele>
        <time>2026-09-15T06:59:30Z</time>
        <extensions>
          <geotracker:meta c="5.04" s="0.79" />
        </extensions>
      </trkpt>
      <trkpt lat="-16.02577624" lon="128.036132">
        <ele>284.89</ele>
        <time>2026-09-15T07:00:44Z</time>
        <extensions>
          <geotracker:meta c="5.73" s="0.24" />
        </extensions>
      </trkpt>
      <trkpt lat="-16.02548323" lon="128.03571794">
        <ele>283.61</ele>
        <time>2026-09-15T07:02:35Z</time>
        <extensions>
          <geotracker:meta c="5.5" s="0.29" />
        </extensions>
      </trkpt>
      <trkpt lat="-16.0254815" lon="128.03561048">
        <ele>280.28</ele>
        <time>2026-09-15T07:04:36Z</time>
        <extensions>
          <geotracker:meta c="3.66" s="0.46" />
        </extensions>
      </trkpt>
      <trkpt lat="-16.02531406" lon="128.03531529">
        <ele>275.98</ele>
        <time>2026-09-15T07:07:03Z</time>
        <extensions>
          <geotracker:meta c="5.65" s="1.05" />
        </extensions>
      </trkpt>
      <trkpt lat="-16.02505595" lon="128.03490418">
        <ele>268.16</ele>
        <time>2026-09-15T07:09:06Z</time>
        <extensions>
          <geotracker:meta c="5.35" s="0.42" />
        </extensions>
      </trkpt>
      <trkpt lat="-16.02496192" lon="128.03468854">
        <ele>262.6</ele>
        <time>2026-09-15T07:11:07Z</time>
        <extensions>
          <geotracker:meta c="5.22" s="0.69" />
        </extensions>
      </trkpt>
      <trkpt lat="-16.02484414" lon="128.03432591">
        <ele>271.51</ele>
        <time>2026-09-15T07:13:15Z</time>
        <extensions>
          <geotracker:meta c="5.31" s="0.68" />
        </extensions>
      </trkpt>
      <trkpt lat="-16.02438836" lon="128.03415862">
        <ele>255.76</ele>
        <time>2026-09-15T07:15:35Z</time>
        <extensions>
          <geotracker:meta c="5.59" s="0.91" />
        </extensions>
      </trkpt>
      <trkpt lat="-16.0242367" lon="128.03385525">
        <ele>242.61</ele>
        <time>2026-09-15T07:17:44Z</time>
        <extensions>
          <geotracker:meta c="6.25" s="0.15" />
        </extensions>
      </trkpt>
      <trkpt lat="-16.02390432" lon="128.03350507">
        <ele>247.57</ele>
        <time>2026-09-15T07:19:17Z</time>
        <extensions>
          <geotracker:meta c="0.13" s="0.8" />
        </extensions>
      </trkpt>
      <trkpt lat="-16.02360446" lon="128.03310565">
        <ele>240.67</ele>
        <time>2026-09-15T07:20:41Z</time>
        <extensions>
          <geotracker:meta c="4.47" s="1.02" />
        </extensions>
      </trkpt>
      <trkpt lat="-16.02325093" lon="128.03279038">
        <ele>230.74</ele>
        <time>2026-09-15T07:22:14Z</time>
        <extensions>
          <geotracker:meta c="5.83" s="0.65" />
        </extensions>
      </trkpt>
      <trkpt lat="-16.02296238" lon="128.03239419">
        <ele>229.04</ele>
        <time>2026-09-15T07:23:49Z</time>
        <extensions>
          <geotracker:meta c="3.41" s="0.74" />
        </extensions>
      </trkpt>
      <trkpt lat="-16.02270944" lon="128.03193668">
        <ele>215.24</ele>
        <time>2026-09-15T07:25:40Z</time>
        <extensions>
          <geotracker:meta c="5.38" s="1" />
        </extensions>
      </trkpt>
      <trkpt lat="-16.02250373" lon="128.03150459">
        <ele>217.43</ele>
        <time>2026-09-15T07:26:43Z</time>
        <extensions>
          <geotracker:meta c="5.32" s="0.71" />
        </extensions>
      </trkpt>
      <trkpt lat="-16.02205295" lon="128.03119094">
        <ele>212.48</ele>
        <time>2026-09-15T07:27:55Z</time>
        <extensions>
          <geotracker:meta c="5.34" s="1.57" />
        </extensions>
      </trkpt>
      <trkpt lat="-16.02180778" lon="128.03079607">
        <ele>214.67</ele>
        <time>2026-09-15T07:29:55Z</time>
        <extensions>
          <geotracker:meta c="3.72" s="0.2" />
        </extensions>
      </trkpt>
      <trkpt lat="-16.02166755" lon="128.03066106">
        <ele>200.09</ele>
        <time>2026-09-15T07:32:03Z</time>
        <extensions>
          <geotracker:meta c="5.88" s="0.86" />
        </extensions>
      </trkpt>
      <trkpt lat="-16.02159277" lon="128.03062146">
        <ele>205.31</ele>
        <time>2026-09-15T07:35:24Z</time>
        <extensions>
          <geotracker:meta c="4.94" s="0.45" />
        </extensions>
      </trkpt>
      <trkpt lat="-16.0211011" lon="128.03052648">
        <ele>200.53</ele>
        <time>2026-09-15T07:37:14Z</time>
        <extensions>
          <geotracker:meta c="0.01" s="0.73" />
        </extensions>
      </trkpt>
      <trkpt lat="-16.02079042" lon="128.03027565">
        <ele>207.62</ele>
        <time>2026-09-15T07:39:15Z</time>
        <extensions>
          <geotracker:meta c="5.98" s="0.46" />
        </extensions>
      </trkpt>
      <trkpt lat="-16.02054131" lon="128.02984579">
        <ele>200.72</ele>
        <time>2026-09-15T07:40:29Z</time>
        <extensions>
          <geotracker:meta c="5.77" s="0.9" />
        </extensions>
      </trkpt>
      <trkpt lat="-16.02004208" lon="128.02961183">
        <ele>202.76</ele>
        <time>2026-09-15T07:41:51Z</time>
        <extensions>
          <geotracker:meta c="5.24" s="0.86" />
        </extensions>
      </trkpt>
      <trkpt lat="-16.01975343" lon="128.02918847">
        <ele>207.96</ele>
        <time>2026-09-15T07:42:55Z</time>
        <extensions>
          <geotracker:meta c="5.63" s="0.31" />
        </extensions>
      </trkpt>
      <trkpt lat="-16.02007382" lon="128.028992">
        <ele>207.6</ele>
        <time>2026-09-15T07:45:04Z</time>
        <extensions>
          <geotracker:meta c="2.94" s="1.16" />
        </extensions>
      </trkpt>
      <trkpt lat="-16.020526" lon="128.02895393">
        <ele>200.61</ele>
        <time>2026-09-15T07:45:49Z</time>
        <extensions>
          <geotracker:meta c="3" s="1.46" />
        </extensions>
      </trkpt>
      <trkpt lat="-16.0209732" lon="128.02886654">
        <ele>208.17</ele>
        <time>2026-09-15T07:47:14Z</time>
        <extensions>
          <geotracker:meta c="2.92" s="1.04" />
        </extensions>
      </trkpt>
      <trkpt lat="-16.02128812" lon="128.02849475">
        <ele>210.24</ele>
        <time>2026-09-15T07:48:45Z</time>
        <extensions>
          <geotracker:meta c="4.15" s="0.93" />
        </extensions>
      </trkpt>
      <trkpt lat="-16.02147035" lon="128.0280362">
        <ele>206.36</ele>
        <time>2026-09-15T07:49:40Z</time>
        <extensions>
          <geotracker:meta c="4.36" s="0.96" />
        </extensions>
      </trkpt>
      <trkpt lat="-16.02166881" lon="128.0275224">
        <ele>213.38</ele>
        <time>2026-09-15T07:51:30Z</time>
        <extensions>
          <geotracker:meta c="4.49" s="1.09" />
        </extensions>
      </trkpt>
      <trkpt lat="-16.0218425" lon="128.02701889">
        <ele>200.5</ele>
        <time>2026-09-15T07:53:02Z</time>
        <extensions>
          <geotracker:meta c="4.39" s="1.13" />
        </extensions>
      </trkpt>
      <trkpt lat="-16.02202325" lon="128.02652398">
        <ele>189.33</ele>
        <time>2026-09-15T07:54:05Z</time>
        <extensions>
          <geotracker:meta c="4.62" s="0.96" />
        </extensions>
      </trkpt>
      <trkpt lat="-16.02202324" lon="128.02601513">
        <ele>184.92</ele>
        <time>2026-09-15T07:55:11Z</time>
        <extensions>
          <geotracker:meta c="5.11" s="1.07" />
        </extensions>
      </trkpt>
      <trkpt lat="-16.02200416" lon="128.02551197">
        <ele>186.03</ele>
        <time>2026-09-15T07:56:06Z</time>
        <extensions>
          <geotracker:meta c="5.19" s="1.06" />
        </extensions>
      </trkpt>
      <trkpt lat="-16.02190374" lon="128.02498834">
        <ele>186.49</ele>
        <time>2026-09-15T07:57:01Z</time>
        <extensions>
          <geotracker:meta c="5.08" s="1.01" />
        </extensions>
      </trkpt>
      <trkpt lat="-16.02185177" lon="128.02451398">
        <ele>185.66</ele>
        <time>2026-09-15T07:57:57Z</time>
        <extensions>
          <geotracker:meta c="5.17" s="0.9" />
        </extensions>
      </trkpt>
      <trkpt lat="-16.02173488" lon="128.02402872">
        <ele>180.58</ele>
        <time>2026-09-15T07:58:53Z</time>
        <extensions>
          <geotracker:meta c="5.12" s="1" />
        </extensions>
      </trkpt>
      <trkpt lat="-16.02164794" lon="128.02351412">
        <ele>179.99</ele>
        <time>2026-09-15T07:59:49Z</time>
        <extensions>
          <geotracker:meta c="5.45" s="0.98" />
        </extensions>
      </trkpt>
      <trkpt lat="-16.02127653" lon="128.02317489">
        <ele>179.48</ele>
        <time>2026-09-15T08:00:45Z</time>
        <extensions>
          <geotracker:meta c="0.39" s="1.51" />
        </extensions>
      </trkpt>
      <trkpt lat="-16.0211645" lon="128.02257069">
        <ele>186.91</ele>
        <time>2026-09-15T08:05:18Z</time>
        <extensions>
          <geotracker:meta c="5.95" s="0.47" />
        </extensions>
      </trkpt>
      <trkpt lat="-16.02115515" lon="128.02256965">
        <ele>190.78</ele>
        <time>2026-09-15T08:09:18Z</time>
        <extensions>
          <geotracker:meta c="5.12" s="1.33" />
        </extensions>
      </trkpt>
      <trkpt lat="-16.02013546" lon="128.02130794">
        <ele>185.09</ele>
        <time>2026-09-15T08:11:46Z</time>
        <extensions>
          <geotracker:meta c="4.78" s="4.82" />
        </extensions>
      </trkpt>
      <trkpt lat="-16.02087619" lon="128.02014404">
        <ele>178.17</ele>
        <time>2026-09-15T08:12:26Z</time>
        <extensions>
          <geotracker:meta c="4.22" s="3.55" />
        </extensions>
      </trkpt>
      <trkpt lat="-16.02099826" lon="128.01752681">
        <ele>176.68</ele>
        <time>2026-09-15T08:13:26Z</time>
        <extensions>
          <geotracker:meta c="4.69" s="5.34" />
        </extensions>
      </trkpt>
      <trkpt lat="-16.02099999" lon="128.01495299">
        <ele>169.65</ele>
        <time>2026-09-15T08:14:16Z</time>
        <extensions>
          <geotracker:meta c="4.88" s="5.01" />
        </extensions>
      </trkpt>
      <trkpt lat="-16.02067468" lon="128.01395764">
        <ele>164.29</ele>
        <time>2026-09-15T08:14:36Z</time>
        <extensions>
          <geotracker:meta c="5.11" s="6.48" />
        </extensions>
      </trkpt>
      <trkpt lat="-16.02044261" lon="128.01286688">
        <ele>162.35</ele>
        <time>2026-09-15T08:14:56Z</time>
        <extensions>
          <geotracker:meta c="4.45" s="4.56" />
        </extensions>
      </trkpt>
      <trkpt lat="-16.01989125" lon="128.01229827">
        <ele>166.92</ele>
        <time>2026-09-15T08:15:36Z</time>
        <extensions>
          <geotracker:meta c="5.63" s="3.94" />
        </extensions>
      </trkpt>
      <trkpt lat="-16.01861026" lon="128.01173911">
        <ele>163.89</ele>
        <time>2026-09-15T08:16:56Z</time>
        <extensions>
          <geotracker:meta c="5.88" s="2.17" />
        </extensions>
      </trkpt>
      <trkpt lat="-16.01804706" lon="128.01152817">
        <ele>167.78</ele>
        <time>2026-09-15T08:17:26Z</time>
        <extensions>
          <geotracker:meta c="5.45" s="2.85" />
        </extensions>
      </trkpt>
      <trkpt lat="-16.01675167" lon="128.00943063">
        <ele>159.34</ele>
        <time>2026-09-15T08:18:16Z</time>
        <extensions>
          <geotracker:meta c="4.92" s="7.39" />
        </extensions>
      </trkpt>
      <trkpt lat="-16.01664331" lon="128.00894383">
        <ele>160.4</ele>
        <time>2026-09-15T08:18:26Z</time>
        <extensions>
          <geotracker:meta c="4.89" s="3.78" />
        </extensions>
      </trkpt>
      <trkpt lat="-16.0164568" lon="128.0079721">
        <ele>158.34</ele>
        <time>2026-09-15T08:18:46Z</time>
        <extensions>
          <geotracker:meta c="4.9" s="7.83" />
        </extensions>
      </trkpt>
      <trkpt lat="-16.01638048" lon="128.00730227">
        <ele>157.93</ele>
        <time>2026-09-15T08:18:56Z</time>
        <extensions>
          <geotracker:meta c="4.77" s="6.13" />
        </extensions>
      </trkpt>
      <trkpt lat="-16.01632276" lon="128.00676216">
        <ele>159.36</ele>
        <time>2026-09-15T08:19:06Z</time>
        <extensions>
          <geotracker:meta c="4.94" s="5.78" />
        </extensions>
      </trkpt>
      <trkpt lat="-16.01605641" lon="128.00626621">
        <ele>154.4</ele>
        <time>2026-09-15T08:19:16Z</time>
        <extensions>
          <geotracker:meta c="5.28" s="6.47" />
        </extensions>
      </trkpt>
      <trkpt lat="-16.01578598" lon="128.00574738">
        <ele>167.16</ele>
        <time>2026-09-15T08:19:26Z</time>
        <extensions>
          <geotracker:meta c="5.3" s="6.57" />
        </extensions>
      </trkpt>
      <trkpt lat="-16.01545548" lon="128.00519796">
        <ele>161.44</ele>
        <time>2026-09-15T08:19:36Z</time>
        <extensions>
          <geotracker:meta c="4.91" s="6.9" />
        </extensions>
      </trkpt>
      <trkpt lat="-16.01534022" lon="128.00457541">
        <ele>160.62</ele>
        <time>2026-09-15T08:20:06Z</time>
        <extensions>
          <geotracker:meta c="5.44" s="6.25" />
        </extensions>
      </trkpt>
      <trkpt lat="-16.01497665" lon="128.00424085">
        <ele>157.1</ele>
        <time>2026-09-15T08:20:16Z</time>
        <extensions>
          <geotracker:meta c="5.57" s="4.79" />
        </extensions>
      </trkpt>
      <trkpt lat="-16.01439946" lon="128.00379032">
        <ele>158.19</ele>
        <time>2026-09-15T08:20:36Z</time>
        <extensions>
          <geotracker:meta c="5.96" s="4.57" />
        </extensions>
      </trkpt>
      <trkpt lat="-16.01389067" lon="128.00265509">
        <ele>153.6</ele>
        <time>2026-09-15T08:20:56Z</time>
        <extensions>
          <geotracker:meta c="4.8" s="10.24" />
        </extensions>
      </trkpt>
      <trkpt lat="-16.01369364" lon="128.0018436">
        <ele>155.44</ele>
        <time>2026-09-15T08:21:06Z</time>
        <extensions>
          <geotracker:meta c="5.27" s="8.86" />
        </extensions>
      </trkpt>
      <trkpt lat="-16.01331083" lon="128.00124273">
        <ele>155.98</ele>
        <time>2026-09-15T08:21:16Z</time>
        <extensions>
          <geotracker:meta c="5.23" s="7.06" />
        </extensions>
      </trkpt>
      <trkpt lat="-16.01297278" lon="128.00061446">
        <ele>153.63</ele>
        <time>2026-09-15T08:21:26Z</time>
        <extensions>
          <geotracker:meta c="5.21" s="8" />
        </extensions>
      </trkpt>
      <trkpt lat="-16.01263064" lon="127.99990658">
        <ele>160.85</ele>
        <time>2026-09-15T08:21:36Z</time>
        <extensions>
          <geotracker:meta c="5.2" s="9.1" />
        </extensions>
      </trkpt>
      <trkpt lat="-16.01220475" lon="127.99912861">
        <ele>152.15</ele>
        <time>2026-09-15T08:21:46Z</time>
        <extensions>
          <geotracker:meta c="5.19" s="8.64" />
        </extensions>
      </trkpt>
      <trkpt lat="-16.01184522" lon="127.99843933">
        <ele>154.46</ele>
        <time>2026-09-15T08:21:56Z</time>
        <extensions>
          <geotracker:meta c="5.11" s="8.16" />
        </extensions>
      </trkpt>
      <trkpt lat="-16.01152958" lon="127.9978389">
        <ele>149.35</ele>
        <time>2026-09-15T08:22:06Z</time>
        <extensions>
          <geotracker:meta c="5.07" s="7.05" />
        </extensions>
      </trkpt>
      <trkpt lat="-16.01114347" lon="127.99723118">
        <ele>155.35</ele>
        <time>2026-09-15T08:22:16Z</time>
        <extensions>
          <geotracker:meta c="5.35" s="7.97" />
        </extensions>
      </trkpt>
      <trkpt lat="-16.0106395" lon="127.99673068">
        <ele>156.81</ele>
        <time>2026-09-15T08:22:26Z</time>
        <extensions>
          <geotracker:meta c="5.63" s="7.75" />
        </extensions>
      </trkpt>
      <trkpt lat="-16.01005248" lon="127.99639046">
        <ele>154.05</ele>
        <time>2026-09-15T08:22:36Z</time>
        <extensions>
          <geotracker:meta c="5.71" s="8.53" />
        </extensions>
      </trkpt>
      <trkpt lat="-16.00941937" lon="127.9958995">
        <ele>150.36</ele>
        <time>2026-09-15T08:22:46Z</time>
        <extensions>
          <geotracker:meta c="5.61" s="8.47" />
        </extensions>
      </trkpt>
      <trkpt lat="-16.00923905" lon="127.99531938">
        <ele>148.04</ele>
        <time>2026-09-15T08:22:56Z</time>
        <extensions>
          <geotracker:meta c="4.36" s="6.24" />
        </extensions>
      </trkpt>
      <trkpt lat="-16.00956104" lon="127.99479863">
        <ele>143.59</ele>
        <time>2026-09-15T08:23:26Z</time>
        <extensions>
          <geotracker:meta c="3.85" s="1.71" />
        </extensions>
      </trkpt>
      <trkpt lat="-16.00978871" lon="127.99398968">
        <ele>153.4</ele>
        <time>2026-09-15T08:23:56Z</time>
        <extensions>
          <geotracker:meta c="5.37" s="6.58" />
        </extensions>
      </trkpt>
      <trkpt lat="-16.00928705" lon="127.99354604">
        <ele>154.67</ele>
        <time>2026-09-15T08:24:06Z</time>
        <extensions>
          <geotracker:meta c="5.53" s="7.85" />
        </extensions>
      </trkpt>
      <trkpt lat="-16.00867876" lon="127.99294955">
        <ele>153.2</ele>
        <time>2026-09-15T08:24:16Z</time>
        <extensions>
          <geotracker:meta c="5.4" s="9.63" />
        </extensions>
      </trkpt>
      <trkpt lat="-16.00821739" lon="127.99227823">
        <ele>150.49</ele>
        <time>2026-09-15T08:24:26Z</time>
        <extensions>
          <geotracker:meta c="5.25" s="7.87" />
        </extensions>
      </trkpt>
      <trkpt lat="-16.00795792" lon="127.9916488">
        <ele>146.63</ele>
        <time>2026-09-15T08:24:36Z</time>
        <extensions>
          <geotracker:meta c="4.87" s="7.53" />
        </extensions>
      </trkpt>
      <trkpt lat="-16.00795023" lon="127.99085875">
        <ele>145.47</ele>
        <time>2026-09-15T08:24:46Z</time>
        <extensions>
          <geotracker:meta c="4.67" s="9.6" />
        </extensions>
      </trkpt>
      <trkpt lat="-16.00807667" lon="127.99001793">
        <ele>145.73</ele>
        <time>2026-09-15T08:24:56Z</time>
        <extensions>
          <geotracker:meta c="4.43" s="7.98" />
        </extensions>
      </trkpt>
      <trkpt lat="-16.00826909" lon="127.98924354">
        <ele>146.27</ele>
        <time>2026-09-15T08:25:06Z</time>
        <extensions>
          <geotracker:meta c="4.44" s="9.31" />
        </extensions>
      </trkpt>
      <trkpt lat="-16.00845564" lon="127.98840433">
        <ele>151.92</ele>
        <time>2026-09-15T08:25:16Z</time>
        <extensions>
          <geotracker:meta c="4.5" s="9.6" />
        </extensions>
      </trkpt>
      <trkpt lat="-16.00859351" lon="127.98752254">
        <ele>148.65</ele>
        <time>2026-09-15T08:25:26Z</time>
        <extensions>
          <geotracker:meta c="4.49" s="9.28" />
        </extensions>
      </trkpt>
      <trkpt lat="-16.00872498" lon="127.98668436">
        <ele>147.51</ele>
        <time>2026-09-15T08:25:36Z</time>
        <extensions>
          <geotracker:meta c="4.5" s="8.59" />
        </extensions>
      </trkpt>
      <trkpt lat="-16.00888213" lon="127.98601852">
        <ele>146.8</ele>
        <time>2026-09-15T08:25:46Z</time>
        <extensions>
          <geotracker:meta c="4.43" s="6.79" />
        </extensions>
      </trkpt>
      <trkpt lat="-16.00905265" lon="127.98533702">
        <ele>145.51</ele>
        <time>2026-09-15T08:25:56Z</time>
        <extensions>
          <geotracker:meta c="4.47" s="8.16" />
        </extensions>
      </trkpt>
      <trkpt lat="-16.00928649" lon="127.98456302">
        <ele>144.55</ele>
        <time>2026-09-15T08:26:06Z</time>
        <extensions>
          <geotracker:meta c="4.33" s="9.61" />
        </extensions>
      </trkpt>
      <trkpt lat="-16.00976335" lon="127.9839338">
        <ele>146.05</ele>
        <time>2026-09-15T08:26:16Z</time>
        <extensions>
          <geotracker:meta c="3.65" s="9.1" />
        </extensions>
      </trkpt>
      <trkpt lat="-16.01052824" lon="127.98355422">
        <ele>143.4</ele>
        <time>2026-09-15T08:26:26Z</time>
        <extensions>
          <geotracker:meta c="3.59" s="9.66" />
        </extensions>
      </trkpt>
      <trkpt lat="-16.01122655" lon="127.98314609">
        <ele>145.87</ele>
        <time>2026-09-15T08:26:36Z</time>
        <extensions>
          <geotracker:meta c="3.67" s="8.24" />
        </extensions>
      </trkpt>
      <trkpt lat="-16.01159081" lon="127.98256815">
        <ele>148.16</ele>
        <time>2026-09-15T08:26:46Z</time>
        <extensions>
          <geotracker:meta c="4.54" s="7.39" />
        </extensions>
      </trkpt>
      <trkpt lat="-16.01170291" lon="127.98190533">
        <ele>149.07</ele>
        <time>2026-09-15T08:26:56Z</time>
        <extensions>
          <geotracker:meta c="4.48" s="7.17" />
        </extensions>
      </trkpt>
      <trkpt lat="-16.01210597" lon="127.98137258">
        <ele>145.34</ele>
        <time>2026-09-15T08:27:06Z</time>
        <extensions>
          <geotracker:meta c="3.75" s="7.39" />
        </extensions>
      </trkpt>
      <trkpt lat="-16.01259957" lon="127.98097324">
        <ele>148.21</ele>
        <time>2026-09-15T08:27:16Z</time>
        <extensions>
          <geotracker:meta c="3.85" s="6.77" />
        </extensions>
      </trkpt>
      <trkpt lat="-16.01286575" lon="127.98037071">
        <ele>147.98</ele>
        <time>2026-09-15T08:27:26Z</time>
        <extensions>
          <geotracker:meta c="4.84" s="7.11" />
        </extensions>
      </trkpt>
      <trkpt lat="-16.01256116" lon="127.97994607">
        <ele>147.4</ele>
        <time>2026-09-15T08:27:46Z</time>
        <extensions>
          <geotracker:meta c="5.29" s="1.27" />
        </extensions>
      </trkpt>
      <trkpt lat="-16.01216269" lon="127.97945102">
        <ele>151.17</ele>
        <time>2026-09-15T08:28:28Z</time>
        <extensions>
          <geotracker:meta c="5.13" s="1.98" />
        </extensions>
      </trkpt>
      <trkpt lat="-16.01173557" lon="127.97896258">
        <ele>154.01</ele>
        <time>2026-09-15T08:28:56Z</time>
        <extensions>
          <geotracker:meta c="6.07" s="4.26" />
        </extensions>
      </trkpt>
      <trkpt lat="-16.01103903" lon="127.979135">
        <ele>153.78</ele>
        <time>2026-09-15T08:29:16Z</time>
        <extensions>
          <geotracker:meta c="0.26" s="4.15" />
        </extensions>
      </trkpt>
      <trkpt lat="-16.01023785" lon="127.97945241">
        <ele>151.48</ele>
        <time>2026-09-15T08:29:36Z</time>
        <extensions>
          <geotracker:meta c="0.18" s="5.02" />
        </extensions>
      </trkpt>
      <trkpt lat="-16.00939698" lon="127.97951736">
        <ele>149.66</ele>
        <time>2026-09-15T08:29:56Z</time>
        <extensions>
          <geotracker:meta c="6.19" s="4.62" />
        </extensions>
      </trkpt>
      <trkpt lat="-16.00863129" lon="127.97964773">
        <ele>147.64</ele>
        <time>2026-09-15T08:30:16Z</time>
        <extensions>
          <geotracker:meta c="0.5" s="3.59" />
        </extensions>
      </trkpt>
      <trkpt lat="-16.00832849" lon="127.98002079">
        <ele>149.91</ele>
        <time>2026-09-15T08:30:36Z</time>
        <extensions>
          <geotracker:meta c="0.49" s="2.42" />
        </extensions>
      </trkpt>
      <trkpt lat="-16.00785004" lon="127.98005677">
        <ele>152.88</ele>
        <time>2026-09-15T08:31:06Z</time>
        <extensions>
          <geotracker:meta c="5.79" s="1.77" />
        </extensions>
      </trkpt>
      <trkpt lat="-16.00736539" lon="127.97988393">
        <ele>151.2</ele>
        <time>2026-09-15T08:31:26Z</time>
        <extensions>
          <geotracker:meta c="5.8" s="3.1" />
        </extensions>
      </trkpt>
      <trkpt lat="-16.00774628" lon="127.98018814">
        <ele>145.08</ele>
        <time>2026-09-15T08:32:26Z</time>
        <extensions>
          <geotracker:meta c="3.44" s="4.25" />
        </extensions>
      </trkpt>
      <trkpt lat="-16.0082207" lon="127.98047635">
        <ele>140.34</ele>
        <time>2026-09-15T08:34:28Z</time>
        <extensions>
          <geotracker:meta c="1.47" s="0.6" />
        </extensions>
      </trkpt>
      <trkpt lat="-16.00758681" lon="127.9816908">
        <ele>138.17</ele>
        <time>2026-09-15T09:16:12Z</time>
        <extensions>
          <geotracker:meta c="1.8" s="2.38" />
        </extensions>
      </trkpt>
      <trkpt lat="-16.00778603" lon="127.98164644">
        <ele>138.69</ele>
        <time>2026-09-15T09:20:12Z</time>
        <extensions>
          <geotracker:meta c="2.2" s="1.19" />
        </extensions>
      </trkpt>
    </trkseg>
  </trk>
</gpx>