<?xml version='1.0' encoding='UTF-8' standalone='yes' ?>
<gpx xmlns="http://www.topografix.com/GPX/1/1" xmlns:geotracker="http://ilyabogdanovich.com/gpx/extensions/geotracker" xmlns:xsi="http://www.w3.org/2001/XMLSchema-instance" xsi:schemaLocation="http://www.topografix.com/GPX/1/1 http://www.topografix.com/GPX/1/1/gpx.xsd" version="1.1" creator="Recorded in Geo Tracker for Android from Ilya Bogdanovich">
  <metadata>
    <name>Purnululu </name>
    <author>
      <name>Recorded in Geo Tracker for Android from Ilya Bogdanovich</name>
      <link href="https://play.google.com/store/apps/details?id=com.ilyabogdanovich.geotracker" />
    </author>
    <link href="https://play.google.com/store/apps/details?id=com.ilyabogdanovich.geotracker" />
    <time>2026-09-17T01:26:11Z</time>
  </metadata>
  <trk>
    <name>Purnululu </name>
    <src>Recorded in Geo Tracker for Android from Ilya Bogdanovich</src>
    <link href="https://play.google.com/store/apps/details?id=com.ilyabogdanovich.geotracker" />
    <extensions>
      <geotracker:meta>
        <geotracker:length>223187.4</geotracker:length>
        <geotracker:duration>29254638</geotracker:duration>
        <geotracker:creationtime>2026-09-17T01:26:11Z</geotracker:creationtime>
        <geotracker:activity>0</geotracker:activity>
      </geotracker:meta>
    </extensions>
    <trkseg>
      <trkpt lat="-15.79774847" lon="127.88464684">
        <ele>55.26</ele>
        <time>2026-09-17T01:37:41Z</time>
        <extensions>
          <geotracker:meta c="1.85" s="9.45" />
        </extensions>
      </trkpt>
      <trkpt lat="-15.80243397" lon="127.89142648">
        <ele>73.12</ele>
        <time>2026-09-17T01:38:45Z</time>
        <extensions>
          <geotracker:meta c="2.17" s="17.83" />
        </extensions>
      </trkpt>
    </trkseg>
    <trkseg>
      <trkpt lat="-15.83291843" lon="127.91504157">
        <ele>69.36</ele>
        <time>2026-09-17T01:42:20Z</time>
        <extensions>
          <geotracker:meta c="2.33" s="22.3" />
        </extensions>
      </trkpt>
      <trkpt lat="-15.83412298" lon="127.91616107">
        <ele>80.9</ele>
        <time>2026-09-17T01:42:29Z</time>
        <extensions>
          <geotracker:meta c="2.49" s="19.15" />
        </extensions>
      </trkpt>
      <trkpt lat="-15.83691486" lon="127.9180925">
        <ele>69.94</ele>
        <time>2026-09-17T01:42:47Z</time>
        <extensions>
          <geotracker:meta c="2.59" s="23.37" />
        </extensions>
      </trkpt>
      <trkpt lat="-15.84106962" lon="127.92198418">
        <ele>74.87</ele>
        <time>2026-09-17T01:43:14Z</time>
        <extensions>
          <geotracker:meta c="2.38" s="22.55" />
        </extensions>
      </trkpt>
      <trkpt lat="-15.84524719" lon="127.92615883">
        <ele>69.19</ele>
        <time>2026-09-17T01:43:41Z</time>
        <extensions>
          <geotracker:meta c="2.35" s="24.06" />
        </extensions>
      </trkpt>
    </trkseg>
    <trkseg>
      <trkpt lat="-15.91696301" lon="128.15600438">
        <ele>136.67</ele>
        <time>2026-09-17T02:04:53Z</time>
        <extensions>
          <geotracker:meta c="1.33" s="23.4" />
        </extensions>
      </trkpt>
      <trkpt lat="-15.91652907" lon="128.15863798">
        <ele>134.49</ele>
        <time>2026-09-17T02:05:05Z</time>
        <extensions>
          <geotracker:meta c="1.51" s="23.81" />
        </extensions>
      </trkpt>
      <trkpt lat="-15.91656305" lon="128.16523388">
        <ele>121.32</ele>
        <time>2026-09-17T02:05:36Z</time>
        <extensions>
          <geotracker:meta c="1.38" s="20.39" />
        </extensions>
      </trkpt>
      <trkpt lat="-15.91586497" lon="128.16706833">
        <ele>120.79</ele>
        <time>2026-09-17T02:05:46Z</time>
        <extensions>
          <geotracker:meta c="1.1" s="22.38" />
        </extensions>
      </trkpt>
      <trkpt lat="-15.91472545" lon="128.16928941">
        <ele>116.3</ele>
        <time>2026-09-17T02:05:58Z</time>
        <extensions>
          <geotracker:meta c="1.09" s="22.89" />
        </extensions>
      </trkpt>
      <trkpt lat="-15.91403213" lon="128.17086459">
        <ele>122.64</ele>
        <time>2026-09-17T02:06:07Z</time>
        <extensions>
          <geotracker:meta c="1.05" s="19.31" />
        </extensions>
      </trkpt>
      <trkpt lat="-15.91362484" lon="128.17249032">
        <ele>120.89</ele>
        <time>2026-09-17T02:06:16Z</time>
        <extensions>
          <geotracker:meta c="1.78" s="19.44" />
        </extensions>
      </trkpt>
      <trkpt lat="-15.91283113" lon="128.17781696">
        <ele>110.47</ele>
        <time>2026-09-17T02:06:42Z</time>
        <extensions>
          <geotracker:meta c="1.42" s="22.75" />
        </extensions>
      </trkpt>
      <trkpt lat="-15.91073255" lon="128.1852673">
        <ele>109.12</ele>
        <time>2026-09-17T02:07:22Z</time>
        <extensions>
          <geotracker:meta c="0.9" s="18.58" />
        </extensions>
      </trkpt>
      <trkpt lat="-15.90941187" lon="128.18660273">
        <ele>107.12</ele>
        <time>2026-09-17T02:07:32Z</time>
        <extensions>
          <geotracker:meta c="0.71" s="21.39" />
        </extensions>
      </trkpt>
    </trkseg>
    <trkseg>
      <trkpt lat="-15.82963362" lon="128.31054466">
        <ele>108.05</ele>
        <time>2026-09-17T02:21:44Z</time>
        <extensions>
          <geotracker:meta c="2.9" s="13.69" />
        </extensions>
      </trkpt>
      <trkpt lat="-15.83655107" lon="128.31244898">
        <ele>113.69</ele>
        <time>2026-09-17T02:22:28Z</time>
        <extensions>
          <geotracker:meta c="2.87" s="19.53" />
        </extensions>
      </trkpt>
    </trkseg>
    <trkseg>
      <trkpt lat="-15.87925363" lon="128.37688117">
        <ele>147.46</ele>
        <time>2026-09-17T02:39:28Z</time>
        <extensions>
          <geotracker:meta c="2.88" s="22.97" />
        </extensions>
      </trkpt>
    </trkseg>
    <trkseg>
      <trkpt lat="-15.90190277" lon="128.38086766">
        <ele>139.85</ele>
        <time>2026-09-17T02:41:11Z</time>
        <extensions>
          <geotracker:meta c="3.07" s="24.36" />
        </extensions>
      </trkpt>
      <trkpt lat="-15.90390454" lon="128.38098647">
        <ele>137.87</ele>
        <time>2026-09-17T02:41:20Z</time>
        <extensions>
          <geotracker:meta c="3.01" s="24.92" />
        </extensions>
      </trkpt>
      <trkpt lat="-15.90594074" lon="128.38113497">
        <ele>135.91</ele>
        <time>2026-09-17T02:41:29Z</time>
        <extensions>
          <geotracker:meta c="3.08" s="25.24" />
        </extensions>
      </trkpt>
      <trkpt lat="-15.90800995" lon="128.38127435">
        <ele>134.04</ele>
        <time>2026-09-17T02:41:38Z</time>
        <extensions>
          <geotracker:meta c="3.09" s="25.56" />
        </extensions>
      </trkpt>
      <trkpt lat="-15.91007661" lon="128.38141651">
        <ele>131.92</ele>
        <time>2026-09-17T02:41:47Z</time>
        <extensions>
          <geotracker:meta c="3.07" s="25.35" />
        </extensions>
      </trkpt>
      <trkpt lat="-15.91420209" lon="128.38144985">
        <ele>129.73</ele>
        <time>2026-09-17T02:42:05Z</time>
        <extensions>
          <geotracker:meta c="3.2" s="25.71" />
        </extensions>
      </trkpt>
      <trkpt lat="-15.91652798" lon="128.38126135">
        <ele>124.85</ele>
        <time>2026-09-17T02:42:15Z</time>
        <extensions>
          <geotracker:meta c="3.24" s="25.93" />
        </extensions>
      </trkpt>
      <trkpt lat="-15.91886709" lon="128.38105343">
        <ele>121.78</ele>
        <time>2026-09-17T02:42:25Z</time>
        <extensions>
          <geotracker:meta c="3.26" s="25.37" />
        </extensions>
      </trkpt>
      <trkpt lat="-15.92108399" lon="128.38094651">
        <ele>118.17</ele>
        <time>2026-09-17T02:42:35Z</time>
        <extensions>
          <geotracker:meta c="2.8" s="24.28" />
        </extensions>
      </trkpt>
      <trkpt lat="-15.92328468" lon="128.38129467">
        <ele>115.36</ele>
        <time>2026-09-17T02:42:45Z</time>
        <extensions>
          <geotracker:meta c="2.88" s="24.69" />
        </extensions>
      </trkpt>
      <trkpt lat="-15.92537822" lon="128.38215256">
        <ele>115.72</ele>
        <time>2026-09-17T02:42:55Z</time>
        <extensions>
          <geotracker:meta c="2.67" s="24.55" />
        </extensions>
      </trkpt>
      <trkpt lat="-15.92720009" lon="128.38339926">
        <ele>114.03</ele>
        <time>2026-09-17T02:43:05Z</time>
        <extensions>
          <geotracker:meta c="2.45" s="24.16" />
        </extensions>
      </trkpt>
      <trkpt lat="-15.93147455" lon="128.38923837">
        <ele>116.39</ele>
        <time>2026-09-17T02:43:37Z</time>
        <extensions>
          <geotracker:meta c="2.16" s="25.36" />
        </extensions>
      </trkpt>
    </trkseg>
    <trkseg>
      <trkpt lat="-15.95078968" lon="128.42083255">
        <ele>126.48</ele>
        <time>2026-09-17T02:46:17Z</time>
        <extensions>
          <geotracker:meta c="2.78" s="25.99" />
        </extensions>
      </trkpt>
      <trkpt lat="-15.95942933" lon="128.4198924">
        <ele>118.18</ele>
        <time>2026-09-17T02:46:57Z</time>
        <extensions>
          <geotracker:meta c="3.49" s="21.17" />
        </extensions>
      </trkpt>
      <trkpt lat="-15.96570408" lon="128.41934555">
        <ele>117.37</ele>
        <time>2026-09-17T02:47:27Z</time>
        <extensions>
          <geotracker:meta c="2.95" s="25.18" />
        </extensions>
      </trkpt>
      <trkpt lat="-15.97250862" lon="128.42133764">
        <ele>112.56</ele>
        <time>2026-09-17T02:47:57Z</time>
        <extensions>
          <geotracker:meta c="2.78" s="27.76" />
        </extensions>
      </trkpt>
      <trkpt lat="-15.97917612" lon="128.42392103">
        <ele>111.55</ele>
        <time>2026-09-17T02:48:27Z</time>
        <extensions>
          <geotracker:meta c="2.9" s="25.5" />
        </extensions>
      </trkpt>
      <trkpt lat="-15.98566942" lon="128.42562341">
        <ele>108.49</ele>
        <time>2026-09-17T02:48:57Z</time>
        <extensions>
          <geotracker:meta c="2.89" s="24.76" />
        </extensions>
      </trkpt>
    </trkseg>
    <trkseg>
      <trkpt lat="-16.06770659" lon="128.40494488">
        <ele>113.33</ele>
        <time>2026-09-17T02:55:05Z</time>
        <extensions>
          <geotracker:meta c="3.36" s="26.5" />
        </extensions>
      </trkpt>
      <trkpt lat="-16.06847217" lon="128.40476568">
        <ele>115.1</ele>
        <time>2026-09-17T02:55:08Z</time>
        <extensions>
          <geotracker:meta c="3.39" s="26.19" />
        </extensions>
      </trkpt>
      <trkpt lat="-16.07245095" lon="128.40264275">
        <ele>117.69</ele>
        <time>2026-09-17T02:55:27Z</time>
        <extensions>
          <geotracker:meta c="3.8" s="26.53" />
        </extensions>
      </trkpt>
      <trkpt lat="-16.07696063" lon="128.39909783">
        <ele>119.2</ele>
        <time>2026-09-17T02:55:51Z</time>
        <extensions>
          <geotracker:meta c="3.78" s="26.97" />
        </extensions>
      </trkpt>
      <trkpt lat="-16.07986182" lon="128.3973034">
        <ele>116.83</ele>
        <time>2026-09-17T02:56:05Z</time>
        <extensions>
          <geotracker:meta c="3.57" s="26.28" />
        </extensions>
      </trkpt>
      <trkpt lat="-16.08291604" lon="128.39591822">
        <ele>117.4</ele>
        <time>2026-09-17T02:56:19Z</time>
        <extensions>
          <geotracker:meta c="3.55" s="26" />
        </extensions>
      </trkpt>
      <trkpt lat="-16.08912754" lon="128.39422189">
        <ele>117.03</ele>
        <time>2026-09-17T02:56:46Z</time>
        <extensions>
          <geotracker:meta c="3.36" s="25.86" />
        </extensions>
      </trkpt>
      <trkpt lat="-16.09244712" lon="128.3925983">
        <ele>119.39</ele>
        <time>2026-09-17T02:57:02Z</time>
        <extensions>
          <geotracker:meta c="3.78" s="26.02" />
        </extensions>
      </trkpt>
      <trkpt lat="-16.09492198" lon="128.39024915">
        <ele>116.59</ele>
        <time>2026-09-17T02:57:16Z</time>
        <extensions>
          <geotracker:meta c="3.91" s="26.62" />
        </extensions>
      </trkpt>
      <trkpt lat="-16.09839426" lon="128.38792776">
        <ele>118.24</ele>
        <time>2026-09-17T02:57:33Z</time>
        <extensions>
          <geotracker:meta c="3.55" s="27.07" />
        </extensions>
      </trkpt>
      <trkpt lat="-16.10455405" lon="128.38520386">
        <ele>124.5</ele>
        <time>2026-09-17T02:58:00Z</time>
        <extensions>
          <geotracker:meta c="3.55" s="26.16" />
        </extensions>
      </trkpt>
      <trkpt lat="-16.10779132" lon="128.38374722">
        <ele>117.27</ele>
        <time>2026-09-17T02:58:15Z</time>
        <extensions>
          <geotracker:meta c="3.54" s="26.44" />
        </extensions>
      </trkpt>
      <trkpt lat="-16.11106122" lon="128.38215952">
        <ele>120.48</ele>
        <time>2026-09-17T02:58:30Z</time>
        <extensions>
          <geotracker:meta c="3.67" s="26.6" />
        </extensions>
      </trkpt>
      <trkpt lat="-16.11423793" lon="128.38028423">
        <ele>123.84</ele>
        <time>2026-09-17T02:58:45Z</time>
        <extensions>
          <geotracker:meta c="3.67" s="26.29" />
        </extensions>
      </trkpt>
      <trkpt lat="-16.11745982" lon="128.37879194">
        <ele>124.5</ele>
        <time>2026-09-17T02:59:00Z</time>
        <extensions>
          <geotracker:meta c="3.35" s="27.22" />
        </extensions>
      </trkpt>
      <trkpt lat="-16.12112928" lon="128.37873535">
        <ele>121.05</ele>
        <time>2026-09-17T02:59:15Z</time>
        <extensions>
          <geotracker:meta c="3.06" s="26.47" />
        </extensions>
      </trkpt>
      <trkpt lat="-16.12470056" lon="128.37910053">
        <ele>123.65</ele>
        <time>2026-09-17T02:59:30Z</time>
        <extensions>
          <geotracker:meta c="2.94" s="26.65" />
        </extensions>
      </trkpt>
      <trkpt lat="-16.12787225" lon="128.3803348">
        <ele>122.51</ele>
        <time>2026-09-17T02:59:45Z</time>
        <extensions>
          <geotracker:meta c="2.71" s="26.59" />
        </extensions>
      </trkpt>
      <trkpt lat="-16.13087677" lon="128.38176629">
        <ele>123.04</ele>
        <time>2026-09-17T02:59:59Z</time>
        <extensions>
          <geotracker:meta c="2.72" s="26.04" />
        </extensions>
      </trkpt>
      <trkpt lat="-16.13382934" lon="128.38316668">
        <ele>123.5</ele>
        <time>2026-09-17T03:00:13Z</time>
        <extensions>
          <geotracker:meta c="2.72" s="23.52" />
        </extensions>
      </trkpt>
      <trkpt lat="-16.13658861" lon="128.3844788">
        <ele>122.58</ele>
        <time>2026-09-17T03:00:27Z</time>
        <extensions>
          <geotracker:meta c="2.62" s="25.1" />
        </extensions>
      </trkpt>
      <trkpt lat="-16.13962952" lon="128.38590878">
        <ele>121.6</ele>
        <time>2026-09-17T03:00:41Z</time>
        <extensions>
          <geotracker:meta c="2.71" s="26.52" />
        </extensions>
      </trkpt>
      <trkpt lat="-16.14275064" lon="128.3872794">
        <ele>122.58</ele>
        <time>2026-09-17T03:00:55Z</time>
        <extensions>
          <geotracker:meta c="2.96" s="27.23" />
        </extensions>
      </trkpt>
      <trkpt lat="-16.14614691" lon="128.38762726">
        <ele>122.29</ele>
        <time>2026-09-17T03:01:09Z</time>
        <extensions>
          <geotracker:meta c="3.22" s="26.28" />
        </extensions>
      </trkpt>
      <trkpt lat="-16.14947354" lon="128.38725359">
        <ele>122.01</ele>
        <time>2026-09-17T03:01:23Z</time>
        <extensions>
          <geotracker:meta c="3.22" s="26.66" />
        </extensions>
      </trkpt>
      <trkpt lat="-16.15626191" lon="128.38648108">
        <ele>121.91</ele>
        <time>2026-09-17T03:01:51Z</time>
        <extensions>
          <geotracker:meta c="3.27" s="27.1" />
        </extensions>
      </trkpt>
      <trkpt lat="-16.15966505" lon="128.38608566">
        <ele>122.7</ele>
        <time>2026-09-17T03:02:05Z</time>
        <extensions>
          <geotracker:meta c="3.25" s="27.31" />
        </extensions>
      </trkpt>
      <trkpt lat="-16.16300305" lon="128.38570834">
        <ele>122.47</ele>
        <time>2026-09-17T03:02:19Z</time>
        <extensions>
          <geotracker:meta c="3.22" s="26.15" />
        </extensions>
      </trkpt>
      <trkpt lat="-16.16636462" lon="128.38532105">
        <ele>123.62</ele>
        <time>2026-09-17T03:02:33Z</time>
        <extensions>
          <geotracker:meta c="3.26" s="27.07" />
        </extensions>
      </trkpt>
      <trkpt lat="-16.16974748" lon="128.38486129">
        <ele>124.29</ele>
        <time>2026-09-17T03:02:47Z</time>
        <extensions>
          <geotracker:meta c="3.31" s="27.11" />
        </extensions>
      </trkpt>
      <trkpt lat="-16.17313789" lon="128.38409009">
        <ele>124.79</ele>
        <time>2026-09-17T03:03:01Z</time>
        <extensions>
          <geotracker:meta c="3.37" s="27.24" />
        </extensions>
      </trkpt>
      <trkpt lat="-16.17642059" lon="128.38321239">
        <ele>125.91</ele>
        <time>2026-09-17T03:03:15Z</time>
        <extensions>
          <geotracker:meta c="3.38" s="26.6" />
        </extensions>
      </trkpt>
      <trkpt lat="-16.17966593" lon="128.38233618">
        <ele>127.91</ele>
        <time>2026-09-17T03:03:29Z</time>
        <extensions>
          <geotracker:meta c="3.4" s="26.4" />
        </extensions>
      </trkpt>
      <trkpt lat="-16.18440128" lon="128.38106952">
        <ele>130.39</ele>
        <time>2026-09-17T03:03:49Z</time>
        <extensions>
          <geotracker:meta c="3.38" s="27.33" />
        </extensions>
      </trkpt>
      <trkpt lat="-16.18803257" lon="128.38009384">
        <ele>131.72</ele>
        <time>2026-09-17T03:04:04Z</time>
        <extensions>
          <geotracker:meta c="3.38" s="27.52" />
        </extensions>
      </trkpt>
      <trkpt lat="-16.19162212" lon="128.37895068">
        <ele>132.78</ele>
        <time>2026-09-17T03:04:19Z</time>
        <extensions>
          <geotracker:meta c="3.71" s="27.72" />
        </extensions>
      </trkpt>
      <trkpt lat="-16.19512958" lon="128.37714803">
        <ele>134.54</ele>
        <time>2026-09-17T03:04:35Z</time>
        <extensions>
          <geotracker:meta c="3.56" s="26.07" />
        </extensions>
      </trkpt>
      <trkpt lat="-16.20124389" lon="128.37393965">
        <ele>137.88</ele>
        <time>2026-09-17T03:05:03Z</time>
        <extensions>
          <geotracker:meta c="3.62" s="27.07" />
        </extensions>
      </trkpt>
      <trkpt lat="-16.20734762" lon="128.37071469">
        <ele>138.16</ele>
        <time>2026-09-17T03:05:31Z</time>
        <extensions>
          <geotracker:meta c="3.62" s="27.67" />
        </extensions>
      </trkpt>
      <trkpt lat="-16.2110191" lon="128.36876822">
        <ele>139.91</ele>
        <time>2026-09-17T03:05:48Z</time>
        <extensions>
          <geotracker:meta c="3.62" s="26.11" />
        </extensions>
      </trkpt>
      <trkpt lat="-16.21681238" lon="128.36553252">
        <ele>137.61</ele>
        <time>2026-09-17T03:06:16Z</time>
        <extensions>
          <geotracker:meta c="3.67" s="26.05" />
        </extensions>
      </trkpt>
      <trkpt lat="-16.21942052" lon="128.36293259">
        <ele>142.08</ele>
        <time>2026-09-17T03:06:31Z</time>
        <extensions>
          <geotracker:meta c="4.04" s="26.92" />
        </extensions>
      </trkpt>
      <trkpt lat="-16.22123389" lon="128.35973304">
        <ele>149.66</ele>
        <time>2026-09-17T03:06:46Z</time>
        <extensions>
          <geotracker:meta c="4.32" s="26.36" />
        </extensions>
      </trkpt>
      <trkpt lat="-16.22256011" lon="128.35626098">
        <ele>152.97</ele>
        <time>2026-09-17T03:07:01Z</time>
        <extensions>
          <geotracker:meta c="4.36" s="26.16" />
        </extensions>
      </trkpt>
      <trkpt lat="-16.22373813" lon="128.3528775">
        <ele>155.52</ele>
        <time>2026-09-17T03:07:16Z</time>
        <extensions>
          <geotracker:meta c="4.35" s="25.73" />
        </extensions>
      </trkpt>
      <trkpt lat="-16.22503799" lon="128.34949269">
        <ele>150.63</ele>
        <time>2026-09-17T03:07:30Z</time>
        <extensions>
          <geotracker:meta c="4.36" s="26.78" />
        </extensions>
      </trkpt>
      <trkpt lat="-16.22640218" lon="128.34567436">
        <ele>165.14</ele>
        <time>2026-09-17T03:07:47Z</time>
        <extensions>
          <geotracker:meta c="4.36" s="26.46" />
        </extensions>
      </trkpt>
      <trkpt lat="-16.22771224" lon="128.34233613">
        <ele>169.54</ele>
        <time>2026-09-17T03:08:02Z</time>
        <extensions>
          <geotracker:meta c="4.26" s="25.48" />
        </extensions>
      </trkpt>
      <trkpt lat="-16.22938116" lon="128.3391903">
        <ele>177.91</ele>
        <time>2026-09-17T03:08:17Z</time>
        <extensions>
          <geotracker:meta c="4.19" s="25.6" />
        </extensions>
      </trkpt>
    </trkseg>
    <trkseg>
      <trkpt lat="-16.23590494" lon="128.32720676">
        <ele>204.98</ele>
        <time>2026-09-17T03:13:28Z</time>
        <extensions>
          <geotracker:meta c="1" s="26.41" />
        </extensions>
      </trkpt>
      <trkpt lat="-16.23361658" lon="128.33137085">
        <ele>196.89</ele>
        <time>2026-09-17T03:13:48Z</time>
        <extensions>
          <geotracker:meta c="1.05" s="24.92" />
        </extensions>
      </trkpt>
      <trkpt lat="-16.2320942" lon="128.33415697">
        <ele>191.5</ele>
        <time>2026-09-17T03:14:02Z</time>
        <extensions>
          <geotracker:meta c="1.06" s="24.4" />
        </extensions>
      </trkpt>
      <trkpt lat="-16.23052768" lon="128.33699122">
        <ele>185.72</ele>
        <time>2026-09-17T03:14:16Z</time>
        <extensions>
          <geotracker:meta c="1.05" s="25.08" />
        </extensions>
      </trkpt>
      <trkpt lat="-16.22893275" lon="128.33989645">
        <ele>179.95</ele>
        <time>2026-09-17T03:14:30Z</time>
        <extensions>
          <geotracker:meta c="1.06" s="25.94" />
        </extensions>
      </trkpt>
      <trkpt lat="-16.22614017" lon="128.34621858">
        <ele>165.43</ele>
        <time>2026-09-17T03:14:58Z</time>
        <extensions>
          <geotracker:meta c="1.21" s="26.71" />
        </extensions>
      </trkpt>
      <trkpt lat="-16.22498178" lon="128.34941361">
        <ele>160.67</ele>
        <time>2026-09-17T03:15:12Z</time>
        <extensions>
          <geotracker:meta c="1.21" s="25.31" />
        </extensions>
      </trkpt>
      <trkpt lat="-16.22388315" lon="128.35247638">
        <ele>157.9</ele>
        <time>2026-09-17T03:15:26Z</time>
        <extensions>
          <geotracker:meta c="1.22" s="25.65" />
        </extensions>
      </trkpt>
      <trkpt lat="-16.22273516" lon="128.35567224">
        <ele>152.44</ele>
        <time>2026-09-17T03:15:40Z</time>
        <extensions>
          <geotracker:meta c="1.22" s="26.26" />
        </extensions>
      </trkpt>
      <trkpt lat="-16.22154762" lon="128.35894034">
        <ele>147.99</ele>
        <time>2026-09-17T03:15:54Z</time>
        <extensions>
          <geotracker:meta c="1.2" s="26.83" />
        </extensions>
      </trkpt>
      <trkpt lat="-16.22000279" lon="128.36206297">
        <ele>144.51</ele>
        <time>2026-09-17T03:16:08Z</time>
        <extensions>
          <geotracker:meta c="0.98" s="26.75" />
        </extensions>
      </trkpt>
      <trkpt lat="-16.21801648" lon="128.36443573">
        <ele>141.72</ele>
        <time>2026-09-17T03:16:22Z</time>
        <extensions>
          <geotracker:meta c="0.66" s="21.97" />
        </extensions>
      </trkpt>
      <trkpt lat="-16.21601967" lon="128.36603042">
        <ele>140.44</ele>
        <time>2026-09-17T03:16:36Z</time>
        <extensions>
          <geotracker:meta c="0.6" s="16.5" />
        </extensions>
      </trkpt>
      <trkpt lat="-16.2149212" lon="128.36675128">
        <ele>139.98</ele>
        <time>2026-09-17T03:16:50Z</time>
        <extensions>
          <geotracker:meta c="1.19" s="1.85" />
        </extensions>
      </trkpt>
      <trkpt lat="-16.21536329" lon="128.36709435">
        <ele>139.28</ele>
        <time>2026-09-17T03:18:00Z</time>
        <extensions>
          <geotracker:meta c="5.85" s="0.94" />
        </extensions>
      </trkpt>
      <trkpt lat="-16.21494191" lon="128.36674858">
        <ele>139.68</ele>
        <time>2026-09-17T03:18:28Z</time>
        <extensions>
          <geotracker:meta c="4.8" s="1.59" />
        </extensions>
      </trkpt>
      <trkpt lat="-16.21546795" lon="128.36640336">
        <ele>139.48</ele>
        <time>2026-09-17T03:18:42Z</time>
        <extensions>
          <geotracker:meta c="3.66" s="10.25" />
        </extensions>
      </trkpt>
      <trkpt lat="-16.21705743" lon="128.36532289">
        <ele>139.41</ele>
        <time>2026-09-17T03:18:56Z</time>
        <extensions>
          <geotracker:meta c="3.8" s="19.11" />
        </extensions>
      </trkpt>
      <trkpt lat="-16.21911531" lon="128.36330561">
        <ele>140.67</ele>
        <time>2026-09-17T03:19:10Z</time>
        <extensions>
          <geotracker:meta c="3.95" s="24.55" />
        </extensions>
      </trkpt>
      <trkpt lat="-16.22095538" lon="128.36045645">
        <ele>144.18</ele>
        <time>2026-09-17T03:19:24Z</time>
        <extensions>
          <geotracker:meta c="4.24" s="27.12" />
        </extensions>
      </trkpt>
      <trkpt lat="-16.22226713" lon="128.35707807">
        <ele>148.44</ele>
        <time>2026-09-17T03:19:38Z</time>
        <extensions>
          <geotracker:meta c="4.36" s="27.86" />
        </extensions>
      </trkpt>
      <trkpt lat="-16.2234795" lon="128.35373786">
        <ele>155.35</ele>
        <time>2026-09-17T03:19:52Z</time>
        <extensions>
          <geotracker:meta c="4.51" s="26.81" />
        </extensions>
      </trkpt>
      <trkpt lat="-16.22470153" lon="128.35034296">
        <ele>159.36</ele>
        <time>2026-09-17T03:20:06Z</time>
        <extensions>
          <geotracker:meta c="4.64" s="27.52" />
        </extensions>
      </trkpt>
      <trkpt lat="-16.22594813" lon="128.34691415">
        <ele>162.09</ele>
        <time>2026-09-17T03:20:20Z</time>
        <extensions>
          <geotracker:meta c="4.35" s="28.68" />
        </extensions>
      </trkpt>
      <trkpt lat="-16.22721832" lon="128.3434534">
        <ele>170.72</ele>
        <time>2026-09-17T03:20:34Z</time>
        <extensions>
          <geotracker:meta c="4.31" s="27.59" />
        </extensions>
      </trkpt>
      <trkpt lat="-16.23051955" lon="128.33711455">
        <ele>183.44</ele>
        <time>2026-09-17T03:21:02Z</time>
        <extensions>
          <geotracker:meta c="4.18" s="26.68" />
        </extensions>
      </trkpt>
      <trkpt lat="-16.23219052" lon="128.33408824">
        <ele>190.53</ele>
        <time>2026-09-17T03:21:16Z</time>
        <extensions>
          <geotracker:meta c="4.21" s="26.67" />
        </extensions>
      </trkpt>
      <trkpt lat="-16.23385825" lon="128.33103137">
        <ele>196.42</ele>
        <time>2026-09-17T03:21:30Z</time>
        <extensions>
          <geotracker:meta c="4.14" s="26.65" />
        </extensions>
      </trkpt>
      <trkpt lat="-16.2355103" lon="128.32799941">
        <ele>203.3</ele>
        <time>2026-09-17T03:21:44Z</time>
        <extensions>
          <geotracker:meta c="4.22" s="26.63" />
        </extensions>
      </trkpt>
      <trkpt lat="-16.23728757" lon="128.32497511">
        <ele>205.69</ele>
        <time>2026-09-17T03:21:58Z</time>
        <extensions>
          <geotracker:meta c="4.13" s="27.48" />
        </extensions>
      </trkpt>
      <trkpt lat="-16.23934752" lon="128.32202844">
        <ele>199.22</ele>
        <time>2026-09-17T03:22:12Z</time>
        <extensions>
          <geotracker:meta c="4.03" s="28.08" />
        </extensions>
      </trkpt>
      <trkpt lat="-16.24160897" lon="128.31934113">
        <ele>192.03</ele>
        <time>2026-09-17T03:22:26Z</time>
        <extensions>
          <geotracker:meta c="3.95" s="26.22" />
        </extensions>
      </trkpt>
      <trkpt lat="-16.2439017" lon="128.31702144">
        <ele>188.09</ele>
        <time>2026-09-17T03:22:40Z</time>
        <extensions>
          <geotracker:meta c="3.85" s="25.29" />
        </extensions>
      </trkpt>
      <trkpt lat="-16.24631923" lon="128.31477345">
        <ele>180.07</ele>
        <time>2026-09-17T03:22:54Z</time>
        <extensions>
          <geotracker:meta c="3.84" s="25.99" />
        </extensions>
      </trkpt>
      <trkpt lat="-16.24880732" lon="128.31243764">
        <ele>172.82</ele>
        <time>2026-09-17T03:23:08Z</time>
        <extensions>
          <geotracker:meta c="3.87" s="26.89" />
        </extensions>
      </trkpt>
      <trkpt lat="-16.25131772" lon="128.31010049">
        <ele>169.65</ele>
        <time>2026-09-17T03:23:22Z</time>
        <extensions>
          <geotracker:meta c="3.93" s="26.75" />
        </extensions>
      </trkpt>
      <trkpt lat="-16.25384969" lon="128.30773649">
        <ele>163.58</ele>
        <time>2026-09-17T03:23:36Z</time>
        <extensions>
          <geotracker:meta c="3.87" s="26.89" />
        </extensions>
      </trkpt>
      <trkpt lat="-16.25638206" lon="128.30539086">
        <ele>156.07</ele>
        <time>2026-09-17T03:23:50Z</time>
        <extensions>
          <geotracker:meta c="3.86" s="27.17" />
        </extensions>
      </trkpt>
      <trkpt lat="-16.25906796" lon="128.30319609">
        <ele>148.14</ele>
        <time>2026-09-17T03:24:04Z</time>
        <extensions>
          <geotracker:meta c="3.69" s="25.86" />
        </extensions>
      </trkpt>
      <trkpt lat="-16.26463862" lon="128.29924819">
        <ele>147.62</ele>
        <time>2026-09-17T03:24:32Z</time>
        <extensions>
          <geotracker:meta c="3.76" s="27.65" />
        </extensions>
      </trkpt>
      <trkpt lat="-16.26750376" lon="128.29715808">
        <ele>146.87</ele>
        <time>2026-09-17T03:24:46Z</time>
        <extensions>
          <geotracker:meta c="3.84" s="28.43" />
        </extensions>
      </trkpt>
      <trkpt lat="-16.27001846" lon="128.29445423">
        <ele>147.15</ele>
        <time>2026-09-17T03:25:00Z</time>
        <extensions>
          <geotracker:meta c="3.96" s="28.67" />
        </extensions>
      </trkpt>
      <trkpt lat="-16.2724831" lon="128.29161643">
        <ele>146.6</ele>
        <time>2026-09-17T03:25:14Z</time>
        <extensions>
          <geotracker:meta c="3.98" s="28.76" />
        </extensions>
      </trkpt>
      <trkpt lat="-16.27479542" lon="128.28897323">
        <ele>149.15</ele>
        <time>2026-09-17T03:25:28Z</time>
        <extensions>
          <geotracker:meta c="3.95" s="26.54" />
        </extensions>
      </trkpt>
      <trkpt lat="-16.27706176" lon="128.28638226">
        <ele>150.08</ele>
        <time>2026-09-17T03:25:42Z</time>
        <extensions>
          <geotracker:meta c="3.97" s="27.07" />
        </extensions>
      </trkpt>
      <trkpt lat="-16.27935458" lon="128.28375964">
        <ele>152.68</ele>
        <time>2026-09-17T03:25:56Z</time>
        <extensions>
          <geotracker:meta c="3.92" s="26.83" />
        </extensions>
      </trkpt>
      <trkpt lat="-16.28169947" lon="128.28110563">
        <ele>156.57</ele>
        <time>2026-09-17T03:26:10Z</time>
        <extensions>
          <geotracker:meta c="3.99" s="28.13" />
        </extensions>
      </trkpt>
      <trkpt lat="-16.28392025" lon="128.27854267">
        <ele>155.68</ele>
        <time>2026-09-17T03:26:24Z</time>
        <extensions>
          <geotracker:meta c="3.96" s="25.57" />
        </extensions>
      </trkpt>
      <trkpt lat="-16.28616655" lon="128.27598326">
        <ele>154.02</ele>
        <time>2026-09-17T03:26:38Z</time>
        <extensions>
          <geotracker:meta c="3.81" s="26.86" />
        </extensions>
      </trkpt>
      <trkpt lat="-16.28839647" lon="128.2734376">
        <ele>151.92</ele>
        <time>2026-09-17T03:26:52Z</time>
        <extensions>
          <geotracker:meta c="3.98" s="25.82" />
        </extensions>
      </trkpt>
      <trkpt lat="-16.29061318" lon="128.27090584">
        <ele>151.89</ele>
        <time>2026-09-17T03:27:06Z</time>
        <extensions>
          <geotracker:meta c="3.99" s="26.46" />
        </extensions>
      </trkpt>
      <trkpt lat="-16.29285226" lon="128.26834508">
        <ele>154.94</ele>
        <time>2026-09-17T03:27:20Z</time>
        <extensions>
          <geotracker:meta c="3.97" s="26.21" />
        </extensions>
      </trkpt>
      <trkpt lat="-16.29509438" lon="128.26589099">
        <ele>152.97</ele>
        <time>2026-09-17T03:27:34Z</time>
        <extensions>
          <geotracker:meta c="3.94" s="25.28" />
        </extensions>
      </trkpt>
      <trkpt lat="-16.29960437" lon="128.26098119">
        <ele>156.23</ele>
        <time>2026-09-17T03:28:02Z</time>
        <extensions>
          <geotracker:meta c="4.05" s="26.3" />
        </extensions>
      </trkpt>
      <trkpt lat="-16.30187177" lon="128.25836442">
        <ele>157.08</ele>
        <time>2026-09-17T03:28:16Z</time>
        <extensions>
          <geotracker:meta c="3.95" s="26.96" />
        </extensions>
      </trkpt>
      <trkpt lat="-16.30414413" lon="128.25573873">
        <ele>158.54</ele>
        <time>2026-09-17T03:28:30Z</time>
        <extensions>
          <geotracker:meta c="4" s="26.68" />
        </extensions>
      </trkpt>
      <trkpt lat="-16.30696393" lon="128.25228653">
        <ele>159.26</ele>
        <time>2026-09-17T03:28:48Z</time>
        <extensions>
          <geotracker:meta c="4.01" s="26.23" />
        </extensions>
      </trkpt>
      <trkpt lat="-16.30885706" lon="128.24990988">
        <ele>160.77</ele>
        <time>2026-09-17T03:29:02Z</time>
        <extensions>
          <geotracker:meta c="4.14" s="22.36" />
        </extensions>
      </trkpt>
      <trkpt lat="-16.31077156" lon="128.24759342">
        <ele>161.89</ele>
        <time>2026-09-17T03:29:16Z</time>
        <extensions>
          <geotracker:meta c="3.77" s="23.32" />
        </extensions>
      </trkpt>
      <trkpt lat="-16.31306268" lon="128.24591286">
        <ele>161.82</ele>
        <time>2026-09-17T03:29:30Z</time>
        <extensions>
          <geotracker:meta c="3.6" s="22.35" />
        </extensions>
      </trkpt>
      <trkpt lat="-16.31600553" lon="128.24493955">
        <ele>161.94</ele>
        <time>2026-09-17T03:29:44Z</time>
        <extensions>
          <geotracker:meta c="3.39" s="26.08" />
        </extensions>
      </trkpt>
      <trkpt lat="-16.31924835" lon="128.24408906">
        <ele>163.6</ele>
        <time>2026-09-17T03:29:58Z</time>
        <extensions>
          <geotracker:meta c="3.39" s="25.94" />
        </extensions>
      </trkpt>
      <trkpt lat="-16.32561682" lon="128.24242524">
        <ele>170.42</ele>
        <time>2026-09-17T03:30:26Z</time>
        <extensions>
          <geotracker:meta c="3.46" s="26.13" />
        </extensions>
      </trkpt>
      <trkpt lat="-16.32848107" lon="128.24076316">
        <ele>176</ele>
        <time>2026-09-17T03:30:40Z</time>
        <extensions>
          <geotracker:meta c="3.69" s="25.6" />
        </extensions>
      </trkpt>
      <trkpt lat="-16.3315109" lon="128.23957451">
        <ele>176.65</ele>
        <time>2026-09-17T03:30:54Z</time>
        <extensions>
          <geotracker:meta c="3.31" s="25.92" />
        </extensions>
      </trkpt>
      <trkpt lat="-16.33790416" lon="128.23858227">
        <ele>180.76</ele>
        <time>2026-09-17T03:31:22Z</time>
        <extensions>
          <geotracker:meta c="3.33" s="26.14" />
        </extensions>
      </trkpt>
      <trkpt lat="-16.34396928" lon="128.23540353">
        <ele>186.19</ele>
        <time>2026-09-17T03:31:50Z</time>
        <extensions>
          <geotracker:meta c="3.46" s="26.47" />
        </extensions>
      </trkpt>
      <trkpt lat="-16.34709179" lon="128.23435088">
        <ele>192.42</ele>
        <time>2026-09-17T03:32:04Z</time>
        <extensions>
          <geotracker:meta c="3.46" s="25.26" />
        </extensions>
      </trkpt>
      <trkpt lat="-16.35280861" lon="128.23126497">
        <ele>201.86</ele>
        <time>2026-09-17T03:32:32Z</time>
        <extensions>
          <geotracker:meta c="3.84" s="25.82" />
        </extensions>
      </trkpt>
      <trkpt lat="-16.35740472" lon="128.22653719">
        <ele>213.28</ele>
        <time>2026-09-17T03:33:00Z</time>
        <extensions>
          <geotracker:meta c="3.93" s="25.62" />
        </extensions>
      </trkpt>
      <trkpt lat="-16.36292567" lon="128.22259764">
        <ele>210.36</ele>
        <time>2026-09-17T03:33:28Z</time>
        <extensions>
          <geotracker:meta c="3.62" s="25.77" />
        </extensions>
      </trkpt>
      <trkpt lat="-16.36500554" lon="128.2203475">
        <ele>209.56</ele>
        <time>2026-09-17T03:33:42Z</time>
        <extensions>
          <geotracker:meta c="4.11" s="23.96" />
        </extensions>
      </trkpt>
      <trkpt lat="-16.36905328" lon="128.21571659">
        <ele>215.07</ele>
        <time>2026-09-17T03:34:10Z</time>
        <extensions>
          <geotracker:meta c="3.46" s="23.89" />
        </extensions>
      </trkpt>
      <trkpt lat="-16.37195137" lon="128.21586384">
        <ele>219.28</ele>
        <time>2026-09-17T03:34:24Z</time>
        <extensions>
          <geotracker:meta c="2.73" s="23.87" />
        </extensions>
      </trkpt>
      <trkpt lat="-16.37433593" lon="128.21767308">
        <ele>231.01</ele>
        <time>2026-09-17T03:34:38Z</time>
        <extensions>
          <geotracker:meta c="2.23" s="22.83" />
        </extensions>
      </trkpt>
      <trkpt lat="-16.37543325" lon="128.22047588">
        <ele>233.86</ele>
        <time>2026-09-17T03:34:52Z</time>
        <extensions>
          <geotracker:meta c="1.88" s="23.92" />
        </extensions>
      </trkpt>
      <trkpt lat="-16.38249277" lon="128.22432134">
        <ele>222.53</ele>
        <time>2026-09-17T03:35:34Z</time>
        <extensions>
          <geotracker:meta c="3.34" s="23.83" />
        </extensions>
      </trkpt>
      <trkpt lat="-16.38892516" lon="128.22342955">
        <ele>213.45</ele>
        <time>2026-09-17T03:36:02Z</time>
        <extensions>
          <geotracker:meta c="3.2" s="25.49" />
        </extensions>
      </trkpt>
      <trkpt lat="-16.39219547" lon="128.22316811">
        <ele>209.87</ele>
        <time>2026-09-17T03:36:16Z</time>
        <extensions>
          <geotracker:meta c="3.21" s="26.38" />
        </extensions>
      </trkpt>
      <trkpt lat="-16.3955345" lon="128.22290997">
        <ele>208.42</ele>
        <time>2026-09-17T03:36:30Z</time>
        <extensions>
          <geotracker:meta c="3.22" s="25.8" />
        </extensions>
      </trkpt>
      <trkpt lat="-16.40192871" lon="128.22241683">
        <ele>209.77</ele>
        <time>2026-09-17T03:36:58Z</time>
        <extensions>
          <geotracker:meta c="3.23" s="24.48" />
        </extensions>
      </trkpt>
      <trkpt lat="-16.40831548" lon="128.22192344">
        <ele>214.56</ele>
        <time>2026-09-17T03:37:26Z</time>
        <extensions>
          <geotracker:meta c="3.21" s="26.11" />
        </extensions>
      </trkpt>
      <trkpt lat="-16.41170216" lon="128.22166118">
        <ele>214.51</ele>
        <time>2026-09-17T03:37:40Z</time>
        <extensions>
          <geotracker:meta c="3.21" s="26.17" />
        </extensions>
      </trkpt>
      <trkpt lat="-16.41491991" lon="128.22140615">
        <ele>216.51</ele>
        <time>2026-09-17T03:37:54Z</time>
        <extensions>
          <geotracker:meta c="3.22" s="25.54" />
        </extensions>
      </trkpt>
      <trkpt lat="-16.42139597" lon="128.21974844">
        <ele>221.11</ele>
        <time>2026-09-17T03:38:22Z</time>
        <extensions>
          <geotracker:meta c="3.5" s="26.01" />
        </extensions>
      </trkpt>
      <trkpt lat="-16.42461226" lon="128.21887393">
        <ele>225.26</ele>
        <time>2026-09-17T03:38:36Z</time>
        <extensions>
          <geotracker:meta c="3.27" s="26.96" />
        </extensions>
      </trkpt>
      <trkpt lat="-16.43125233" lon="128.2187099">
        <ele>225.86</ele>
        <time>2026-09-17T03:39:04Z</time>
        <extensions>
          <geotracker:meta c="3.17" s="25.8" />
        </extensions>
      </trkpt>
      <trkpt lat="-16.43794389" lon="128.2183562">
        <ele>224.34</ele>
        <time>2026-09-17T03:39:32Z</time>
        <extensions>
          <geotracker:meta c="3.33" s="26.95" />
        </extensions>
      </trkpt>
      <trkpt lat="-16.44118817" lon="128.2175917">
        <ele>224.97</ele>
        <time>2026-09-17T03:39:46Z</time>
        <extensions>
          <geotracker:meta c="3.37" s="26.02" />
        </extensions>
      </trkpt>
      <trkpt lat="-16.44762658" lon="128.215688">
        <ele>222.42</ele>
        <time>2026-09-17T03:40:14Z</time>
        <extensions>
          <geotracker:meta c="3.61" s="27.32" />
        </extensions>
      </trkpt>
      <trkpt lat="-16.45061739" lon="128.21393854">
        <ele>222.4</ele>
        <time>2026-09-17T03:40:28Z</time>
        <extensions>
          <geotracker:meta c="3.66" s="26.72" />
        </extensions>
      </trkpt>
      <trkpt lat="-16.4565866" lon="128.21150526">
        <ele>225.96</ele>
        <time>2026-09-17T03:40:56Z</time>
        <extensions>
          <geotracker:meta c="3.18" s="25.82" />
        </extensions>
      </trkpt>
      <trkpt lat="-16.46321501" lon="128.2119026">
        <ele>226.66</ele>
        <time>2026-09-17T03:41:24Z</time>
        <extensions>
          <geotracker:meta c="3.08" s="26.53" />
        </extensions>
      </trkpt>
      <trkpt lat="-16.4697427" lon="128.21157299">
        <ele>230.49</ele>
        <time>2026-09-17T03:41:52Z</time>
        <extensions>
          <geotracker:meta c="3.22" s="24.63" />
        </extensions>
      </trkpt>
      <trkpt lat="-16.47631007" lon="128.21104012">
        <ele>232.82</ele>
        <time>2026-09-17T03:42:20Z</time>
        <extensions>
          <geotracker:meta c="3.22" s="27.14" />
        </extensions>
      </trkpt>
      <trkpt lat="-16.47960449" lon="128.21022206">
        <ele>233.15</ele>
        <time>2026-09-17T03:42:34Z</time>
        <extensions>
          <geotracker:meta c="3.58" s="27.08" />
        </extensions>
      </trkpt>
      <trkpt lat="-16.48260549" lon="128.20859847">
        <ele>234.56</ele>
        <time>2026-09-17T03:42:48Z</time>
        <extensions>
          <geotracker:meta c="3.64" s="25.32" />
        </extensions>
      </trkpt>
      <trkpt lat="-16.48785326" lon="128.20573514">
        <ele>236.02</ele>
        <time>2026-09-17T03:43:16Z</time>
        <extensions>
          <geotracker:meta c="3.63" s="24.56" />
        </extensions>
      </trkpt>
      <trkpt lat="-16.49067255" lon="128.20419105">
        <ele>237.27</ele>
        <time>2026-09-17T03:43:30Z</time>
        <extensions>
          <geotracker:meta c="3.62" s="25.95" />
        </extensions>
      </trkpt>
      <trkpt lat="-16.49387219" lon="128.20308361">
        <ele>239.07</ele>
        <time>2026-09-17T03:43:44Z</time>
        <extensions>
          <geotracker:meta c="3.32" s="27.16" />
        </extensions>
      </trkpt>
      <trkpt lat="-16.49958894" lon="128.20215501">
        <ele>241.44</ele>
        <time>2026-09-17T03:44:08Z</time>
        <extensions>
          <geotracker:meta c="3.29" s="26.3" />
        </extensions>
      </trkpt>
      <trkpt lat="-16.50287257" lon="128.20163589">
        <ele>243.41</ele>
        <time>2026-09-17T03:44:22Z</time>
        <extensions>
          <geotracker:meta c="3.3" s="26.21" />
        </extensions>
      </trkpt>
      <trkpt lat="-16.5062018" lon="128.20109037">
        <ele>244.47</ele>
        <time>2026-09-17T03:44:36Z</time>
        <extensions>
          <geotracker:meta c="3.3" s="26.96" />
        </extensions>
      </trkpt>
      <trkpt lat="-16.5129163" lon="128.20151122">
        <ele>245.09</ele>
        <time>2026-09-17T03:45:04Z</time>
        <extensions>
          <geotracker:meta c="2.89" s="26.29" />
        </extensions>
      </trkpt>
      <trkpt lat="-16.51608657" lon="128.20230275">
        <ele>246.63</ele>
        <time>2026-09-17T03:45:18Z</time>
        <extensions>
          <geotracker:meta c="2.99" s="25.37" />
        </extensions>
      </trkpt>
      <trkpt lat="-16.52258561" lon="128.20129242">
        <ele>253.95</ele>
        <time>2026-09-17T03:45:46Z</time>
        <extensions>
          <geotracker:meta c="3.39" s="27.21" />
        </extensions>
      </trkpt>
      <trkpt lat="-16.52900105" lon="128.19990303">
        <ele>259.32</ele>
        <time>2026-09-17T03:46:14Z</time>
        <extensions>
          <geotracker:meta c="3.22" s="25.84" />
        </extensions>
      </trkpt>
      <trkpt lat="-16.5356095" lon="128.19938343">
        <ele>265.3</ele>
        <time>2026-09-17T03:46:42Z</time>
        <extensions>
          <geotracker:meta c="3.21" s="25.95" />
        </extensions>
      </trkpt>
      <trkpt lat="-16.54239075" lon="128.19965002">
        <ele>265.39</ele>
        <time>2026-09-17T03:47:10Z</time>
        <extensions>
          <geotracker:meta c="3.05" s="26.8" />
        </extensions>
      </trkpt>
      <trkpt lat="-16.54890273" lon="128.20027526">
        <ele>267.92</ele>
        <time>2026-09-17T03:47:38Z</time>
        <extensions>
          <geotracker:meta c="3.05" s="25.07" />
        </extensions>
      </trkpt>
      <trkpt lat="-16.55207131" lon="128.20025874">
        <ele>273.62</ele>
        <time>2026-09-17T03:47:52Z</time>
        <extensions>
          <geotracker:meta c="3.31" s="25.29" />
        </extensions>
      </trkpt>
      <trkpt lat="-16.55840054" lon="128.19858308">
        <ele>282.16</ele>
        <time>2026-09-17T03:48:20Z</time>
        <extensions>
          <geotracker:meta c="3.25" s="27.04" />
        </extensions>
      </trkpt>
      <trkpt lat="-16.56514216" lon="128.19829486">
        <ele>285.01</ele>
        <time>2026-09-17T03:48:48Z</time>
        <extensions>
          <geotracker:meta c="2.95" s="25.91" />
        </extensions>
      </trkpt>
      <trkpt lat="-16.5716886" lon="128.19929265">
        <ele>276.85</ele>
        <time>2026-09-17T03:49:16Z</time>
        <extensions>
          <geotracker:meta c="3.21" s="26.44" />
        </extensions>
      </trkpt>
      <trkpt lat="-16.57499083" lon="128.19907435">
        <ele>275.58</ele>
        <time>2026-09-17T03:49:30Z</time>
        <extensions>
          <geotracker:meta c="3.21" s="26.29" />
        </extensions>
      </trkpt>
      <trkpt lat="-16.57833343" lon="128.19881525">
        <ele>275.03</ele>
        <time>2026-09-17T03:49:44Z</time>
        <extensions>
          <geotracker:meta c="3.24" s="25.67" />
        </extensions>
      </trkpt>
      <trkpt lat="-16.58491484" lon="128.19716616">
        <ele>273.65</ele>
        <time>2026-09-17T03:50:12Z</time>
        <extensions>
          <geotracker:meta c="3.39" s="26.33" />
        </extensions>
      </trkpt>
      <trkpt lat="-16.59122317" lon="128.19626579">
        <ele>267.52</ele>
        <time>2026-09-17T03:50:40Z</time>
        <extensions>
          <geotracker:meta c="3.07" s="24.74" />
        </extensions>
      </trkpt>
      <trkpt lat="-16.59791382" lon="128.19672546">
        <ele>262.32</ele>
        <time>2026-09-17T03:51:08Z</time>
        <extensions>
          <geotracker:meta c="3.15" s="26.5" />
        </extensions>
      </trkpt>
      <trkpt lat="-16.60457027" lon="128.19622174">
        <ele>259.36</ele>
        <time>2026-09-17T03:51:36Z</time>
        <extensions>
          <geotracker:meta c="2.96" s="25.22" />
        </extensions>
      </trkpt>
      <trkpt lat="-16.61119528" lon="128.19650612">
        <ele>253.32</ele>
        <time>2026-09-17T03:52:04Z</time>
        <extensions>
          <geotracker:meta c="3.31" s="26.78" />
        </extensions>
      </trkpt>
      <trkpt lat="-16.61450593" lon="128.19593353">
        <ele>256.36</ele>
        <time>2026-09-17T03:52:18Z</time>
        <extensions>
          <geotracker:meta c="3.3" s="26.2" />
        </extensions>
      </trkpt>
      <trkpt lat="-16.62091938" lon="128.19754538">
        <ele>253.95</ele>
        <time>2026-09-17T03:52:46Z</time>
        <extensions>
          <geotracker:meta c="2.67" s="26.73" />
        </extensions>
      </trkpt>
    </trkseg>
    <trkseg>
      <trkpt lat="-16.654631" lon="128.20728511">
        <ele>236.76</ele>
        <time>2026-09-17T03:55:34Z</time>
        <extensions>
          <geotracker:meta c="2.3" s="25.98" />
        </extensions>
      </trkpt>
      <trkpt lat="-16.65805496" lon="128.21288088">
        <ele>236.32</ele>
        <time>2026-09-17T03:56:02Z</time>
        <extensions>
          <geotracker:meta c="1.89" s="25.61" />
        </extensions>
      </trkpt>
      <trkpt lat="-16.66017576" lon="128.21920257">
        <ele>244.16</ele>
        <time>2026-09-17T03:56:30Z</time>
        <extensions>
          <geotracker:meta c="2.03" s="25.95" />
        </extensions>
      </trkpt>
      <trkpt lat="-16.66220492" lon="128.22190265">
        <ele>247.12</ele>
        <time>2026-09-17T03:56:44Z</time>
        <extensions>
          <geotracker:meta c="2.39" s="26.46" />
        </extensions>
      </trkpt>
      <trkpt lat="-16.66445196" lon="128.22438688">
        <ele>253.06</ele>
        <time>2026-09-17T03:56:58Z</time>
        <extensions>
          <geotracker:meta c="2.17" s="25.18" />
        </extensions>
      </trkpt>
      <trkpt lat="-16.6655793" lon="128.22736006">
        <ele>255.38</ele>
        <time>2026-09-17T03:57:12Z</time>
        <extensions>
          <geotracker:meta c="1.73" s="23.49" />
        </extensions>
      </trkpt>
      <trkpt lat="-16.66557996" lon="128.23036725">
        <ele>255.26</ele>
        <time>2026-09-17T03:57:26Z</time>
        <extensions>
          <geotracker:meta c="1.56" s="23.13" />
        </extensions>
      </trkpt>
      <trkpt lat="-16.66610546" lon="128.23340131">
        <ele>261.14</ele>
        <time>2026-09-17T03:57:40Z</time>
        <extensions>
          <geotracker:meta c="1.94" s="24.11" />
        </extensions>
      </trkpt>
      <trkpt lat="-16.66770809" lon="128.23621132">
        <ele>266.39</ele>
        <time>2026-09-17T03:57:54Z</time>
        <extensions>
          <geotracker:meta c="2.18" s="25.44" />
        </extensions>
      </trkpt>
      <trkpt lat="-16.66906443" lon="128.23923428">
        <ele>272.88</ele>
        <time>2026-09-17T03:58:08Z</time>
        <extensions>
          <geotracker:meta c="1.82" s="25.84" />
        </extensions>
      </trkpt>
    </trkseg>
    <trkseg>
      <trkpt lat="-16.72160925" lon="128.25773983">
        <ele>242.15</ele>
        <time>2026-09-17T04:03:16Z</time>
        <extensions>
          <geotracker:meta c="2.47" s="27.52" />
        </extensions>
      </trkpt>
      <trkpt lat="-16.7241335" lon="128.26200959">
        <ele>236.45</ele>
        <time>2026-09-17T04:03:36Z</time>
        <extensions>
          <geotracker:meta c="1.78" s="26.94" />
        </extensions>
      </trkpt>
      <trkpt lat="-16.72500943" lon="128.26535307">
        <ele>240.59</ele>
        <time>2026-09-17T04:03:50Z</time>
        <extensions>
          <geotracker:meta c="2.02" s="26.35" />
        </extensions>
      </trkpt>
      <trkpt lat="-16.73025941" lon="128.26944047">
        <ele>236.01</ele>
        <time>2026-09-17T04:04:18Z</time>
        <extensions>
          <geotracker:meta c="2.92" s="27.43" />
        </extensions>
      </trkpt>
      <trkpt lat="-16.73357288" lon="128.27054937">
        <ele>230.91</ele>
        <time>2026-09-17T04:04:32Z</time>
        <extensions>
          <geotracker:meta c="2.65" s="27.81" />
        </extensions>
      </trkpt>
      <trkpt lat="-16.73599046" lon="128.27274835">
        <ele>236.72</ele>
        <time>2026-09-17T04:04:46Z</time>
        <extensions>
          <geotracker:meta c="2.2" s="24.51" />
        </extensions>
      </trkpt>
      <trkpt lat="-16.73767804" lon="128.27543889">
        <ele>242.08</ele>
        <time>2026-09-17T04:05:00Z</time>
        <extensions>
          <geotracker:meta c="2.14" s="25.41" />
        </extensions>
      </trkpt>
      <trkpt lat="-16.73955316" lon="128.27832929">
        <ele>239.34</ele>
        <time>2026-09-17T04:05:14Z</time>
        <extensions>
          <geotracker:meta c="2.24" s="26.7" />
        </extensions>
      </trkpt>
      <trkpt lat="-16.74427998" lon="128.28252754">
        <ele>231.8</ele>
        <time>2026-09-17T04:05:42Z</time>
        <extensions>
          <geotracker:meta c="2.54" s="24.36" />
        </extensions>
      </trkpt>
      <trkpt lat="-16.74664927" lon="128.28421815">
        <ele>232.87</ele>
        <time>2026-09-17T04:05:56Z</time>
        <extensions>
          <geotracker:meta c="2.54" s="20.07" />
        </extensions>
      </trkpt>
      <trkpt lat="-16.74839094" lon="128.28546092">
        <ele>231.67</ele>
        <time>2026-09-17T04:06:10Z</time>
        <extensions>
          <geotracker:meta c="2.54" s="14.4" />
        </extensions>
      </trkpt>
      <trkpt lat="-16.74985081" lon="128.28690359">
        <ele>230.66</ele>
        <time>2026-09-17T04:06:38Z</time>
        <extensions>
          <geotracker:meta c="2.64" s="3.29" />
        </extensions>
      </trkpt>
      <trkpt lat="-16.75018948" lon="128.28707076">
        <ele>230.42</ele>
        <time>2026-09-17T04:09:54Z</time>
        <extensions>
          <geotracker:meta c="2.89" s="1.14" />
        </extensions>
      </trkpt>
      <trkpt lat="-16.75212893" lon="128.28738079">
        <ele>228.14</ele>
        <time>2026-09-17T04:10:22Z</time>
        <extensions>
          <geotracker:meta c="2.94" s="15.82" />
        </extensions>
      </trkpt>
      <trkpt lat="-16.7544366" lon="128.28752814">
        <ele>224.09</ele>
        <time>2026-09-17T04:10:36Z</time>
        <extensions>
          <geotracker:meta c="3.15" s="20.71" />
        </extensions>
      </trkpt>
      <trkpt lat="-16.75993324" lon="128.28745337">
        <ele>215.08</ele>
        <time>2026-09-17T04:11:04Z</time>
        <extensions>
          <geotracker:meta c="3.16" s="22.26" />
        </extensions>
      </trkpt>
      <trkpt lat="-16.76524317" lon="128.28683158">
        <ele>214.59</ele>
        <time>2026-09-17T04:11:32Z</time>
        <extensions>
          <geotracker:meta c="3.31" s="20.89" />
        </extensions>
      </trkpt>
      <trkpt lat="-16.77062669" lon="128.28542984">
        <ele>214.37</ele>
        <time>2026-09-17T04:12:00Z</time>
        <extensions>
          <geotracker:meta c="3.61" s="23.37" />
        </extensions>
      </trkpt>
      <trkpt lat="-16.77578862" lon="128.28192115">
        <ele>217.93</ele>
        <time>2026-09-17T04:12:28Z</time>
        <extensions>
          <geotracker:meta c="3.73" s="24.78" />
        </extensions>
      </trkpt>
      <trkpt lat="-16.78169839" lon="128.27991337">
        <ele>208.11</ele>
        <time>2026-09-17T04:12:56Z</time>
        <extensions>
          <geotracker:meta c="3.14" s="26.29" />
        </extensions>
      </trkpt>
      <trkpt lat="-16.7881342" lon="128.28061475">
        <ele>201.92</ele>
        <time>2026-09-17T04:13:24Z</time>
        <extensions>
          <geotracker:meta c="3.01" s="24.85" />
        </extensions>
      </trkpt>
      <trkpt lat="-16.79427143" lon="128.2803196">
        <ele>199.38</ele>
        <time>2026-09-17T04:13:52Z</time>
        <extensions>
          <geotracker:meta c="3.29" s="24.33" />
        </extensions>
      </trkpt>
      <trkpt lat="-16.79986507" lon="128.2784486">
        <ele>205.69</ele>
        <time>2026-09-17T04:14:20Z</time>
        <extensions>
          <geotracker:meta c="3.77" s="25.19" />
        </extensions>
      </trkpt>
      <trkpt lat="-16.80247053" lon="128.27624012">
        <ele>205.32</ele>
        <time>2026-09-17T04:14:34Z</time>
        <extensions>
          <geotracker:meta c="3.83" s="27.89" />
        </extensions>
      </trkpt>
      <trkpt lat="-16.80767748" lon="128.2718015">
        <ele>207.63</ele>
        <time>2026-09-17T04:15:02Z</time>
        <extensions>
          <geotracker:meta c="3.79" s="23.1" />
        </extensions>
      </trkpt>
      <trkpt lat="-16.81312643" lon="128.2705618">
        <ele>209.36</ele>
        <time>2026-09-17T04:15:30Z</time>
        <extensions>
          <geotracker:meta c="3.17" s="23.01" />
        </extensions>
      </trkpt>
      <trkpt lat="-16.81606103" lon="128.2704687">
        <ele>212.03</ele>
        <time>2026-09-17T04:15:44Z</time>
        <extensions>
          <geotracker:meta c="3.17" s="23.5" />
        </extensions>
      </trkpt>
      <trkpt lat="-16.81897878" lon="128.27037996">
        <ele>209.53</ele>
        <time>2026-09-17T04:15:58Z</time>
        <extensions>
          <geotracker:meta c="3.16" s="22.89" />
        </extensions>
      </trkpt>
      <trkpt lat="-16.82195052" lon="128.27029203">
        <ele>205.63</ele>
        <time>2026-09-17T04:16:12Z</time>
        <extensions>
          <geotracker:meta c="3.17" s="23.65" />
        </extensions>
      </trkpt>
      <trkpt lat="-16.82764044" lon="128.26959379">
        <ele>214.75</ele>
        <time>2026-09-17T04:16:40Z</time>
        <extensions>
          <geotracker:meta c="3.2" s="22.18" />
        </extensions>
      </trkpt>
      <trkpt lat="-16.83043589" lon="128.26999777">
        <ele>212.3</ele>
        <time>2026-09-17T04:16:54Z</time>
        <extensions>
          <geotracker:meta c="2.87" s="23.14" />
        </extensions>
      </trkpt>
      <trkpt lat="-16.83333892" lon="128.2706195">
        <ele>207.79</ele>
        <time>2026-09-17T04:17:08Z</time>
        <extensions>
          <geotracker:meta c="3.03" s="23.99" />
        </extensions>
      </trkpt>
      <trkpt lat="-16.8392284" lon="128.27049153">
        <ele>218.55</ele>
        <time>2026-09-17T04:17:36Z</time>
        <extensions>
          <geotracker:meta c="2.96" s="22.59" />
        </extensions>
      </trkpt>
      <trkpt lat="-16.84472556" lon="128.27224211">
        <ele>214.56</ele>
        <time>2026-09-17T04:18:04Z</time>
        <extensions>
          <geotracker:meta c="2.84" s="22.7" />
        </extensions>
      </trkpt>
      <trkpt lat="-16.85045758" lon="128.27437046">
        <ele>210.72</ele>
        <time>2026-09-17T04:18:32Z</time>
        <extensions>
          <geotracker:meta c="2.58" s="22.23" />
        </extensions>
      </trkpt>
      <trkpt lat="-16.85401836" lon="128.27767696">
        <ele>210.25</ele>
        <time>2026-09-17T04:18:55Z</time>
        <extensions>
          <geotracker:meta c="2.62" s="23.76" />
        </extensions>
      </trkpt>
      <trkpt lat="-16.85961702" lon="128.2797082">
        <ele>213.55</ele>
        <time>2026-09-17T04:19:23Z</time>
        <extensions>
          <geotracker:meta c="2.69" s="23.04" />
        </extensions>
      </trkpt>
      <trkpt lat="-16.86512332" lon="128.28147025">
        <ele>210.73</ele>
        <time>2026-09-17T04:19:51Z</time>
        <extensions>
          <geotracker:meta c="2.96" s="23.17" />
        </extensions>
      </trkpt>
      <trkpt lat="-16.87109817" lon="128.28184465">
        <ele>206.35</ele>
        <time>2026-09-17T04:20:19Z</time>
        <extensions>
          <geotracker:meta c="3.27" s="24.66" />
        </extensions>
      </trkpt>
      <trkpt lat="-16.87692716" lon="128.27975322">
        <ele>206.79</ele>
        <time>2026-09-17T04:20:47Z</time>
        <extensions>
          <geotracker:meta c="3.62" s="25.93" />
        </extensions>
      </trkpt>
      <trkpt lat="-16.88289733" lon="128.27795519">
        <ele>210.52</ele>
        <time>2026-09-17T04:21:15Z</time>
        <extensions>
          <geotracker:meta c="3.02" s="23.94" />
        </extensions>
      </trkpt>
      <trkpt lat="-16.8889894" lon="128.27880125">
        <ele>216.74</ele>
        <time>2026-09-17T04:21:43Z</time>
        <extensions>
          <geotracker:meta c="3.01" s="23.68" />
        </extensions>
      </trkpt>
      <trkpt lat="-16.89193206" lon="128.27920463">
        <ele>220.6</ele>
        <time>2026-09-17T04:21:57Z</time>
        <extensions>
          <geotracker:meta c="3.01" s="23.19" />
        </extensions>
      </trkpt>
      <trkpt lat="-16.89772533" lon="128.27996444">
        <ele>217.93</ele>
        <time>2026-09-17T04:22:25Z</time>
        <extensions>
          <geotracker:meta c="3.09" s="22.45" />
        </extensions>
      </trkpt>
      <trkpt lat="-16.90063558" lon="128.2794286">
        <ele>217.95</ele>
        <time>2026-09-17T04:22:39Z</time>
        <extensions>
          <geotracker:meta c="3.46" s="23.86" />
        </extensions>
      </trkpt>
      <trkpt lat="-16.90330614" lon="128.27815708">
        <ele>216.36</ele>
        <time>2026-09-17T04:22:53Z</time>
        <extensions>
          <geotracker:meta c="3.78" s="23.89" />
        </extensions>
      </trkpt>
      <trkpt lat="-16.90533706" lon="128.27579478">
        <ele>217.3</ele>
        <time>2026-09-17T04:23:07Z</time>
        <extensions>
          <geotracker:meta c="4.04" s="24.35" />
        </extensions>
      </trkpt>
      <trkpt lat="-16.90726209" lon="128.27322604">
        <ele>219.03</ele>
        <time>2026-09-17T04:23:21Z</time>
        <extensions>
          <geotracker:meta c="4.05" s="24.25" />
        </extensions>
      </trkpt>
      <trkpt lat="-16.90905907" lon="128.27059649">
        <ele>220.96</ele>
        <time>2026-09-17T04:23:35Z</time>
        <extensions>
          <geotracker:meta c="4.18" s="25.13" />
        </extensions>
      </trkpt>
      <trkpt lat="-16.91058704" lon="128.26781332">
        <ele>221.58</ele>
        <time>2026-09-17T04:23:49Z</time>
        <extensions>
          <geotracker:meta c="4.19" s="23.93" />
        </extensions>
      </trkpt>
      <trkpt lat="-16.91211797" lon="128.26499227">
        <ele>221.2</ele>
        <time>2026-09-17T04:24:03Z</time>
        <extensions>
          <geotracker:meta c="4.32" s="25.4" />
        </extensions>
      </trkpt>
      <trkpt lat="-16.91357439" lon="128.26230524">
        <ele>224.95</ele>
        <time>2026-09-17T04:24:17Z</time>
        <extensions>
          <geotracker:meta c="4.26" s="23.74" />
        </extensions>
      </trkpt>
      <trkpt lat="-16.91509294" lon="128.25954217">
        <ele>225.87</ele>
        <time>2026-09-17T04:24:31Z</time>
        <extensions>
          <geotracker:meta c="4.16" s="24.42" />
        </extensions>
      </trkpt>
      <trkpt lat="-16.91661194" lon="128.25674282">
        <ele>224.75</ele>
        <time>2026-09-17T04:24:45Z</time>
        <extensions>
          <geotracker:meta c="4.16" s="24.32" />
        </extensions>
      </trkpt>
      <trkpt lat="-16.91816238" lon="128.25391008">
        <ele>222.39</ele>
        <time>2026-09-17T04:24:59Z</time>
        <extensions>
          <geotracker:meta c="4.19" s="25.07" />
        </extensions>
      </trkpt>
      <trkpt lat="-16.92053605" lon="128.25179702">
        <ele>217.32</ele>
        <time>2026-09-17T04:25:13Z</time>
        <extensions>
          <geotracker:meta c="3.57" s="25.06" />
        </extensions>
      </trkpt>
      <trkpt lat="-16.92319106" lon="128.25088814">
        <ele>214.64</ele>
        <time>2026-09-17T04:25:27Z</time>
        <extensions>
          <geotracker:meta c="3.42" s="20.43" />
        </extensions>
      </trkpt>
      <trkpt lat="-16.92816735" lon="128.25094081">
        <ele>213</ele>
        <time>2026-09-17T04:25:55Z</time>
        <extensions>
          <geotracker:meta c="3.03" s="18.23" />
        </extensions>
      </trkpt>
      <trkpt lat="-16.93059157" lon="128.25085038">
        <ele>218.99</ele>
        <time>2026-09-17T04:26:09Z</time>
        <extensions>
          <geotracker:meta c="3.38" s="20.23" />
        </extensions>
      </trkpt>
      <trkpt lat="-16.93283775" lon="128.24949463">
        <ele>221.87</ele>
        <time>2026-09-17T04:26:23Z</time>
        <extensions>
          <geotracker:meta c="3.88" s="21.02" />
        </extensions>
      </trkpt>
      <trkpt lat="-16.93485316" lon="128.24751572">
        <ele>225.05</ele>
        <time>2026-09-17T04:26:37Z</time>
        <extensions>
          <geotracker:meta c="3.91" s="22.64" />
        </extensions>
      </trkpt>
      <trkpt lat="-16.93697329" lon="128.24543424">
        <ele>224.51</ele>
        <time>2026-09-17T04:26:51Z</time>
        <extensions>
          <geotracker:meta c="3.9" s="23.3" />
        </extensions>
      </trkpt>
      <trkpt lat="-16.93916041" lon="128.24328499">
        <ele>226.52</ele>
        <time>2026-09-17T04:27:05Z</time>
        <extensions>
          <geotracker:meta c="3.88" s="24.37" />
        </extensions>
      </trkpt>
      <trkpt lat="-16.9413739" lon="128.24110288">
        <ele>227.09</ele>
        <time>2026-09-17T04:27:19Z</time>
        <extensions>
          <geotracker:meta c="3.82" s="23.38" />
        </extensions>
      </trkpt>
      <trkpt lat="-16.94385491" lon="128.23967176">
        <ele>229.09</ele>
        <time>2026-09-17T04:27:33Z</time>
        <extensions>
          <geotracker:meta c="3.38" s="22.6" />
        </extensions>
      </trkpt>
      <trkpt lat="-16.94662572" lon="128.23957687">
        <ele>231.43</ele>
        <time>2026-09-17T04:27:47Z</time>
        <extensions>
          <geotracker:meta c="3.2" s="21.26" />
        </extensions>
      </trkpt>
      <trkpt lat="-16.94927551" lon="128.23976743">
        <ele>229.51</ele>
        <time>2026-09-17T04:28:01Z</time>
        <extensions>
          <geotracker:meta c="3.08" s="20.54" />
        </extensions>
      </trkpt>
      <trkpt lat="-16.95196145" lon="128.23924931">
        <ele>227.67</ele>
        <time>2026-09-17T04:28:15Z</time>
        <extensions>
          <geotracker:meta c="3.46" s="22.72" />
        </extensions>
      </trkpt>
      <trkpt lat="-16.9546698" lon="128.23836873">
        <ele>227.23</ele>
        <time>2026-09-17T04:28:29Z</time>
        <extensions>
          <geotracker:meta c="3.36" s="21.32" />
        </extensions>
      </trkpt>
      <trkpt lat="-16.95720306" lon="128.23786395">
        <ele>227.36</ele>
        <time>2026-09-17T04:28:43Z</time>
        <extensions>
          <geotracker:meta c="3.46" s="21.05" />
        </extensions>
      </trkpt>
      <trkpt lat="-16.95969342" lon="128.23647903">
        <ele>231.76</ele>
        <time>2026-09-17T04:28:57Z</time>
        <extensions>
          <geotracker:meta c="3.7" s="22.62" />
        </extensions>
      </trkpt>
      <trkpt lat="-16.96489839" lon="128.23427975">
        <ele>234.75</ele>
        <time>2026-09-17T04:29:25Z</time>
        <extensions>
          <geotracker:meta c="3.41" s="19.42" />
        </extensions>
      </trkpt>
      <trkpt lat="-16.96719218" lon="128.23293894">
        <ele>233.62</ele>
        <time>2026-09-17T04:29:39Z</time>
        <extensions>
          <geotracker:meta c="3.68" s="22.39" />
        </extensions>
      </trkpt>
      <trkpt lat="-16.96961844" lon="128.23138847">
        <ele>236.09</ele>
        <time>2026-09-17T04:29:53Z</time>
        <extensions>
          <geotracker:meta c="3.69" s="22.46" />
        </extensions>
      </trkpt>
      <trkpt lat="-16.97207982" lon="128.22989867">
        <ele>235.52</ele>
        <time>2026-09-17T04:30:07Z</time>
        <extensions>
          <geotracker:meta c="3.64" s="22.2" />
        </extensions>
      </trkpt>
      <trkpt lat="-16.97452916" lon="128.22846524">
        <ele>240.96</ele>
        <time>2026-09-17T04:30:21Z</time>
        <extensions>
          <geotracker:meta c="3.66" s="22.35" />
        </extensions>
      </trkpt>
      <trkpt lat="-16.97697561" lon="128.22703292">
        <ele>244.58</ele>
        <time>2026-09-17T04:30:35Z</time>
        <extensions>
          <geotracker:meta c="3.65" s="21.83" />
        </extensions>
      </trkpt>
      <trkpt lat="-16.97947263" lon="128.22577535">
        <ele>242.31</ele>
        <time>2026-09-17T04:30:49Z</time>
        <extensions>
          <geotracker:meta c="3.41" s="22.34" />
        </extensions>
      </trkpt>
      <trkpt lat="-16.98230858" lon="128.22552554">
        <ele>239.75</ele>
        <time>2026-09-17T04:31:03Z</time>
        <extensions>
          <geotracker:meta c="3.12" s="22.83" />
        </extensions>
      </trkpt>
      <trkpt lat="-16.98530241" lon="128.22559602">
        <ele>237.3</ele>
        <time>2026-09-17T04:31:17Z</time>
        <extensions>
          <geotracker:meta c="2.71" s="23.91" />
        </extensions>
      </trkpt>
      <trkpt lat="-16.98838318" lon="128.22565152">
        <ele>235.24</ele>
        <time>2026-09-17T04:31:31Z</time>
        <extensions>
          <geotracker:meta c="3.08" s="24.96" />
        </extensions>
      </trkpt>
      <trkpt lat="-16.99152628" lon="128.22571366">
        <ele>229.72</ele>
        <time>2026-09-17T04:31:45Z</time>
        <extensions>
          <geotracker:meta c="3.03" s="25.02" />
        </extensions>
      </trkpt>
      <trkpt lat="-16.99461224" lon="128.22577329">
        <ele>232.14</ele>
        <time>2026-09-17T04:31:59Z</time>
        <extensions>
          <geotracker:meta c="3.12" s="24.12" />
        </extensions>
      </trkpt>
      <trkpt lat="-16.99761219" lon="128.22583585">
        <ele>236.65</ele>
        <time>2026-09-17T04:32:13Z</time>
        <extensions>
          <geotracker:meta c="3.12" s="23.26" />
        </extensions>
      </trkpt>
      <trkpt lat="-17.00050085" lon="128.22548886">
        <ele>240.79</ele>
        <time>2026-09-17T04:32:27Z</time>
        <extensions>
          <geotracker:meta c="3.43" s="23.56" />
        </extensions>
      </trkpt>
      <trkpt lat="-17.00629191" lon="128.22362049">
        <ele>242.15</ele>
        <time>2026-09-17T04:32:55Z</time>
        <extensions>
          <geotracker:meta c="3.39" s="24.39" />
        </extensions>
      </trkpt>
      <trkpt lat="-17.00933857" lon="128.22263129">
        <ele>238.32</ele>
        <time>2026-09-17T04:33:09Z</time>
        <extensions>
          <geotracker:meta c="3.44" s="25.98" />
        </extensions>
      </trkpt>
      <trkpt lat="-17.01218679" lon="128.22150909">
        <ele>238.06</ele>
        <time>2026-09-17T04:33:23Z</time>
        <extensions>
          <geotracker:meta c="3.66" s="22.88" />
        </extensions>
      </trkpt>
      <trkpt lat="-17.0145269" lon="128.2198619">
        <ele>235.61</ele>
        <time>2026-09-17T04:33:37Z</time>
        <extensions>
          <geotracker:meta c="3.75" s="21.3" />
        </extensions>
      </trkpt>
      <trkpt lat="-17.01662105" lon="128.21827603">
        <ele>235.89</ele>
        <time>2026-09-17T04:33:56Z</time>
        <extensions>
          <geotracker:meta c="4.29" s="6.51" />
        </extensions>
      </trkpt>
      <trkpt lat="-17.01674531" lon="128.2175793">
        <ele>237.03</ele>
        <time>2026-09-17T04:34:10Z</time>
        <extensions>
          <geotracker:meta c="4.63" s="4.7" />
        </extensions>
      </trkpt>
      <trkpt lat="-17.01721755" lon="128.21709667">
        <ele>236.22</ele>
        <time>2026-09-17T04:34:38Z</time>
        <extensions>
          <geotracker:meta c="2.98" s="3.99" />
        </extensions>
      </trkpt>
      <trkpt lat="-17.01767073" lon="128.21734311">
        <ele>234.79</ele>
        <time>2026-09-17T04:34:52Z</time>
        <extensions>
          <geotracker:meta c="2.65" s="3.84" />
        </extensions>
      </trkpt>
      <trkpt lat="-17.01890074" lon="128.21667561">
        <ele>237.75</ele>
        <time>2026-09-17T04:35:20Z</time>
        <extensions>
          <geotracker:meta c="3.76" s="13.05" />
        </extensions>
      </trkpt>
      <trkpt lat="-17.02050073" lon="128.21550721">
        <ele>239.96</ele>
        <time>2026-09-17T04:35:34Z</time>
        <extensions>
          <geotracker:meta c="3.75" s="16.8" />
        </extensions>
      </trkpt>
      <trkpt lat="-17.02236556" lon="128.2141466">
        <ele>238.66</ele>
        <time>2026-09-17T04:35:48Z</time>
        <extensions>
          <geotracker:meta c="3.74" s="18.8" />
        </extensions>
      </trkpt>
      <trkpt lat="-17.02442482" lon="128.21284476">
        <ele>236.81</ele>
        <time>2026-09-17T04:36:02Z</time>
        <extensions>
          <geotracker:meta c="3.6" s="19.22" />
        </extensions>
      </trkpt>
      <trkpt lat="-17.02658939" lon="128.21194538">
        <ele>235.68</ele>
        <time>2026-09-17T04:36:16Z</time>
        <extensions>
          <geotracker:meta c="3.45" s="19.08" />
        </extensions>
      </trkpt>
      <trkpt lat="-17.02887122" lon="128.21123833">
        <ele>235.55</ele>
        <time>2026-09-17T04:36:30Z</time>
        <extensions>
          <geotracker:meta c="3.53" s="17.46" />
        </extensions>
      </trkpt>
      <trkpt lat="-17.02988414" lon="128.21120701">
        <ele>235.17</ele>
        <time>2026-09-17T04:36:52Z</time>
        <extensions>
          <geotracker:meta c="2.86" s="2.54" />
        </extensions>
      </trkpt>
      <trkpt lat="-17.03037061" lon="128.21077407">
        <ele>234.71</ele>
        <time>2026-09-17T04:37:07Z</time>
        <extensions>
          <geotracker:meta c="3.86" s="4.81" />
        </extensions>
      </trkpt>
      <trkpt lat="-17.03042868" lon="128.21086408">
        <ele>235.89</ele>
        <time>2026-09-17T04:43:21Z</time>
        <extensions>
          <geotracker:meta c="1.87" s="1.25" />
        </extensions>
      </trkpt>
      <trkpt lat="-17.02991204" lon="128.21118593">
        <ele>238.12</ele>
        <time>2026-09-17T04:46:36Z</time>
        <extensions>
          <geotracker:meta c="0.04" s="3.75" />
        </extensions>
      </trkpt>
      <trkpt lat="-17.0259702" lon="128.21216176">
        <ele>227.71</ele>
        <time>2026-09-17T04:47:21Z</time>
        <extensions>
          <geotracker:meta c="0.36" s="17.15" />
        </extensions>
      </trkpt>
      <trkpt lat="-17.02371251" lon="128.21320714">
        <ele>240.29</ele>
        <time>2026-09-17T04:47:36Z</time>
        <extensions>
          <geotracker:meta c="0.51" s="19.21" />
        </extensions>
      </trkpt>
      <trkpt lat="-17.02155279" lon="128.21472755">
        <ele>243.45</ele>
        <time>2026-09-17T04:47:51Z</time>
        <extensions>
          <geotracker:meta c="0.62" s="19.06" />
        </extensions>
      </trkpt>
      <trkpt lat="-17.01819831" lon="128.21717091">
        <ele>229.01</ele>
        <time>2026-09-17T04:48:21Z</time>
        <extensions>
          <geotracker:meta c="0.63" s="10.73" />
        </extensions>
      </trkpt>
      <trkpt lat="-17.01724663" lon="128.21713191">
        <ele>229.79</ele>
        <time>2026-09-17T04:48:36Z</time>
        <extensions>
          <geotracker:meta c="6.03" s="5.05" />
        </extensions>
      </trkpt>
      <trkpt lat="-17.01679944" lon="128.21704601">
        <ele>235.93</ele>
        <time>2026-09-17T04:48:51Z</time>
        <extensions>
          <geotracker:meta c="0.35" s="1.71" />
        </extensions>
      </trkpt>
      <trkpt lat="-17.01676972" lon="128.21703679">
        <ele>230.29</ele>
        <time>2026-09-17T04:52:07Z</time>
        <extensions>
          <geotracker:meta c="0.58" s="0.86" />
        </extensions>
      </trkpt>
      <trkpt lat="-17.0165916" lon="128.21724382">
        <ele>237.94</ele>
        <time>2026-09-17T04:59:35Z</time>
        <extensions>
          <geotracker:meta c="3.86" s="0.52" />
        </extensions>
      </trkpt>
      <trkpt lat="-17.01935953" lon="128.21629681">
        <ele>234.58</ele>
        <time>2026-09-17T07:10:57Z</time>
        <extensions>
          <geotracker:meta c="3.75" s="14.85" />
        </extensions>
      </trkpt>
      <trkpt lat="-17.02121601" lon="128.21496537">
        <ele>240.03</ele>
        <time>2026-09-17T07:11:12Z</time>
        <extensions>
          <geotracker:meta c="3.75" s="18.21" />
        </extensions>
      </trkpt>
      <trkpt lat="-17.02372928" lon="128.21321638">
        <ele>242.86</ele>
        <time>2026-09-17T07:11:29Z</time>
        <extensions>
          <geotracker:meta c="3.66" s="20.63" />
        </extensions>
      </trkpt>
      <trkpt lat="-17.02639853" lon="128.21198368">
        <ele>239.66</ele>
        <time>2026-09-17T07:11:44Z</time>
        <extensions>
          <geotracker:meta c="3.46" s="21.88" />
        </extensions>
      </trkpt>
      <trkpt lat="-17.02900478" lon="128.21119238">
        <ele>237.11</ele>
        <time>2026-09-17T07:11:59Z</time>
        <extensions>
          <geotracker:meta c="3.57" s="19.53" />
        </extensions>
      </trkpt>
      <trkpt lat="-17.03113484" lon="128.20967267">
        <ele>237.87</ele>
        <time>2026-09-17T07:12:14Z</time>
        <extensions>
          <geotracker:meta c="3.81" s="18.69" />
        </extensions>
      </trkpt>
      <trkpt lat="-17.03340863" lon="128.20823253">
        <ele>240.31</ele>
        <time>2026-09-17T07:12:29Z</time>
        <extensions>
          <geotracker:meta c="3.57" s="20.35" />
        </extensions>
      </trkpt>
      <trkpt lat="-17.03614851" lon="128.20719156">
        <ele>243.37</ele>
        <time>2026-09-17T07:12:44Z</time>
        <extensions>
          <geotracker:meta c="3.48" s="22.61" />
        </extensions>
      </trkpt>
      <trkpt lat="-17.0389513" lon="128.20598273">
        <ele>246.52</ele>
        <time>2026-09-17T07:12:59Z</time>
        <extensions>
          <geotracker:meta c="3.66" s="22.35" />
        </extensions>
      </trkpt>
      <trkpt lat="-17.0414875" lon="128.20412299">
        <ele>248.66</ele>
        <time>2026-09-17T07:13:14Z</time>
        <extensions>
          <geotracker:meta c="3.78" s="22.6" />
        </extensions>
      </trkpt>
      <trkpt lat="-17.04389718" lon="128.20217687">
        <ele>245.52</ele>
        <time>2026-09-17T07:13:29Z</time>
        <extensions>
          <geotracker:meta c="3.9" s="22.3" />
        </extensions>
      </trkpt>
      <trkpt lat="-17.04582906" lon="128.20001676">
        <ele>244.78</ele>
        <time>2026-09-17T07:13:44Z</time>
        <extensions>
          <geotracker:meta c="3.96" s="21.58" />
        </extensions>
      </trkpt>
      <trkpt lat="-17.04848696" lon="128.19818972">
        <ele>248.57</ele>
        <time>2026-09-17T07:13:59Z</time>
        <extensions>
          <geotracker:meta c="3.43" s="23.43" />
        </extensions>
      </trkpt>
      <trkpt lat="-17.05166521" lon="128.19749895">
        <ele>248.88</ele>
        <time>2026-09-17T07:14:14Z</time>
        <extensions>
          <geotracker:meta c="3.34" s="24.77" />
        </extensions>
      </trkpt>
      <trkpt lat="-17.05492707" lon="128.1968089">
        <ele>243.9</ele>
        <time>2026-09-17T07:14:29Z</time>
        <extensions>
          <geotracker:meta c="3.34" s="24.62" />
        </extensions>
      </trkpt>
      <trkpt lat="-17.05807101" lon="128.19578005">
        <ele>242.5</ele>
        <time>2026-09-17T07:14:44Z</time>
        <extensions>
          <geotracker:meta c="3.55" s="23.66" />
        </extensions>
      </trkpt>
      <trkpt lat="-17.06096985" lon="128.19450495">
        <ele>241.82</ele>
        <time>2026-09-17T07:14:59Z</time>
        <extensions>
          <geotracker:meta c="3.5" s="23.08" />
        </extensions>
      </trkpt>
      <trkpt lat="-17.06400668" lon="128.19365389">
        <ele>244.31</ele>
        <time>2026-09-17T07:15:14Z</time>
        <extensions>
          <geotracker:meta c="3.35" s="23.84" />
        </extensions>
      </trkpt>
      <trkpt lat="-17.06725732" lon="128.19289107">
        <ele>249.72</ele>
        <time>2026-09-17T07:15:29Z</time>
        <extensions>
          <geotracker:meta c="3.36" s="25.47" />
        </extensions>
      </trkpt>
      <trkpt lat="-17.07041142" lon="128.19205464">
        <ele>250.6</ele>
        <time>2026-09-17T07:15:44Z</time>
        <extensions>
          <geotracker:meta c="3.5" s="21.96" />
        </extensions>
      </trkpt>
      <trkpt lat="-17.07296081" lon="128.19076877">
        <ele>242.11</ele>
        <time>2026-09-17T07:15:59Z</time>
        <extensions>
          <geotracker:meta c="3.64" s="18.84" />
        </extensions>
      </trkpt>
      <trkpt lat="-17.0772401" lon="128.18831088">
        <ele>245.2</ele>
        <time>2026-09-17T07:16:29Z</time>
        <extensions>
          <geotracker:meta c="3.64" s="20" />
        </extensions>
      </trkpt>
      <trkpt lat="-17.0797041" lon="128.18707166">
        <ele>244.25</ele>
        <time>2026-09-17T07:16:44Z</time>
        <extensions>
          <geotracker:meta c="3.42" s="18.96" />
        </extensions>
      </trkpt>
      <trkpt lat="-17.08225886" lon="128.18679576">
        <ele>243.76</ele>
        <time>2026-09-17T07:16:59Z</time>
        <extensions>
          <geotracker:meta c="3.13" s="19.78" />
        </extensions>
      </trkpt>
      <trkpt lat="-17.08507019" lon="128.18664073">
        <ele>248.75</ele>
        <time>2026-09-17T07:17:14Z</time>
        <extensions>
          <geotracker:meta c="3.34" s="21.16" />
        </extensions>
      </trkpt>
      <trkpt lat="-17.0878874" lon="128.18585657">
        <ele>251.42</ele>
        <time>2026-09-17T07:17:29Z</time>
        <extensions>
          <geotracker:meta c="3.39" s="22.23" />
        </extensions>
      </trkpt>
      <trkpt lat="-17.09648059" lon="128.18867449">
        <ele>252.54</ele>
        <time>2026-09-17T07:18:14Z</time>
        <extensions>
          <geotracker:meta c="2.82" s="22.12" />
        </extensions>
      </trkpt>
      <trkpt lat="-17.0994244" lon="128.1889965">
        <ele>252.25</ele>
        <time>2026-09-17T07:18:29Z</time>
        <extensions>
          <geotracker:meta c="3.26" s="22.63" />
        </extensions>
      </trkpt>
      <trkpt lat="-17.1025495" lon="128.18855165">
        <ele>253.01</ele>
        <time>2026-09-17T07:18:44Z</time>
        <extensions>
          <geotracker:meta c="3.27" s="22.49" />
        </extensions>
      </trkpt>
      <trkpt lat="-17.1080525" lon="128.18577171">
        <ele>263.07</ele>
        <time>2026-09-17T07:19:14Z</time>
        <extensions>
          <geotracker:meta c="3.89" s="23.71" />
        </extensions>
      </trkpt>
      <trkpt lat="-17.11039319" lon="128.18354933">
        <ele>263.02</ele>
        <time>2026-09-17T07:19:29Z</time>
        <extensions>
          <geotracker:meta c="3.82" s="23.52" />
        </extensions>
      </trkpt>
      <trkpt lat="-17.11317528" lon="128.18201917">
        <ele>263.96</ele>
        <time>2026-09-17T07:19:44Z</time>
        <extensions>
          <geotracker:meta c="3.44" s="23.65" />
        </extensions>
      </trkpt>
      <trkpt lat="-17.11633666" lon="128.18110034">
        <ele>267</ele>
        <time>2026-09-17T07:19:59Z</time>
        <extensions>
          <geotracker:meta c="3.42" s="24.11" />
        </extensions>
      </trkpt>
      <trkpt lat="-17.11946455" lon="128.18021685">
        <ele>272.24</ele>
        <time>2026-09-17T07:20:14Z</time>
        <extensions>
          <geotracker:meta c="3.41" s="23.55" />
        </extensions>
      </trkpt>
      <trkpt lat="-17.12252754" lon="128.17931108">
        <ele>270.69</ele>
        <time>2026-09-17T07:20:29Z</time>
        <extensions>
          <geotracker:meta c="3.42" s="23.98" />
        </extensions>
      </trkpt>
      <trkpt lat="-17.12567197" lon="128.17843487">
        <ele>265.8</ele>
        <time>2026-09-17T07:20:44Z</time>
        <extensions>
          <geotracker:meta c="3.4" s="23.6" />
        </extensions>
      </trkpt>
      <trkpt lat="-17.1287518" lon="128.17741189">
        <ele>266.88</ele>
        <time>2026-09-17T07:20:59Z</time>
        <extensions>
          <geotracker:meta c="3.58" s="23.66" />
        </extensions>
      </trkpt>
      <trkpt lat="-17.1313663" lon="128.17548387">
        <ele>265.21</ele>
        <time>2026-09-17T07:21:14Z</time>
        <extensions>
          <geotracker:meta c="3.87" s="24.66" />
        </extensions>
      </trkpt>
      <trkpt lat="-17.133846" lon="128.1731902">
        <ele>265.77</ele>
        <time>2026-09-17T07:21:29Z</time>
        <extensions>
          <geotracker:meta c="3.87" s="23.21" />
        </extensions>
      </trkpt>
      <trkpt lat="-17.136149" lon="128.171025">
        <ele>272.63</ele>
        <time>2026-09-17T07:21:44Z</time>
        <extensions>
          <geotracker:meta c="3.87" s="23.17" />
        </extensions>
      </trkpt>
      <trkpt lat="-17.13848919" lon="128.16869781">
        <ele>273.05</ele>
        <time>2026-09-17T07:21:59Z</time>
        <extensions>
          <geotracker:meta c="3.95" s="23.77" />
        </extensions>
      </trkpt>
      <trkpt lat="-17.14074161" lon="128.16625183">
        <ele>273.16</ele>
        <time>2026-09-17T07:22:14Z</time>
        <extensions>
          <geotracker:meta c="3.95" s="25.1" />
        </extensions>
      </trkpt>
      <trkpt lat="-17.14311125" lon="128.16366365">
        <ele>265.89</ele>
        <time>2026-09-17T07:22:29Z</time>
        <extensions>
          <geotracker:meta c="3.96" s="26.04" />
        </extensions>
      </trkpt>
      <trkpt lat="-17.14550898" lon="128.16101521">
        <ele>275.67</ele>
        <time>2026-09-17T07:22:44Z</time>
        <extensions>
          <geotracker:meta c="3.95" s="24.17" />
        </extensions>
      </trkpt>
      <trkpt lat="-17.14776247" lon="128.1585642">
        <ele>277.16</ele>
        <time>2026-09-17T07:22:59Z</time>
        <extensions>
          <geotracker:meta c="3.94" s="24.75" />
        </extensions>
      </trkpt>
      <trkpt lat="-17.15216202" lon="128.15351287">
        <ele>283.71</ele>
        <time>2026-09-17T07:23:29Z</time>
        <extensions>
          <geotracker:meta c="4.08" s="24.53" />
        </extensions>
      </trkpt>
      <trkpt lat="-17.15412674" lon="128.15070886">
        <ele>278.87</ele>
        <time>2026-09-17T07:23:44Z</time>
        <extensions>
          <geotracker:meta c="4.08" s="24.09" />
        </extensions>
      </trkpt>
      <trkpt lat="-17.15607815" lon="128.14795074">
        <ele>278.43</ele>
        <time>2026-09-17T07:23:59Z</time>
        <extensions>
          <geotracker:meta c="4.05" s="23.68" />
        </extensions>
      </trkpt>
      <trkpt lat="-17.15848964" lon="128.14590181">
        <ele>283.09</ele>
        <time>2026-09-17T07:24:14Z</time>
        <extensions>
          <geotracker:meta c="3.58" s="22.75" />
        </extensions>
      </trkpt>
      <trkpt lat="-17.16152896" lon="128.14491269">
        <ele>287.41</ele>
        <time>2026-09-17T07:24:29Z</time>
        <extensions>
          <geotracker:meta c="3.43" s="23.59" />
        </extensions>
      </trkpt>
      <trkpt lat="-17.16460085" lon="128.14396166">
        <ele>290.03</ele>
        <time>2026-09-17T07:24:44Z</time>
        <extensions>
          <geotracker:meta c="3.43" s="22.87" />
        </extensions>
      </trkpt>
      <trkpt lat="-17.16753812" lon="128.14297463">
        <ele>288.97</ele>
        <time>2026-09-17T07:24:59Z</time>
        <extensions>
          <geotracker:meta c="3.55" s="23.41" />
        </extensions>
      </trkpt>
      <trkpt lat="-17.17010321" lon="128.14108431">
        <ele>281.12</ele>
        <time>2026-09-17T07:25:14Z</time>
        <extensions>
          <geotracker:meta c="3.86" s="23.78" />
        </extensions>
      </trkpt>
      <trkpt lat="-17.17486165" lon="128.13675463">
        <ele>290.53</ele>
        <time>2026-09-17T07:25:44Z</time>
        <extensions>
          <geotracker:meta c="3.86" s="22.16" />
        </extensions>
      </trkpt>
      <trkpt lat="-17.17711687" lon="128.13466647">
        <ele>295.51</ele>
        <time>2026-09-17T07:25:59Z</time>
        <extensions>
          <geotracker:meta c="3.86" s="22.12" />
        </extensions>
      </trkpt>
      <trkpt lat="-17.1804613" lon="128.13187636">
        <ele>293.03</ele>
        <time>2026-09-17T07:26:20Z</time>
        <extensions>
          <geotracker:meta c="3.68" s="23.31" />
        </extensions>
      </trkpt>
      <trkpt lat="-17.18321266" lon="128.13055319">
        <ele>296.77</ele>
        <time>2026-09-17T07:26:35Z</time>
        <extensions>
          <geotracker:meta c="3.55" s="21.2" />
        </extensions>
      </trkpt>
      <trkpt lat="-17.18567265" lon="128.12921241">
        <ele>306.51</ele>
        <time>2026-09-17T07:26:50Z</time>
        <extensions>
          <geotracker:meta c="3.79" s="20.45" />
        </extensions>
      </trkpt>
      <trkpt lat="-17.1877549" lon="128.12710539">
        <ele>305.19</ele>
        <time>2026-09-17T07:27:05Z</time>
        <extensions>
          <geotracker:meta c="3.96" s="22.1" />
        </extensions>
      </trkpt>
      <trkpt lat="-17.18979395" lon="128.12489543">
        <ele>302.95</ele>
        <time>2026-09-17T07:27:20Z</time>
        <extensions>
          <geotracker:meta c="3.95" s="20.37" />
        </extensions>
      </trkpt>
      <trkpt lat="-17.19173866" lon="128.12279714">
        <ele>305.9</ele>
        <time>2026-09-17T07:27:35Z</time>
        <extensions>
          <geotracker:meta c="3.9" s="20.95" />
        </extensions>
      </trkpt>
      <trkpt lat="-17.19401659" lon="128.12101517">
        <ele>303.31</ele>
        <time>2026-09-17T07:27:50Z</time>
        <extensions>
          <geotracker:meta c="3.74" s="20.51" />
        </extensions>
      </trkpt>
      <trkpt lat="-17.19640286" lon="128.11935728">
        <ele>301.98</ele>
        <time>2026-09-17T07:28:05Z</time>
        <extensions>
          <geotracker:meta c="3.74" s="21.98" />
        </extensions>
      </trkpt>
      <trkpt lat="-17.19899793" lon="128.11780531">
        <ele>305.04</ele>
        <time>2026-09-17T07:28:20Z</time>
        <extensions>
          <geotracker:meta c="3.51" s="22.06" />
        </extensions>
      </trkpt>
      <trkpt lat="-17.20196962" lon="128.11698783">
        <ele>307.61</ele>
        <time>2026-09-17T07:28:35Z</time>
        <extensions>
          <geotracker:meta c="3.39" s="22.98" />
        </extensions>
      </trkpt>
      <trkpt lat="-17.20489731" lon="128.11614972">
        <ele>309.81</ele>
        <time>2026-09-17T07:28:50Z</time>
        <extensions>
          <geotracker:meta c="3.5" s="21.25" />
        </extensions>
      </trkpt>
      <trkpt lat="-17.20740318" lon="128.11468628">
        <ele>311</ele>
        <time>2026-09-17T07:29:05Z</time>
        <extensions>
          <geotracker:meta c="3.76" s="22.46" />
        </extensions>
      </trkpt>
      <trkpt lat="-17.21008356" lon="128.11302306">
        <ele>311.85</ele>
        <time>2026-09-17T07:29:20Z</time>
        <extensions>
          <geotracker:meta c="3.59" s="22.68" />
        </extensions>
      </trkpt>
      <trkpt lat="-17.2148542" lon="128.10900009">
        <ele>331.67</ele>
        <time>2026-09-17T07:29:50Z</time>
        <extensions>
          <geotracker:meta c="4.11" s="24.12" />
        </extensions>
      </trkpt>
      <trkpt lat="-17.21703843" lon="128.10644652">
        <ele>332.68</ele>
        <time>2026-09-17T07:30:05Z</time>
        <extensions>
          <geotracker:meta c="3.77" s="24.61" />
        </extensions>
      </trkpt>
      <trkpt lat="-17.21981128" lon="128.1046398">
        <ele>333.48</ele>
        <time>2026-09-17T07:30:20Z</time>
        <extensions>
          <geotracker:meta c="3.61" s="23.49" />
        </extensions>
      </trkpt>
      <trkpt lat="-17.22252986" lon="128.10319489">
        <ele>342.08</ele>
        <time>2026-09-17T07:30:35Z</time>
        <extensions>
          <geotracker:meta c="3.72" s="21.44" />
        </extensions>
      </trkpt>
      <trkpt lat="-17.22500534" lon="128.10134372">
        <ele>345.46</ele>
        <time>2026-09-17T07:30:50Z</time>
        <extensions>
          <geotracker:meta c="3.58" s="23.47" />
        </extensions>
      </trkpt>
      <trkpt lat="-17.22783473" lon="128.10004946">
        <ele>358.72</ele>
        <time>2026-09-17T07:31:05Z</time>
        <extensions>
          <geotracker:meta c="3.76" s="22.28" />
        </extensions>
      </trkpt>
      <trkpt lat="-17.23003629" lon="128.09819457">
        <ele>368.39</ele>
        <time>2026-09-17T07:31:20Z</time>
        <extensions>
          <geotracker:meta c="3.77" s="20.38" />
        </extensions>
      </trkpt>
      <trkpt lat="-17.23220673" lon="128.09646382">
        <ele>384.47</ele>
        <time>2026-09-17T07:31:35Z</time>
        <extensions>
          <geotracker:meta c="4" s="20.18" />
        </extensions>
      </trkpt>
      <trkpt lat="-17.2338944" lon="128.09412439">
        <ele>392.92</ele>
        <time>2026-09-17T07:31:50Z</time>
        <extensions>
          <geotracker:meta c="4.08" s="21.17" />
        </extensions>
      </trkpt>
      <trkpt lat="-17.23593822" lon="128.09171223">
        <ele>391</ele>
        <time>2026-09-17T07:32:05Z</time>
        <extensions>
          <geotracker:meta c="3.88" s="25.06" />
        </extensions>
      </trkpt>
      <trkpt lat="-17.24065772" lon="128.08705175">
        <ele>399.92</ele>
        <time>2026-09-17T07:32:35Z</time>
        <extensions>
          <geotracker:meta c="3.65" s="23.45" />
        </extensions>
      </trkpt>
      <trkpt lat="-17.24349381" lon="128.08586417">
        <ele>410.58</ele>
        <time>2026-09-17T07:32:50Z</time>
        <extensions>
          <geotracker:meta c="3.58" s="21.55" />
        </extensions>
      </trkpt>
      <trkpt lat="-17.24837878" lon="128.08217762">
        <ele>416.68</ele>
        <time>2026-09-17T07:33:20Z</time>
        <extensions>
          <geotracker:meta c="3.79" s="22.21" />
        </extensions>
      </trkpt>
      <trkpt lat="-17.25056621" lon="128.07994329">
        <ele>411.96</ele>
        <time>2026-09-17T07:33:35Z</time>
        <extensions>
          <geotracker:meta c="4.01" s="24" />
        </extensions>
      </trkpt>
      <trkpt lat="-17.25559422" lon="128.07582822">
        <ele>402.76</ele>
        <time>2026-09-17T07:34:05Z</time>
        <extensions>
          <geotracker:meta c="3.51" s="24.82" />
        </extensions>
      </trkpt>
      <trkpt lat="-17.25885814" lon="128.07450212">
        <ele>401.17</ele>
        <time>2026-09-17T07:34:20Z</time>
        <extensions>
          <geotracker:meta c="3.51" s="26.18" />
        </extensions>
      </trkpt>
      <trkpt lat="-17.26210072" lon="128.07317045">
        <ele>396.4</ele>
        <time>2026-09-17T07:34:35Z</time>
        <extensions>
          <geotracker:meta c="3.57" s="25.9" />
        </extensions>
      </trkpt>
      <trkpt lat="-17.26505008" lon="128.0711292">
        <ele>390.41</ele>
        <time>2026-09-17T07:34:50Z</time>
        <extensions>
          <geotracker:meta c="3.81" s="27.03" />
        </extensions>
      </trkpt>
      <trkpt lat="-17.26788191" lon="128.06871106">
        <ele>390.71</ele>
        <time>2026-09-17T07:35:05Z</time>
        <extensions>
          <geotracker:meta c="3.82" s="27.09" />
        </extensions>
      </trkpt>
      <trkpt lat="-17.27071197" lon="128.06639076">
        <ele>396.07</ele>
        <time>2026-09-17T07:35:20Z</time>
        <extensions>
          <geotracker:meta c="3.89" s="25.85" />
        </extensions>
      </trkpt>
      <trkpt lat="-17.27555618" lon="128.06127279">
        <ele>400.07</ele>
        <time>2026-09-17T07:35:50Z</time>
        <extensions>
          <geotracker:meta c="3.78" s="26.43" />
        </extensions>
      </trkpt>
      <trkpt lat="-17.27836405" lon="128.05910493">
        <ele>395.41</ele>
        <time>2026-09-17T07:36:05Z</time>
        <extensions>
          <geotracker:meta c="3.78" s="24.04" />
        </extensions>
      </trkpt>
      <trkpt lat="-17.28096889" lon="128.05708514">
        <ele>388.49</ele>
        <time>2026-09-17T07:36:20Z</time>
        <extensions>
          <geotracker:meta c="3.78" s="24.73" />
        </extensions>
      </trkpt>
      <trkpt lat="-17.28379824" lon="128.05503037">
        <ele>386.46</ele>
        <time>2026-09-17T07:36:35Z</time>
        <extensions>
          <geotracker:meta c="3.64" s="25.74" />
        </extensions>
      </trkpt>
      <trkpt lat="-17.28721739" lon="128.05430839">
        <ele>383.17</ele>
        <time>2026-09-17T07:36:50Z</time>
        <extensions>
          <geotracker:meta c="3.03" s="26.4" />
        </extensions>
      </trkpt>
      <trkpt lat="-17.29066303" lon="128.05517578">
        <ele>395.27</ele>
        <time>2026-09-17T07:37:05Z</time>
        <extensions>
          <geotracker:meta c="2.89" s="25.83" />
        </extensions>
      </trkpt>
      <trkpt lat="-17.29409444" lon="128.05554374">
        <ele>390.85</ele>
        <time>2026-09-17T07:37:20Z</time>
        <extensions>
          <geotracker:meta c="3.24" s="27.02" />
        </extensions>
      </trkpt>
      <trkpt lat="-17.29783427" lon="128.05502611">
        <ele>384.94</ele>
        <time>2026-09-17T07:37:35Z</time>
        <extensions>
          <geotracker:meta c="3.27" s="27.89" />
        </extensions>
      </trkpt>
      <trkpt lat="-17.30156795" lon="128.05463619">
        <ele>382.51</ele>
        <time>2026-09-17T07:37:50Z</time>
        <extensions>
          <geotracker:meta c="3.12" s="26.94" />
        </extensions>
      </trkpt>
      <trkpt lat="-17.30522612" lon="128.05515201">
        <ele>375.45</ele>
        <time>2026-09-17T07:38:05Z</time>
        <extensions>
          <geotracker:meta c="2.97" s="27.28" />
        </extensions>
      </trkpt>
      <trkpt lat="-17.30886873" lon="128.05582292">
        <ele>367</ele>
        <time>2026-09-17T07:38:20Z</time>
        <extensions>
          <geotracker:meta c="2.96" s="26.55" />
        </extensions>
      </trkpt>
      <trkpt lat="-17.31231816" lon="128.05591673">
        <ele>365.72</ele>
        <time>2026-09-17T07:38:35Z</time>
        <extensions>
          <geotracker:meta c="3.34" s="25.75" />
        </extensions>
      </trkpt>
      <trkpt lat="-17.31564593" lon="128.05511863">
        <ele>366.92</ele>
        <time>2026-09-17T07:38:50Z</time>
        <extensions>
          <geotracker:meta c="3.37" s="24.35" />
        </extensions>
      </trkpt>
      <trkpt lat="-17.31905884" lon="128.05427835">
        <ele>361.34</ele>
        <time>2026-09-17T07:39:05Z</time>
        <extensions>
          <geotracker:meta c="3.37" s="26.5" />
        </extensions>
      </trkpt>
      <trkpt lat="-17.32252421" lon="128.05346654">
        <ele>359.45</ele>
        <time>2026-09-17T07:39:20Z</time>
        <extensions>
          <geotracker:meta c="3.37" s="26.34" />
        </extensions>
      </trkpt>
      <trkpt lat="-17.32599236" lon="128.05261765">
        <ele>361.06</ele>
        <time>2026-09-17T07:39:35Z</time>
        <extensions>
          <geotracker:meta c="3.36" s="26.26" />
        </extensions>
      </trkpt>
      <trkpt lat="-17.32947214" lon="128.05186623">
        <ele>361.96</ele>
        <time>2026-09-17T07:39:50Z</time>
        <extensions>
          <geotracker:meta c="3.28" s="26.12" />
        </extensions>
      </trkpt>
      <trkpt lat="-17.33298446" lon="128.05172892">
        <ele>357.8</ele>
        <time>2026-09-17T07:40:05Z</time>
        <extensions>
          <geotracker:meta c="3.06" s="24.75" />
        </extensions>
      </trkpt>
      <trkpt lat="-17.33632471" lon="128.05207765">
        <ele>357.58</ele>
        <time>2026-09-17T07:40:20Z</time>
        <extensions>
          <geotracker:meta c="3.16" s="24.59" />
        </extensions>
      </trkpt>
      <trkpt lat="-17.34256978" lon="128.05061148">
        <ele>349.9</ele>
        <time>2026-09-17T07:40:50Z</time>
        <extensions>
          <geotracker:meta c="3.52" s="24.55" />
        </extensions>
      </trkpt>
      <trkpt lat="-17.34560995" lon="128.04908314">
        <ele>350.2</ele>
        <time>2026-09-17T07:41:05Z</time>
        <extensions>
          <geotracker:meta c="3.61" s="25.49" />
        </extensions>
      </trkpt>
      <trkpt lat="-17.34686978" lon="128.04844062">
        <ele>350.29</ele>
        <time>2026-09-17T07:41:11Z</time>
        <extensions>
          <geotracker:meta c="3.57" s="25.97" />
        </extensions>
      </trkpt>
      <trkpt lat="-17.35016022" lon="128.04705099">
        <ele>347.21</ele>
        <time>2026-09-17T07:41:26Z</time>
        <extensions>
          <geotracker:meta c="3.52" s="26.61" />
        </extensions>
      </trkpt>
      <trkpt lat="-17.35679239" lon="128.0436538">
        <ele>340.11</ele>
        <time>2026-09-17T07:41:56Z</time>
        <extensions>
          <geotracker:meta c="3.7" s="27.19" />
        </extensions>
      </trkpt>
      <trkpt lat="-17.3599791" lon="128.04159679">
        <ele>344.17</ele>
        <time>2026-09-17T07:42:11Z</time>
        <extensions>
          <geotracker:meta c="3.69" s="28.1" />
        </extensions>
      </trkpt>
      <trkpt lat="-17.36354391" lon="128.04029182">
        <ele>358.26</ele>
        <time>2026-09-17T07:42:26Z</time>
        <extensions>
          <geotracker:meta c="3.2" s="28.71" />
        </extensions>
      </trkpt>
      <trkpt lat="-17.36751743" lon="128.04014586">
        <ele>348.35</ele>
        <time>2026-09-17T07:42:41Z</time>
        <extensions>
          <geotracker:meta c="3.18" s="30.43" />
        </extensions>
      </trkpt>
      <trkpt lat="-17.37144922" lon="128.03992771">
        <ele>342.47</ele>
        <time>2026-09-17T07:42:56Z</time>
        <extensions>
          <geotracker:meta c="3.23" s="25.6" />
        </extensions>
      </trkpt>
      <trkpt lat="-17.37486041" lon="128.03947059">
        <ele>337.69</ele>
        <time>2026-09-17T07:43:11Z</time>
        <extensions>
          <geotracker:meta c="3.27" s="24.63" />
        </extensions>
      </trkpt>
      <trkpt lat="-17.37830815" lon="128.03902566">
        <ele>338.56</ele>
        <time>2026-09-17T07:43:26Z</time>
        <extensions>
          <geotracker:meta c="3.3" s="26.46" />
        </extensions>
      </trkpt>
      <trkpt lat="-17.38158294" lon="128.03795999">
        <ele>337.24</ele>
        <time>2026-09-17T07:43:41Z</time>
        <extensions>
          <geotracker:meta c="3.6" s="25.77" />
        </extensions>
      </trkpt>
      <trkpt lat="-17.38452433" lon="128.03582338">
        <ele>333.7</ele>
        <time>2026-09-17T07:43:56Z</time>
        <extensions>
          <geotracker:meta c="3.9" s="26.86" />
        </extensions>
      </trkpt>
      <trkpt lat="-17.38715915" lon="128.03316787">
        <ele>334.35</ele>
        <time>2026-09-17T07:44:11Z</time>
        <extensions>
          <geotracker:meta c="3.91" s="26.92" />
        </extensions>
      </trkpt>
      <trkpt lat="-17.3897482" lon="128.03058617">
        <ele>341.74</ele>
        <time>2026-09-17T07:44:26Z</time>
        <extensions>
          <geotracker:meta c="3.91" s="25.67" />
        </extensions>
      </trkpt>
      <trkpt lat="-17.39226521" lon="128.02808135">
        <ele>344.89</ele>
        <time>2026-09-17T07:44:41Z</time>
        <extensions>
          <geotracker:meta c="3.9" s="26.14" />
        </extensions>
      </trkpt>
      <trkpt lat="-17.39523687" lon="128.02611624">
        <ele>352</ele>
        <time>2026-09-17T07:44:56Z</time>
        <extensions>
          <geotracker:meta c="3.45" s="27.28" />
        </extensions>
      </trkpt>
      <trkpt lat="-17.40236605" lon="128.02437488">
        <ele>341.05</ele>
        <time>2026-09-17T07:45:26Z</time>
        <extensions>
          <geotracker:meta c="3.38" s="24.59" />
        </extensions>
      </trkpt>
      <trkpt lat="-17.40535656" lon="128.02261369">
        <ele>336.16</ele>
        <time>2026-09-17T07:45:41Z</time>
        <extensions>
          <geotracker:meta c="3.98" s="26.74" />
        </extensions>
      </trkpt>
      <trkpt lat="-17.40751129" lon="128.01944697">
        <ele>336.74</ele>
        <time>2026-09-17T07:45:56Z</time>
        <extensions>
          <geotracker:meta c="4.11" s="27.51" />
        </extensions>
      </trkpt>
      <trkpt lat="-17.40965392" lon="128.01625114">
        <ele>340.57</ele>
        <time>2026-09-17T07:46:11Z</time>
        <extensions>
          <geotracker:meta c="4.11" s="27.84" />
        </extensions>
      </trkpt>
      <trkpt lat="-17.41182451" lon="128.01298422">
        <ele>343.23</ele>
        <time>2026-09-17T07:46:26Z</time>
        <extensions>
          <geotracker:meta c="4.11" s="28.33" />
        </extensions>
      </trkpt>
      <trkpt lat="-17.41421234" lon="128.00994075">
        <ele>343.28</ele>
        <time>2026-09-17T07:46:41Z</time>
        <extensions>
          <geotracker:meta c="3.85" s="27.39" />
        </extensions>
      </trkpt>
      <trkpt lat="-17.41719404" lon="128.00760891">
        <ele>340.77</ele>
        <time>2026-09-17T07:46:56Z</time>
        <extensions>
          <geotracker:meta c="3.78" s="27.37" />
        </extensions>
      </trkpt>
      <trkpt lat="-17.41970043" lon="128.00490446">
        <ele>347.16</ele>
        <time>2026-09-17T07:47:11Z</time>
        <extensions>
          <geotracker:meta c="4.11" s="27.28" />
        </extensions>
      </trkpt>
      <trkpt lat="-17.42176394" lon="128.00175731">
        <ele>348.1</ele>
        <time>2026-09-17T07:47:26Z</time>
        <extensions>
          <geotracker:meta c="4.11" s="27.08" />
        </extensions>
      </trkpt>
      <trkpt lat="-17.42405948" lon="127.99862837">
        <ele>344.35</ele>
        <time>2026-09-17T07:47:41Z</time>
        <extensions>
          <geotracker:meta c="3.92" s="28.57" />
        </extensions>
      </trkpt>
      <trkpt lat="-17.42675236" lon="127.99612798">
        <ele>345.03</ele>
        <time>2026-09-17T07:47:56Z</time>
        <extensions>
          <geotracker:meta c="3.88" s="23.66" />
        </extensions>
      </trkpt>
      <trkpt lat="-17.42895735" lon="127.99407022">
        <ele>346.42</ele>
        <time>2026-09-17T07:48:11Z</time>
        <extensions>
          <geotracker:meta c="3.87" s="20.37" />
        </extensions>
      </trkpt>
      <trkpt lat="-17.4305162" lon="127.99296151">
        <ele>343.58</ele>
        <time>2026-09-17T07:48:26Z</time>
        <extensions>
          <geotracker:meta c="2.42" s="7.3" />
        </extensions>
      </trkpt>
      <trkpt lat="-17.43183721" lon="127.99456124">
        <ele>336.47</ele>
        <time>2026-09-17T07:55:43Z</time>
        <extensions>
          <geotracker:meta c="2.46" s="8.16" />
        </extensions>
      </trkpt>
      <trkpt lat="-17.43232033" lon="127.9948655">
        <ele>336.56</ele>
        <time>2026-09-17T07:56:11Z</time>
        <extensions>
          <geotracker:meta c="1.53" s="0.85" />
        </extensions>
      </trkpt>
      <trkpt lat="-17.43307354" lon="127.99472967">
        <ele>333.87</ele>
        <time>2026-09-17T07:58:47Z</time>
        <extensions>
          <geotracker:meta c="2.74" s="6.9" />
        </extensions>
      </trkpt>
      <trkpt lat="-17.43363153" lon="127.99564375">
        <ele>323.08</ele>
        <time>2026-09-17T07:59:01Z</time>
        <extensions>
          <geotracker:meta c="1.61" s="9.24" />
        </extensions>
      </trkpt>
      <trkpt lat="-17.43343681" lon="127.99719201">
        <ele>331.02</ele>
        <time>2026-09-17T07:59:17Z</time>
        <extensions>
          <geotracker:meta c="1.82" s="8.62" />
        </extensions>
      </trkpt>
      <trkpt lat="-17.4346296" lon="127.99767691">
        <ele>329.5</ele>
        <time>2026-09-17T07:59:32Z</time>
        <extensions>
          <geotracker:meta c="3.36" s="11.43" />
        </extensions>
      </trkpt>
      <trkpt lat="-17.43583055" lon="127.99776744">
        <ele>326.82</ele>
        <time>2026-09-17T07:59:47Z</time>
        <extensions>
          <geotracker:meta c="2.68" s="8.03" />
        </extensions>
      </trkpt>
      <trkpt lat="-17.43647116" lon="127.99926123">
        <ele>332.31</ele>
        <time>2026-09-17T08:00:17Z</time>
        <extensions>
          <geotracker:meta c="1.64" s="4.66" />
        </extensions>
      </trkpt>
      <trkpt lat="-17.4364139" lon="127.99984771">
        <ele>334.72</ele>
        <time>2026-09-17T08:00:32Z</time>
        <extensions>
          <geotracker:meta c="1.34" s="6.19" />
        </extensions>
      </trkpt>
      <trkpt lat="-17.43563902" lon="128.00185652">
        <ele>340.35</ele>
        <time>2026-09-17T08:01:02Z</time>
        <extensions>
          <geotracker:meta c="1.06" s="9.15" />
        </extensions>
      </trkpt>
      <trkpt lat="-17.4348934" lon="128.00295341">
        <ele>330.33</ele>
        <time>2026-09-17T08:01:17Z</time>
        <extensions>
          <geotracker:meta c="0.92" s="9.78" />
        </extensions>
      </trkpt>
      <trkpt lat="-17.43401182" lon="128.00436365">
        <ele>339.05</ele>
        <time>2026-09-17T08:01:32Z</time>
        <extensions>
          <geotracker:meta c="1.16" s="12.38" />
        </extensions>
      </trkpt>
      <trkpt lat="-17.43370571" lon="128.00587822">
        <ele>333.06</ele>
        <time>2026-09-17T08:01:47Z</time>
        <extensions>
          <geotracker:meta c="1.73" s="11.74" />
        </extensions>
      </trkpt>
      <trkpt lat="-17.43435561" lon="128.00760651">
        <ele>328.66</ele>
        <time>2026-09-17T08:02:02Z</time>
        <extensions>
          <geotracker:meta c="2.14" s="13.9" />
        </extensions>
      </trkpt>
      <trkpt lat="-17.43404936" lon="128.00912324">
        <ele>326.85</ele>
        <time>2026-09-17T08:02:17Z</time>
        <extensions>
          <geotracker:meta c="0.74" s="11.39" />
        </extensions>
      </trkpt>
      <trkpt lat="-17.43384809" lon="128.01036399">
        <ele>329.18</ele>
        <time>2026-09-17T08:02:32Z</time>
        <extensions>
          <geotracker:meta c="1.91" s="9.75" />
        </extensions>
      </trkpt>
      <trkpt lat="-17.43509597" lon="128.0107912">
        <ele>327.84</ele>
        <time>2026-09-17T08:02:47Z</time>
        <extensions>
          <geotracker:meta c="2.97" s="11.07" />
        </extensions>
      </trkpt>
      <trkpt lat="-17.43636208" lon="128.01123606">
        <ele>325.86</ele>
        <time>2026-09-17T08:03:02Z</time>
        <extensions>
          <geotracker:meta c="2.61" s="8.22" />
        </extensions>
      </trkpt>
      <trkpt lat="-17.43833965" lon="128.01319704">
        <ele>325.41</ele>
        <time>2026-09-17T08:09:32Z</time>
        <extensions>
          <geotracker:meta c="2.16" s="7.89" />
        </extensions>
      </trkpt>
      <trkpt lat="-17.43917732" lon="128.0142286">
        <ele>323.48</ele>
        <time>2026-09-17T08:09:47Z</time>
        <extensions>
          <geotracker:meta c="2.29" s="9.9" />
        </extensions>
      </trkpt>
      <trkpt lat="-17.4402543" lon="128.01542958">
        <ele>327.17</ele>
        <time>2026-09-17T08:10:02Z</time>
        <extensions>
          <geotracker:meta c="2.36" s="13.9" />
        </extensions>
      </trkpt>
      <trkpt lat="-17.44157755" lon="128.01620322">
        <ele>326.48</ele>
        <time>2026-09-17T08:10:17Z</time>
        <extensions>
          <geotracker:meta c="2.89" s="8.84" />
        </extensions>
      </trkpt>
      <trkpt lat="-17.44263765" lon="128.0164055">
        <ele>331.81</ele>
        <time>2026-09-17T08:10:32Z</time>
        <extensions>
          <geotracker:meta c="3" s="5.99" />
        </extensions>
      </trkpt>
      <trkpt lat="-17.44324842" lon="128.01660451">
        <ele>325.69</ele>
        <time>2026-09-17T08:10:47Z</time>
        <extensions>
          <geotracker:meta c="2.89" s="5.37" />
        </extensions>
      </trkpt>
      <trkpt lat="-17.44396002" lon="128.0168223">
        <ele>327.6</ele>
        <time>2026-09-17T08:11:02Z</time>
        <extensions>
          <geotracker:meta c="2.83" s="4.47" />
        </extensions>
      </trkpt>
      <trkpt lat="-17.44463862" lon="128.01723524">
        <ele>329.03</ele>
        <time>2026-09-17T08:11:17Z</time>
        <extensions>
          <geotracker:meta c="2.44" s="7.05" />
        </extensions>
      </trkpt>
      <trkpt lat="-17.44734481" lon="128.0187513">
        <ele>330.75</ele>
        <time>2026-09-17T08:12:00Z</time>
        <extensions>
          <geotracker:meta c="2.41" s="10.32" />
        </extensions>
      </trkpt>
      <trkpt lat="-17.44790471" lon="128.0204484">
        <ele>329.47</ele>
        <time>2026-09-17T08:12:15Z</time>
        <extensions>
          <geotracker:meta c="1.53" s="15.6" />
        </extensions>
      </trkpt>
      <trkpt lat="-17.44809693" lon="128.0224813">
        <ele>331.6</ele>
        <time>2026-09-17T08:12:30Z</time>
        <extensions>
          <geotracker:meta c="1.95" s="15.43" />
        </extensions>
      </trkpt>
      <trkpt lat="-17.44917522" lon="128.02415547">
        <ele>328.63</ele>
        <time>2026-09-17T08:12:45Z</time>
        <extensions>
          <geotracker:meta c="2.15" s="14.09" />
        </extensions>
      </trkpt>
      <trkpt lat="-17.44936447" lon="128.02716552">
        <ele>330.22</ele>
        <time>2026-09-17T08:13:15Z</time>
        <extensions>
          <geotracker:meta c="1.79" s="6.47" />
        </extensions>
      </trkpt>
      <trkpt lat="-17.44981386" lon="128.02838731">
        <ele>325.63</ele>
        <time>2026-09-17T08:13:45Z</time>
        <extensions>
          <geotracker:meta c="2.08" s="3.79" />
        </extensions>
      </trkpt>
      <trkpt lat="-17.45003712" lon="128.0289069">
        <ele>325.55</ele>
        <time>2026-09-17T08:14:00Z</time>
        <extensions>
          <geotracker:meta c="2.05" s="5.2" />
        </extensions>
      </trkpt>
      <trkpt lat="-17.45080814" lon="128.03005477">
        <ele>328.16</ele>
        <time>2026-09-17T08:14:15Z</time>
        <extensions>
          <geotracker:meta c="2.26" s="12.07" />
        </extensions>
      </trkpt>
      <trkpt lat="-17.45173295" lon="128.03161943">
        <ele>323.18</ele>
        <time>2026-09-17T08:14:30Z</time>
        <extensions>
          <geotracker:meta c="2.05" s="14.2" />
        </extensions>
      </trkpt>
      <trkpt lat="-17.45261194" lon="128.03334585">
        <ele>321.57</ele>
        <time>2026-09-17T08:14:45Z</time>
        <extensions>
          <geotracker:meta c="2.3" s="13.12" />
        </extensions>
      </trkpt>
      <trkpt lat="-17.45395283" lon="128.03444764">
        <ele>320.51</ele>
        <time>2026-09-17T08:15:00Z</time>
        <extensions>
          <geotracker:meta c="2.94" s="11.95" />
        </extensions>
      </trkpt>
      <trkpt lat="-17.45586827" lon="128.03464034">
        <ele>323.59</ele>
        <time>2026-09-17T08:15:15Z</time>
        <extensions>
          <geotracker:meta c="3.06" s="12.84" />
        </extensions>
      </trkpt>
      <trkpt lat="-17.45804408" lon="128.03469847">
        <ele>320.23</ele>
        <time>2026-09-17T08:15:45Z</time>
        <extensions>
          <geotracker:meta c="2.94" s="5.24" />
        </extensions>
      </trkpt>
      <trkpt lat="-17.45886596" lon="128.03515941">
        <ele>325.15</ele>
        <time>2026-09-17T08:16:00Z</time>
        <extensions>
          <geotracker:meta c="2.58" s="7.24" />
        </extensions>
      </trkpt>
      <trkpt lat="-17.45961911" lon="128.03560301">
        <ele>317.38</ele>
        <time>2026-09-17T08:16:15Z</time>
        <extensions>
          <geotracker:meta c="2.74" s="5.4" />
        </extensions>
      </trkpt>
      <trkpt lat="-17.46025887" lon="128.03577957">
        <ele>318.01</ele>
        <time>2026-09-17T08:16:30Z</time>
        <extensions>
          <geotracker:meta c="2.93" s="3.96" />
        </extensions>
      </trkpt>
      <trkpt lat="-17.46147151" lon="128.03594481">
        <ele>323.75</ele>
        <time>2026-09-17T08:17:00Z</time>
        <extensions>
          <geotracker:meta c="3.02" s="5.52" />
        </extensions>
      </trkpt>
      <trkpt lat="-17.46226855" lon="128.03595383">
        <ele>324.16</ele>
        <time>2026-09-17T08:17:15Z</time>
        <extensions>
          <geotracker:meta c="3.18" s="5.64" />
        </extensions>
      </trkpt>
      <trkpt lat="-17.46377822" lon="128.03624092">
        <ele>321.28</ele>
        <time>2026-09-17T08:17:45Z</time>
        <extensions>
          <geotracker:meta c="2.81" s="6.49" />
        </extensions>
      </trkpt>
      <trkpt lat="-17.46458537" lon="128.03663573">
        <ele>323.61</ele>
        <time>2026-09-17T08:18:00Z</time>
        <extensions>
          <geotracker:meta c="2.62" s="7.67" />
        </extensions>
      </trkpt>
      <trkpt lat="-17.46535286" lon="128.03737878">
        <ele>324.93</ele>
        <time>2026-09-17T08:18:15Z</time>
        <extensions>
          <geotracker:meta c="2.08" s="7.94" />
        </extensions>
      </trkpt>
      <trkpt lat="-17.46580822" lon="128.03853271">
        <ele>326.71</ele>
        <time>2026-09-17T08:18:30Z</time>
        <extensions>
          <geotracker:meta c="1.92" s="9.9" />
        </extensions>
      </trkpt>
      <trkpt lat="-17.46610223" lon="128.03968323">
        <ele>328.51</ele>
        <time>2026-09-17T08:18:45Z</time>
        <extensions>
          <geotracker:meta c="1.86" s="7.65" />
        </extensions>
      </trkpt>
      <trkpt lat="-17.46649406" lon="128.04079753">
        <ele>330.7</ele>
        <time>2026-09-17T08:19:03Z</time>
        <extensions>
          <geotracker:meta c="2.04" s="5.93" />
        </extensions>
      </trkpt>
      <trkpt lat="-17.46721428" lon="128.0424347">
        <ele>325.48</ele>
        <time>2026-09-17T08:19:33Z</time>
        <extensions>
          <geotracker:meta c="2.14" s="5.34" />
        </extensions>
      </trkpt>
      <trkpt lat="-17.46781958" lon="128.04521434">
        <ele>315.51</ele>
        <time>2026-09-17T08:20:09Z</time>
        <extensions>
          <geotracker:meta c="1.83" s="15.1" />
        </extensions>
      </trkpt>
      <trkpt lat="-17.46509379" lon="128.05173171">
        <ele>298.8</ele>
        <time>2026-09-17T08:21:17Z</time>
        <extensions>
          <geotracker:meta c="6.14" s="10.99" />
        </extensions>
      </trkpt>
      <trkpt lat="-17.46344995" lon="128.05178595">
        <ele>300.39</ele>
        <time>2026-09-17T08:23:15Z</time>
        <extensions>
          <geotracker:meta c="0.15" s="1.41" />
        </extensions>
      </trkpt>
      <trkpt lat="-17.46246032" lon="128.05211983">
        <ele>308.29</ele>
        <time>2026-09-17T08:23:45Z</time>
        <extensions>
          <geotracker:meta c="0.68" s="7.12" />
        </extensions>
      </trkpt>
      <trkpt lat="-17.46173492" lon="128.05366802">
        <ele>311.69</ele>
        <time>2026-09-17T08:24:15Z</time>
        <extensions>
          <geotracker:meta c="1.61" s="8.47" />
        </extensions>
      </trkpt>
      <trkpt lat="-17.46181936" lon="128.05464164">
        <ele>308.67</ele>
        <time>2026-09-17T08:24:30Z</time>
        <extensions>
          <geotracker:meta c="1.36" s="7.64" />
        </extensions>
      </trkpt>
      <trkpt lat="-17.46162552" lon="128.05576854">
        <ele>308.46</ele>
        <time>2026-09-17T08:24:45Z</time>
        <extensions>
          <geotracker:meta c="1.51" s="7.51" />
        </extensions>
      </trkpt>
      <trkpt lat="-17.46307824" lon="128.05967963">
        <ele>309.7</ele>
        <time>2026-09-17T08:25:45Z</time>
        <extensions>
          <geotracker:meta c="2" s="5.95" />
        </extensions>
      </trkpt>
      <trkpt lat="-17.46382679" lon="128.06527221">
        <ele>307.84</ele>
        <time>2026-09-17T08:27:30Z</time>
        <extensions>
          <geotracker:meta c="1.49" s="5.18" />
        </extensions>
      </trkpt>
      <trkpt lat="-17.46303136" lon="128.06760775">
        <ele>313.61</ele>
        <time>2026-09-17T08:28:19Z</time>
        <extensions>
          <geotracker:meta c="1.12" s="7.29" />
        </extensions>
      </trkpt>
      <trkpt lat="-17.45925935" lon="128.07133479">
        <ele>322.19</ele>
        <time>2026-09-17T08:30:04Z</time>
        <extensions>
          <geotracker:meta c="0.48" s="5.86" />
        </extensions>
      </trkpt>
      <trkpt lat="-17.45554585" lon="128.07244903">
        <ele>316.83</ele>
        <time>2026-09-17T08:31:19Z</time>
        <extensions>
          <geotracker:meta c="0.26" s="0.6" />
        </extensions>
      </trkpt>
      <trkpt lat="-17.45501066" lon="128.0725714">
        <ele>322.75</ele>
        <time>2026-09-17T08:31:49Z</time>
        <extensions>
          <geotracker:meta c="0.18" s="3.48" />
        </extensions>
      </trkpt>
      <trkpt lat="-17.45303387" lon="128.07374711">
        <ele>320.95</ele>
        <time>2026-09-17T08:32:49Z</time>
        <extensions>
          <geotracker:meta c="1.7" s="5.28" />
        </extensions>
      </trkpt>
      <trkpt lat="-17.4514268" lon="128.0763908">
        <ele>317.77</ele>
        <time>2026-09-17T08:33:49Z</time>
        <extensions>
          <geotracker:meta c="1.05" s="5.54" />
        </extensions>
      </trkpt>
      <trkpt lat="-17.44960926" lon="128.07981611">
        <ele>317.35</ele>
        <time>2026-09-17T08:35:19Z</time>
        <extensions>
          <geotracker:meta c="0.91" s="7.17" />
        </extensions>
      </trkpt>
      <trkpt lat="-17.44581782" lon="128.08419597">
        <ele>324.45</ele>
        <time>2026-09-17T08:37:04Z</time>
        <extensions>
          <geotracker:meta c="0.68" s="3.84" />
        </extensions>
      </trkpt>
      <trkpt lat="-17.44206429" lon="128.08596875">
        <ele>333.34</ele>
        <time>2026-09-17T08:38:34Z</time>
        <extensions>
          <geotracker:meta c="0.42" s="5.37" />
        </extensions>
      </trkpt>
      <trkpt lat="-17.43962502" lon="128.08804558">
        <ele>328.68</ele>
        <time>2026-09-17T08:39:34Z</time>
        <extensions>
          <geotracker:meta c="0.21" s="5.79" />
        </extensions>
      </trkpt>
      <trkpt lat="-17.43469621" lon="128.08851275">
        <ele>347.36</ele>
        <time>2026-09-17T08:41:04Z</time>
        <extensions>
          <geotracker:meta c="5.86" s="5.28" />
        </extensions>
      </trkpt>
      <trkpt lat="-17.42918232" lon="128.08948973">
        <ele>343.6</ele>
        <time>2026-09-17T08:42:49Z</time>
        <extensions>
          <geotracker:meta c="0.21" s="8.81" />
        </extensions>
      </trkpt>
      <trkpt lat="-17.42309686" lon="128.09121388">
        <ele>327.63</ele>
        <time>2026-09-17T08:44:06Z</time>
        <extensions>
          <geotracker:meta c="5.21" s="7.55" />
        </extensions>
      </trkpt>
      <trkpt lat="-17.41932365" lon="128.09259645">
        <ele>325.39</ele>
        <time>2026-09-17T08:45:36Z</time>
        <extensions>
          <geotracker:meta c="0.19" s="10.23" />
        </extensions>
      </trkpt>
      <trkpt lat="-17.41296378" lon="128.09294682">
        <ele>322.98</ele>
        <time>2026-09-17T08:47:06Z</time>
        <extensions>
          <geotracker:meta c="0.89" s="8.52" />
        </extensions>
      </trkpt>
      <trkpt lat="-17.40985303" lon="128.0944308">
        <ele>331.24</ele>
        <time>2026-09-17T08:47:51Z</time>
        <extensions>
          <geotracker:meta c="6.09" s="7.37" />
        </extensions>
      </trkpt>
      <trkpt lat="-17.40640308" lon="128.09506364">
        <ele>331.11</ele>
        <time>2026-09-17T08:49:06Z</time>
        <extensions>
          <geotracker:meta c="0.79" s="3.92" />
        </extensions>
      </trkpt>
      <trkpt lat="-17.40298127" lon="128.09827072">
        <ele>342.19</ele>
        <time>2026-09-17T08:50:36Z</time>
        <extensions>
          <geotracker:meta c="0.14" s="6.68" />
        </extensions>
      </trkpt>
      <trkpt lat="-17.39886135" lon="128.10064826">
        <ele>343.63</ele>
        <time>2026-09-17T08:52:21Z</time>
        <extensions>
          <geotracker:meta c="1.12" s="9.03" />
        </extensions>
      </trkpt>
      <trkpt lat="-17.39632386" lon="128.10639503">
        <ele>344.46</ele>
        <time>2026-09-17T08:54:06Z</time>
        <extensions>
          <geotracker:meta c="1.56" s="6.9" />
        </extensions>
      </trkpt>
      <trkpt lat="-17.39607404" lon="128.1072295">
        <ele>349.05</ele>
        <time>2026-09-17T08:54:21Z</time>
        <extensions>
          <geotracker:meta c="0.87" s="5.42" />
        </extensions>
      </trkpt>
      <trkpt lat="-17.39555286" lon="128.10807904">
        <ele>349.38</ele>
        <time>2026-09-17T08:54:36Z</time>
        <extensions>
          <geotracker:meta c="1" s="7.07" />
        </extensions>
      </trkpt>
      <trkpt lat="-17.39498257" lon="128.10882291">
        <ele>358.52</ele>
        <time>2026-09-17T08:54:51Z</time>
        <extensions>
          <geotracker:meta c="1.31" s="7.38" />
        </extensions>
      </trkpt>
      <trkpt lat="-17.39447943" lon="128.10974792">
        <ele>356.85</ele>
        <time>2026-09-17T08:55:06Z</time>
        <extensions>
          <geotracker:meta c="1.02" s="9.13" />
        </extensions>
      </trkpt>
      <trkpt lat="-17.39355742" lon="128.11200153">
        <ele>354.57</ele>
        <time>2026-09-17T08:55:36Z</time>
        <extensions>
          <geotracker:meta c="1.32" s="10.33" />
        </extensions>
      </trkpt>
      <trkpt lat="-17.39318361" lon="128.11360474">
        <ele>350.79</ele>
        <time>2026-09-17T08:55:51Z</time>
        <extensions>
          <geotracker:meta c="1.18" s="12.51" />
        </extensions>
      </trkpt>
      <trkpt lat="-17.39266166" lon="128.11499772">
        <ele>354.47</ele>
        <time>2026-09-17T08:56:06Z</time>
        <extensions>
          <geotracker:meta c="1.62" s="10.21" />
        </extensions>
      </trkpt>
      <trkpt lat="-17.39180554" lon="128.11619209">
        <ele>353.45</ele>
        <time>2026-09-17T08:56:21Z</time>
        <extensions>
          <geotracker:meta c="0.98" s="10.43" />
        </extensions>
      </trkpt>
      <trkpt lat="-17.39116478" lon="128.11761345">
        <ele>353.18</ele>
        <time>2026-09-17T08:56:51Z</time>
        <extensions>
          <geotracker:meta c="1.69" s="3.14" />
        </extensions>
      </trkpt>
      <trkpt lat="-17.39108123" lon="128.11825166">
        <ele>351.85</ele>
        <time>2026-09-17T08:57:06Z</time>
        <extensions>
          <geotracker:meta c="1.2" s="6.03" />
        </extensions>
      </trkpt>
      <trkpt lat="-17.39090968" lon="128.11906668">
        <ele>357.41</ele>
        <time>2026-09-17T08:57:21Z</time>
        <extensions>
          <geotracker:meta c="1.31" s="5.7" />
        </extensions>
      </trkpt>
      <trkpt lat="-17.3905444" lon="128.11979359">
        <ele>359.83</ele>
        <time>2026-09-17T08:57:36Z</time>
        <extensions>
          <geotracker:meta c="0.61" s="5.62" />
        </extensions>
      </trkpt>
      <trkpt lat="-17.38908781" lon="128.12025525">
        <ele>353.18</ele>
        <time>2026-09-17T08:58:06Z</time>
        <extensions>
          <geotracker:meta c="1.64" s="6.4" />
        </extensions>
      </trkpt>
      <trkpt lat="-17.38836538" lon="128.12201984">
        <ele>362.07</ele>
        <time>2026-09-17T08:58:42Z</time>
        <extensions>
          <geotracker:meta c="1.34" s="5.71" />
        </extensions>
      </trkpt>
      <trkpt lat="-17.3881422" lon="128.122963">
        <ele>363.17</ele>
        <time>2026-09-17T08:58:57Z</time>
        <extensions>
          <geotracker:meta c="0.98" s="8.83" />
        </extensions>
      </trkpt>
      <trkpt lat="-17.38756914" lon="128.12420789">
        <ele>365.91</ele>
        <time>2026-09-17T08:59:12Z</time>
        <extensions>
          <geotracker:meta c="1.06" s="10.35" />
        </extensions>
      </trkpt>
      <trkpt lat="-17.38726291" lon="128.12566585">
        <ele>367.86</ele>
        <time>2026-09-17T08:59:27Z</time>
        <extensions>
          <geotracker:meta c="1.37" s="10.12" />
        </extensions>
      </trkpt>
      <trkpt lat="-17.38724256" lon="128.12733799">
        <ele>362.9</ele>
        <time>2026-09-17T08:59:57Z</time>
        <extensions>
          <geotracker:meta c="2.49" s="6.84" />
        </extensions>
      </trkpt>
      <trkpt lat="-17.38812181" lon="128.12761983">
        <ele>376.03</ele>
        <time>2026-09-17T09:00:12Z</time>
        <extensions>
          <geotracker:meta c="2.92" s="7.49" />
        </extensions>
      </trkpt>
      <trkpt lat="-17.3885588" lon="128.12819078">
        <ele>376.74</ele>
        <time>2026-09-17T09:00:27Z</time>
        <extensions>
          <geotracker:meta c="1.47" s="6.53" />
        </extensions>
      </trkpt>
      <trkpt lat="-17.38867607" lon="128.12909482">
        <ele>373.82</ele>
        <time>2026-09-17T09:00:42Z</time>
        <extensions>
          <geotracker:meta c="1.46" s="8.6" />
        </extensions>
      </trkpt>
      <trkpt lat="-17.38822338" lon="128.13113762">
        <ele>382.02</ele>
        <time>2026-09-17T09:01:12Z</time>
        <extensions>
          <geotracker:meta c="1.37" s="6.43" />
        </extensions>
      </trkpt>
      <trkpt lat="-17.3881917" lon="128.13190409">
        <ele>382.71</ele>
        <time>2026-09-17T09:01:27Z</time>
        <extensions>
          <geotracker:meta c="1.8" s="4.91" />
        </extensions>
      </trkpt>
      <trkpt lat="-17.38767845" lon="128.13288355">
        <ele>383.79</ele>
        <time>2026-09-17T09:01:42Z</time>
        <extensions>
          <geotracker:meta c="0.94" s="8.84" />
        </extensions>
      </trkpt>
      <trkpt lat="-17.3869713" lon="128.1340552">
        <ele>383.06</ele>
        <time>2026-09-17T09:01:57Z</time>
        <extensions>
          <geotracker:meta c="0.78" s="11.7" />
        </extensions>
      </trkpt>
      <trkpt lat="-17.38426443" lon="128.1358948">
        <ele>384.01</ele>
        <time>2026-09-17T09:02:27Z</time>
        <extensions>
          <geotracker:meta c="0.35" s="10.24" />
        </extensions>
      </trkpt>
      <trkpt lat="-17.38449513" lon="128.13658259">
        <ele>396.22</ele>
        <time>2026-09-17T09:02:42Z</time>
        <extensions>
          <geotracker:meta c="2.75" s="8.49" />
        </extensions>
      </trkpt>
      <trkpt lat="-17.38517066" lon="128.13748856">
        <ele>403.43</ele>
        <time>2026-09-17T09:02:57Z</time>
        <extensions>
          <geotracker:meta c="1.68" s="7.86" />
        </extensions>
      </trkpt>
      <trkpt lat="-17.38468776" lon="128.13842419">
        <ele>401.79</ele>
        <time>2026-09-17T09:03:12Z</time>
        <extensions>
          <geotracker:meta c="1.16" s="7.32" />
        </extensions>
      </trkpt>
      <trkpt lat="-17.38466829" lon="128.13936928">
        <ele>400.1</ele>
        <time>2026-09-17T09:03:27Z</time>
        <extensions>
          <geotracker:meta c="1.8" s="6.01" />
        </extensions>
      </trkpt>
      <trkpt lat="-17.38490342" lon="128.14138089">
        <ele>387.3</ele>
        <time>2026-09-17T09:03:57Z</time>
        <extensions>
          <geotracker:meta c="1.71" s="10.34" />
        </extensions>
      </trkpt>
      <trkpt lat="-17.38557295" lon="128.14202978">
        <ele>394.72</ele>
        <time>2026-09-17T09:04:12Z</time>
        <extensions>
          <geotracker:meta c="2.68" s="6.8" />
        </extensions>
      </trkpt>
      <trkpt lat="-17.38583566" lon="128.14271544">
        <ele>398.6</ele>
        <time>2026-09-17T09:04:27Z</time>
        <extensions>
          <geotracker:meta c="1.04" s="5.44" />
        </extensions>
      </trkpt>
      <trkpt lat="-17.38593402" lon="128.14333308">
        <ele>398.97</ele>
        <time>2026-09-17T09:04:42Z</time>
        <extensions>
          <geotracker:meta c="2.22" s="5.65" />
        </extensions>
      </trkpt>
      <trkpt lat="-17.3865318" lon="128.14393181">
        <ele>397.87</ele>
        <time>2026-09-17T09:04:57Z</time>
        <extensions>
          <geotracker:meta c="2.5" s="6.69" />
        </extensions>
      </trkpt>
      <trkpt lat="-17.38778777" lon="128.14545117">
        <ele>376.61</ele>
        <time>2026-09-17T09:05:27Z</time>
        <extensions>
          <geotracker:meta c="2.35" s="5.84" />
        </extensions>
      </trkpt>
      <trkpt lat="-17.3884149" lon="128.14574984">
        <ele>384.6</ele>
        <time>2026-09-17T09:05:42Z</time>
        <extensions>
          <geotracker:meta c="2.04" s="2.79" />
        </extensions>
      </trkpt>
      <trkpt lat="-17.38842483" lon="128.14643849">
        <ele>382.62</ele>
        <time>2026-09-17T09:05:57Z</time>
        <extensions>
          <geotracker:meta c="1.35" s="6.78" />
        </extensions>
      </trkpt>
      <trkpt lat="-17.38816875" lon="128.14745282">
        <ele>375.03</ele>
        <time>2026-09-17T09:06:12Z</time>
        <extensions>
          <geotracker:meta c="1.01" s="6.35" />
        </extensions>
      </trkpt>
      <trkpt lat="-17.3880844" lon="128.14820192">
        <ele>379.55</ele>
        <time>2026-09-17T09:08:57Z</time>
        <extensions>
          <geotracker:meta c="1.32" s="4.86" />
        </extensions>
      </trkpt>
      <trkpt lat="-17.38792796" lon="128.14917261">
        <ele>378.14</ele>
        <time>2026-09-17T09:09:12Z</time>
        <extensions>
          <geotracker:meta c="1.32" s="7.48" />
        </extensions>
      </trkpt>
      <trkpt lat="-17.38742368" lon="128.15012688">
        <ele>367.98</ele>
        <time>2026-09-17T09:09:27Z</time>
        <extensions>
          <geotracker:meta c="0.87" s="8.68" />
        </extensions>
      </trkpt>
      <trkpt lat="-17.38658602" lon="128.15105641">
        <ele>363.52</ele>
        <time>2026-09-17T09:09:42Z</time>
        <extensions>
          <geotracker:meta c="1.04" s="10.26" />
        </extensions>
      </trkpt>
      <trkpt lat="-17.38619067" lon="128.15357307">
        <ele>361.52</ele>
        <time>2026-09-17T09:10:12Z</time>
        <extensions>
          <geotracker:meta c="1.46" s="7.65" />
        </extensions>
      </trkpt>
      <trkpt lat="-17.38670422" lon="128.15432466">
        <ele>354.89</ele>
        <time>2026-09-17T09:10:27Z</time>
        <extensions>
          <geotracker:meta c="2.44" s="7.49" />
        </extensions>
      </trkpt>
      <trkpt lat="-17.38678717" lon="128.15525457">
        <ele>354.89</ele>
        <time>2026-09-17T09:10:42Z</time>
        <extensions>
          <geotracker:meta c="1.2" s="8.17" />
        </extensions>
      </trkpt>
      <trkpt lat="-17.38702192" lon="128.1569006">
        <ele>345.93</ele>
        <time>2026-09-17T09:11:12Z</time>
        <extensions>
          <geotracker:meta c="2.25" s="3.87" />
        </extensions>
      </trkpt>
      <trkpt lat="-17.38728127" lon="128.15733526">
        <ele>351.32</ele>
        <time>2026-09-17T09:11:42Z</time>
        <extensions>
          <geotracker:meta c="2.04" s="4.36" />
        </extensions>
      </trkpt>
      <trkpt lat="-17.38887052" lon="128.15884145">
        <ele>363.2</ele>
        <time>2026-09-17T09:12:12Z</time>
        <extensions>
          <geotracker:meta c="2.1" s="8.35" />
        </extensions>
      </trkpt>
      <trkpt lat="-17.38969193" lon="128.15914588">
        <ele>359.93</ele>
        <time>2026-09-17T09:12:27Z</time>
        <extensions>
          <geotracker:meta c="2.38" s="4.87" />
        </extensions>
      </trkpt>
      <trkpt lat="-17.38998441" lon="128.16002332">
        <ele>362.88</ele>
        <time>2026-09-17T09:12:42Z</time>
        <extensions>
          <geotracker:meta c="1.36" s="8.35" />
        </extensions>
      </trkpt>
      <trkpt lat="-17.39013649" lon="128.16120329">
        <ele>364.54</ele>
        <time>2026-09-17T09:12:57Z</time>
        <extensions>
          <geotracker:meta c="1.73" s="8.66" />
        </extensions>
      </trkpt>
      <trkpt lat="-17.39180954" lon="128.16315411">
        <ele>371.13</ele>
        <time>2026-09-17T09:13:27Z</time>
        <extensions>
          <geotracker:meta c="2.69" s="9.74" />
        </extensions>
      </trkpt>
      <trkpt lat="-17.39156257" lon="128.16415135">
        <ele>362.35</ele>
        <time>2026-09-17T09:13:46Z</time>
        <extensions>
          <geotracker:meta c="0.93" s="7.17" />
        </extensions>
      </trkpt>
      <trkpt lat="-17.39162763" lon="128.16504705">
        <ele>364.88</ele>
        <time>2026-09-17T09:14:01Z</time>
        <extensions>
          <geotracker:meta c="1.39" s="8.03" />
        </extensions>
      </trkpt>
      <trkpt lat="-17.39190345" lon="128.16597912">
        <ele>376.29</ele>
        <time>2026-09-17T09:14:16Z</time>
        <extensions>
          <geotracker:meta c="1.7" s="5.96" />
        </extensions>
      </trkpt>
      <trkpt lat="-17.39273724" lon="128.16584705">
        <ele>374.75</ele>
        <time>2026-09-17T09:14:31Z</time>
        <extensions>
          <geotracker:meta c="3.08" s="10.99" />
        </extensions>
      </trkpt>
      <trkpt lat="-17.39419063" lon="128.16703463">
        <ele>379.71</ele>
        <time>2026-09-17T09:15:01Z</time>
        <extensions>
          <geotracker:meta c="1.42" s="6.21" />
        </extensions>
      </trkpt>
      <trkpt lat="-17.39460981" lon="128.16776531">
        <ele>368.88</ele>
        <time>2026-09-17T09:15:16Z</time>
        <extensions>
          <geotracker:meta c="2.19" s="5.18" />
        </extensions>
      </trkpt>
      <trkpt lat="-17.39556871" lon="128.16824268">
        <ele>361.05</ele>
        <time>2026-09-17T09:15:31Z</time>
        <extensions>
          <geotracker:meta c="2.71" s="10.24" />
        </extensions>
      </trkpt>
      <trkpt lat="-17.39662631" lon="128.16853692">
        <ele>362.67</ele>
        <time>2026-09-17T09:15:46Z</time>
        <extensions>
          <geotracker:meta c="2.8" s="8.82" />
        </extensions>
      </trkpt>
      <trkpt lat="-17.39885315" lon="128.1688863">
        <ele>358.05</ele>
        <time>2026-09-17T09:16:16Z</time>
        <extensions>
          <geotracker:meta c="3.02" s="7.04" />
        </extensions>
      </trkpt>
      <trkpt lat="-17.39965909" lon="128.16920722">
        <ele>359.79</ele>
        <time>2026-09-17T09:16:31Z</time>
        <extensions>
          <geotracker:meta c="3.25" s="9.25" />
        </extensions>
      </trkpt>
      <trkpt lat="-17.40081304" lon="128.16874578">
        <ele>361.94</ele>
        <time>2026-09-17T09:16:46Z</time>
        <extensions>
          <geotracker:meta c="4.51" s="11.46" />
        </extensions>
      </trkpt>
      <trkpt lat="-17.40255843" lon="128.16727377">
        <ele>348.08</ele>
        <time>2026-09-17T09:17:16Z</time>
        <extensions>
          <geotracker:meta c="2.4" s="8.27" />
        </extensions>
      </trkpt>
      <trkpt lat="-17.40346079" lon="128.16737203">
        <ele>359.17</ele>
        <time>2026-09-17T09:17:31Z</time>
        <extensions>
          <geotracker:meta c="3.09" s="10.67" />
        </extensions>
      </trkpt>
      <trkpt lat="-17.40494601" lon="128.16788739">
        <ele>356.07</ele>
        <time>2026-09-17T09:17:46Z</time>
        <extensions>
          <geotracker:meta c="2.82" s="11.18" />
        </extensions>
      </trkpt>
      <trkpt lat="-17.40619517" lon="128.16842283">
        <ele>359.14</ele>
        <time>2026-09-17T09:18:01Z</time>
        <extensions>
          <geotracker:meta c="2.7" s="9.73" />
        </extensions>
      </trkpt>
      <trkpt lat="-17.40858596" lon="128.16962658">
        <ele>347.73</ele>
        <time>2026-09-17T09:18:31Z</time>
        <extensions>
          <geotracker:meta c="2.75" s="10.4" />
        </extensions>
      </trkpt>
      <trkpt lat="-17.41008293" lon="128.17026499">
        <ele>354.58</ele>
        <time>2026-09-17T09:18:46Z</time>
        <extensions>
          <geotracker:meta c="2.68" s="9" />
        </extensions>
      </trkpt>
      <trkpt lat="-17.41116348" lon="128.17043118">
        <ele>352.1</ele>
        <time>2026-09-17T09:19:01Z</time>
        <extensions>
          <geotracker:meta c="3.24" s="7.93" />
        </extensions>
      </trkpt>
      <trkpt lat="-17.41264193" lon="128.17054861">
        <ele>355.18</ele>
        <time>2026-09-17T09:19:17Z</time>
        <extensions>
          <geotracker:meta c="3.14" s="9.46" />
        </extensions>
      </trkpt>
      <trkpt lat="-17.41479721" lon="128.17161026">
        <ele>331.74</ele>
        <time>2026-09-17T09:19:46Z</time>
        <extensions>
          <geotracker:meta c="1.7" s="9.37" />
        </extensions>
      </trkpt>
      <trkpt lat="-17.41552251" lon="128.17272833">
        <ele>334.39</ele>
        <time>2026-09-17T09:20:01Z</time>
        <extensions>
          <geotracker:meta c="2.48" s="10.9" />
        </extensions>
      </trkpt>
      <trkpt lat="-17.41603303" lon="128.17320349">
        <ele>347.16</ele>
        <time>2026-09-17T09:20:16Z</time>
        <extensions>
          <geotracker:meta c="2.88" s="0.59" />
        </extensions>
      </trkpt>
      <trkpt lat="-17.41655509" lon="128.17149408">
        <ele>329.94</ele>
        <time>2026-09-17T09:21:47Z</time>
        <extensions>
          <geotracker:meta c="4.79" s="2.73" />
        </extensions>
      </trkpt>
      <trkpt lat="-17.41652192" lon="128.17107746">
        <ele>335.98</ele>
        <time>2026-09-17T09:31:38Z</time>
        <extensions>
          <geotracker:meta c="3.14" s="0.6" />
        </extensions>
      </trkpt>
    </trkseg>
  </trk>
</gpx>