<?xml version='1.0' encoding='UTF-8' standalone='yes' ?>
<gpx xmlns="http://www.topografix.com/GPX/1/1" xmlns:geotracker="http://ilyabogdanovich.com/gpx/extensions/geotracker" xmlns:xsi="http://www.w3.org/2001/XMLSchema-instance" xsi:schemaLocation="http://www.topografix.com/GPX/1/1 http://www.topografix.com/GPX/1/1/gpx.xsd" version="1.1" creator="Recorded in Geo Tracker for Android from Ilya Bogdanovich">
  <metadata>
    <name>Longreach To kyuna</name>
    <author>
      <name>Recorded in Geo Tracker for Android from Ilya Bogdanovich</name>
      <link href="https://play.google.com/store/apps/details?id=com.ilyabogdanovich.geotracker" />
    </author>
    <link href="https://play.google.com/store/apps/details?id=com.ilyabogdanovich.geotracker" />
    <time>2026-08-30T22:56:06Z</time>
  </metadata>
  <wpt lat="-22.3904453" lon="143.03955929">
    <ele>232.23</ele>
    <time>2026-08-31T00:54:25Z</time>
    <name>Stop for ~3 min</name>
    <desc>Elevation: 232 m
Time from start: 01:58:18
Distance from start: 147 km</desc>
    <extensions>
      <geotracker:meta emoji="⏱️" />
    </extensions>
  </wpt>
  <wpt lat="-21.59975562" lon="142.06844304">
    <ele>242.37</ele>
    <time>2026-08-31T05:38:09Z</time>
    <name>Stop for ~8 min</name>
    <desc>Elevation: 242 m
Time from start: 06:42:02
Distance from start: 306 km</desc>
    <extensions>
      <geotracker:meta emoji="⏱️" />
    </extensions>
  </wpt>
  <wpt lat="-21.60584835" lon="142.06868227">
    <ele>239.35</ele>
    <time>2026-08-31T06:05:51Z</time>
    <name>Stop for ~5 min</name>
    <desc>Elevation: 239 m
Time from start: 07:09:44
Distance from start: 307 km</desc>
    <extensions>
      <geotracker:meta emoji="⏱️" />
    </extensions>
  </wpt>
  <wpt lat="-21.60695881" lon="142.06576041">
    <ele>236.76</ele>
    <time>2026-08-31T06:19:20Z</time>
    <name>Stop for ~10 min</name>
    <desc>Elevation: 237 m
Time from start: 07:23:13
Distance from start: 308 km</desc>
    <extensions>
      <geotracker:meta emoji="⏱️" />
    </extensions>
  </wpt>
  <wpt lat="-21.60830276" lon="142.06548512">
    <ele>237.8</ele>
    <time>2026-08-31T06:25:01Z</time>
    <name>Stop for ~4 min</name>
    <desc>Elevation: 238 m
Time from start: 07:28:54
Distance from start: 308 km</desc>
    <extensions>
      <geotracker:meta emoji="⏱️" />
    </extensions>
  </wpt>
  <wpt lat="-21.60709411" lon="142.06568282">
    <ele>235.97</ele>
    <time>2026-08-31T06:30:33Z</time>
    <name>Stop for ~3 min</name>
    <desc>Elevation: 236 m
Time from start: 07:34:26
Distance from start: 308 km</desc>
    <extensions>
      <geotracker:meta emoji="⏱️" />
    </extensions>
  </wpt>
  <trk>
    <name>Longreach To kyuna</name>
    <src>Recorded in Geo Tracker for Android from Ilya Bogdanovich</src>
    <link href="https://play.google.com/store/apps/details?id=com.ilyabogdanovich.geotracker" />
    <extensions>
      <geotracker:meta>
        <geotracker:length>309176.54</geotracker:length>
        <geotracker:duration>21557883</geotracker:duration>
        <geotracker:creationtime>2026-08-30T22:56:06Z</geotracker:creationtime>
        <geotracker:activity>0</geotracker:activity>
      </geotracker:meta>
    </extensions>
    <trkseg>
      <trkpt lat="-23.40331455" lon="144.22018155">
        <ele>225.37</ele>
        <time>2026-08-30T22:56:58Z</time>
        <extensions>
          <geotracker:meta c="5.84" s="20.39" />
        </extensions>
      </trkpt>
      <trkpt lat="-23.40147969" lon="144.21918932">
        <ele>226.62</ele>
        <time>2026-08-30T22:57:08Z</time>
        <extensions>
          <geotracker:meta c="5.83" s="22.03" />
        </extensions>
      </trkpt>
      <trkpt lat="-23.39795447" lon="144.21728963">
        <ele>227.22</ele>
        <time>2026-08-30T22:57:28Z</time>
        <extensions>
          <geotracker:meta c="5.81" s="22.23" />
        </extensions>
      </trkpt>
      <trkpt lat="-23.39484945" lon="144.21492344">
        <ele>228.11</ele>
        <time>2026-08-30T22:57:46Z</time>
        <extensions>
          <geotracker:meta c="5.54" s="24.77" />
        </extensions>
      </trkpt>
      <trkpt lat="-23.39339965" lon="144.21303119">
        <ele>228.69</ele>
        <time>2026-08-30T22:57:56Z</time>
        <extensions>
          <geotracker:meta c="5.28" s="25.39" />
        </extensions>
      </trkpt>
      <trkpt lat="-23.39232434" lon="144.21083595">
        <ele>228.16</ele>
        <time>2026-08-30T22:58:06Z</time>
        <extensions>
          <geotracker:meta c="5.14" s="25.34" />
        </extensions>
      </trkpt>
      <trkpt lat="-23.39133923" lon="144.20862528">
        <ele>230.34</ele>
        <time>2026-08-30T22:58:16Z</time>
        <extensions>
          <geotracker:meta c="5.2" s="25" />
        </extensions>
      </trkpt>
      <trkpt lat="-23.38997991" lon="144.20663289">
        <ele>230.07</ele>
        <time>2026-08-30T22:58:26Z</time>
        <extensions>
          <geotracker:meta c="5.47" s="25.56" />
        </extensions>
      </trkpt>
      <trkpt lat="-23.38823128" lon="144.20509578">
        <ele>228.8</ele>
        <time>2026-08-30T22:58:36Z</time>
        <extensions>
          <geotracker:meta c="5.72" s="24.68" />
        </extensions>
      </trkpt>
      <trkpt lat="-23.3859175" lon="144.20362322">
        <ele>230.93</ele>
        <time>2026-08-30T22:58:48Z</time>
        <extensions>
          <geotracker:meta c="5.76" s="25.18" />
        </extensions>
      </trkpt>
      <trkpt lat="-23.38227944" lon="144.20132473">
        <ele>232.47</ele>
        <time>2026-08-30T22:59:06Z</time>
        <extensions>
          <geotracker:meta c="5.74" s="26.43" />
        </extensions>
      </trkpt>
      <trkpt lat="-23.38021388" lon="144.20004019">
        <ele>235.93</ele>
        <time>2026-08-30T22:59:16Z</time>
        <extensions>
          <geotracker:meta c="5.76" s="26.85" />
        </extensions>
      </trkpt>
      <trkpt lat="-23.37810089" lon="144.19869113">
        <ele>237.89</ele>
        <time>2026-08-30T22:59:26Z</time>
        <extensions>
          <geotracker:meta c="5.76" s="27.02" />
        </extensions>
      </trkpt>
      <trkpt lat="-23.37495997" lon="144.19673325">
        <ele>235.23</ele>
        <time>2026-08-30T22:59:41Z</time>
        <extensions>
          <geotracker:meta c="5.73" s="26.52" />
        </extensions>
      </trkpt>
      <trkpt lat="-23.37291459" lon="144.19542995">
        <ele>237.64</ele>
        <time>2026-08-30T22:59:51Z</time>
        <extensions>
          <geotracker:meta c="5.76" s="26.12" />
        </extensions>
      </trkpt>
      <trkpt lat="-23.36925968" lon="144.19313854">
        <ele>237.66</ele>
        <time>2026-08-30T23:00:09Z</time>
        <extensions>
          <geotracker:meta c="5.77" s="25.76" />
        </extensions>
      </trkpt>
      <trkpt lat="-23.36540249" lon="144.19069408">
        <ele>238.54</ele>
        <time>2026-08-30T23:00:28Z</time>
        <extensions>
          <geotracker:meta c="5.73" s="26.55" />
        </extensions>
      </trkpt>
      <trkpt lat="-23.36328449" lon="144.18935387">
        <ele>239.61</ele>
        <time>2026-08-30T23:00:38Z</time>
        <extensions>
          <geotracker:meta c="5.76" s="26.99" />
        </extensions>
      </trkpt>
      <trkpt lat="-23.36120077" lon="144.18804517">
        <ele>240.98</ele>
        <time>2026-08-30T23:00:48Z</time>
        <extensions>
          <geotracker:meta c="5.75" s="26.69" />
        </extensions>
      </trkpt>
      <trkpt lat="-23.35933262" lon="144.18687107">
        <ele>241.72</ele>
        <time>2026-08-30T23:00:57Z</time>
        <extensions>
          <geotracker:meta c="5.7" s="26.43" />
        </extensions>
      </trkpt>
      <trkpt lat="-23.35747422" lon="144.18569797">
        <ele>242.31</ele>
        <time>2026-08-30T23:01:06Z</time>
        <extensions>
          <geotracker:meta c="5.7" s="26.23" />
        </extensions>
      </trkpt>
      <trkpt lat="-23.35547146" lon="144.18443687">
        <ele>242.76</ele>
        <time>2026-08-30T23:01:16Z</time>
        <extensions>
          <geotracker:meta c="5.77" s="25.14" />
        </extensions>
      </trkpt>
      <trkpt lat="-23.35353247" lon="144.18321348">
        <ele>242.11</ele>
        <time>2026-08-30T23:01:26Z</time>
        <extensions>
          <geotracker:meta c="5.74" s="24.87" />
        </extensions>
      </trkpt>
      <trkpt lat="-23.35176452" lon="144.18210456">
        <ele>241.95</ele>
        <time>2026-08-30T23:01:35Z</time>
        <extensions>
          <geotracker:meta c="5.75" s="25.4" />
        </extensions>
      </trkpt>
      <trkpt lat="-23.34998082" lon="144.18098222">
        <ele>241.92</ele>
        <time>2026-08-30T23:01:44Z</time>
        <extensions>
          <geotracker:meta c="5.75" s="25.37" />
        </extensions>
      </trkpt>
      <trkpt lat="-23.34820705" lon="144.17986182">
        <ele>242.32</ele>
        <time>2026-08-30T23:01:53Z</time>
        <extensions>
          <geotracker:meta c="5.69" s="25.25" />
        </extensions>
      </trkpt>
      <trkpt lat="-23.3464235" lon="144.1787397">
        <ele>242.14</ele>
        <time>2026-08-30T23:02:02Z</time>
        <extensions>
          <geotracker:meta c="5.73" s="25.34" />
        </extensions>
      </trkpt>
      <trkpt lat="-23.3446415" lon="144.17761493">
        <ele>242.3</ele>
        <time>2026-08-30T23:02:11Z</time>
        <extensions>
          <geotracker:meta c="5.74" s="25.4" />
        </extensions>
      </trkpt>
      <trkpt lat="-23.3428292" lon="144.17647759">
        <ele>241.8</ele>
        <time>2026-08-30T23:02:20Z</time>
        <extensions>
          <geotracker:meta c="5.75" s="26.3" />
        </extensions>
      </trkpt>
      <trkpt lat="-23.34084344" lon="144.17522709">
        <ele>241.36</ele>
        <time>2026-08-30T23:02:30Z</time>
        <extensions>
          <geotracker:meta c="5.77" s="25.18" />
        </extensions>
      </trkpt>
      <trkpt lat="-23.33884519" lon="144.17397256">
        <ele>242.48</ele>
        <time>2026-08-30T23:02:40Z</time>
        <extensions>
          <geotracker:meta c="5.84" s="25.88" />
        </extensions>
      </trkpt>
      <trkpt lat="-23.33618049" lon="144.17157046">
        <ele>241.64</ele>
        <time>2026-08-30T23:02:55Z</time>
        <extensions>
          <geotracker:meta c="5.49" s="25.9" />
        </extensions>
      </trkpt>
      <trkpt lat="-23.33527064" lon="144.16863807">
        <ele>238</ele>
        <time>2026-08-30T23:03:07Z</time>
        <extensions>
          <geotracker:meta c="5.02" s="26.63" />
        </extensions>
      </trkpt>
      <trkpt lat="-23.33392919" lon="144.16395393">
        <ele>236.43</ele>
        <time>2026-08-30T23:03:25Z</time>
        <extensions>
          <geotracker:meta c="5.02" s="28.71" />
        </extensions>
      </trkpt>
      <trkpt lat="-23.33314864" lon="144.16144848">
        <ele>214.7</ele>
        <time>2026-08-30T23:03:35Z</time>
        <extensions>
          <geotracker:meta c="5.02" s="24.98" />
        </extensions>
      </trkpt>
      <trkpt lat="-23.33243063" lon="144.15877677">
        <ele>232.9</ele>
        <time>2026-08-30T23:03:47Z</time>
        <extensions>
          <geotracker:meta c="5.01" s="24.67" />
        </extensions>
      </trkpt>
      <trkpt lat="-23.33177147" lon="144.15651584">
        <ele>241.71</ele>
        <time>2026-08-30T23:03:57Z</time>
        <extensions>
          <geotracker:meta c="5.02" s="24.07" />
        </extensions>
      </trkpt>
      <trkpt lat="-23.33109037" lon="144.15419599">
        <ele>244.58</ele>
        <time>2026-08-30T23:04:07Z</time>
        <extensions>
          <geotracker:meta c="5.02" s="25.55" />
        </extensions>
      </trkpt>
      <trkpt lat="-23.33039204" lon="144.15177582">
        <ele>243.47</ele>
        <time>2026-08-30T23:04:17Z</time>
        <extensions>
          <geotracker:meta c="5.05" s="26.47" />
        </extensions>
      </trkpt>
      <trkpt lat="-23.32926584" lon="144.14945538">
        <ele>241.99</ele>
        <time>2026-08-30T23:04:27Z</time>
        <extensions>
          <geotracker:meta c="5.33" s="26.81" />
        </extensions>
      </trkpt>
      <trkpt lat="-23.32762823" lon="144.14759755">
        <ele>244.75</ele>
        <time>2026-08-30T23:04:37Z</time>
        <extensions>
          <geotracker:meta c="5.6" s="26.05" />
        </extensions>
      </trkpt>
      <trkpt lat="-23.32558326" lon="144.14634641">
        <ele>247.9</ele>
        <time>2026-08-30T23:04:47Z</time>
        <extensions>
          <geotracker:meta c="5.91" s="26.14" />
        </extensions>
      </trkpt>
      <trkpt lat="-23.32327852" lon="144.14568932">
        <ele>248.25</ele>
        <time>2026-08-30T23:04:57Z</time>
        <extensions>
          <geotracker:meta c="6.08" s="27.2" />
        </extensions>
      </trkpt>
      <trkpt lat="-23.32096912" lon="144.14518846">
        <ele>249.37</ele>
        <time>2026-08-30T23:05:07Z</time>
        <extensions>
          <geotracker:meta c="6.1" s="25.57" />
        </extensions>
      </trkpt>
      <trkpt lat="-23.3187031" lon="144.14468075">
        <ele>249.94</ele>
        <time>2026-08-30T23:05:17Z</time>
        <extensions>
          <geotracker:meta c="6.08" s="25.48" />
        </extensions>
      </trkpt>
      <trkpt lat="-23.31647442" lon="144.14417299">
        <ele>251.68</ele>
        <time>2026-08-30T23:05:27Z</time>
        <extensions>
          <geotracker:meta c="6.09" s="25.07" />
        </extensions>
      </trkpt>
      <trkpt lat="-23.31427771" lon="144.14368624">
        <ele>253.97</ele>
        <time>2026-08-30T23:05:37Z</time>
        <extensions>
          <geotracker:meta c="6.08" s="24.81" />
        </extensions>
      </trkpt>
      <trkpt lat="-23.31206241" lon="144.14319885">
        <ele>256.85</ele>
        <time>2026-08-30T23:05:47Z</time>
        <extensions>
          <geotracker:meta c="6.09" s="25.05" />
        </extensions>
      </trkpt>
      <trkpt lat="-23.3098078" lon="144.14269589">
        <ele>255.54</ele>
        <time>2026-08-30T23:05:57Z</time>
        <extensions>
          <geotracker:meta c="6.08" s="25.87" />
        </extensions>
      </trkpt>
      <trkpt lat="-23.30746755" lon="144.14217692">
        <ele>252.72</ele>
        <time>2026-08-30T23:06:07Z</time>
        <extensions>
          <geotracker:meta c="6.09" s="26.69" />
        </extensions>
      </trkpt>
      <trkpt lat="-23.30516098" lon="144.1416708">
        <ele>255.32</ele>
        <time>2026-08-30T23:06:17Z</time>
        <extensions>
          <geotracker:meta c="6.09" s="25.67" />
        </extensions>
      </trkpt>
      <trkpt lat="-23.30290589" lon="144.14116706">
        <ele>248.72</ele>
        <time>2026-08-30T23:06:27Z</time>
        <extensions>
          <geotracker:meta c="6.08" s="25.55" />
        </extensions>
      </trkpt>
      <trkpt lat="-23.30065837" lon="144.14064067">
        <ele>250.04</ele>
        <time>2026-08-30T23:06:37Z</time>
        <extensions>
          <geotracker:meta c="6.07" s="25.58" />
        </extensions>
      </trkpt>
      <trkpt lat="-23.29841507" lon="144.13991971">
        <ele>252.42</ele>
        <time>2026-08-30T23:06:47Z</time>
        <extensions>
          <geotracker:meta c="5.93" s="25.77" />
        </extensions>
      </trkpt>
      <trkpt lat="-23.29627973" lon="144.13892249">
        <ele>256.41</ele>
        <time>2026-08-30T23:06:57Z</time>
        <extensions>
          <geotracker:meta c="5.87" s="25.64" />
        </extensions>
      </trkpt>
      <trkpt lat="-23.2941414" lon="144.13792088">
        <ele>261.51</ele>
        <time>2026-08-30T23:07:07Z</time>
        <extensions>
          <geotracker:meta c="5.88" s="25.83" />
        </extensions>
      </trkpt>
      <trkpt lat="-23.291975" lon="144.13689478">
        <ele>263.46</ele>
        <time>2026-08-30T23:07:17Z</time>
        <extensions>
          <geotracker:meta c="5.87" s="26.4" />
        </extensions>
      </trkpt>
      <trkpt lat="-23.28980436" lon="144.13587268">
        <ele>265.34</ele>
        <time>2026-08-30T23:07:27Z</time>
        <extensions>
          <geotracker:meta c="5.88" s="26.18" />
        </extensions>
      </trkpt>
      <trkpt lat="-23.28767281" lon="144.13486523">
        <ele>268.86</ele>
        <time>2026-08-30T23:07:37Z</time>
        <extensions>
          <geotracker:meta c="5.87" s="25.79" />
        </extensions>
      </trkpt>
      <trkpt lat="-23.28550611" lon="144.13383043">
        <ele>268.64</ele>
        <time>2026-08-30T23:07:47Z</time>
        <extensions>
          <geotracker:meta c="5.88" s="26.24" />
        </extensions>
      </trkpt>
      <trkpt lat="-23.28336252" lon="144.13282091">
        <ele>276.06</ele>
        <time>2026-08-30T23:07:57Z</time>
        <extensions>
          <geotracker:meta c="5.87" s="25.64" />
        </extensions>
      </trkpt>
      <trkpt lat="-23.28129062" lon="144.13162884">
        <ele>278.22</ele>
        <time>2026-08-30T23:08:07Z</time>
        <extensions>
          <geotracker:meta c="5.74" s="26.3" />
        </extensions>
      </trkpt>
      <trkpt lat="-23.27938675" lon="144.13010713">
        <ele>278.6</ele>
        <time>2026-08-30T23:08:17Z</time>
        <extensions>
          <geotracker:meta c="5.58" s="26.19" />
        </extensions>
      </trkpt>
      <trkpt lat="-23.27767823" lon="144.12830822">
        <ele>278.46</ele>
        <time>2026-08-30T23:08:27Z</time>
        <extensions>
          <geotracker:meta c="5.44" s="26.37" />
        </extensions>
      </trkpt>
      <trkpt lat="-23.27629829" lon="144.12630249">
        <ele>278.86</ele>
        <time>2026-08-30T23:08:37Z</time>
        <extensions>
          <geotracker:meta c="5.29" s="25.34" />
        </extensions>
      </trkpt>
      <trkpt lat="-23.27514123" lon="144.12414002">
        <ele>279.99</ele>
        <time>2026-08-30T23:08:47Z</time>
        <extensions>
          <geotracker:meta c="5.22" s="25.83" />
        </extensions>
      </trkpt>
      <trkpt lat="-23.27401088" lon="144.12193057">
        <ele>281.37</ele>
        <time>2026-08-30T23:08:57Z</time>
        <extensions>
          <geotracker:meta c="5.27" s="25.75" />
        </extensions>
      </trkpt>
      <trkpt lat="-23.27252647" lon="144.11993536">
        <ele>285.28</ele>
        <time>2026-08-30T23:09:07Z</time>
        <extensions>
          <geotracker:meta c="5.49" s="26.87" />
        </extensions>
      </trkpt>
      <trkpt lat="-23.27061796" lon="144.11828789">
        <ele>284.1</ele>
        <time>2026-08-30T23:09:17Z</time>
        <extensions>
          <geotracker:meta c="5.71" s="27.2" />
        </extensions>
      </trkpt>
      <trkpt lat="-23.26850463" lon="144.11710173">
        <ele>279.31</ele>
        <time>2026-08-30T23:09:27Z</time>
        <extensions>
          <geotracker:meta c="5.85" s="26.16" />
        </extensions>
      </trkpt>
      <trkpt lat="-23.26639861" lon="144.11605703">
        <ele>282.54</ele>
        <time>2026-08-30T23:09:37Z</time>
        <extensions>
          <geotracker:meta c="5.86" s="25.03" />
        </extensions>
      </trkpt>
      <trkpt lat="-23.2643397" lon="144.11502916">
        <ele>284.15</ele>
        <time>2026-08-30T23:09:47Z</time>
        <extensions>
          <geotracker:meta c="5.85" s="25.3" />
        </extensions>
      </trkpt>
      <trkpt lat="-23.26223718" lon="144.11395663">
        <ele>281.46</ele>
        <time>2026-08-30T23:09:57Z</time>
        <extensions>
          <geotracker:meta c="5.84" s="26.21" />
        </extensions>
      </trkpt>
      <trkpt lat="-23.26002685" lon="144.11285146">
        <ele>278.34</ele>
        <time>2026-08-30T23:10:07Z</time>
        <extensions>
          <geotracker:meta c="5.86" s="26.66" />
        </extensions>
      </trkpt>
      <trkpt lat="-23.25785847" lon="144.11175417">
        <ele>276.12</ele>
        <time>2026-08-30T23:10:17Z</time>
        <extensions>
          <geotracker:meta c="5.84" s="26.93" />
        </extensions>
      </trkpt>
      <trkpt lat="-23.25563924" lon="144.11064863">
        <ele>273.88</ele>
        <time>2026-08-30T23:10:27Z</time>
        <extensions>
          <geotracker:meta c="5.85" s="26.68" />
        </extensions>
      </trkpt>
      <trkpt lat="-23.25346344" lon="144.10955848">
        <ele>269.57</ele>
        <time>2026-08-30T23:10:37Z</time>
        <extensions>
          <geotracker:meta c="5.86" s="26.34" />
        </extensions>
      </trkpt>
      <trkpt lat="-23.25131796" lon="144.10851878">
        <ele>263.49</ele>
        <time>2026-08-30T23:10:47Z</time>
        <extensions>
          <geotracker:meta c="5.92" s="26.12" />
        </extensions>
      </trkpt>
      <trkpt lat="-23.24904659" lon="144.10782636">
        <ele>262.22</ele>
        <time>2026-08-30T23:10:57Z</time>
        <extensions>
          <geotracker:meta c="6.1" s="25.89" />
        </extensions>
      </trkpt>
      <trkpt lat="-23.24674577" lon="144.10741044">
        <ele>258.81</ele>
        <time>2026-08-30T23:11:07Z</time>
        <extensions>
          <geotracker:meta c="6.13" s="25.82" />
        </extensions>
      </trkpt>
      <trkpt lat="-23.24445547" lon="144.10699674">
        <ele>257.25</ele>
        <time>2026-08-30T23:11:17Z</time>
        <extensions>
          <geotracker:meta c="6.12" s="25.55" />
        </extensions>
      </trkpt>
      <trkpt lat="-23.24215515" lon="144.10654556">
        <ele>256.93</ele>
        <time>2026-08-30T23:11:27Z</time>
        <extensions>
          <geotracker:meta c="6.1" s="25.76" />
        </extensions>
      </trkpt>
      <trkpt lat="-23.23987609" lon="144.10604831">
        <ele>254.04</ele>
        <time>2026-08-30T23:11:37Z</time>
        <extensions>
          <geotracker:meta c="6.02" s="26.19" />
        </extensions>
      </trkpt>
      <trkpt lat="-23.23767526" lon="144.10506022">
        <ele>252.76</ele>
        <time>2026-08-30T23:11:47Z</time>
        <extensions>
          <geotracker:meta c="5.79" s="26.88" />
        </extensions>
      </trkpt>
      <trkpt lat="-23.23569565" lon="144.10359918">
        <ele>251.36</ele>
        <time>2026-08-30T23:11:57Z</time>
        <extensions>
          <geotracker:meta c="5.66" s="26.03" />
        </extensions>
      </trkpt>
      <trkpt lat="-23.23382871" lon="144.10211175">
        <ele>251.63</ele>
        <time>2026-08-30T23:12:07Z</time>
        <extensions>
          <geotracker:meta c="5.64" s="25.46" />
        </extensions>
      </trkpt>
      <trkpt lat="-23.23225683" lon="144.10085004">
        <ele>252.65</ele>
        <time>2026-08-30T23:12:15Z</time>
        <extensions>
          <geotracker:meta c="5.65" s="26.33" />
        </extensions>
      </trkpt>
      <trkpt lat="-23.23040211" lon="144.09937362">
        <ele>252.52</ele>
        <time>2026-08-30T23:12:25Z</time>
        <extensions>
          <geotracker:meta c="5.65" s="26.49" />
        </extensions>
      </trkpt>
      <trkpt lat="-23.22846786" lon="144.09784537">
        <ele>252.25</ele>
        <time>2026-08-30T23:12:35Z</time>
        <extensions>
          <geotracker:meta c="5.65" s="26.63" />
        </extensions>
      </trkpt>
      <trkpt lat="-23.22651766" lon="144.09628305">
        <ele>254.68</ele>
        <time>2026-08-30T23:12:45Z</time>
        <extensions>
          <geotracker:meta c="5.65" s="27.12" />
        </extensions>
      </trkpt>
      <trkpt lat="-23.22454171" lon="144.09470797">
        <ele>253.42</ele>
        <time>2026-08-30T23:12:55Z</time>
        <extensions>
          <geotracker:meta c="5.64" s="26.11" />
        </extensions>
      </trkpt>
      <trkpt lat="-23.22271938" lon="144.09325856">
        <ele>251.73</ele>
        <time>2026-08-30T23:13:05Z</time>
        <extensions>
          <geotracker:meta c="5.65" s="24.89" />
        </extensions>
      </trkpt>
      <trkpt lat="-23.21944941" lon="144.09067649">
        <ele>248.7</ele>
        <time>2026-08-30T23:13:23Z</time>
        <extensions>
          <geotracker:meta c="5.66" s="24.77" />
        </extensions>
      </trkpt>
      <trkpt lat="-23.217777" lon="144.08909938">
        <ele>245.2</ele>
        <time>2026-08-30T23:13:33Z</time>
        <extensions>
          <geotracker:meta c="5.44" s="25.44" />
        </extensions>
      </trkpt>
      <trkpt lat="-23.21579393" lon="144.08469973">
        <ele>244.21</ele>
        <time>2026-08-30T23:13:52Z</time>
        <extensions>
          <geotracker:meta c="4.88" s="27.04" />
        </extensions>
      </trkpt>
      <trkpt lat="-23.21548818" lon="144.08238804">
        <ele>243.88</ele>
        <time>2026-08-30T23:14:01Z</time>
        <extensions>
          <geotracker:meta c="4.86" s="26.43" />
        </extensions>
      </trkpt>
      <trkpt lat="-23.21518951" lon="144.08013152">
        <ele>243.52</ele>
        <time>2026-08-30T23:14:10Z</time>
        <extensions>
          <geotracker:meta c="4.87" s="25.26" />
        </extensions>
      </trkpt>
      <trkpt lat="-23.21488854" lon="144.07769628">
        <ele>244.44</ele>
        <time>2026-08-30T23:14:20Z</time>
        <extensions>
          <geotracker:meta c="4.85" s="25.85" />
        </extensions>
      </trkpt>
      <trkpt lat="-23.21453018" lon="144.07507625">
        <ele>243.92</ele>
        <time>2026-08-30T23:14:30Z</time>
        <extensions>
          <geotracker:meta c="4.9" s="27.69" />
        </extensions>
      </trkpt>
      <trkpt lat="-23.21378323" lon="144.07278089">
        <ele>244.47</ele>
        <time>2026-08-30T23:14:39Z</time>
        <extensions>
          <geotracker:meta c="5.19" s="26.66" />
        </extensions>
      </trkpt>
      <trkpt lat="-23.21259154" lon="144.07088417">
        <ele>248.35</ele>
        <time>2026-08-30T23:14:48Z</time>
        <extensions>
          <geotracker:meta c="5.45" s="26.04" />
        </extensions>
      </trkpt>
      <trkpt lat="-23.21097418" lon="144.06938005">
        <ele>248.38</ele>
        <time>2026-08-30T23:14:57Z</time>
        <extensions>
          <geotracker:meta c="5.71" s="26.55" />
        </extensions>
      </trkpt>
      <trkpt lat="-23.20902556" lon="144.06837447">
        <ele>248.92</ele>
        <time>2026-08-30T23:15:06Z</time>
        <extensions>
          <geotracker:meta c="5.97" s="26.52" />
        </extensions>
      </trkpt>
      <trkpt lat="-23.20694175" lon="144.06792218">
        <ele>247.67</ele>
        <time>2026-08-30T23:15:15Z</time>
        <extensions>
          <geotracker:meta c="6.15" s="26.16" />
        </extensions>
      </trkpt>
      <trkpt lat="-23.2048454" lon="144.06760584">
        <ele>247.53</ele>
        <time>2026-08-30T23:15:24Z</time>
        <extensions>
          <geotracker:meta c="6.14" s="25.99" />
        </extensions>
      </trkpt>
      <trkpt lat="-23.20252506" lon="144.06725876">
        <ele>250.29</ele>
        <time>2026-08-30T23:15:34Z</time>
        <extensions>
          <geotracker:meta c="6.14" s="25.94" />
        </extensions>
      </trkpt>
      <trkpt lat="-23.19984671" lon="144.06621061">
        <ele>255.03</ele>
        <time>2026-08-30T23:15:46Z</time>
        <extensions>
          <geotracker:meta c="5.84" s="26.92" />
        </extensions>
      </trkpt>
      <trkpt lat="-23.1980139" lon="144.06497284">
        <ele>252.15</ele>
        <time>2026-08-30T23:15:55Z</time>
        <extensions>
          <geotracker:meta c="5.63" s="25.7" />
        </extensions>
      </trkpt>
      <trkpt lat="-23.19585772" lon="144.0630009">
        <ele>252.75</ele>
        <time>2026-08-30T23:16:07Z</time>
        <extensions>
          <geotracker:meta c="5.58" s="26.18" />
        </extensions>
      </trkpt>
      <trkpt lat="-23.19365905" lon="144.06098358">
        <ele>257.11</ele>
        <time>2026-08-30T23:16:19Z</time>
        <extensions>
          <geotracker:meta c="5.59" s="26.76" />
        </extensions>
      </trkpt>
      <trkpt lat="-23.18993812" lon="144.05757347">
        <ele>258.01</ele>
        <time>2026-08-30T23:16:39Z</time>
        <extensions>
          <geotracker:meta c="5.58" s="26.73" />
        </extensions>
      </trkpt>
      <trkpt lat="-23.1881152" lon="144.05591735">
        <ele>257.87</ele>
        <time>2026-08-30T23:16:49Z</time>
        <extensions>
          <geotracker:meta c="5.58" s="25.98" />
        </extensions>
      </trkpt>
      <trkpt lat="-23.18633717" lon="144.05426543">
        <ele>258.41</ele>
        <time>2026-08-30T23:16:59Z</time>
        <extensions>
          <geotracker:meta c="5.57" s="26.11" />
        </extensions>
      </trkpt>
      <trkpt lat="-23.18451868" lon="144.05257">
        <ele>257.39</ele>
        <time>2026-08-30T23:17:09Z</time>
        <extensions>
          <geotracker:meta c="5.58" s="26.98" />
        </extensions>
      </trkpt>
      <trkpt lat="-23.18266531" lon="144.05088152">
        <ele>260.87</ele>
        <time>2026-08-30T23:17:19Z</time>
        <extensions>
          <geotracker:meta c="5.58" s="26.95" />
        </extensions>
      </trkpt>
      <trkpt lat="-23.18079548" lon="144.04916829">
        <ele>258.45</ele>
        <time>2026-08-30T23:17:29Z</time>
        <extensions>
          <geotracker:meta c="5.57" s="26.8" />
        </extensions>
      </trkpt>
      <trkpt lat="-23.17899169" lon="144.04751883">
        <ele>259.39</ele>
        <time>2026-08-30T23:17:39Z</time>
        <extensions>
          <geotracker:meta c="5.59" s="25.55" />
        </extensions>
      </trkpt>
      <trkpt lat="-23.17721212" lon="144.04587827">
        <ele>262.51</ele>
        <time>2026-08-30T23:17:49Z</time>
        <extensions>
          <geotracker:meta c="5.58" s="26.19" />
        </extensions>
      </trkpt>
      <trkpt lat="-23.17537989" lon="144.04421727">
        <ele>265.29</ele>
        <time>2026-08-30T23:17:59Z</time>
        <extensions>
          <geotracker:meta c="5.57" s="26.88" />
        </extensions>
      </trkpt>
      <trkpt lat="-23.17354343" lon="144.04252472">
        <ele>267.02</ele>
        <time>2026-08-30T23:18:09Z</time>
        <extensions>
          <geotracker:meta c="5.58" s="26.41" />
        </extensions>
      </trkpt>
      <trkpt lat="-23.17170196" lon="144.04083408">
        <ele>266.12</ele>
        <time>2026-08-30T23:18:19Z</time>
        <extensions>
          <geotracker:meta c="5.58" s="26.76" />
        </extensions>
      </trkpt>
      <trkpt lat="-23.16986832" lon="144.03912239">
        <ele>269.56</ele>
        <time>2026-08-30T23:18:29Z</time>
        <extensions>
          <geotracker:meta c="5.58" s="26.9" />
        </extensions>
      </trkpt>
      <trkpt lat="-23.16800274" lon="144.03743168">
        <ele>269.76</ele>
        <time>2026-08-30T23:18:39Z</time>
        <extensions>
          <geotracker:meta c="5.59" s="26.55" />
        </extensions>
      </trkpt>
      <trkpt lat="-23.16616423" lon="144.03575412">
        <ele>270.28</ele>
        <time>2026-08-30T23:18:49Z</time>
        <extensions>
          <geotracker:meta c="5.58" s="26.7" />
        </extensions>
      </trkpt>
      <trkpt lat="-23.16432164" lon="144.03403696">
        <ele>267.69</ele>
        <time>2026-08-30T23:18:59Z</time>
        <extensions>
          <geotracker:meta c="5.58" s="27.26" />
        </extensions>
      </trkpt>
      <trkpt lat="-23.16242904" lon="144.03232822">
        <ele>269.61</ele>
        <time>2026-08-30T23:19:09Z</time>
        <extensions>
          <geotracker:meta c="5.59" s="27" />
        </extensions>
      </trkpt>
      <trkpt lat="-23.16053977" lon="144.03059393">
        <ele>270.86</ele>
        <time>2026-08-30T23:19:19Z</time>
        <extensions>
          <geotracker:meta c="5.59" s="27.66" />
        </extensions>
      </trkpt>
      <trkpt lat="-23.15864871" lon="144.02884813">
        <ele>268.4</ele>
        <time>2026-08-30T23:19:29Z</time>
        <extensions>
          <geotracker:meta c="5.56" s="27.3" />
        </extensions>
      </trkpt>
      <trkpt lat="-23.15679623" lon="144.02716995">
        <ele>269.23</ele>
        <time>2026-08-30T23:19:39Z</time>
        <extensions>
          <geotracker:meta c="5.58" s="27.12" />
        </extensions>
      </trkpt>
      <trkpt lat="-23.15491794" lon="144.02543813">
        <ele>270.44</ele>
        <time>2026-08-30T23:19:49Z</time>
        <extensions>
          <geotracker:meta c="5.57" s="27.32" />
        </extensions>
      </trkpt>
      <trkpt lat="-23.15303585" lon="144.02371916">
        <ele>267.73</ele>
        <time>2026-08-30T23:19:59Z</time>
        <extensions>
          <geotracker:meta c="5.58" s="27.18" />
        </extensions>
      </trkpt>
      <trkpt lat="-23.1511631" lon="144.02199253">
        <ele>266.61</ele>
        <time>2026-08-30T23:20:09Z</time>
        <extensions>
          <geotracker:meta c="5.58" s="26.99" />
        </extensions>
      </trkpt>
      <trkpt lat="-23.14933357" lon="144.02029949">
        <ele>267.94</ele>
        <time>2026-08-30T23:20:19Z</time>
        <extensions>
          <geotracker:meta c="5.58" s="26.52" />
        </extensions>
      </trkpt>
      <trkpt lat="-23.14750059" lon="144.018632">
        <ele>271.6</ele>
        <time>2026-08-30T23:20:29Z</time>
        <extensions>
          <geotracker:meta c="5.58" s="26.61" />
        </extensions>
      </trkpt>
      <trkpt lat="-23.1456568" lon="144.01692058">
        <ele>275.04</ele>
        <time>2026-08-30T23:20:39Z</time>
        <extensions>
          <geotracker:meta c="5.57" s="27.51" />
        </extensions>
      </trkpt>
      <trkpt lat="-23.1437672" lon="144.01519159">
        <ele>274.04</ele>
        <time>2026-08-30T23:20:49Z</time>
        <extensions>
          <geotracker:meta c="5.57" s="26.8" />
        </extensions>
      </trkpt>
      <trkpt lat="-23.1419419" lon="144.01350724">
        <ele>271.07</ele>
        <time>2026-08-30T23:20:59Z</time>
        <extensions>
          <geotracker:meta c="5.57" s="26.87" />
        </extensions>
      </trkpt>
      <trkpt lat="-23.14008444" lon="144.01181263">
        <ele>273.93</ele>
        <time>2026-08-30T23:21:09Z</time>
        <extensions>
          <geotracker:meta c="5.59" s="26.91" />
        </extensions>
      </trkpt>
      <trkpt lat="-23.13825337" lon="144.01013532">
        <ele>273.12</ele>
        <time>2026-08-30T23:21:19Z</time>
        <extensions>
          <geotracker:meta c="5.58" s="26.53" />
        </extensions>
      </trkpt>
      <trkpt lat="-23.1364352" lon="144.00844685">
        <ele>272.95</ele>
        <time>2026-08-30T23:21:29Z</time>
        <extensions>
          <geotracker:meta c="5.58" s="26.51" />
        </extensions>
      </trkpt>
      <trkpt lat="-23.13478573" lon="144.00693142">
        <ele>273.41</ele>
        <time>2026-08-30T23:21:38Z</time>
        <extensions>
          <geotracker:meta c="5.58" s="26.61" />
        </extensions>
      </trkpt>
      <trkpt lat="-23.13277518" lon="144.00508035">
        <ele>276.33</ele>
        <time>2026-08-30T23:21:49Z</time>
        <extensions>
          <geotracker:meta c="5.56" s="26.68" />
        </extensions>
      </trkpt>
      <trkpt lat="-23.13110515" lon="144.00354603">
        <ele>277.13</ele>
        <time>2026-08-30T23:21:58Z</time>
        <extensions>
          <geotracker:meta c="5.63" s="26.84" />
        </extensions>
      </trkpt>
      <trkpt lat="-23.12893091" lon="144.00155047">
        <ele>276.32</ele>
        <time>2026-08-30T23:22:10Z</time>
        <extensions>
          <geotracker:meta c="5.58" s="26.42" />
        </extensions>
      </trkpt>
      <trkpt lat="-23.12706497" lon="143.99984899">
        <ele>275.91</ele>
        <time>2026-08-30T23:22:20Z</time>
        <extensions>
          <geotracker:meta c="5.59" s="27.36" />
        </extensions>
      </trkpt>
      <trkpt lat="-23.12521303" lon="143.99814248">
        <ele>273.17</ele>
        <time>2026-08-30T23:22:30Z</time>
        <extensions>
          <geotracker:meta c="5.63" s="26.75" />
        </extensions>
      </trkpt>
      <trkpt lat="-23.12334791" lon="143.99643935">
        <ele>272.74</ele>
        <time>2026-08-30T23:22:40Z</time>
        <extensions>
          <geotracker:meta c="5.57" s="26.86" />
        </extensions>
      </trkpt>
      <trkpt lat="-23.12148973" lon="143.99474856">
        <ele>279.12</ele>
        <time>2026-08-30T23:22:50Z</time>
        <extensions>
          <geotracker:meta c="5.59" s="27.45" />
        </extensions>
      </trkpt>
      <trkpt lat="-23.11955796" lon="143.99306">
        <ele>281.04</ele>
        <time>2026-08-30T23:23:00Z</time>
        <extensions>
          <geotracker:meta c="5.59" s="27.6" />
        </extensions>
      </trkpt>
      <trkpt lat="-23.1171619" lon="143.99080263">
        <ele>282.44</ele>
        <time>2026-08-30T23:23:13Z</time>
        <extensions>
          <geotracker:meta c="5.58" s="26.74" />
        </extensions>
      </trkpt>
      <trkpt lat="-23.11361424" lon="143.98755565">
        <ele>285.05</ele>
        <time>2026-08-30T23:23:32Z</time>
        <extensions>
          <geotracker:meta c="5.58" s="26.9" />
        </extensions>
      </trkpt>
      <trkpt lat="-23.11175873" lon="143.9858503">
        <ele>282.66</ele>
        <time>2026-08-30T23:23:42Z</time>
        <extensions>
          <geotracker:meta c="5.57" s="27.2" />
        </extensions>
      </trkpt>
      <trkpt lat="-23.1099559" lon="143.9841362">
        <ele>282.23</ele>
        <time>2026-08-30T23:23:52Z</time>
        <extensions>
          <geotracker:meta c="5.55" s="26.24" />
        </extensions>
      </trkpt>
      <trkpt lat="-23.10827164" lon="143.98237061">
        <ele>281.85</ele>
        <time>2026-08-30T23:24:02Z</time>
        <extensions>
          <geotracker:meta c="5.51" s="26.23" />
        </extensions>
      </trkpt>
      <trkpt lat="-23.10638632" lon="143.98073755">
        <ele>283.94</ele>
        <time>2026-08-30T23:24:12Z</time>
        <extensions>
          <geotracker:meta c="5.66" s="27.4" />
        </extensions>
      </trkpt>
      <trkpt lat="-23.1044433" lon="143.97915384">
        <ele>283.03</ele>
        <time>2026-08-30T23:24:22Z</time>
        <extensions>
          <geotracker:meta c="5.59" s="26.61" />
        </extensions>
      </trkpt>
      <trkpt lat="-23.10257986" lon="143.97744105">
        <ele>279.94</ele>
        <time>2026-08-30T23:24:32Z</time>
        <extensions>
          <geotracker:meta c="5.58" s="27.34" />
        </extensions>
      </trkpt>
      <trkpt lat="-23.10066831" lon="143.97569726">
        <ele>277.17</ele>
        <time>2026-08-30T23:24:42Z</time>
        <extensions>
          <geotracker:meta c="5.59" s="27.19" />
        </extensions>
      </trkpt>
      <trkpt lat="-23.0989003" lon="143.97409122">
        <ele>280.24</ele>
        <time>2026-08-30T23:24:52Z</time>
        <extensions>
          <geotracker:meta c="5.58" s="24.78" />
        </extensions>
      </trkpt>
      <trkpt lat="-23.09718373" lon="143.97250291">
        <ele>278.28</ele>
        <time>2026-08-30T23:25:02Z</time>
        <extensions>
          <geotracker:meta c="5.58" s="25.54" />
        </extensions>
      </trkpt>
      <trkpt lat="-23.09540061" lon="143.97086597">
        <ele>281.6</ele>
        <time>2026-08-30T23:25:12Z</time>
        <extensions>
          <geotracker:meta c="5.58" s="26.46" />
        </extensions>
      </trkpt>
      <trkpt lat="-23.09358517" lon="143.96917856">
        <ele>282.6</ele>
        <time>2026-08-30T23:25:22Z</time>
        <extensions>
          <geotracker:meta c="5.56" s="25.78" />
        </extensions>
      </trkpt>
      <trkpt lat="-23.09180391" lon="143.96754465">
        <ele>285.43</ele>
        <time>2026-08-30T23:25:32Z</time>
        <extensions>
          <geotracker:meta c="5.6" s="26.15" />
        </extensions>
      </trkpt>
      <trkpt lat="-23.08997335" lon="143.9658852">
        <ele>281.43</ele>
        <time>2026-08-30T23:25:42Z</time>
        <extensions>
          <geotracker:meta c="5.59" s="26.79" />
        </extensions>
      </trkpt>
      <trkpt lat="-23.0881195" lon="143.96417318">
        <ele>282.46</ele>
        <time>2026-08-30T23:25:52Z</time>
        <extensions>
          <geotracker:meta c="5.59" s="27.09" />
        </extensions>
      </trkpt>
      <trkpt lat="-23.08621678" lon="143.96244289">
        <ele>282.24</ele>
        <time>2026-08-30T23:26:02Z</time>
        <extensions>
          <geotracker:meta c="5.58" s="27.87" />
        </extensions>
      </trkpt>
      <trkpt lat="-23.08441938" lon="143.96078425">
        <ele>280.21</ele>
        <time>2026-08-30T23:26:12Z</time>
        <extensions>
          <geotracker:meta c="5.59" s="25.45" />
        </extensions>
      </trkpt>
      <trkpt lat="-23.08265253" lon="143.95915655">
        <ele>279.89</ele>
        <time>2026-08-30T23:26:22Z</time>
        <extensions>
          <geotracker:meta c="5.57" s="26.32" />
        </extensions>
      </trkpt>
      <trkpt lat="-23.08082052" lon="143.95748846">
        <ele>279.34</ele>
        <time>2026-08-30T23:26:32Z</time>
        <extensions>
          <geotracker:meta c="5.57" s="26.66" />
        </extensions>
      </trkpt>
      <trkpt lat="-23.07897162" lon="143.95579595">
        <ele>281.55</ele>
        <time>2026-08-30T23:26:42Z</time>
        <extensions>
          <geotracker:meta c="5.59" s="26.88" />
        </extensions>
      </trkpt>
      <trkpt lat="-23.07717238" lon="143.95414272">
        <ele>283.27</ele>
        <time>2026-08-30T23:26:52Z</time>
        <extensions>
          <geotracker:meta c="5.59" s="25.96" />
        </extensions>
      </trkpt>
      <trkpt lat="-23.07536066" lon="143.95247905">
        <ele>283.61</ele>
        <time>2026-08-30T23:27:02Z</time>
        <extensions>
          <geotracker:meta c="5.58" s="26.39" />
        </extensions>
      </trkpt>
      <trkpt lat="-23.0735295" lon="143.95079627">
        <ele>283.15</ele>
        <time>2026-08-30T23:27:12Z</time>
        <extensions>
          <geotracker:meta c="5.58" s="26.82" />
        </extensions>
      </trkpt>
      <trkpt lat="-23.07270869" lon="143.95005243">
        <ele>283.45</ele>
        <time>2026-08-30T23:27:16Z</time>
        <extensions>
          <geotracker:meta c="5.58" s="27.2" />
        </extensions>
      </trkpt>
      <trkpt lat="-23.07093197" lon="143.94843643">
        <ele>284.56</ele>
        <time>2026-08-30T23:27:26Z</time>
        <extensions>
          <geotracker:meta c="5.58" s="26.39" />
        </extensions>
      </trkpt>
      <trkpt lat="-23.0691026" lon="143.94676629">
        <ele>286.13</ele>
        <time>2026-08-30T23:27:36Z</time>
        <extensions>
          <geotracker:meta c="5.58" s="26.82" />
        </extensions>
      </trkpt>
      <trkpt lat="-23.06729518" lon="143.94510548">
        <ele>285.44</ele>
        <time>2026-08-30T23:27:46Z</time>
        <extensions>
          <geotracker:meta c="5.58" s="26.06" />
        </extensions>
      </trkpt>
      <trkpt lat="-23.06547005" lon="143.9434414">
        <ele>282.32</ele>
        <time>2026-08-30T23:27:56Z</time>
        <extensions>
          <geotracker:meta c="5.57" s="26.66" />
        </extensions>
      </trkpt>
      <trkpt lat="-23.06359784" lon="143.94172549">
        <ele>281.66</ele>
        <time>2026-08-30T23:28:06Z</time>
        <extensions>
          <geotracker:meta c="5.58" s="26.71" />
        </extensions>
      </trkpt>
      <trkpt lat="-23.06177678" lon="143.9400579">
        <ele>281.2</ele>
        <time>2026-08-30T23:28:16Z</time>
        <extensions>
          <geotracker:meta c="5.58" s="26.36" />
        </extensions>
      </trkpt>
      <trkpt lat="-23.05998145" lon="143.9384021">
        <ele>282.06</ele>
        <time>2026-08-30T23:28:26Z</time>
        <extensions>
          <geotracker:meta c="5.58" s="26.3" />
        </extensions>
      </trkpt>
      <trkpt lat="-23.05813515" lon="143.93670465">
        <ele>284.67</ele>
        <time>2026-08-30T23:28:36Z</time>
        <extensions>
          <geotracker:meta c="5.57" s="27.2" />
        </extensions>
      </trkpt>
      <trkpt lat="-23.05624605" lon="143.93497942">
        <ele>285.97</ele>
        <time>2026-08-30T23:28:46Z</time>
        <extensions>
          <geotracker:meta c="5.58" s="27.04" />
        </extensions>
      </trkpt>
      <trkpt lat="-23.05442452" lon="143.93328228">
        <ele>283.09</ele>
        <time>2026-08-30T23:28:56Z</time>
        <extensions>
          <geotracker:meta c="5.58" s="26.81" />
        </extensions>
      </trkpt>
      <trkpt lat="-23.05254255" lon="143.93159763">
        <ele>280.74</ele>
        <time>2026-08-30T23:29:06Z</time>
        <extensions>
          <geotracker:meta c="5.58" s="27.29" />
        </extensions>
      </trkpt>
      <trkpt lat="-23.05067079" lon="143.92986648">
        <ele>277.39</ele>
        <time>2026-08-30T23:29:16Z</time>
        <extensions>
          <geotracker:meta c="5.58" s="26.85" />
        </extensions>
      </trkpt>
      <trkpt lat="-23.04881608" lon="143.92817522">
        <ele>282.54</ele>
        <time>2026-08-30T23:29:26Z</time>
        <extensions>
          <geotracker:meta c="5.58" s="26.89" />
        </extensions>
      </trkpt>
      <trkpt lat="-23.0469927" lon="143.92652189">
        <ele>285.63</ele>
        <time>2026-08-30T23:29:36Z</time>
        <extensions>
          <geotracker:meta c="5.58" s="26.37" />
        </extensions>
      </trkpt>
      <trkpt lat="-23.04516518" lon="143.92483424">
        <ele>287.55</ele>
        <time>2026-08-30T23:29:46Z</time>
        <extensions>
          <geotracker:meta c="5.59" s="27.09" />
        </extensions>
      </trkpt>
      <trkpt lat="-23.04333847" lon="143.92315047">
        <ele>285.02</ele>
        <time>2026-08-30T23:29:56Z</time>
        <extensions>
          <geotracker:meta c="5.58" s="26.69" />
        </extensions>
      </trkpt>
      <trkpt lat="-23.04149084" lon="143.92144909">
        <ele>284.81</ele>
        <time>2026-08-30T23:30:06Z</time>
        <extensions>
          <geotracker:meta c="5.57" s="26.65" />
        </extensions>
      </trkpt>
      <trkpt lat="-23.03965429" lon="143.91979191">
        <ele>286.8</ele>
        <time>2026-08-30T23:30:16Z</time>
        <extensions>
          <geotracker:meta c="5.58" s="26.4" />
        </extensions>
      </trkpt>
      <trkpt lat="-23.03778956" lon="143.9180961">
        <ele>290.24</ele>
        <time>2026-08-30T23:30:26Z</time>
        <extensions>
          <geotracker:meta c="5.58" s="27.4" />
        </extensions>
      </trkpt>
      <trkpt lat="-23.035972" lon="143.91640578">
        <ele>288.05</ele>
        <time>2026-08-30T23:30:36Z</time>
        <extensions>
          <geotracker:meta c="5.58" s="25.56" />
        </extensions>
      </trkpt>
      <trkpt lat="-23.03421065" lon="143.91480173">
        <ele>288.55</ele>
        <time>2026-08-30T23:30:46Z</time>
        <extensions>
          <geotracker:meta c="5.58" s="25.39" />
        </extensions>
      </trkpt>
      <trkpt lat="-23.03245061" lon="143.91319144">
        <ele>287.94</ele>
        <time>2026-08-30T23:30:56Z</time>
        <extensions>
          <geotracker:meta c="5.58" s="25.59" />
        </extensions>
      </trkpt>
      <trkpt lat="-23.03066607" lon="143.91153728">
        <ele>286.86</ele>
        <time>2026-08-30T23:31:06Z</time>
        <extensions>
          <geotracker:meta c="5.59" s="26.62" />
        </extensions>
      </trkpt>
      <trkpt lat="-23.02883518" lon="143.90988193">
        <ele>286.62</ele>
        <time>2026-08-30T23:31:16Z</time>
        <extensions>
          <geotracker:meta c="5.58" s="26.1" />
        </extensions>
      </trkpt>
      <trkpt lat="-23.02700471" lon="143.90822348">
        <ele>288.08</ele>
        <time>2026-08-30T23:31:26Z</time>
        <extensions>
          <geotracker:meta c="5.59" s="26.53" />
        </extensions>
      </trkpt>
      <trkpt lat="-23.02518763" lon="143.90652404">
        <ele>287.45</ele>
        <time>2026-08-30T23:31:36Z</time>
        <extensions>
          <geotracker:meta c="5.58" s="26.64" />
        </extensions>
      </trkpt>
      <trkpt lat="-23.0233171" lon="143.90482862">
        <ele>284.63</ele>
        <time>2026-08-30T23:31:46Z</time>
        <extensions>
          <geotracker:meta c="5.58" s="26.71" />
        </extensions>
      </trkpt>
      <trkpt lat="-23.02148844" lon="143.90316172">
        <ele>287.75</ele>
        <time>2026-08-30T23:31:56Z</time>
        <extensions>
          <geotracker:meta c="5.58" s="26.77" />
        </extensions>
      </trkpt>
      <trkpt lat="-23.01962473" lon="143.9014569">
        <ele>288.29</ele>
        <time>2026-08-30T23:32:06Z</time>
        <extensions>
          <geotracker:meta c="5.59" s="27.21" />
        </extensions>
      </trkpt>
      <trkpt lat="-23.01778565" lon="143.89978775">
        <ele>287.35</ele>
        <time>2026-08-30T23:32:16Z</time>
        <extensions>
          <geotracker:meta c="5.57" s="26.47" />
        </extensions>
      </trkpt>
      <trkpt lat="-23.01595162" lon="143.89811827">
        <ele>291.75</ele>
        <time>2026-08-30T23:32:26Z</time>
        <extensions>
          <geotracker:meta c="5.58" s="27" />
        </extensions>
      </trkpt>
      <trkpt lat="-23.01406463" lon="143.8963724">
        <ele>289.05</ele>
        <time>2026-08-30T23:32:36Z</time>
        <extensions>
          <geotracker:meta c="5.58" s="27.59" />
        </extensions>
      </trkpt>
      <trkpt lat="-23.01225006" lon="143.8947277">
        <ele>287.03</ele>
        <time>2026-08-30T23:32:46Z</time>
        <extensions>
          <geotracker:meta c="5.57" s="25.62" />
        </extensions>
      </trkpt>
      <trkpt lat="-23.0104865" lon="143.89312348">
        <ele>285.92</ele>
        <time>2026-08-30T23:32:56Z</time>
        <extensions>
          <geotracker:meta c="5.58" s="25.36" />
        </extensions>
      </trkpt>
      <trkpt lat="-23.00873945" lon="143.89151208">
        <ele>288.54</ele>
        <time>2026-08-30T23:33:06Z</time>
        <extensions>
          <geotracker:meta c="5.58" s="25.74" />
        </extensions>
      </trkpt>
      <trkpt lat="-23.00694457" lon="143.88986042">
        <ele>290.28</ele>
        <time>2026-08-30T23:33:16Z</time>
        <extensions>
          <geotracker:meta c="5.58" s="26.02" />
        </extensions>
      </trkpt>
      <trkpt lat="-23.00517366" lon="143.88822792">
        <ele>291.74</ele>
        <time>2026-08-30T23:33:26Z</time>
        <extensions>
          <geotracker:meta c="5.58" s="25.96" />
        </extensions>
      </trkpt>
      <trkpt lat="-23.00337157" lon="143.88657779">
        <ele>295.14</ele>
        <time>2026-08-30T23:33:36Z</time>
        <extensions>
          <geotracker:meta c="5.59" s="26.09" />
        </extensions>
      </trkpt>
      <trkpt lat="-23.00158639" lon="143.88495161">
        <ele>298.95</ele>
        <time>2026-08-30T23:33:46Z</time>
        <extensions>
          <geotracker:meta c="5.59" s="26.43" />
        </extensions>
      </trkpt>
      <trkpt lat="-22.9997348" lon="143.88325847">
        <ele>301.24</ele>
        <time>2026-08-30T23:33:56Z</time>
        <extensions>
          <geotracker:meta c="5.58" s="26.93" />
        </extensions>
      </trkpt>
      <trkpt lat="-22.99789223" lon="143.88155726">
        <ele>294.79</ele>
        <time>2026-08-30T23:34:06Z</time>
        <extensions>
          <geotracker:meta c="5.59" s="27.01" />
        </extensions>
      </trkpt>
      <trkpt lat="-22.9960201" lon="143.87985469">
        <ele>298.57</ele>
        <time>2026-08-30T23:34:16Z</time>
        <extensions>
          <geotracker:meta c="5.59" s="26.87" />
        </extensions>
      </trkpt>
      <trkpt lat="-22.99416713" lon="143.87815375">
        <ele>298.37</ele>
        <time>2026-08-30T23:34:26Z</time>
        <extensions>
          <geotracker:meta c="5.58" s="27.54" />
        </extensions>
      </trkpt>
      <trkpt lat="-22.99227809" lon="143.87642152">
        <ele>292.84</ele>
        <time>2026-08-30T23:34:36Z</time>
        <extensions>
          <geotracker:meta c="5.58" s="25.76" />
        </extensions>
      </trkpt>
      <trkpt lat="-22.99053293" lon="143.87485822">
        <ele>296.6</ele>
        <time>2026-08-30T23:34:46Z</time>
        <extensions>
          <geotracker:meta c="5.58" s="25.12" />
        </extensions>
      </trkpt>
      <trkpt lat="-22.98880946" lon="143.87326383">
        <ele>299.93</ele>
        <time>2026-08-30T23:34:56Z</time>
        <extensions>
          <geotracker:meta c="5.58" s="25.79" />
        </extensions>
      </trkpt>
      <trkpt lat="-22.98708999" lon="143.87149542">
        <ele>298.23</ele>
        <time>2026-08-30T23:35:06Z</time>
        <extensions>
          <geotracker:meta c="5.45" s="26.07" />
        </extensions>
      </trkpt>
      <trkpt lat="-22.98566294" lon="143.86946418">
        <ele>300.64</ele>
        <time>2026-08-30T23:35:16Z</time>
        <extensions>
          <geotracker:meta c="5.28" s="26.73" />
        </extensions>
      </trkpt>
      <trkpt lat="-22.98440432" lon="143.86720394">
        <ele>299.66</ele>
        <time>2026-08-30T23:35:26Z</time>
        <extensions>
          <geotracker:meta c="5.27" s="27.11" />
        </extensions>
      </trkpt>
      <trkpt lat="-22.9829064" lon="143.86514323">
        <ele>299.49</ele>
        <time>2026-08-30T23:35:36Z</time>
        <extensions>
          <geotracker:meta c="5.45" s="26.85" />
        </extensions>
      </trkpt>
      <trkpt lat="-22.98110724" lon="143.86334067">
        <ele>297.8</ele>
        <time>2026-08-30T23:35:46Z</time>
        <extensions>
          <geotracker:meta c="5.6" s="26.86" />
        </extensions>
      </trkpt>
      <trkpt lat="-22.97927585" lon="143.86176012">
        <ele>294.33</ele>
        <time>2026-08-30T23:35:56Z</time>
        <extensions>
          <geotracker:meta c="5.65" s="25.87" />
        </extensions>
      </trkpt>
      <trkpt lat="-22.97729088" lon="143.86045707">
        <ele>297.57</ele>
        <time>2026-08-30T23:36:06Z</time>
        <extensions>
          <geotracker:meta c="5.81" s="25.6" />
        </extensions>
      </trkpt>
      <trkpt lat="-22.97514193" lon="143.85949286">
        <ele>297.09</ele>
        <time>2026-08-30T23:36:16Z</time>
        <extensions>
          <geotracker:meta c="5.91" s="26.08" />
        </extensions>
      </trkpt>
      <trkpt lat="-22.97296885" lon="143.85839766">
        <ele>298.35</ele>
        <time>2026-08-30T23:36:26Z</time>
        <extensions>
          <geotracker:meta c="5.77" s="26.76" />
        </extensions>
      </trkpt>
      <trkpt lat="-22.97098902" lon="143.85691059">
        <ele>294.14</ele>
        <time>2026-08-30T23:36:36Z</time>
        <extensions>
          <geotracker:meta c="5.59" s="26.9" />
        </extensions>
      </trkpt>
      <trkpt lat="-22.96911924" lon="143.85521101">
        <ele>293.55</ele>
        <time>2026-08-30T23:36:46Z</time>
        <extensions>
          <geotracker:meta c="5.58" s="27.2" />
        </extensions>
      </trkpt>
      <trkpt lat="-22.96724223" lon="143.85349744">
        <ele>297.41</ele>
        <time>2026-08-30T23:36:56Z</time>
        <extensions>
          <geotracker:meta c="5.58" s="27.26" />
        </extensions>
      </trkpt>
      <trkpt lat="-22.96537115" lon="143.85177106">
        <ele>297.1</ele>
        <time>2026-08-30T23:37:06Z</time>
        <extensions>
          <geotracker:meta c="5.59" s="26.87" />
        </extensions>
      </trkpt>
      <trkpt lat="-22.96353437" lon="143.85008435">
        <ele>295.71</ele>
        <time>2026-08-30T23:37:16Z</time>
        <extensions>
          <geotracker:meta c="5.57" s="26.85" />
        </extensions>
      </trkpt>
      <trkpt lat="-22.96166751" lon="143.84836497">
        <ele>291.36</ele>
        <time>2026-08-30T23:37:26Z</time>
        <extensions>
          <geotracker:meta c="5.58" s="27.4" />
        </extensions>
      </trkpt>
      <trkpt lat="-22.95978062" lon="143.84667011">
        <ele>292.51</ele>
        <time>2026-08-30T23:37:36Z</time>
        <extensions>
          <geotracker:meta c="5.58" s="26.88" />
        </extensions>
      </trkpt>
      <trkpt lat="-22.95794112" lon="143.84497295">
        <ele>293.47</ele>
        <time>2026-08-30T23:37:46Z</time>
        <extensions>
          <geotracker:meta c="5.58" s="27.03" />
        </extensions>
      </trkpt>
      <trkpt lat="-22.9560754" lon="143.84327086">
        <ele>292.29</ele>
        <time>2026-08-30T23:37:56Z</time>
        <extensions>
          <geotracker:meta c="5.59" s="26.51" />
        </extensions>
      </trkpt>
      <trkpt lat="-22.95423143" lon="143.84158851">
        <ele>290.31</ele>
        <time>2026-08-30T23:38:06Z</time>
        <extensions>
          <geotracker:meta c="5.58" s="26.66" />
        </extensions>
      </trkpt>
      <trkpt lat="-22.95245198" lon="143.83993933">
        <ele>287.86</ele>
        <time>2026-08-30T23:38:16Z</time>
        <extensions>
          <geotracker:meta c="5.58" s="25.92" />
        </extensions>
      </trkpt>
      <trkpt lat="-22.95066181" lon="143.83830858">
        <ele>290.18</ele>
        <time>2026-08-30T23:38:26Z</time>
        <extensions>
          <geotracker:meta c="5.58" s="25.88" />
        </extensions>
      </trkpt>
      <trkpt lat="-22.94885799" lon="143.83664099">
        <ele>286.86</ele>
        <time>2026-08-30T23:38:36Z</time>
        <extensions>
          <geotracker:meta c="5.58" s="26.57" />
        </extensions>
      </trkpt>
      <trkpt lat="-22.94699972" lon="143.83496971">
        <ele>286.08</ele>
        <time>2026-08-30T23:38:46Z</time>
        <extensions>
          <geotracker:meta c="5.58" s="26.39" />
        </extensions>
      </trkpt>
      <trkpt lat="-22.94519121" lon="143.83328663">
        <ele>284.96</ele>
        <time>2026-08-30T23:38:56Z</time>
        <extensions>
          <geotracker:meta c="5.58" s="26.45" />
        </extensions>
      </trkpt>
      <trkpt lat="-22.94335711" lon="143.83162567">
        <ele>285.24</ele>
        <time>2026-08-30T23:39:06Z</time>
        <extensions>
          <geotracker:meta c="5.58" s="26.6" />
        </extensions>
      </trkpt>
      <trkpt lat="-22.94150877" lon="143.8299314">
        <ele>281.99</ele>
        <time>2026-08-30T23:39:16Z</time>
        <extensions>
          <geotracker:meta c="5.59" s="27.04" />
        </extensions>
      </trkpt>
      <trkpt lat="-22.93965088" lon="143.82824696">
        <ele>282.45</ele>
        <time>2026-08-30T23:39:26Z</time>
        <extensions>
          <geotracker:meta c="5.58" s="26.94" />
        </extensions>
      </trkpt>
      <trkpt lat="-22.93780167" lon="143.82654887">
        <ele>280.97</ele>
        <time>2026-08-30T23:39:36Z</time>
        <extensions>
          <geotracker:meta c="5.58" s="26.71" />
        </extensions>
      </trkpt>
      <trkpt lat="-22.93591701" lon="143.82483469">
        <ele>283.45</ele>
        <time>2026-08-30T23:39:46Z</time>
        <extensions>
          <geotracker:meta c="5.58" s="27.46" />
        </extensions>
      </trkpt>
      <trkpt lat="-22.93405135" lon="143.82310846">
        <ele>285.43</ele>
        <time>2026-08-30T23:39:56Z</time>
        <extensions>
          <geotracker:meta c="5.59" s="26.59" />
        </extensions>
      </trkpt>
      <trkpt lat="-22.93223097" lon="143.82144451">
        <ele>281.21</ele>
        <time>2026-08-30T23:40:06Z</time>
        <extensions>
          <geotracker:meta c="5.58" s="26.61" />
        </extensions>
      </trkpt>
      <trkpt lat="-22.93008705" lon="143.8194904">
        <ele>278</ele>
        <time>2026-08-30T23:40:18Z</time>
        <extensions>
          <geotracker:meta c="5.58" s="25.69" />
        </extensions>
      </trkpt>
      <trkpt lat="-22.928454" lon="143.81799409">
        <ele>278.17</ele>
        <time>2026-08-30T23:40:27Z</time>
        <extensions>
          <geotracker:meta c="5.58" s="27.01" />
        </extensions>
      </trkpt>
      <trkpt lat="-22.92676764" lon="143.81645206">
        <ele>278.09</ele>
        <time>2026-08-30T23:40:36Z</time>
        <extensions>
          <geotracker:meta c="5.61" s="27.17" />
        </extensions>
      </trkpt>
      <trkpt lat="-22.92510194" lon="143.81492749">
        <ele>278.72</ele>
        <time>2026-08-30T23:40:45Z</time>
        <extensions>
          <geotracker:meta c="5.61" s="26.74" />
        </extensions>
      </trkpt>
      <trkpt lat="-22.92309719" lon="143.81308929">
        <ele>280.21</ele>
        <time>2026-08-30T23:40:56Z</time>
        <extensions>
          <geotracker:meta c="5.58" s="26.35" />
        </extensions>
      </trkpt>
      <trkpt lat="-22.92086089" lon="143.81105385">
        <ele>280.57</ele>
        <time>2026-08-30T23:41:08Z</time>
        <extensions>
          <geotracker:meta c="5.58" s="27.09" />
        </extensions>
      </trkpt>
      <trkpt lat="-22.91733029" lon="143.80782057">
        <ele>284.54</ele>
        <time>2026-08-30T23:41:27Z</time>
        <extensions>
          <geotracker:meta c="5.55" s="27.01" />
        </extensions>
      </trkpt>
      <trkpt lat="-22.91530843" lon="143.80598077">
        <ele>286.18</ele>
        <time>2026-08-30T23:41:38Z</time>
        <extensions>
          <geotracker:meta c="5.58" s="26.72" />
        </extensions>
      </trkpt>
      <trkpt lat="-22.91346284" lon="143.80430021">
        <ele>282.19</ele>
        <time>2026-08-30T23:41:48Z</time>
        <extensions>
          <geotracker:meta c="5.58" s="26.68" />
        </extensions>
      </trkpt>
      <trkpt lat="-22.91164514" lon="143.80264134">
        <ele>280.98</ele>
        <time>2026-08-30T23:41:58Z</time>
        <extensions>
          <geotracker:meta c="5.59" s="26.26" />
        </extensions>
      </trkpt>
      <trkpt lat="-22.9098366" lon="143.80098711">
        <ele>278.52</ele>
        <time>2026-08-30T23:42:08Z</time>
        <extensions>
          <geotracker:meta c="5.58" s="26.04" />
        </extensions>
      </trkpt>
      <trkpt lat="-22.90803826" lon="143.79935532">
        <ele>277.57</ele>
        <time>2026-08-30T23:42:18Z</time>
        <extensions>
          <geotracker:meta c="5.59" s="26.39" />
        </extensions>
      </trkpt>
      <trkpt lat="-22.90648542" lon="143.79792222">
        <ele>277.49</ele>
        <time>2026-08-30T23:42:26Z</time>
        <extensions>
          <geotracker:meta c="5.58" s="27.38" />
        </extensions>
      </trkpt>
      <trkpt lat="-22.90450906" lon="143.79611152">
        <ele>276.77</ele>
        <time>2026-08-30T23:42:37Z</time>
        <extensions>
          <geotracker:meta c="5.58" s="27.01" />
        </extensions>
      </trkpt>
      <trkpt lat="-22.90263999" lon="143.79441168">
        <ele>278.48</ele>
        <time>2026-08-30T23:42:47Z</time>
        <extensions>
          <geotracker:meta c="5.58" s="26.9" />
        </extensions>
      </trkpt>
      <trkpt lat="-22.900776" lon="143.79270821">
        <ele>279.74</ele>
        <time>2026-08-30T23:42:57Z</time>
        <extensions>
          <geotracker:meta c="5.58" s="27.3" />
        </extensions>
      </trkpt>
      <trkpt lat="-22.89896228" lon="143.79104584">
        <ele>277.82</ele>
        <time>2026-08-30T23:43:07Z</time>
        <extensions>
          <geotracker:meta c="5.58" s="26" />
        </extensions>
      </trkpt>
      <trkpt lat="-22.89717367" lon="143.78941744">
        <ele>276.05</ele>
        <time>2026-08-30T23:43:17Z</time>
        <extensions>
          <geotracker:meta c="5.58" s="25.7" />
        </extensions>
      </trkpt>
      <trkpt lat="-22.895367" lon="143.78775561">
        <ele>273.08</ele>
        <time>2026-08-30T23:43:27Z</time>
        <extensions>
          <geotracker:meta c="5.58" s="26.76" />
        </extensions>
      </trkpt>
      <trkpt lat="-22.89350239" lon="143.78606132">
        <ele>271.51</ele>
        <time>2026-08-30T23:43:37Z</time>
        <extensions>
          <geotracker:meta c="5.58" s="27.02" />
        </extensions>
      </trkpt>
      <trkpt lat="-22.8916691" lon="143.78437385">
        <ele>269.94</ele>
        <time>2026-08-30T23:43:47Z</time>
        <extensions>
          <geotracker:meta c="5.58" s="26.09" />
        </extensions>
      </trkpt>
      <trkpt lat="-22.889896" lon="143.78276658">
        <ele>269.7</ele>
        <time>2026-08-30T23:43:57Z</time>
        <extensions>
          <geotracker:meta c="5.58" s="25.44" />
        </extensions>
      </trkpt>
      <trkpt lat="-22.88812814" lon="143.78113447">
        <ele>269.42</ele>
        <time>2026-08-30T23:44:07Z</time>
        <extensions>
          <geotracker:meta c="5.58" s="26.01" />
        </extensions>
      </trkpt>
      <trkpt lat="-22.88634309" lon="143.77952071">
        <ele>270.19</ele>
        <time>2026-08-30T23:44:17Z</time>
        <extensions>
          <geotracker:meta c="5.58" s="25.83" />
        </extensions>
      </trkpt>
      <trkpt lat="-22.88454728" lon="143.77787552">
        <ele>266.8</ele>
        <time>2026-08-30T23:44:27Z</time>
        <extensions>
          <geotracker:meta c="5.57" s="26.18" />
        </extensions>
      </trkpt>
      <trkpt lat="-22.88272167" lon="143.77620164">
        <ele>265.5</ele>
        <time>2026-08-30T23:44:37Z</time>
        <extensions>
          <geotracker:meta c="5.57" s="26.7" />
        </extensions>
      </trkpt>
      <trkpt lat="-22.88086682" lon="143.77451379">
        <ele>267.47</ele>
        <time>2026-08-30T23:44:47Z</time>
        <extensions>
          <geotracker:meta c="5.59" s="27.08" />
        </extensions>
      </trkpt>
      <trkpt lat="-22.87900836" lon="143.77280846">
        <ele>264.13</ele>
        <time>2026-08-30T23:44:57Z</time>
        <extensions>
          <geotracker:meta c="5.58" s="26.77" />
        </extensions>
      </trkpt>
      <trkpt lat="-22.8771299" lon="143.77109804">
        <ele>266.19</ele>
        <time>2026-08-30T23:45:07Z</time>
        <extensions>
          <geotracker:meta c="5.58" s="27.45" />
        </extensions>
      </trkpt>
      <trkpt lat="-22.8752527" lon="143.76937902">
        <ele>269.74</ele>
        <time>2026-08-30T23:45:17Z</time>
        <extensions>
          <geotracker:meta c="5.59" s="27.17" />
        </extensions>
      </trkpt>
      <trkpt lat="-22.87341511" lon="143.76770117">
        <ele>269.29</ele>
        <time>2026-08-30T23:45:27Z</time>
        <extensions>
          <geotracker:meta c="5.58" s="26.81" />
        </extensions>
      </trkpt>
      <trkpt lat="-22.87153365" lon="143.76600898">
        <ele>271.14</ele>
        <time>2026-08-30T23:45:37Z</time>
        <extensions>
          <geotracker:meta c="5.58" s="27" />
        </extensions>
      </trkpt>
      <trkpt lat="-22.86967538" lon="143.76429298">
        <ele>274.16</ele>
        <time>2026-08-30T23:45:47Z</time>
        <extensions>
          <geotracker:meta c="5.58" s="27.1" />
        </extensions>
      </trkpt>
      <trkpt lat="-22.86781058" lon="143.76256785">
        <ele>270.07</ele>
        <time>2026-08-30T23:45:57Z</time>
        <extensions>
          <geotracker:meta c="5.58" s="27.52" />
        </extensions>
      </trkpt>
      <trkpt lat="-22.86594643" lon="143.76088724">
        <ele>272.68</ele>
        <time>2026-08-30T23:46:07Z</time>
        <extensions>
          <geotracker:meta c="5.6" s="26.13" />
        </extensions>
      </trkpt>
      <trkpt lat="-22.86418308" lon="143.75928302">
        <ele>269.29</ele>
        <time>2026-08-30T23:46:17Z</time>
        <extensions>
          <geotracker:meta c="5.58" s="25.29" />
        </extensions>
      </trkpt>
      <trkpt lat="-22.86243465" lon="143.75767572">
        <ele>271.69</ele>
        <time>2026-08-30T23:46:27Z</time>
        <extensions>
          <geotracker:meta c="5.58" s="25.58" />
        </extensions>
      </trkpt>
      <trkpt lat="-22.86064411" lon="143.75603497">
        <ele>269.73</ele>
        <time>2026-08-30T23:46:37Z</time>
        <extensions>
          <geotracker:meta c="5.58" s="26.62" />
        </extensions>
      </trkpt>
      <trkpt lat="-22.85879076" lon="143.75433809">
        <ele>270.68</ele>
        <time>2026-08-30T23:46:47Z</time>
        <extensions>
          <geotracker:meta c="5.59" s="27.16" />
        </extensions>
      </trkpt>
      <trkpt lat="-22.85691608" lon="143.7526541">
        <ele>274.03</ele>
        <time>2026-08-30T23:46:57Z</time>
        <extensions>
          <geotracker:meta c="5.58" s="26.88" />
        </extensions>
      </trkpt>
      <trkpt lat="-22.85507457" lon="143.75095841">
        <ele>273.12</ele>
        <time>2026-08-30T23:47:07Z</time>
        <extensions>
          <geotracker:meta c="5.58" s="26.53" />
        </extensions>
      </trkpt>
      <trkpt lat="-22.85324801" lon="143.74930866">
        <ele>275.11</ele>
        <time>2026-08-30T23:47:17Z</time>
        <extensions>
          <geotracker:meta c="5.57" s="26.25" />
        </extensions>
      </trkpt>
      <trkpt lat="-22.85145599" lon="143.74763988">
        <ele>275</ele>
        <time>2026-08-30T23:47:27Z</time>
        <extensions>
          <geotracker:meta c="5.59" s="26.17" />
        </extensions>
      </trkpt>
      <trkpt lat="-22.84964955" lon="143.7459955">
        <ele>274.54</ele>
        <time>2026-08-30T23:47:37Z</time>
        <extensions>
          <geotracker:meta c="5.57" s="26.25" />
        </extensions>
      </trkpt>
      <trkpt lat="-22.84782182" lon="143.74432938">
        <ele>277.12</ele>
        <time>2026-08-30T23:47:47Z</time>
        <extensions>
          <geotracker:meta c="5.58" s="26.55" />
        </extensions>
      </trkpt>
      <trkpt lat="-22.84413452" lon="143.74096343">
        <ele>274.24</ele>
        <time>2026-08-30T23:48:07Z</time>
        <extensions>
          <geotracker:meta c="5.58" s="27.08" />
        </extensions>
      </trkpt>
      <trkpt lat="-22.84227468" lon="143.73925629">
        <ele>273.69</ele>
        <time>2026-08-30T23:48:17Z</time>
        <extensions>
          <geotracker:meta c="5.59" s="27.26" />
        </extensions>
      </trkpt>
      <trkpt lat="-22.83853779" lon="143.73583987">
        <ele>271.75</ele>
        <time>2026-08-30T23:48:37Z</time>
        <extensions>
          <geotracker:meta c="5.57" s="26.94" />
        </extensions>
      </trkpt>
      <trkpt lat="-22.83483576" lon="143.73246697">
        <ele>270.45</ele>
        <time>2026-08-30T23:48:57Z</time>
        <extensions>
          <geotracker:meta c="5.57" s="25.89" />
        </extensions>
      </trkpt>
    </trkseg>
    <trkseg>
      <trkpt lat="-22.81153518" lon="143.70860209">
        <ele>267.15</ele>
        <time>2026-08-30T23:51:09Z</time>
        <extensions>
          <geotracker:meta c="5.37" s="26.11" />
        </extensions>
      </trkpt>
      <trkpt lat="-22.81011784" lon="143.70656922">
        <ele>268.15</ele>
        <time>2026-08-30T23:51:19Z</time>
        <extensions>
          <geotracker:meta c="5.34" s="26.72" />
        </extensions>
      </trkpt>
      <trkpt lat="-22.80864506" lon="143.70444852">
        <ele>270.22</ele>
        <time>2026-08-30T23:51:29Z</time>
        <extensions>
          <geotracker:meta c="5.36" s="27.38" />
        </extensions>
      </trkpt>
      <trkpt lat="-22.80715655" lon="143.70229559">
        <ele>272.05</ele>
        <time>2026-08-30T23:51:39Z</time>
        <extensions>
          <geotracker:meta c="5.35" s="27.31" />
        </extensions>
      </trkpt>
      <trkpt lat="-22.80569274" lon="143.70020276">
        <ele>272.33</ele>
        <time>2026-08-30T23:51:49Z</time>
        <extensions>
          <geotracker:meta c="5.36" s="26.87" />
        </extensions>
      </trkpt>
      <trkpt lat="-22.80421312" lon="143.69816177">
        <ele>272.74</ele>
        <time>2026-08-30T23:51:59Z</time>
        <extensions>
          <geotracker:meta c="5.42" s="26.61" />
        </extensions>
      </trkpt>
      <trkpt lat="-22.80260445" lon="143.69630423">
        <ele>273.64</ele>
        <time>2026-08-30T23:52:09Z</time>
        <extensions>
          <geotracker:meta c="5.47" s="25.13" />
        </extensions>
      </trkpt>
      <trkpt lat="-22.80110129" lon="143.69455986">
        <ele>274.82</ele>
        <time>2026-08-30T23:52:19Z</time>
        <extensions>
          <geotracker:meta c="5.46" s="24.05" />
        </extensions>
      </trkpt>
      <trkpt lat="-22.7995763" lon="143.69276405">
        <ele>276.02</ele>
        <time>2026-08-30T23:52:29Z</time>
        <extensions>
          <geotracker:meta c="5.45" s="25.6" />
        </extensions>
      </trkpt>
      <trkpt lat="-22.79639844" lon="143.68905393">
        <ele>273.29</ele>
        <time>2026-08-30T23:52:49Z</time>
        <extensions>
          <geotracker:meta c="5.45" s="26.76" />
        </extensions>
      </trkpt>
      <trkpt lat="-22.79473921" lon="143.68711311">
        <ele>275.4</ele>
        <time>2026-08-30T23:52:59Z</time>
        <extensions>
          <geotracker:meta c="5.46" s="27.29" />
        </extensions>
      </trkpt>
      <trkpt lat="-22.79138524" lon="143.68319404">
        <ele>279.24</ele>
        <time>2026-08-30T23:53:19Z</time>
        <extensions>
          <geotracker:meta c="5.47" s="27" />
        </extensions>
      </trkpt>
    </trkseg>
    <trkseg>
      <trkpt lat="-22.64698638" lon="143.52441158">
        <ele>294.71</ele>
        <time>2026-08-31T00:07:29Z</time>
        <extensions>
          <geotracker:meta c="5.48" s="27.42" />
        </extensions>
      </trkpt>
      <trkpt lat="-22.64622853" lon="143.5235722">
        <ele>297.97</ele>
        <time>2026-08-31T00:07:33Z</time>
        <extensions>
          <geotracker:meta c="5.49" s="27.78" />
        </extensions>
      </trkpt>
      <trkpt lat="-22.64268159" lon="143.51962601">
        <ele>299.91</ele>
        <time>2026-08-31T00:07:54Z</time>
        <extensions>
          <geotracker:meta c="5.49" s="26" />
        </extensions>
      </trkpt>
      <trkpt lat="-22.64108173" lon="143.51783236">
        <ele>297.76</ele>
        <time>2026-08-31T00:08:04Z</time>
        <extensions>
          <geotracker:meta c="5.49" s="25.56" />
        </extensions>
      </trkpt>
      <trkpt lat="-22.63947283" lon="143.51603077">
        <ele>300.83</ele>
        <time>2026-08-31T00:08:14Z</time>
        <extensions>
          <geotracker:meta c="5.48" s="25.86" />
        </extensions>
      </trkpt>
      <trkpt lat="-22.63634457" lon="143.51253">
        <ele>301.78</ele>
        <time>2026-08-31T00:08:33Z</time>
        <extensions>
          <geotracker:meta c="5.46" s="26.07" />
        </extensions>
      </trkpt>
      <trkpt lat="-22.63447166" lon="143.51045397">
        <ele>301.3</ele>
        <time>2026-08-31T00:08:44Z</time>
        <extensions>
          <geotracker:meta c="5.47" s="26.92" />
        </extensions>
      </trkpt>
      <trkpt lat="-22.63275447" lon="143.50853654">
        <ele>297.45</ele>
        <time>2026-08-31T00:08:54Z</time>
        <extensions>
          <geotracker:meta c="5.49" s="27.15" />
        </extensions>
      </trkpt>
      <trkpt lat="-22.63104043" lon="143.50662238">
        <ele>300.14</ele>
        <time>2026-08-31T00:09:04Z</time>
        <extensions>
          <geotracker:meta c="5.48" s="27.33" />
        </extensions>
      </trkpt>
      <trkpt lat="-22.6293369" lon="143.50472697">
        <ele>299.04</ele>
        <time>2026-08-31T00:09:14Z</time>
        <extensions>
          <geotracker:meta c="5.47" s="27.24" />
        </extensions>
      </trkpt>
      <trkpt lat="-22.62761402" lon="143.50280809">
        <ele>301.33</ele>
        <time>2026-08-31T00:09:24Z</time>
        <extensions>
          <geotracker:meta c="5.48" s="27.53" />
        </extensions>
      </trkpt>
      <trkpt lat="-22.62589357" lon="143.50088252">
        <ele>299.11</ele>
        <time>2026-08-31T00:09:34Z</time>
        <extensions>
          <geotracker:meta c="5.48" s="26.9" />
        </extensions>
      </trkpt>
      <trkpt lat="-22.62425144" lon="143.49904225">
        <ele>296.07</ele>
        <time>2026-08-31T00:09:44Z</time>
        <extensions>
          <geotracker:meta c="5.48" s="26.47" />
        </extensions>
      </trkpt>
      <trkpt lat="-22.62255525" lon="143.49716958">
        <ele>295.63</ele>
        <time>2026-08-31T00:09:54Z</time>
        <extensions>
          <geotracker:meta c="5.48" s="27.15" />
        </extensions>
      </trkpt>
      <trkpt lat="-22.62083784" lon="143.49525002">
        <ele>295.83</ele>
        <time>2026-08-31T00:10:04Z</time>
        <extensions>
          <geotracker:meta c="5.49" s="27.25" />
        </extensions>
      </trkpt>
      <trkpt lat="-22.6191286" lon="143.49334579">
        <ele>294.64</ele>
        <time>2026-08-31T00:10:14Z</time>
        <extensions>
          <geotracker:meta c="5.48" s="27.35" />
        </extensions>
      </trkpt>
      <trkpt lat="-22.61741907" lon="143.49143269">
        <ele>289.24</ele>
        <time>2026-08-31T00:10:24Z</time>
        <extensions>
          <geotracker:meta c="5.49" s="27.34" />
        </extensions>
      </trkpt>
      <trkpt lat="-22.61571195" lon="143.48954339">
        <ele>290.08</ele>
        <time>2026-08-31T00:10:34Z</time>
        <extensions>
          <geotracker:meta c="5.48" s="26.74" />
        </extensions>
      </trkpt>
      <trkpt lat="-22.61404583" lon="143.48767279">
        <ele>295.22</ele>
        <time>2026-08-31T00:10:44Z</time>
        <extensions>
          <geotracker:meta c="5.48" s="26.52" />
        </extensions>
      </trkpt>
      <trkpt lat="-22.61238919" lon="143.48585433">
        <ele>292.55</ele>
        <time>2026-08-31T00:10:54Z</time>
        <extensions>
          <geotracker:meta c="5.48" s="26.33" />
        </extensions>
      </trkpt>
      <trkpt lat="-22.61073332" lon="143.48397508">
        <ele>288.82</ele>
        <time>2026-08-31T00:11:04Z</time>
        <extensions>
          <geotracker:meta c="5.47" s="26.91" />
        </extensions>
      </trkpt>
      <trkpt lat="-22.60899789" lon="143.4820694">
        <ele>287.5</ele>
        <time>2026-08-31T00:11:14Z</time>
        <extensions>
          <geotracker:meta c="5.48" s="27.7" />
        </extensions>
      </trkpt>
      <trkpt lat="-22.60730147" lon="143.48016951">
        <ele>289.56</ele>
        <time>2026-08-31T00:11:24Z</time>
        <extensions>
          <geotracker:meta c="5.48" s="26.71" />
        </extensions>
      </trkpt>
      <trkpt lat="-22.60562022" lon="143.47829302">
        <ele>289.54</ele>
        <time>2026-08-31T00:11:34Z</time>
        <extensions>
          <geotracker:meta c="5.49" s="26.89" />
        </extensions>
      </trkpt>
      <trkpt lat="-22.60233326" lon="143.47463446">
        <ele>286.04</ele>
        <time>2026-08-31T00:11:53Z</time>
        <extensions>
          <geotracker:meta c="5.49" s="27.23" />
        </extensions>
      </trkpt>
      <trkpt lat="-22.60081653" lon="143.47294571">
        <ele>286.16</ele>
        <time>2026-08-31T00:12:02Z</time>
        <extensions>
          <geotracker:meta c="5.48" s="26.7" />
        </extensions>
      </trkpt>
      <trkpt lat="-22.59896491" lon="143.47088471">
        <ele>284.64</ele>
        <time>2026-08-31T00:12:13Z</time>
        <extensions>
          <geotracker:meta c="5.46" s="26.8" />
        </extensions>
      </trkpt>
      <trkpt lat="-22.59715289" lon="143.46887984">
        <ele>285.23</ele>
        <time>2026-08-31T00:12:24Z</time>
        <extensions>
          <geotracker:meta c="5.52" s="26.55" />
        </extensions>
      </trkpt>
      <trkpt lat="-22.59541207" lon="143.46693146">
        <ele>284.55</ele>
        <time>2026-08-31T00:12:34Z</time>
        <extensions>
          <geotracker:meta c="5.48" s="28.7" />
        </extensions>
      </trkpt>
      <trkpt lat="-22.59355859" lon="143.46485575">
        <ele>281.44</ele>
        <time>2026-08-31T00:12:44Z</time>
        <extensions>
          <geotracker:meta c="5.5" s="30.24" />
        </extensions>
      </trkpt>
      <trkpt lat="-22.59169116" lon="143.46278803">
        <ele>280.21</ele>
        <time>2026-08-31T00:12:54Z</time>
        <extensions>
          <geotracker:meta c="5.48" s="27.7" />
        </extensions>
      </trkpt>
      <trkpt lat="-22.58997662" lon="143.46088048">
        <ele>282.98</ele>
        <time>2026-08-31T00:13:04Z</time>
        <extensions>
          <geotracker:meta c="5.47" s="27.87" />
        </extensions>
      </trkpt>
      <trkpt lat="-22.58823316" lon="143.45894308">
        <ele>279.26</ele>
        <time>2026-08-31T00:13:14Z</time>
        <extensions>
          <geotracker:meta c="5.48" s="27.8" />
        </extensions>
      </trkpt>
      <trkpt lat="-22.58650855" lon="143.45700714">
        <ele>283.62</ele>
        <time>2026-08-31T00:13:24Z</time>
        <extensions>
          <geotracker:meta c="5.5" s="27.23" />
        </extensions>
      </trkpt>
      <trkpt lat="-22.5847739" lon="143.45508971">
        <ele>281.44</ele>
        <time>2026-08-31T00:13:34Z</time>
        <extensions>
          <geotracker:meta c="5.48" s="27.99" />
        </extensions>
      </trkpt>
      <trkpt lat="-22.58304775" lon="143.45316062">
        <ele>276.94</ele>
        <time>2026-08-31T00:13:44Z</time>
        <extensions>
          <geotracker:meta c="5.47" s="27.54" />
        </extensions>
      </trkpt>
      <trkpt lat="-22.57955091" lon="143.44927365">
        <ele>279.69</ele>
        <time>2026-08-31T00:14:04Z</time>
        <extensions>
          <geotracker:meta c="5.48" s="27.63" />
        </extensions>
      </trkpt>
      <trkpt lat="-22.5778292" lon="143.44736466">
        <ele>275.13</ele>
        <time>2026-08-31T00:14:14Z</time>
        <extensions>
          <geotracker:meta c="5.48" s="27.14" />
        </extensions>
      </trkpt>
      <trkpt lat="-22.57609755" lon="143.44541861">
        <ele>269.57</ele>
        <time>2026-08-31T00:14:24Z</time>
        <extensions>
          <geotracker:meta c="5.49" s="27.86" />
        </extensions>
      </trkpt>
      <trkpt lat="-22.57414605" lon="143.44323655">
        <ele>271.22</ele>
        <time>2026-08-31T00:14:35Z</time>
        <extensions>
          <geotracker:meta c="5.44" s="28.4" />
        </extensions>
      </trkpt>
      <trkpt lat="-22.57178968" lon="143.44061472">
        <ele>267.78</ele>
        <time>2026-08-31T00:14:48Z</time>
        <extensions>
          <geotracker:meta c="5.49" s="28.45" />
        </extensions>
      </trkpt>
      <trkpt lat="-22.57000486" lon="143.43860899">
        <ele>269.69</ele>
        <time>2026-08-31T00:14:58Z</time>
        <extensions>
          <geotracker:meta c="5.48" s="28.77" />
        </extensions>
      </trkpt>
      <trkpt lat="-22.5682139" lon="143.43663188">
        <ele>267.11</ele>
        <time>2026-08-31T00:15:08Z</time>
        <extensions>
          <geotracker:meta c="5.47" s="28.01" />
        </extensions>
      </trkpt>
      <trkpt lat="-22.56647074" lon="143.43469181">
        <ele>266.19</ele>
        <time>2026-08-31T00:15:18Z</time>
        <extensions>
          <geotracker:meta c="5.46" s="27.37" />
        </extensions>
      </trkpt>
      <trkpt lat="-22.5649477" lon="143.43299514">
        <ele>265.31</ele>
        <time>2026-08-31T00:15:27Z</time>
        <extensions>
          <geotracker:meta c="5.44" s="27.14" />
        </extensions>
      </trkpt>
      <trkpt lat="-22.56324114" lon="143.43103832">
        <ele>264.27</ele>
        <time>2026-08-31T00:15:37Z</time>
        <extensions>
          <geotracker:meta c="5.37" s="27.74" />
        </extensions>
      </trkpt>
      <trkpt lat="-22.56166334" lon="143.42894039">
        <ele>263.85</ele>
        <time>2026-08-31T00:15:47Z</time>
        <extensions>
          <geotracker:meta c="5.41" s="27.42" />
        </extensions>
      </trkpt>
      <trkpt lat="-22.56017751" lon="143.42687232">
        <ele>264.78</ele>
        <time>2026-08-31T00:15:57Z</time>
        <extensions>
          <geotracker:meta c="5.32" s="26.54" />
        </extensions>
      </trkpt>
      <trkpt lat="-22.5586765" lon="143.42523092">
        <ele>263.46</ele>
        <time>2026-08-31T00:16:06Z</time>
        <extensions>
          <geotracker:meta c="5.6" s="26.38" />
        </extensions>
      </trkpt>
      <trkpt lat="-22.55632262" lon="143.42384731">
        <ele>260.49</ele>
        <time>2026-08-31T00:16:17Z</time>
        <extensions>
          <geotracker:meta c="5.94" s="27.06" />
        </extensions>
      </trkpt>
      <trkpt lat="-22.55426163" lon="143.42305729">
        <ele>259.43</ele>
        <time>2026-08-31T00:16:26Z</time>
        <extensions>
          <geotracker:meta c="5.92" s="26.85" />
        </extensions>
      </trkpt>
      <trkpt lat="-22.55198137" lon="143.42217792">
        <ele>257.59</ele>
        <time>2026-08-31T00:16:36Z</time>
        <extensions>
          <geotracker:meta c="5.66" s="26.43" />
        </extensions>
      </trkpt>
      <trkpt lat="-22.54955046" lon="143.42114178">
        <ele>259.78</ele>
        <time>2026-08-31T00:16:47Z</time>
        <extensions>
          <geotracker:meta c="5.78" s="26.33" />
        </extensions>
      </trkpt>
      <trkpt lat="-22.54755549" lon="143.41968791">
        <ele>258.69</ele>
        <time>2026-08-31T00:16:57Z</time>
        <extensions>
          <geotracker:meta c="5.69" s="26.91" />
        </extensions>
      </trkpt>
      <trkpt lat="-22.54560853" lon="143.41817941">
        <ele>260.03</ele>
        <time>2026-08-31T00:17:07Z</time>
        <extensions>
          <geotracker:meta c="5.8" s="26.34" />
        </extensions>
      </trkpt>
      <trkpt lat="-22.54370561" lon="143.41664765">
        <ele>263.35</ele>
        <time>2026-08-31T00:17:17Z</time>
        <extensions>
          <geotracker:meta c="5.61" s="26.45" />
        </extensions>
      </trkpt>
      <trkpt lat="-22.54201649" lon="143.41482067">
        <ele>264.91</ele>
        <time>2026-08-31T00:17:27Z</time>
        <extensions>
          <geotracker:meta c="5.4" s="26.8" />
        </extensions>
      </trkpt>
      <trkpt lat="-22.54046466" lon="143.4127675">
        <ele>265.86</ele>
        <time>2026-08-31T00:17:37Z</time>
        <extensions>
          <geotracker:meta c="5.38" s="27.85" />
        </extensions>
      </trkpt>
      <trkpt lat="-22.53908694" lon="143.41094021">
        <ele>265.22</ele>
        <time>2026-08-31T00:17:46Z</time>
        <extensions>
          <geotracker:meta c="5.26" s="25.66" />
        </extensions>
      </trkpt>
      <trkpt lat="-22.53754546" lon="143.40892901">
        <ele>264.39</ele>
        <time>2026-08-31T00:17:56Z</time>
        <extensions>
          <geotracker:meta c="5.46" s="27.85" />
        </extensions>
      </trkpt>
      <trkpt lat="-22.53487551" lon="143.40541364">
        <ele>268.84</ele>
        <time>2026-08-31T00:18:13Z</time>
        <extensions>
          <geotracker:meta c="5.4" s="28.07" />
        </extensions>
      </trkpt>
      <trkpt lat="-22.53326868" lon="143.40330816">
        <ele>272.42</ele>
        <time>2026-08-31T00:18:23Z</time>
        <extensions>
          <geotracker:meta c="5.4" s="26.78" />
        </extensions>
      </trkpt>
      <trkpt lat="-22.52839682" lon="143.39689052">
        <ele>271.36</ele>
        <time>2026-08-31T00:18:55Z</time>
        <extensions>
          <geotracker:meta c="5.4" s="27.14" />
        </extensions>
      </trkpt>
      <trkpt lat="-22.52376828" lon="143.39080723">
        <ele>267.68</ele>
        <time>2026-08-31T00:19:25Z</time>
        <extensions>
          <geotracker:meta c="5.42" s="27.42" />
        </extensions>
      </trkpt>
      <trkpt lat="-22.52076492" lon="143.38682908">
        <ele>261.42</ele>
        <time>2026-08-31T00:19:45Z</time>
        <extensions>
          <geotracker:meta c="5.42" s="27.1" />
        </extensions>
      </trkpt>
      <trkpt lat="-22.51764112" lon="143.3827073">
        <ele>262.94</ele>
        <time>2026-08-31T00:20:05Z</time>
        <extensions>
          <geotracker:meta c="5.4" s="27.29" />
        </extensions>
      </trkpt>
      <trkpt lat="-22.51545077" lon="143.37981023">
        <ele>257.22</ele>
        <time>2026-08-31T00:20:19Z</time>
        <extensions>
          <geotracker:meta c="5.39" s="27.43" />
        </extensions>
      </trkpt>
      <trkpt lat="-22.51363456" lon="143.37742535">
        <ele>257.22</ele>
        <time>2026-08-31T00:20:31Z</time>
        <extensions>
          <geotracker:meta c="5.41" s="26.17" />
        </extensions>
      </trkpt>
      <trkpt lat="-22.51056332" lon="143.37336476">
        <ele>258.89</ele>
        <time>2026-08-31T00:20:51Z</time>
        <extensions>
          <geotracker:meta c="5.41" s="27.61" />
        </extensions>
      </trkpt>
      <trkpt lat="-22.50899341" lon="143.37130094">
        <ele>256.88</ele>
        <time>2026-08-31T00:21:01Z</time>
        <extensions>
          <geotracker:meta c="5.39" s="27.18" />
        </extensions>
      </trkpt>
      <trkpt lat="-22.50745061" lon="143.36926997">
        <ele>254.13</ele>
        <time>2026-08-31T00:21:11Z</time>
        <extensions>
          <geotracker:meta c="5.39" s="27.2" />
        </extensions>
      </trkpt>
      <trkpt lat="-22.50586543" lon="143.36719062">
        <ele>255.04</ele>
        <time>2026-08-31T00:21:21Z</time>
        <extensions>
          <geotracker:meta c="5.39" s="27.43" />
        </extensions>
      </trkpt>
      <trkpt lat="-22.50435113" lon="143.36518493">
        <ele>257.49</ele>
        <time>2026-08-31T00:21:31Z</time>
        <extensions>
          <geotracker:meta c="5.4" s="27.28" />
        </extensions>
      </trkpt>
      <trkpt lat="-22.50276083" lon="143.36309679">
        <ele>255.53</ele>
        <time>2026-08-31T00:21:41Z</time>
        <extensions>
          <geotracker:meta c="5.39" s="27.82" />
        </extensions>
      </trkpt>
      <trkpt lat="-22.50118299" lon="143.36102223">
        <ele>256.93</ele>
        <time>2026-08-31T00:21:51Z</time>
        <extensions>
          <geotracker:meta c="5.41" s="27.51" />
        </extensions>
      </trkpt>
      <trkpt lat="-22.49960555" lon="143.35895039">
        <ele>257.82</ele>
        <time>2026-08-31T00:22:01Z</time>
        <extensions>
          <geotracker:meta c="5.4" s="27.53" />
        </extensions>
      </trkpt>
      <trkpt lat="-22.49803889" lon="143.35687968">
        <ele>256.22</ele>
        <time>2026-08-31T00:22:11Z</time>
        <extensions>
          <geotracker:meta c="5.4" s="27.61" />
        </extensions>
      </trkpt>
      <trkpt lat="-22.49645152" lon="143.35479795">
        <ele>256.26</ele>
        <time>2026-08-31T00:22:21Z</time>
        <extensions>
          <geotracker:meta c="5.39" s="26.99" />
        </extensions>
      </trkpt>
      <trkpt lat="-22.49491257" lon="143.35276945">
        <ele>254.3</ele>
        <time>2026-08-31T00:22:31Z</time>
        <extensions>
          <geotracker:meta c="5.4" s="26.9" />
        </extensions>
      </trkpt>
      <trkpt lat="-22.49331241" lon="143.35068854">
        <ele>254.97</ele>
        <time>2026-08-31T00:22:41Z</time>
        <extensions>
          <geotracker:meta c="5.39" s="26.55" />
        </extensions>
      </trkpt>
      <trkpt lat="-22.49171719" lon="143.34856081">
        <ele>253.56</ele>
        <time>2026-08-31T00:22:52Z</time>
        <extensions>
          <geotracker:meta c="5.39" s="26.58" />
        </extensions>
      </trkpt>
      <trkpt lat="-22.49020329" lon="143.34657888">
        <ele>257.74</ele>
        <time>2026-08-31T00:23:02Z</time>
        <extensions>
          <geotracker:meta c="5.4" s="26.6" />
        </extensions>
      </trkpt>
      <trkpt lat="-22.48865978" lon="143.34454067">
        <ele>255.76</ele>
        <time>2026-08-31T00:23:12Z</time>
        <extensions>
          <geotracker:meta c="5.39" s="27.03" />
        </extensions>
      </trkpt>
      <trkpt lat="-22.48712949" lon="143.34253257">
        <ele>253.39</ele>
        <time>2026-08-31T00:23:22Z</time>
        <extensions>
          <geotracker:meta c="5.39" s="26.83" />
        </extensions>
      </trkpt>
      <trkpt lat="-22.48559449" lon="143.34046692">
        <ele>251.02</ele>
        <time>2026-08-31T00:23:32Z</time>
        <extensions>
          <geotracker:meta c="5.34" s="27.73" />
        </extensions>
      </trkpt>
      <trkpt lat="-22.48444008" lon="143.33812397">
        <ele>258.66</ele>
        <time>2026-08-31T00:23:42Z</time>
        <extensions>
          <geotracker:meta c="5.15" s="27.5" />
        </extensions>
      </trkpt>
      <trkpt lat="-22.48337738" lon="143.33570322">
        <ele>252.33</ele>
        <time>2026-08-31T00:23:52Z</time>
        <extensions>
          <geotracker:meta c="5.16" s="27.73" />
        </extensions>
      </trkpt>
      <trkpt lat="-22.48230586" lon="143.33326365">
        <ele>255.07</ele>
        <time>2026-08-31T00:24:02Z</time>
        <extensions>
          <geotracker:meta c="5.16" s="27.76" />
        </extensions>
      </trkpt>
      <trkpt lat="-22.48124261" lon="143.33084841">
        <ele>254.67</ele>
        <time>2026-08-31T00:24:12Z</time>
        <extensions>
          <geotracker:meta c="5.15" s="27.16" />
        </extensions>
      </trkpt>
      <trkpt lat="-22.48019623" lon="143.32848627">
        <ele>254.96</ele>
        <time>2026-08-31T00:24:22Z</time>
        <extensions>
          <geotracker:meta c="5.16" s="26.9" />
        </extensions>
      </trkpt>
      <trkpt lat="-22.47910646" lon="143.32605727">
        <ele>253.22</ele>
        <time>2026-08-31T00:24:32Z</time>
        <extensions>
          <geotracker:meta c="5.15" s="28.5" />
        </extensions>
      </trkpt>
      <trkpt lat="-22.47806749" lon="143.32365364">
        <ele>253.52</ele>
        <time>2026-08-31T00:24:42Z</time>
        <extensions>
          <geotracker:meta c="5.15" s="26.75" />
        </extensions>
      </trkpt>
      <trkpt lat="-22.47705896" lon="143.32136753">
        <ele>255.51</ele>
        <time>2026-08-31T00:24:52Z</time>
        <extensions>
          <geotracker:meta c="5.15" s="25.69" />
        </extensions>
      </trkpt>
      <trkpt lat="-22.47604964" lon="143.31907208">
        <ele>254.07</ele>
        <time>2026-08-31T00:25:02Z</time>
        <extensions>
          <geotracker:meta c="5.16" s="26.48" />
        </extensions>
      </trkpt>
      <trkpt lat="-22.47502021" lon="143.31671437">
        <ele>257.5</ele>
        <time>2026-08-31T00:25:12Z</time>
        <extensions>
          <geotracker:meta c="5.16" s="26.47" />
        </extensions>
      </trkpt>
      <trkpt lat="-22.47399316" lon="143.3144371">
        <ele>260.73</ele>
        <time>2026-08-31T00:25:22Z</time>
        <extensions>
          <geotracker:meta c="5.16" s="26.14" />
        </extensions>
      </trkpt>
      <trkpt lat="-22.47298616" lon="143.31213316">
        <ele>255.88</ele>
        <time>2026-08-31T00:25:32Z</time>
        <extensions>
          <geotracker:meta c="5.16" s="26.58" />
        </extensions>
      </trkpt>
      <trkpt lat="-22.47193168" lon="143.30977208">
        <ele>254.64</ele>
        <time>2026-08-31T00:25:42Z</time>
        <extensions>
          <geotracker:meta c="5.16" s="27.14" />
        </extensions>
      </trkpt>
      <trkpt lat="-22.47093917" lon="143.30747656">
        <ele>254.62</ele>
        <time>2026-08-31T00:25:52Z</time>
        <extensions>
          <geotracker:meta c="5.16" s="25.92" />
        </extensions>
      </trkpt>
      <trkpt lat="-22.46988572" lon="143.30514904">
        <ele>250.15</ele>
        <time>2026-08-31T00:26:02Z</time>
        <extensions>
          <geotracker:meta c="5.15" s="27.12" />
        </extensions>
      </trkpt>
      <trkpt lat="-22.46884985" lon="143.30279477">
        <ele>251.28</ele>
        <time>2026-08-31T00:26:12Z</time>
        <extensions>
          <geotracker:meta c="5.15" s="26.85" />
        </extensions>
      </trkpt>
      <trkpt lat="-22.46779469" lon="143.30037617">
        <ele>252.14</ele>
        <time>2026-08-31T00:26:22Z</time>
        <extensions>
          <geotracker:meta c="5.16" s="27.23" />
        </extensions>
      </trkpt>
      <trkpt lat="-22.4667198" lon="143.29798135">
        <ele>247.31</ele>
        <time>2026-08-31T00:26:32Z</time>
        <extensions>
          <geotracker:meta c="5.16" s="27.49" />
        </extensions>
      </trkpt>
      <trkpt lat="-22.46567743" lon="143.29559013">
        <ele>244.4</ele>
        <time>2026-08-31T00:26:42Z</time>
        <extensions>
          <geotracker:meta c="5.16" s="27.28" />
        </extensions>
      </trkpt>
      <trkpt lat="-22.46463807" lon="143.29324392">
        <ele>246.37</ele>
        <time>2026-08-31T00:26:52Z</time>
        <extensions>
          <geotracker:meta c="5.16" s="26.5" />
        </extensions>
      </trkpt>
      <trkpt lat="-22.46359121" lon="143.29087561">
        <ele>247.17</ele>
        <time>2026-08-31T00:27:02Z</time>
        <extensions>
          <geotracker:meta c="5.16" s="27.59" />
        </extensions>
      </trkpt>
      <trkpt lat="-22.46253113" lon="143.28846802">
        <ele>243.9</ele>
        <time>2026-08-31T00:27:12Z</time>
        <extensions>
          <geotracker:meta c="5.16" s="27.72" />
        </extensions>
      </trkpt>
      <trkpt lat="-22.46143877" lon="143.28602119">
        <ele>245.1</ele>
        <time>2026-08-31T00:27:22Z</time>
        <extensions>
          <geotracker:meta c="5.16" s="27.41" />
        </extensions>
      </trkpt>
      <trkpt lat="-22.46037948" lon="143.28361724">
        <ele>245.63</ele>
        <time>2026-08-31T00:27:32Z</time>
        <extensions>
          <geotracker:meta c="5.15" s="27.77" />
        </extensions>
      </trkpt>
      <trkpt lat="-22.45929179" lon="143.2811794">
        <ele>244.39</ele>
        <time>2026-08-31T00:27:42Z</time>
        <extensions>
          <geotracker:meta c="5.16" s="27.51" />
        </extensions>
      </trkpt>
      <trkpt lat="-22.45826181" lon="143.27882013">
        <ele>242.02</ele>
        <time>2026-08-31T00:27:52Z</time>
        <extensions>
          <geotracker:meta c="5.17" s="26.61" />
        </extensions>
      </trkpt>
      <trkpt lat="-22.4567862" lon="143.27673026">
        <ele>240.61</ele>
        <time>2026-08-31T00:28:02Z</time>
        <extensions>
          <geotracker:meta c="5.49" s="27.61" />
        </extensions>
      </trkpt>
      <trkpt lat="-22.45499422" lon="143.27486455">
        <ele>238.69</ele>
        <time>2026-08-31T00:28:12Z</time>
        <extensions>
          <geotracker:meta c="5.52" s="27.53" />
        </extensions>
      </trkpt>
      <trkpt lat="-22.45320495" lon="143.27303029">
        <ele>241.04</ele>
        <time>2026-08-31T00:28:22Z</time>
        <extensions>
          <geotracker:meta c="5.5" s="27.35" />
        </extensions>
      </trkpt>
      <trkpt lat="-22.45144154" lon="143.27117423">
        <ele>240.13</ele>
        <time>2026-08-31T00:28:32Z</time>
        <extensions>
          <geotracker:meta c="5.5" s="27.48" />
        </extensions>
      </trkpt>
      <trkpt lat="-22.44979857" lon="143.26920082">
        <ele>244.74</ele>
        <time>2026-08-31T00:28:42Z</time>
        <extensions>
          <geotracker:meta c="5.33" s="26.77" />
        </extensions>
      </trkpt>
      <trkpt lat="-22.44874666" lon="143.26686539">
        <ele>246.53</ele>
        <time>2026-08-31T00:28:52Z</time>
        <extensions>
          <geotracker:meta c="5.03" s="26.8" />
        </extensions>
      </trkpt>
      <trkpt lat="-22.44837603" lon="143.26425656">
        <ele>245.2</ele>
        <time>2026-08-31T00:29:02Z</time>
        <extensions>
          <geotracker:meta c="4.75" s="27.33" />
        </extensions>
      </trkpt>
      <trkpt lat="-22.44865339" lon="143.26164442">
        <ele>245.2</ele>
        <time>2026-08-31T00:29:12Z</time>
        <extensions>
          <geotracker:meta c="4.54" s="27.09" />
        </extensions>
      </trkpt>
      <trkpt lat="-22.44907794" lon="143.25907652">
        <ele>248.04</ele>
        <time>2026-08-31T00:29:22Z</time>
        <extensions>
          <geotracker:meta c="4.54" s="26.43" />
        </extensions>
      </trkpt>
      <trkpt lat="-22.44949228" lon="143.25652978">
        <ele>244.25</ele>
        <time>2026-08-31T00:29:32Z</time>
        <extensions>
          <geotracker:meta c="4.55" s="26.93" />
        </extensions>
      </trkpt>
      <trkpt lat="-22.4492142" lon="143.25117775">
        <ele>244.26</ele>
        <time>2026-08-31T00:29:52Z</time>
        <extensions>
          <geotracker:meta c="5.04" s="27.65" />
        </extensions>
      </trkpt>
      <trkpt lat="-22.4480553" lon="143.24884322">
        <ele>245.8</ele>
        <time>2026-08-31T00:30:02Z</time>
        <extensions>
          <geotracker:meta c="5.35" s="26.9" />
        </extensions>
      </trkpt>
      <trkpt lat="-22.44641467" lon="143.24697584">
        <ele>242.69</ele>
        <time>2026-08-31T00:30:12Z</time>
        <extensions>
          <geotracker:meta c="5.53" s="26.37" />
        </extensions>
      </trkpt>
      <trkpt lat="-22.44468422" lon="143.24521737">
        <ele>238.06</ele>
        <time>2026-08-31T00:30:22Z</time>
        <extensions>
          <geotracker:meta c="5.53" s="26.28" />
        </extensions>
      </trkpt>
      <trkpt lat="-22.44296226" lon="143.24346754">
        <ele>239.46</ele>
        <time>2026-08-31T00:30:32Z</time>
        <extensions>
          <geotracker:meta c="5.53" s="26.11" />
        </extensions>
      </trkpt>
      <trkpt lat="-22.44123158" lon="143.24170564">
        <ele>242.1</ele>
        <time>2026-08-31T00:30:42Z</time>
        <extensions>
          <geotracker:meta c="5.53" s="26.5" />
        </extensions>
      </trkpt>
      <trkpt lat="-22.4394611" lon="143.23991517">
        <ele>243.82</ele>
        <time>2026-08-31T00:30:52Z</time>
        <extensions>
          <geotracker:meta c="5.52" s="27.29" />
        </extensions>
      </trkpt>
      <trkpt lat="-22.4378762" lon="143.23793115">
        <ele>245.76</ele>
        <time>2026-08-31T00:31:02Z</time>
        <extensions>
          <geotracker:meta c="5.3" s="26.87" />
        </extensions>
      </trkpt>
      <trkpt lat="-22.43683527" lon="143.23555092">
        <ele>244.17</ele>
        <time>2026-08-31T00:31:12Z</time>
        <extensions>
          <geotracker:meta c="5.07" s="27.54" />
        </extensions>
      </trkpt>
      <trkpt lat="-22.43594359" lon="143.23298017">
        <ele>243.24</ele>
        <time>2026-08-31T00:31:22Z</time>
        <extensions>
          <geotracker:meta c="5.09" s="27.7" />
        </extensions>
      </trkpt>
      <trkpt lat="-22.43503552" lon="143.2305676">
        <ele>240.55</ele>
        <time>2026-08-31T00:31:32Z</time>
        <extensions>
          <geotracker:meta c="5.11" s="26.8" />
        </extensions>
      </trkpt>
      <trkpt lat="-22.43410309" lon="143.22809752">
        <ele>241.03</ele>
        <time>2026-08-31T00:31:42Z</time>
        <extensions>
          <geotracker:meta c="5.1" s="28.1" />
        </extensions>
      </trkpt>
      <trkpt lat="-22.43318868" lon="143.22563825">
        <ele>241.94</ele>
        <time>2026-08-31T00:31:52Z</time>
        <extensions>
          <geotracker:meta c="5.08" s="26.96" />
        </extensions>
      </trkpt>
      <trkpt lat="-22.43228231" lon="143.22315844">
        <ele>241.49</ele>
        <time>2026-08-31T00:32:02Z</time>
        <extensions>
          <geotracker:meta c="5.07" s="27.79" />
        </extensions>
      </trkpt>
      <trkpt lat="-22.43140293" lon="143.22063142">
        <ele>241.43</ele>
        <time>2026-08-31T00:32:12Z</time>
        <extensions>
          <geotracker:meta c="5.07" s="28.2" />
        </extensions>
      </trkpt>
      <trkpt lat="-22.43051809" lon="143.21802214">
        <ele>244.72</ele>
        <time>2026-08-31T00:32:22Z</time>
        <extensions>
          <geotracker:meta c="5.05" s="28.14" />
        </extensions>
      </trkpt>
      <trkpt lat="-22.429703" lon="143.21551924">
        <ele>246.05</ele>
        <time>2026-08-31T00:32:32Z</time>
        <extensions>
          <geotracker:meta c="5.05" s="26.69" />
        </extensions>
      </trkpt>
      <trkpt lat="-22.42890946" lon="143.21304229">
        <ele>241.64</ele>
        <time>2026-08-31T00:32:42Z</time>
        <extensions>
          <geotracker:meta c="5.04" s="27.35" />
        </extensions>
      </trkpt>
      <trkpt lat="-22.42812595" lon="143.21049171">
        <ele>240.85</ele>
        <time>2026-08-31T00:32:52Z</time>
        <extensions>
          <geotracker:meta c="5.03" s="27.58" />
        </extensions>
      </trkpt>
      <trkpt lat="-22.42736858" lon="143.20787505">
        <ele>236.69</ele>
        <time>2026-08-31T00:33:02Z</time>
        <extensions>
          <geotracker:meta c="5" s="28.36" />
        </extensions>
      </trkpt>
      <trkpt lat="-22.42657522" lon="143.2053683">
        <ele>236.61</ele>
        <time>2026-08-31T00:33:12Z</time>
        <extensions>
          <geotracker:meta c="5.05" s="26.73" />
        </extensions>
      </trkpt>
      <trkpt lat="-22.42573846" lon="143.20292768">
        <ele>241.14</ele>
        <time>2026-08-31T00:33:22Z</time>
        <extensions>
          <geotracker:meta c="5.08" s="26.97" />
        </extensions>
      </trkpt>
      <trkpt lat="-22.424843" lon="143.20048309">
        <ele>241.34</ele>
        <time>2026-08-31T00:33:32Z</time>
        <extensions>
          <geotracker:meta c="5.11" s="27.08" />
        </extensions>
      </trkpt>
      <trkpt lat="-22.4238602" lon="143.19808028">
        <ele>237.73</ele>
        <time>2026-08-31T00:33:42Z</time>
        <extensions>
          <geotracker:meta c="5.14" s="26.86" />
        </extensions>
      </trkpt>
      <trkpt lat="-22.4228119" lon="143.19570628">
        <ele>238.64</ele>
        <time>2026-08-31T00:33:52Z</time>
        <extensions>
          <geotracker:meta c="5.17" s="27.08" />
        </extensions>
      </trkpt>
      <trkpt lat="-22.42169049" lon="143.19339467">
        <ele>238.86</ele>
        <time>2026-08-31T00:34:02Z</time>
        <extensions>
          <geotracker:meta c="5.2" s="26.96" />
        </extensions>
      </trkpt>
      <trkpt lat="-22.42051002" lon="143.19110883">
        <ele>238.37</ele>
        <time>2026-08-31T00:34:12Z</time>
        <extensions>
          <geotracker:meta c="5.24" s="26.85" />
        </extensions>
      </trkpt>
      <trkpt lat="-22.41928354" lon="143.18880036">
        <ele>237.25</ele>
        <time>2026-08-31T00:34:22Z</time>
        <extensions>
          <geotracker:meta c="5.22" s="27.36" />
        </extensions>
      </trkpt>
      <trkpt lat="-22.41807496" lon="143.18645148">
        <ele>237.91</ele>
        <time>2026-08-31T00:34:32Z</time>
        <extensions>
          <geotracker:meta c="5.2" s="27.91" />
        </extensions>
      </trkpt>
      <trkpt lat="-22.41676276" lon="143.18383166">
        <ele>238.38</ele>
        <time>2026-08-31T00:34:43Z</time>
        <extensions>
          <geotracker:meta c="5.21" s="28" />
        </extensions>
      </trkpt>
      <trkpt lat="-22.41541995" lon="143.18101023">
        <ele>237.27</ele>
        <time>2026-08-31T00:34:55Z</time>
        <extensions>
          <geotracker:meta c="5.18" s="26.85" />
        </extensions>
      </trkpt>
      <trkpt lat="-22.41328324" lon="143.1763038">
        <ele>238.62</ele>
        <time>2026-08-31T00:35:15Z</time>
        <extensions>
          <geotracker:meta c="5.18" s="27.49" />
        </extensions>
      </trkpt>
      <trkpt lat="-22.41216008" lon="143.1738995">
        <ele>237.84</ele>
        <time>2026-08-31T00:35:25Z</time>
        <extensions>
          <geotracker:meta c="5.18" s="27.81" />
        </extensions>
      </trkpt>
      <trkpt lat="-22.41102996" lon="143.17153497">
        <ele>237.37</ele>
        <time>2026-08-31T00:35:35Z</time>
        <extensions>
          <geotracker:meta c="5.2" s="26.96" />
        </extensions>
      </trkpt>
      <trkpt lat="-22.40988686" lon="143.16924334">
        <ele>235.16</ele>
        <time>2026-08-31T00:35:45Z</time>
        <extensions>
          <geotracker:meta c="5.22" s="26.62" />
        </extensions>
      </trkpt>
      <trkpt lat="-22.4087479" lon="143.16705874">
        <ele>231.43</ele>
        <time>2026-08-31T00:35:55Z</time>
        <extensions>
          <geotracker:meta c="5.24" s="25.28" />
        </extensions>
      </trkpt>
      <trkpt lat="-22.40766573" lon="143.16500974">
        <ele>233.84</ele>
        <time>2026-08-31T00:36:05Z</time>
        <extensions>
          <geotracker:meta c="5.24" s="23.68" />
        </extensions>
      </trkpt>
      <trkpt lat="-22.40661951" lon="143.16297629">
        <ele>234.3</ele>
        <time>2026-08-31T00:36:15Z</time>
        <extensions>
          <geotracker:meta c="5.18" s="24.58" />
        </extensions>
      </trkpt>
      <trkpt lat="-22.40560361" lon="143.16080056">
        <ele>234.6</ele>
        <time>2026-08-31T00:36:25Z</time>
        <extensions>
          <geotracker:meta c="5.16" s="25.84" />
        </extensions>
      </trkpt>
      <trkpt lat="-22.40465351" lon="143.15843047">
        <ele>234.77</ele>
        <time>2026-08-31T00:36:35Z</time>
        <extensions>
          <geotracker:meta c="5.09" s="26.75" />
        </extensions>
      </trkpt>
      <trkpt lat="-22.4037661" lon="143.15598686">
        <ele>233.69</ele>
        <time>2026-08-31T00:36:45Z</time>
        <extensions>
          <geotracker:meta c="5.08" s="27.19" />
        </extensions>
      </trkpt>
      <trkpt lat="-22.40287456" lon="143.15354175">
        <ele>232.63</ele>
        <time>2026-08-31T00:36:55Z</time>
        <extensions>
          <geotracker:meta c="5.09" s="26.94" />
        </extensions>
      </trkpt>
      <trkpt lat="-22.40192987" lon="143.15108092">
        <ele>234.68</ele>
        <time>2026-08-31T00:37:05Z</time>
        <extensions>
          <geotracker:meta c="5.15" s="27.95" />
        </extensions>
      </trkpt>
      <trkpt lat="-22.40067716" lon="143.14873444">
        <ele>234.35</ele>
        <time>2026-08-31T00:37:15Z</time>
        <extensions>
          <geotracker:meta c="5.3" s="26.88" />
        </extensions>
      </trkpt>
      <trkpt lat="-22.3992861" lon="143.14658921">
        <ele>232.71</ele>
        <time>2026-08-31T00:37:25Z</time>
        <extensions>
          <geotracker:meta c="5.32" s="26.73" />
        </extensions>
      </trkpt>
      <trkpt lat="-22.39791938" lon="143.14444747">
        <ele>231.83</ele>
        <time>2026-08-31T00:37:35Z</time>
        <extensions>
          <geotracker:meta c="5.27" s="26.85" />
        </extensions>
      </trkpt>
      <trkpt lat="-22.39707723" lon="143.14276467">
        <ele>235.03</ele>
        <time>2026-08-31T00:37:42Z</time>
        <extensions>
          <geotracker:meta c="5.14" s="27.02" />
        </extensions>
      </trkpt>
      <trkpt lat="-22.39624744" lon="143.14013348">
        <ele>233.26</ele>
        <time>2026-08-31T00:37:53Z</time>
        <extensions>
          <geotracker:meta c="4.95" s="26.67" />
        </extensions>
      </trkpt>
      <trkpt lat="-22.39569454" lon="143.13764795">
        <ele>234.07</ele>
        <time>2026-08-31T00:38:03Z</time>
        <extensions>
          <geotracker:meta c="4.95" s="26.65" />
        </extensions>
      </trkpt>
      <trkpt lat="-22.39513728" lon="143.13505726">
        <ele>231.48</ele>
        <time>2026-08-31T00:38:13Z</time>
        <extensions>
          <geotracker:meta c="4.95" s="27.75" />
        </extensions>
      </trkpt>
      <trkpt lat="-22.39455108" lon="143.13244092">
        <ele>232.29</ele>
        <time>2026-08-31T00:38:23Z</time>
        <extensions>
          <geotracker:meta c="4.95" s="27.18" />
        </extensions>
      </trkpt>
      <trkpt lat="-22.39398902" lon="143.12986942">
        <ele>231.66</ele>
        <time>2026-08-31T00:38:33Z</time>
        <extensions>
          <geotracker:meta c="4.95" s="26.92" />
        </extensions>
      </trkpt>
      <trkpt lat="-22.39341929" lon="143.12734835">
        <ele>232.45</ele>
        <time>2026-08-31T00:38:43Z</time>
        <extensions>
          <geotracker:meta c="4.95" s="26.81" />
        </extensions>
      </trkpt>
      <trkpt lat="-22.3928268" lon="143.12480136">
        <ele>231.91</ele>
        <time>2026-08-31T00:38:53Z</time>
        <extensions>
          <geotracker:meta c="4.97" s="27.25" />
        </extensions>
      </trkpt>
      <trkpt lat="-22.3921469" lon="143.12223252">
        <ele>229.8</ele>
        <time>2026-08-31T00:39:03Z</time>
        <extensions>
          <geotracker:meta c="5" s="27.53" />
        </extensions>
      </trkpt>
      <trkpt lat="-22.39139686" lon="143.11967531">
        <ele>227.1</ele>
        <time>2026-08-31T00:39:13Z</time>
        <extensions>
          <geotracker:meta c="5.02" s="28.11" />
        </extensions>
      </trkpt>
      <trkpt lat="-22.39060483" lon="143.11704924">
        <ele>231.14</ele>
        <time>2026-08-31T00:39:23Z</time>
        <extensions>
          <geotracker:meta c="5.03" s="28.63" />
        </extensions>
      </trkpt>
      <trkpt lat="-22.38984784" lon="143.11450811">
        <ele>228.75</ele>
        <time>2026-08-31T00:39:33Z</time>
        <extensions>
          <geotracker:meta c="5.03" s="26.68" />
        </extensions>
      </trkpt>
      <trkpt lat="-22.38910003" lon="143.11205332">
        <ele>229.38</ele>
        <time>2026-08-31T00:39:43Z</time>
        <extensions>
          <geotracker:meta c="5.03" s="27.13" />
        </extensions>
      </trkpt>
      <trkpt lat="-22.38834329" lon="143.10952319">
        <ele>229.43</ele>
        <time>2026-08-31T00:39:53Z</time>
        <extensions>
          <geotracker:meta c="5.03" s="27.01" />
        </extensions>
      </trkpt>
      <trkpt lat="-22.387587" lon="143.10703519">
        <ele>232.31</ele>
        <time>2026-08-31T00:40:03Z</time>
        <extensions>
          <geotracker:meta c="5.03" s="27.02" />
        </extensions>
      </trkpt>
      <trkpt lat="-22.38683873" lon="143.10451869">
        <ele>230.51</ele>
        <time>2026-08-31T00:40:13Z</time>
        <extensions>
          <geotracker:meta c="5.03" s="27.4" />
        </extensions>
      </trkpt>
      <trkpt lat="-22.38603375" lon="143.10199349">
        <ele>231.39</ele>
        <time>2026-08-31T00:40:23Z</time>
        <extensions>
          <geotracker:meta c="5.05" s="27.68" />
        </extensions>
      </trkpt>
      <trkpt lat="-22.38520441" lon="143.09950505">
        <ele>229.57</ele>
        <time>2026-08-31T00:40:33Z</time>
        <extensions>
          <geotracker:meta c="5.07" s="27.13" />
        </extensions>
      </trkpt>
      <trkpt lat="-22.38436248" lon="143.09700528">
        <ele>228.83</ele>
        <time>2026-08-31T00:40:43Z</time>
        <extensions>
          <geotracker:meta c="5.06" s="27.48" />
        </extensions>
      </trkpt>
      <trkpt lat="-22.38361649" lon="143.09453926">
        <ele>230.62</ele>
        <time>2026-08-31T00:40:53Z</time>
        <extensions>
          <geotracker:meta c="5.01" s="26.77" />
        </extensions>
      </trkpt>
      <trkpt lat="-22.38295858" lon="143.09213402">
        <ele>228.95</ele>
        <time>2026-08-31T00:41:03Z</time>
        <extensions>
          <geotracker:meta c="5" s="24.94" />
        </extensions>
      </trkpt>
      <trkpt lat="-22.38233221" lon="143.08986131">
        <ele>232.16</ele>
        <time>2026-08-31T00:41:13Z</time>
        <extensions>
          <geotracker:meta c="5" s="24.33" />
        </extensions>
      </trkpt>
      <trkpt lat="-22.38171115" lon="143.08757708">
        <ele>236.91</ele>
        <time>2026-08-31T00:41:23Z</time>
        <extensions>
          <geotracker:meta c="5" s="24.43" />
        </extensions>
      </trkpt>
      <trkpt lat="-22.38105896" lon="143.08524558">
        <ele>232.06</ele>
        <time>2026-08-31T00:41:33Z</time>
        <extensions>
          <geotracker:meta c="5" s="25.67" />
        </extensions>
      </trkpt>
      <trkpt lat="-22.38057409" lon="143.08275722">
        <ele>231.37</ele>
        <time>2026-08-31T00:41:43Z</time>
        <extensions>
          <geotracker:meta c="4.82" s="26.47" />
        </extensions>
      </trkpt>
      <trkpt lat="-22.38048385" lon="143.08020601">
        <ele>231.24</ele>
        <time>2026-08-31T00:41:53Z</time>
        <extensions>
          <geotracker:meta c="4.75" s="26.09" />
        </extensions>
      </trkpt>
      <trkpt lat="-22.38039826" lon="143.07767933">
        <ele>232.96</ele>
        <time>2026-08-31T00:42:03Z</time>
        <extensions>
          <geotracker:meta c="4.76" s="26.17" />
        </extensions>
      </trkpt>
      <trkpt lat="-22.38032975" lon="143.07514775">
        <ele>233.72</ele>
        <time>2026-08-31T00:42:13Z</time>
        <extensions>
          <geotracker:meta c="4.74" s="26.03" />
        </extensions>
      </trkpt>
      <trkpt lat="-22.38023882" lon="143.07263617">
        <ele>236.42</ele>
        <time>2026-08-31T00:42:23Z</time>
        <extensions>
          <geotracker:meta c="4.75" s="25.64" />
        </extensions>
      </trkpt>
      <trkpt lat="-22.38014871" lon="143.0701691">
        <ele>233.06</ele>
        <time>2026-08-31T00:42:33Z</time>
        <extensions>
          <geotracker:meta c="4.76" s="25.08" />
        </extensions>
      </trkpt>
      <trkpt lat="-22.38007201" lon="143.06775068">
        <ele>235.33</ele>
        <time>2026-08-31T00:42:43Z</time>
        <extensions>
          <geotracker:meta c="4.74" s="25.4" />
        </extensions>
      </trkpt>
      <trkpt lat="-22.37997202" lon="143.06531139">
        <ele>234.72</ele>
        <time>2026-08-31T00:42:53Z</time>
        <extensions>
          <geotracker:meta c="4.75" s="24.55" />
        </extensions>
      </trkpt>
      <trkpt lat="-22.37991306" lon="143.06295081">
        <ele>235.71</ele>
        <time>2026-08-31T00:43:03Z</time>
        <extensions>
          <geotracker:meta c="4.75" s="22.97" />
        </extensions>
      </trkpt>
      <trkpt lat="-22.37983017" lon="143.06086253">
        <ele>236.96</ele>
        <time>2026-08-31T00:43:13Z</time>
        <extensions>
          <geotracker:meta c="4.75" s="20.98" />
        </extensions>
      </trkpt>
      <trkpt lat="-22.38003862" lon="143.05887002">
        <ele>235.17</ele>
        <time>2026-08-31T00:43:23Z</time>
        <extensions>
          <geotracker:meta c="4.47" s="20.26" />
        </extensions>
      </trkpt>
      <trkpt lat="-22.38048922" lon="143.0570138">
        <ele>235.33</ele>
        <time>2026-08-31T00:43:33Z</time>
        <extensions>
          <geotracker:meta c="4.46" s="19.45" />
        </extensions>
      </trkpt>
      <trkpt lat="-22.38091594" lon="143.05526438">
        <ele>234.79</ele>
        <time>2026-08-31T00:43:43Z</time>
        <extensions>
          <geotracker:meta c="4.46" s="18.42" />
        </extensions>
      </trkpt>
      <trkpt lat="-22.38133123" lon="143.05351416">
        <ele>238.83</ele>
        <time>2026-08-31T00:43:53Z</time>
        <extensions>
          <geotracker:meta c="4.47" s="19.02" />
        </extensions>
      </trkpt>
      <trkpt lat="-22.38144633" lon="143.05165374">
        <ele>235.43</ele>
        <time>2026-08-31T00:44:03Z</time>
        <extensions>
          <geotracker:meta c="4.79" s="18.66" />
        </extensions>
      </trkpt>
      <trkpt lat="-22.38124709" lon="143.05008739">
        <ele>229.07</ele>
        <time>2026-08-31T00:44:13Z</time>
        <extensions>
          <geotracker:meta c="4.85" s="14.2" />
        </extensions>
      </trkpt>
      <trkpt lat="-22.38108691" lon="143.04886024">
        <ele>230.61</ele>
        <time>2026-08-31T00:44:23Z</time>
        <extensions>
          <geotracker:meta c="4.76" s="10.5" />
        </extensions>
      </trkpt>
      <trkpt lat="-22.38101472" lon="143.04815751">
        <ele>230.66</ele>
        <time>2026-08-31T00:45:23Z</time>
        <extensions>
          <geotracker:meta c="4.87" s="4.76" />
        </extensions>
      </trkpt>
      <trkpt lat="-22.38086406" lon="143.04741649">
        <ele>229.86</ele>
        <time>2026-08-31T00:45:33Z</time>
        <extensions>
          <geotracker:meta c="4.82" s="7.28" />
        </extensions>
      </trkpt>
      <trkpt lat="-22.38076769" lon="143.04667113">
        <ele>229.08</ele>
        <time>2026-08-31T00:45:43Z</time>
        <extensions>
          <geotracker:meta c="4.87" s="8.97" />
        </extensions>
      </trkpt>
      <trkpt lat="-22.38063532" lon="143.04573038">
        <ele>229.13</ele>
        <time>2026-08-31T00:45:53Z</time>
        <extensions>
          <geotracker:meta c="4.87" s="10.48" />
        </extensions>
      </trkpt>
      <trkpt lat="-22.38048063" lon="143.04472799">
        <ele>229.67</ele>
        <time>2026-08-31T00:46:03Z</time>
        <extensions>
          <geotracker:meta c="4.85" s="10.01" />
        </extensions>
      </trkpt>
      <trkpt lat="-22.38036234" lon="143.04382553">
        <ele>230.41</ele>
        <time>2026-08-31T00:46:13Z</time>
        <extensions>
          <geotracker:meta c="4.85" s="8.52" />
        </extensions>
      </trkpt>
      <trkpt lat="-22.38026643" lon="143.04316356">
        <ele>233.79</ele>
        <time>2026-08-31T00:46:23Z</time>
        <extensions>
          <geotracker:meta c="4.86" s="5.66" />
        </extensions>
      </trkpt>
      <trkpt lat="-22.3814467" lon="143.04272746">
        <ele>229.81</ele>
        <time>2026-08-31T00:46:43Z</time>
        <extensions>
          <geotracker:meta c="3.28" s="8.02" />
        </extensions>
      </trkpt>
      <trkpt lat="-22.38217326" lon="143.04261443">
        <ele>230.71</ele>
        <time>2026-08-31T00:46:53Z</time>
        <extensions>
          <geotracker:meta c="3.28" s="8.19" />
        </extensions>
      </trkpt>
      <trkpt lat="-22.38289097" lon="143.04249442">
        <ele>232.51</ele>
        <time>2026-08-31T00:47:03Z</time>
        <extensions>
          <geotracker:meta c="3.3" s="8.01" />
        </extensions>
      </trkpt>
      <trkpt lat="-22.38369978" lon="143.04236761">
        <ele>232.67</ele>
        <time>2026-08-31T00:47:13Z</time>
        <extensions>
          <geotracker:meta c="3.29" s="9.95" />
        </extensions>
      </trkpt>
      <trkpt lat="-22.38453247" lon="143.04223608">
        <ele>231.76</ele>
        <time>2026-08-31T00:47:23Z</time>
        <extensions>
          <geotracker:meta c="3.29" s="9.8" />
        </extensions>
      </trkpt>
      <trkpt lat="-22.38543248" lon="143.04209054">
        <ele>229.97</ele>
        <time>2026-08-31T00:47:33Z</time>
        <extensions>
          <geotracker:meta c="3.3" s="10.18" />
        </extensions>
      </trkpt>
      <trkpt lat="-22.38629156" lon="143.04195358">
        <ele>232.17</ele>
        <time>2026-08-31T00:47:42Z</time>
        <extensions>
          <geotracker:meta c="3.32" s="10.11" />
        </extensions>
      </trkpt>
      <trkpt lat="-22.38715708" lon="143.041821">
        <ele>229.59</ele>
        <time>2026-08-31T00:47:51Z</time>
        <extensions>
          <geotracker:meta c="3.31" s="10.79" />
        </extensions>
      </trkpt>
      <trkpt lat="-22.38890526" lon="143.04153599">
        <ele>229.25</ele>
        <time>2026-08-31T00:48:10Z</time>
        <extensions>
          <geotracker:meta c="3.35" s="10.95" />
        </extensions>
      </trkpt>
      <trkpt lat="-22.38979753" lon="143.04139484">
        <ele>228.34</ele>
        <time>2026-08-31T00:48:19Z</time>
        <extensions>
          <geotracker:meta c="3.29" s="10.62" />
        </extensions>
      </trkpt>
      <trkpt lat="-22.39041" lon="143.04133144">
        <ele>227.75</ele>
        <time>2026-08-31T00:48:28Z</time>
        <extensions>
          <geotracker:meta c="3" s="6.14" />
        </extensions>
      </trkpt>
      <trkpt lat="-22.39039899" lon="143.0399871">
        <ele>225.26</ele>
        <time>2026-08-31T00:48:54Z</time>
        <extensions>
          <geotracker:meta c="4.73" s="6.3" />
        </extensions>
      </trkpt>
      <trkpt lat="-22.39033549" lon="143.0394091">
        <ele>226.08</ele>
        <time>2026-08-31T00:49:04Z</time>
        <extensions>
          <geotracker:meta c="4.64" s="5.96" />
        </extensions>
      </trkpt>
      <trkpt lat="-22.39047364" lon="143.03899612">
        <ele>229.49</ele>
        <time>2026-08-31T00:52:16Z</time>
        <extensions>
          <geotracker:meta c="4.58" s="1.26" />
        </extensions>
      </trkpt>
      <trkpt lat="-22.3904453" lon="143.03955929">
        <ele>232.23</ele>
        <time>2026-08-31T00:54:25Z</time>
        <extensions>
          <geotracker:meta c="1.84" s="1.25" />
        </extensions>
      </trkpt>
      <trkpt lat="-22.39056704" lon="143.04034202">
        <ele>231.73</ele>
        <time>2026-08-31T00:55:31Z</time>
        <extensions>
          <geotracker:meta c="2.45" s="1.21" />
        </extensions>
      </trkpt>
      <trkpt lat="-22.39063108" lon="143.04029321">
        <ele>233.66</ele>
        <time>2026-08-31T00:59:01Z</time>
        <extensions>
          <geotracker:meta c="3.17" s="0.68" />
        </extensions>
      </trkpt>
    </trkseg>
    <trkseg>
      <trkpt lat="-22.38631432" lon="143.04192669">
        <ele>231.88</ele>
        <time>2026-08-31T03:24:43Z</time>
        <extensions>
          <geotracker:meta c="0.14" s="11.21" />
        </extensions>
      </trkpt>
      <trkpt lat="-22.38459653" lon="143.04220292">
        <ele>231.97</ele>
        <time>2026-08-31T03:24:59Z</time>
        <extensions>
          <geotracker:meta c="0.14" s="12.98" />
        </extensions>
      </trkpt>
      <trkpt lat="-22.3835588" lon="143.04237742">
        <ele>232.1</ele>
        <time>2026-08-31T03:25:08Z</time>
        <extensions>
          <geotracker:meta c="0.13" s="13.43" />
        </extensions>
      </trkpt>
      <trkpt lat="-22.3825115" lon="143.04253653">
        <ele>233.27</ele>
        <time>2026-08-31T03:25:17Z</time>
        <extensions>
          <geotracker:meta c="0.15" s="12.86" />
        </extensions>
      </trkpt>
      <trkpt lat="-22.38148577" lon="143.042702">
        <ele>233.79</ele>
        <time>2026-08-31T03:25:26Z</time>
        <extensions>
          <geotracker:meta c="0.15" s="12.38" />
        </extensions>
      </trkpt>
      <trkpt lat="-22.38053661" lon="143.04284521">
        <ele>234.24</ele>
        <time>2026-08-31T03:25:36Z</time>
        <extensions>
          <geotracker:meta c="0.15" s="8.59" />
        </extensions>
      </trkpt>
      <trkpt lat="-22.38033703" lon="143.04392974">
        <ele>233.16</ele>
        <time>2026-08-31T03:25:55Z</time>
        <extensions>
          <geotracker:meta c="1.73" s="10.46" />
        </extensions>
      </trkpt>
      <trkpt lat="-22.38046658" lon="143.04483581">
        <ele>232.54</ele>
        <time>2026-08-31T03:26:04Z</time>
        <extensions>
          <geotracker:meta c="1.7" s="10.36" />
        </extensions>
      </trkpt>
      <trkpt lat="-22.38059364" lon="143.04574812">
        <ele>231.9</ele>
        <time>2026-08-31T03:26:13Z</time>
        <extensions>
          <geotracker:meta c="1.72" s="10.77" />
        </extensions>
      </trkpt>
      <trkpt lat="-22.38072628" lon="143.04670075">
        <ele>231.58</ele>
        <time>2026-08-31T03:26:22Z</time>
        <extensions>
          <geotracker:meta c="1.73" s="10.28" />
        </extensions>
      </trkpt>
      <trkpt lat="-22.38079549" lon="143.04740189">
        <ele>231.4</ele>
        <time>2026-08-31T03:26:31Z</time>
        <extensions>
          <geotracker:meta c="1.34" s="4.87" />
        </extensions>
      </trkpt>
      <trkpt lat="-22.38084704" lon="143.04730059">
        <ele>229.78</ele>
        <time>2026-08-31T03:33:50Z</time>
        <extensions>
          <geotracker:meta c="4.63" s="5.47" />
        </extensions>
      </trkpt>
      <trkpt lat="-22.38128374" lon="143.04707702">
        <ele>231.5</ele>
        <time>2026-08-31T03:34:00Z</time>
        <extensions>
          <geotracker:meta c="3.32" s="6.36" />
        </extensions>
      </trkpt>
      <trkpt lat="-22.38308989" lon="143.04677072">
        <ele>228.96</ele>
        <time>2026-08-31T03:34:20Z</time>
        <extensions>
          <geotracker:meta c="3.3" s="12.58" />
        </extensions>
      </trkpt>
      <trkpt lat="-22.38428757" lon="143.04657328">
        <ele>230.25</ele>
        <time>2026-08-31T03:34:30Z</time>
        <extensions>
          <geotracker:meta c="3.28" s="13.96" />
        </extensions>
      </trkpt>
      <trkpt lat="-22.38560215" lon="143.04636222">
        <ele>230.6</ele>
        <time>2026-08-31T03:34:40Z</time>
        <extensions>
          <geotracker:meta c="3.29" s="15.55" />
        </extensions>
      </trkpt>
      <trkpt lat="-22.38701047" lon="143.04613383">
        <ele>228.25</ele>
        <time>2026-08-31T03:34:50Z</time>
        <extensions>
          <geotracker:meta c="3.29" s="16.12" />
        </extensions>
      </trkpt>
      <trkpt lat="-22.38843243" lon="143.04589952">
        <ele>229.32</ele>
        <time>2026-08-31T03:35:00Z</time>
        <extensions>
          <geotracker:meta c="3.3" s="15.83" />
        </extensions>
      </trkpt>
      <trkpt lat="-22.38977791" lon="143.04567831">
        <ele>228.45</ele>
        <time>2026-08-31T03:35:10Z</time>
        <extensions>
          <geotracker:meta c="3.29" s="14.03" />
        </extensions>
      </trkpt>
      <trkpt lat="-22.39097937" lon="143.04549446">
        <ele>228.1</ele>
        <time>2026-08-31T03:35:20Z</time>
        <extensions>
          <geotracker:meta c="3.28" s="12.46" />
        </extensions>
      </trkpt>
      <trkpt lat="-22.39197021" lon="143.04501362">
        <ele>228.07</ele>
        <time>2026-08-31T03:35:30Z</time>
        <extensions>
          <geotracker:meta c="4.02" s="12.32" />
        </extensions>
      </trkpt>
      <trkpt lat="-22.39209583" lon="143.04385218">
        <ele>227.95</ele>
        <time>2026-08-31T03:35:40Z</time>
        <extensions>
          <geotracker:meta c="4.85" s="13.07" />
        </extensions>
      </trkpt>
      <trkpt lat="-22.39190147" lon="143.04252627">
        <ele>228.38</ele>
        <time>2026-08-31T03:35:50Z</time>
        <extensions>
          <geotracker:meta c="4.86" s="12.73" />
        </extensions>
      </trkpt>
      <trkpt lat="-22.39173865" lon="143.04136352">
        <ele>229.82</ele>
        <time>2026-08-31T03:36:00Z</time>
        <extensions>
          <geotracker:meta c="4.85" s="12.07" />
        </extensions>
      </trkpt>
      <trkpt lat="-22.39159482" lon="143.04020079">
        <ele>230.85</ele>
        <time>2026-08-31T03:36:10Z</time>
        <extensions>
          <geotracker:meta c="4.84" s="12.44" />
        </extensions>
      </trkpt>
      <trkpt lat="-22.39141959" lon="143.03890619">
        <ele>229.63</ele>
        <time>2026-08-31T03:36:20Z</time>
        <extensions>
          <geotracker:meta c="4.87" s="13.5" />
        </extensions>
      </trkpt>
      <trkpt lat="-22.39123829" lon="143.03762447">
        <ele>229.09</ele>
        <time>2026-08-31T03:36:30Z</time>
        <extensions>
          <geotracker:meta c="4.86" s="13.13" />
        </extensions>
      </trkpt>
      <trkpt lat="-22.3910628" lon="143.03637564">
        <ele>229.7</ele>
        <time>2026-08-31T03:36:40Z</time>
        <extensions>
          <geotracker:meta c="4.86" s="13.42" />
        </extensions>
      </trkpt>
      <trkpt lat="-22.39087318" lon="143.03501244">
        <ele>229.09</ele>
        <time>2026-08-31T03:36:50Z</time>
        <extensions>
          <geotracker:meta c="4.86" s="14.77" />
        </extensions>
      </trkpt>
      <trkpt lat="-22.3906682" lon="143.03362777">
        <ele>227.47</ele>
        <time>2026-08-31T03:37:00Z</time>
        <extensions>
          <geotracker:meta c="4.96" s="14.4" />
        </extensions>
      </trkpt>
      <trkpt lat="-22.38980016" lon="143.03284307">
        <ele>227.83</ele>
        <time>2026-08-31T03:37:10Z</time>
        <extensions>
          <geotracker:meta c="5.73" s="12.43" />
        </extensions>
      </trkpt>
      <trkpt lat="-22.38920716" lon="143.03182889">
        <ele>227.55</ele>
        <time>2026-08-31T03:37:20Z</time>
        <extensions>
          <geotracker:meta c="4.93" s="13.43" />
        </extensions>
      </trkpt>
      <trkpt lat="-22.38894946" lon="143.03040789">
        <ele>228.6</ele>
        <time>2026-08-31T03:37:30Z</time>
        <extensions>
          <geotracker:meta c="4.94" s="16.27" />
        </extensions>
      </trkpt>
      <trkpt lat="-22.38833776" lon="143.0288608">
        <ele>228.3</ele>
        <time>2026-08-31T03:37:40Z</time>
        <extensions>
          <geotracker:meta c="5.24" s="18.07" />
        </extensions>
      </trkpt>
      <trkpt lat="-22.38729908" lon="143.0274288">
        <ele>227.67</ele>
        <time>2026-08-31T03:37:50Z</time>
        <extensions>
          <geotracker:meta c="5.42" s="19.69" />
        </extensions>
      </trkpt>
      <trkpt lat="-22.38609859" lon="143.02589294">
        <ele>228.17</ele>
        <time>2026-08-31T03:38:00Z</time>
        <extensions>
          <geotracker:meta c="5.41" s="21.18" />
        </extensions>
      </trkpt>
      <trkpt lat="-22.38485692" lon="143.02429296">
        <ele>226.3</ele>
        <time>2026-08-31T03:38:10Z</time>
        <extensions>
          <geotracker:meta c="5.41" s="22.2" />
        </extensions>
      </trkpt>
      <trkpt lat="-22.38355544" lon="143.02260481">
        <ele>226.03</ele>
        <time>2026-08-31T03:38:20Z</time>
        <extensions>
          <geotracker:meta c="5.36" s="22.74" />
        </extensions>
      </trkpt>
      <trkpt lat="-22.38261274" lon="143.02055359">
        <ele>226.84</ele>
        <time>2026-08-31T03:38:30Z</time>
        <extensions>
          <geotracker:meta c="5.07" s="24.12" />
        </extensions>
      </trkpt>
      <trkpt lat="-22.38185612" lon="143.01838249">
        <ele>227.16</ele>
        <time>2026-08-31T03:38:40Z</time>
        <extensions>
          <geotracker:meta c="5.06" s="23.81" />
        </extensions>
      </trkpt>
      <trkpt lat="-22.38111303" lon="143.01621861">
        <ele>228.33</ele>
        <time>2026-08-31T03:38:50Z</time>
        <extensions>
          <geotracker:meta c="5.07" s="23.69" />
        </extensions>
      </trkpt>
      <trkpt lat="-22.38036708" lon="143.01405152">
        <ele>231.18</ele>
        <time>2026-08-31T03:39:00Z</time>
        <extensions>
          <geotracker:meta c="5.06" s="23.3" />
        </extensions>
      </trkpt>
      <trkpt lat="-22.37965499" lon="143.01200606">
        <ele>228.69</ele>
        <time>2026-08-31T03:39:10Z</time>
        <extensions>
          <geotracker:meta c="5.07" s="22.7" />
        </extensions>
      </trkpt>
      <trkpt lat="-22.37897094" lon="143.01001056">
        <ele>227.28</ele>
        <time>2026-08-31T03:39:20Z</time>
        <extensions>
          <geotracker:meta c="5.06" s="21.83" />
        </extensions>
      </trkpt>
      <trkpt lat="-22.3782994" lon="143.00807856">
        <ele>225.18</ele>
        <time>2026-08-31T03:39:30Z</time>
        <extensions>
          <geotracker:meta c="5.07" s="21.27" />
        </extensions>
      </trkpt>
      <trkpt lat="-22.37759523" lon="143.00603435">
        <ele>228.97</ele>
        <time>2026-08-31T03:39:40Z</time>
        <extensions>
          <geotracker:meta c="5.08" s="23.11" />
        </extensions>
      </trkpt>
      <trkpt lat="-22.3767972" lon="143.00370577">
        <ele>226.51</ele>
        <time>2026-08-31T03:39:51Z</time>
        <extensions>
          <geotracker:meta c="5.07" s="23.46" />
        </extensions>
      </trkpt>
      <trkpt lat="-22.37605776" lon="143.00151098">
        <ele>227.32</ele>
        <time>2026-08-31T03:40:01Z</time>
        <extensions>
          <geotracker:meta c="4.97" s="24.06" />
        </extensions>
      </trkpt>
      <trkpt lat="-22.37552544" lon="142.99890014">
        <ele>225.28</ele>
        <time>2026-08-31T03:40:13Z</time>
        <extensions>
          <geotracker:meta c="4.93" s="22.08" />
        </extensions>
      </trkpt>
      <trkpt lat="-22.37504645" lon="142.9967018">
        <ele>226.22</ele>
        <time>2026-08-31T03:40:24Z</time>
        <extensions>
          <geotracker:meta c="4.95" s="21.54" />
        </extensions>
      </trkpt>
      <trkpt lat="-22.37390195" lon="142.99166599">
        <ele>226.75</ele>
        <time>2026-08-31T03:40:47Z</time>
        <extensions>
          <geotracker:meta c="5" s="23.11" />
        </extensions>
      </trkpt>
      <trkpt lat="-22.37286216" lon="142.98981526">
        <ele>227.51</ele>
        <time>2026-08-31T03:40:57Z</time>
        <extensions>
          <geotracker:meta c="5.5" s="21.73" />
        </extensions>
      </trkpt>
      <trkpt lat="-22.37129939" lon="142.98859821">
        <ele>227</ele>
        <time>2026-08-31T03:41:07Z</time>
        <extensions>
          <geotracker:meta c="5.85" s="21.36" />
        </extensions>
      </trkpt>
      <trkpt lat="-22.3694241" lon="142.98809749">
        <ele>225.99</ele>
        <time>2026-08-31T03:41:17Z</time>
        <extensions>
          <geotracker:meta c="0.1" s="22.05" />
        </extensions>
      </trkpt>
      <trkpt lat="-22.36739635" lon="142.98790097">
        <ele>226.56</ele>
        <time>2026-08-31T03:41:27Z</time>
        <extensions>
          <geotracker:meta c="6.21" s="22.5" />
        </extensions>
      </trkpt>
      <trkpt lat="-22.36536157" lon="142.98769825">
        <ele>226.89</ele>
        <time>2026-08-31T03:41:37Z</time>
        <extensions>
          <geotracker:meta c="6.19" s="22.6" />
        </extensions>
      </trkpt>
      <trkpt lat="-22.36330556" lon="142.98750992">
        <ele>227.01</ele>
        <time>2026-08-31T03:41:47Z</time>
        <extensions>
          <geotracker:meta c="6.19" s="23.19" />
        </extensions>
      </trkpt>
      <trkpt lat="-22.36121925" lon="142.98730176">
        <ele>228.9</ele>
        <time>2026-08-31T03:41:57Z</time>
        <extensions>
          <geotracker:meta c="6.19" s="23.24" />
        </extensions>
      </trkpt>
      <trkpt lat="-22.35852404" lon="142.98680918">
        <ele>226.98</ele>
        <time>2026-08-31T03:42:10Z</time>
        <extensions>
          <geotracker:meta c="5.97" s="23.75" />
        </extensions>
      </trkpt>
      <trkpt lat="-22.35657983" lon="142.98586808">
        <ele>228.11</ele>
        <time>2026-08-31T03:42:20Z</time>
        <extensions>
          <geotracker:meta c="5.78" s="23.71" />
        </extensions>
      </trkpt>
      <trkpt lat="-22.35465552" lon="142.98478453">
        <ele>227.39</ele>
        <time>2026-08-31T03:42:30Z</time>
        <extensions>
          <geotracker:meta c="5.99" s="23.83" />
        </extensions>
      </trkpt>
      <trkpt lat="-22.35273383" lon="142.98369109">
        <ele>230.37</ele>
        <time>2026-08-31T03:42:40Z</time>
        <extensions>
          <geotracker:meta c="5.81" s="23.95" />
        </extensions>
      </trkpt>
      <trkpt lat="-22.35082647" lon="142.98259963">
        <ele>233.3</ele>
        <time>2026-08-31T03:42:50Z</time>
        <extensions>
          <geotracker:meta c="5.81" s="24.15" />
        </extensions>
      </trkpt>
      <trkpt lat="-22.3488682" lon="142.98146863">
        <ele>232.01</ele>
        <time>2026-08-31T03:43:00Z</time>
        <extensions>
          <geotracker:meta c="5.8" s="24.19" />
        </extensions>
      </trkpt>
      <trkpt lat="-22.34698654" lon="142.98040819">
        <ele>228.14</ele>
        <time>2026-08-31T03:43:10Z</time>
        <extensions>
          <geotracker:meta c="5.8" s="23.89" />
        </extensions>
      </trkpt>
      <trkpt lat="-22.34485889" lon="142.97921075">
        <ele>230.03</ele>
        <time>2026-08-31T03:43:21Z</time>
        <extensions>
          <geotracker:meta c="5.89" s="24.36" />
        </extensions>
      </trkpt>
      <trkpt lat="-22.3426923" lon="142.97797729">
        <ele>231.67</ele>
        <time>2026-08-31T03:43:32Z</time>
        <extensions>
          <geotracker:meta c="5.79" s="24.87" />
        </extensions>
      </trkpt>
      <trkpt lat="-22.34009691" lon="142.97649381">
        <ele>236.06</ele>
        <time>2026-08-31T03:43:45Z</time>
        <extensions>
          <geotracker:meta c="5.78" s="25.12" />
        </extensions>
      </trkpt>
      <trkpt lat="-22.33812757" lon="142.9753715">
        <ele>234.97</ele>
        <time>2026-08-31T03:43:55Z</time>
        <extensions>
          <geotracker:meta c="5.8" s="24.63" />
        </extensions>
      </trkpt>
      <trkpt lat="-22.33612341" lon="142.97423322">
        <ele>235.86</ele>
        <time>2026-08-31T03:44:05Z</time>
        <extensions>
          <geotracker:meta c="5.79" s="25.19" />
        </extensions>
      </trkpt>
      <trkpt lat="-22.33431982" lon="142.9732131">
        <ele>236.9</ele>
        <time>2026-08-31T03:44:14Z</time>
        <extensions>
          <geotracker:meta c="5.83" s="24.98" />
        </extensions>
      </trkpt>
      <trkpt lat="-22.33256652" lon="142.97220208">
        <ele>238.42</ele>
        <time>2026-08-31T03:44:23Z</time>
        <extensions>
          <geotracker:meta c="5.8" s="24.19" />
        </extensions>
      </trkpt>
      <trkpt lat="-22.33062068" lon="142.9710977">
        <ele>238.3</ele>
        <time>2026-08-31T03:44:33Z</time>
        <extensions>
          <geotracker:meta c="5.79" s="24.57" />
        </extensions>
      </trkpt>
      <trkpt lat="-22.32883896" lon="142.9700848">
        <ele>236.08</ele>
        <time>2026-08-31T03:44:42Z</time>
        <extensions>
          <geotracker:meta c="5.78" s="24.92" />
        </extensions>
      </trkpt>
      <trkpt lat="-22.32703125" lon="142.96905939">
        <ele>234.57</ele>
        <time>2026-08-31T03:44:51Z</time>
        <extensions>
          <geotracker:meta c="5.8" s="25.4" />
        </extensions>
      </trkpt>
      <trkpt lat="-22.32504826" lon="142.96792821">
        <ele>235.04</ele>
        <time>2026-08-31T03:45:01Z</time>
        <extensions>
          <geotracker:meta c="5.84" s="24.56" />
        </extensions>
      </trkpt>
      <trkpt lat="-22.32329853" lon="142.96693078">
        <ele>236.77</ele>
        <time>2026-08-31T03:45:10Z</time>
        <extensions>
          <geotracker:meta c="5.76" s="24.33" />
        </extensions>
      </trkpt>
      <trkpt lat="-22.32151039" lon="142.96591515">
        <ele>235.56</ele>
        <time>2026-08-31T03:45:19Z</time>
        <extensions>
          <geotracker:meta c="5.7" s="25.18" />
        </extensions>
      </trkpt>
      <trkpt lat="-22.31971074" lon="142.96489175">
        <ele>235.37</ele>
        <time>2026-08-31T03:45:28Z</time>
        <extensions>
          <geotracker:meta c="5.79" s="25.18" />
        </extensions>
      </trkpt>
      <trkpt lat="-22.31625223" lon="142.96244451">
        <ele>237.46</ele>
        <time>2026-08-31T03:45:47Z</time>
        <extensions>
          <geotracker:meta c="5.63" s="24.06" />
        </extensions>
      </trkpt>
      <trkpt lat="-22.3145271" lon="142.960955">
        <ele>238.75</ele>
        <time>2026-08-31T03:45:57Z</time>
        <extensions>
          <geotracker:meta c="5.61" s="24.32" />
        </extensions>
      </trkpt>
      <trkpt lat="-22.31297901" lon="142.95961527">
        <ele>238.22</ele>
        <time>2026-08-31T03:46:06Z</time>
        <extensions>
          <geotracker:meta c="5.62" s="24.68" />
        </extensions>
      </trkpt>
      <trkpt lat="-22.3112354" lon="142.95811249">
        <ele>240.52</ele>
        <time>2026-08-31T03:46:16Z</time>
        <extensions>
          <geotracker:meta c="5.6" s="24.91" />
        </extensions>
      </trkpt>
      <trkpt lat="-22.30965261" lon="142.95675297">
        <ele>242.14</ele>
        <time>2026-08-31T03:46:25Z</time>
        <extensions>
          <geotracker:meta c="5.61" s="24.91" />
        </extensions>
      </trkpt>
      <trkpt lat="-22.30806866" lon="142.95537897">
        <ele>242.16</ele>
        <time>2026-08-31T03:46:34Z</time>
        <extensions>
          <geotracker:meta c="5.6" s="25.17" />
        </extensions>
      </trkpt>
      <trkpt lat="-22.30628359" lon="142.95383293">
        <ele>244.88</ele>
        <time>2026-08-31T03:46:44Z</time>
        <extensions>
          <geotracker:meta c="5.6" s="25.54" />
        </extensions>
      </trkpt>
      <trkpt lat="-22.30467061" lon="142.95244015">
        <ele>245.91</ele>
        <time>2026-08-31T03:46:53Z</time>
        <extensions>
          <geotracker:meta c="5.61" s="25.55" />
        </extensions>
      </trkpt>
      <trkpt lat="-22.30303627" lon="142.95101895">
        <ele>246.45</ele>
        <time>2026-08-31T03:47:02Z</time>
        <extensions>
          <geotracker:meta c="5.61" s="26.08" />
        </extensions>
      </trkpt>
      <trkpt lat="-22.30116957" lon="142.94940613">
        <ele>248.18</ele>
        <time>2026-08-31T03:47:12Z</time>
        <extensions>
          <geotracker:meta c="5.61" s="26.84" />
        </extensions>
      </trkpt>
      <trkpt lat="-22.29948592" lon="142.9479362">
        <ele>250.83</ele>
        <time>2026-08-31T03:47:21Z</time>
        <extensions>
          <geotracker:meta c="5.61" s="26.61" />
        </extensions>
      </trkpt>
      <trkpt lat="-22.29778178" lon="142.94647848">
        <ele>253.14</ele>
        <time>2026-08-31T03:47:30Z</time>
        <extensions>
          <geotracker:meta c="5.61" s="26.9" />
        </extensions>
      </trkpt>
      <trkpt lat="-22.29608822" lon="142.94502164">
        <ele>252.57</ele>
        <time>2026-08-31T03:47:39Z</time>
        <extensions>
          <geotracker:meta c="5.61" s="26.34" />
        </extensions>
      </trkpt>
      <trkpt lat="-22.2942729" lon="142.94344051">
        <ele>252.89</ele>
        <time>2026-08-31T03:47:49Z</time>
        <extensions>
          <geotracker:meta c="5.6" s="25.86" />
        </extensions>
      </trkpt>
      <trkpt lat="-22.2909441" lon="142.94069369">
        <ele>254.73</ele>
        <time>2026-08-31T03:48:07Z</time>
        <extensions>
          <geotracker:meta c="5.71" s="25.67" />
        </extensions>
      </trkpt>
      <trkpt lat="-22.28915913" lon="142.93959593">
        <ele>255.01</ele>
        <time>2026-08-31T03:48:16Z</time>
        <extensions>
          <geotracker:meta c="5.78" s="25.29" />
        </extensions>
      </trkpt>
      <trkpt lat="-22.28717016" lon="142.93843975">
        <ele>254.45</ele>
        <time>2026-08-31T03:48:26Z</time>
        <extensions>
          <geotracker:meta c="5.79" s="24.87" />
        </extensions>
      </trkpt>
      <trkpt lat="-22.28523296" lon="142.93730597">
        <ele>254.38</ele>
        <time>2026-08-31T03:48:36Z</time>
        <extensions>
          <geotracker:meta c="5.79" s="24.56" />
        </extensions>
      </trkpt>
      <trkpt lat="-22.28346374" lon="142.93627559">
        <ele>255.8</ele>
        <time>2026-08-31T03:48:45Z</time>
        <extensions>
          <geotracker:meta c="5.79" s="25.05" />
        </extensions>
      </trkpt>
      <trkpt lat="-22.28145126" lon="142.93510491">
        <ele>258.15</ele>
        <time>2026-08-31T03:48:55Z</time>
        <extensions>
          <geotracker:meta c="5.79" s="25.53" />
        </extensions>
      </trkpt>
      <trkpt lat="-22.27965335" lon="142.93406254">
        <ele>259.75</ele>
        <time>2026-08-31T03:49:04Z</time>
        <extensions>
          <geotracker:meta c="5.78" s="24.88" />
        </extensions>
      </trkpt>
      <trkpt lat="-22.27766691" lon="142.93290444">
        <ele>260.53</ele>
        <time>2026-08-31T03:49:14Z</time>
        <extensions>
          <geotracker:meta c="5.79" s="25.18" />
        </extensions>
      </trkpt>
      <trkpt lat="-22.27566744" lon="142.93173743">
        <ele>259.21</ele>
        <time>2026-08-31T03:49:24Z</time>
        <extensions>
          <geotracker:meta c="5.79" s="25.04" />
        </extensions>
      </trkpt>
      <trkpt lat="-22.27369516" lon="142.93059808">
        <ele>258.7</ele>
        <time>2026-08-31T03:49:34Z</time>
        <extensions>
          <geotracker:meta c="5.79" s="24.63" />
        </extensions>
      </trkpt>
      <trkpt lat="-22.27192246" lon="142.92956989">
        <ele>260.86</ele>
        <time>2026-08-31T03:49:43Z</time>
        <extensions>
          <geotracker:meta c="5.79" s="24.86" />
        </extensions>
      </trkpt>
      <trkpt lat="-22.2701492" lon="142.92854145">
        <ele>261.32</ele>
        <time>2026-08-31T03:49:52Z</time>
        <extensions>
          <geotracker:meta c="5.79" s="25.01" />
        </extensions>
      </trkpt>
      <trkpt lat="-22.26811576" lon="142.92734981">
        <ele>261.16</ele>
        <time>2026-08-31T03:50:02Z</time>
        <extensions>
          <geotracker:meta c="5.79" s="26.04" />
        </extensions>
      </trkpt>
      <trkpt lat="-22.26625223" lon="142.92626234">
        <ele>260.38</ele>
        <time>2026-08-31T03:50:11Z</time>
        <extensions>
          <geotracker:meta c="5.79" s="25.91" />
        </extensions>
      </trkpt>
      <trkpt lat="-22.26438547" lon="142.9251836">
        <ele>258.5</ele>
        <time>2026-08-31T03:50:20Z</time>
        <extensions>
          <geotracker:meta c="5.78" s="26.12" />
        </extensions>
      </trkpt>
      <trkpt lat="-22.26037958" lon="142.92284622">
        <ele>254.1</ele>
        <time>2026-08-31T03:50:39Z</time>
        <extensions>
          <geotracker:meta c="5.79" s="25.98" />
        </extensions>
      </trkpt>
      <trkpt lat="-22.25642477" lon="142.92055044">
        <ele>253.78</ele>
        <time>2026-08-31T03:50:58Z</time>
        <extensions>
          <geotracker:meta c="5.78" s="25.55" />
        </extensions>
      </trkpt>
      <trkpt lat="-22.25452069" lon="142.91926252">
        <ele>254.07</ele>
        <time>2026-08-31T03:51:08Z</time>
        <extensions>
          <geotracker:meta c="5.64" s="24.89" />
        </extensions>
      </trkpt>
      <trkpt lat="-22.25135694" lon="142.91659137">
        <ele>252.3</ele>
        <time>2026-08-31T03:51:26Z</time>
        <extensions>
          <geotracker:meta c="5.61" s="25.16" />
        </extensions>
      </trkpt>
      <trkpt lat="-22.24609324" lon="142.9121452">
        <ele>250.96</ele>
        <time>2026-08-31T03:51:55Z</time>
        <extensions>
          <geotracker:meta c="5.67" s="25.49" />
        </extensions>
      </trkpt>
      <trkpt lat="-22.24429831" lon="142.91105984">
        <ele>250.01</ele>
        <time>2026-08-31T03:52:04Z</time>
        <extensions>
          <geotracker:meta c="5.86" s="25.18" />
        </extensions>
      </trkpt>
      <trkpt lat="-22.23829416" lon="142.90873987">
        <ele>247.46</ele>
        <time>2026-08-31T03:52:32Z</time>
        <extensions>
          <geotracker:meta c="5.93" s="24.84" />
        </extensions>
      </trkpt>
      <trkpt lat="-22.23405774" lon="142.9071251">
        <ele>245.68</ele>
        <time>2026-08-31T03:52:52Z</time>
        <extensions>
          <geotracker:meta c="5.94" s="24.31" />
        </extensions>
      </trkpt>
      <trkpt lat="-22.23218101" lon="142.90641552">
        <ele>244.71</ele>
        <time>2026-08-31T03:53:01Z</time>
        <extensions>
          <geotracker:meta c="5.95" s="24.56" />
        </extensions>
      </trkpt>
      <trkpt lat="-22.23031354" lon="142.9057023">
        <ele>242.51</ele>
        <time>2026-08-31T03:53:10Z</time>
        <extensions>
          <geotracker:meta c="5.94" s="24.14" />
        </extensions>
      </trkpt>
      <trkpt lat="-22.22675895" lon="142.904365">
        <ele>239.41</ele>
        <time>2026-08-31T03:53:28Z</time>
        <extensions>
          <geotracker:meta c="6.01" s="22.58" />
        </extensions>
      </trkpt>
      <trkpt lat="-22.2250409" lon="142.90371681">
        <ele>238.72</ele>
        <time>2026-08-31T03:53:37Z</time>
        <extensions>
          <geotracker:meta c="5.95" s="21.88" />
        </extensions>
      </trkpt>
      <trkpt lat="-22.22335428" lon="142.90306801">
        <ele>238.25</ele>
        <time>2026-08-31T03:53:46Z</time>
        <extensions>
          <geotracker:meta c="5.93" s="22.52" />
        </extensions>
      </trkpt>
      <trkpt lat="-22.22140663" lon="142.90233233">
        <ele>238.41</ele>
        <time>2026-08-31T03:53:56Z</time>
        <extensions>
          <geotracker:meta c="5.93" s="22.77" />
        </extensions>
      </trkpt>
      <trkpt lat="-22.21811545" lon="142.90032879">
        <ele>238.3</ele>
        <time>2026-08-31T03:54:14Z</time>
        <extensions>
          <geotracker:meta c="5.66" s="24.54" />
        </extensions>
      </trkpt>
      <trkpt lat="-22.21625046" lon="142.89888817">
        <ele>239.29</ele>
        <time>2026-08-31T03:54:24Z</time>
        <extensions>
          <geotracker:meta c="5.67" s="25.66" />
        </extensions>
      </trkpt>
      <trkpt lat="-22.21101548" lon="142.89485493">
        <ele>241.23</ele>
        <time>2026-08-31T03:54:52Z</time>
        <extensions>
          <geotracker:meta c="5.67" s="25.19" />
        </extensions>
      </trkpt>
      <trkpt lat="-22.20878902" lon="142.89313148">
        <ele>240.02</ele>
        <time>2026-08-31T03:55:04Z</time>
        <extensions>
          <geotracker:meta c="5.66" s="25.32" />
        </extensions>
      </trkpt>
      <trkpt lat="-22.20712381" lon="142.89183548">
        <ele>238.17</ele>
        <time>2026-08-31T03:55:13Z</time>
        <extensions>
          <geotracker:meta c="5.65" s="25.22" />
        </extensions>
      </trkpt>
      <trkpt lat="-22.20546415" lon="142.89056732">
        <ele>237.5</ele>
        <time>2026-08-31T03:55:22Z</time>
        <extensions>
          <geotracker:meta c="5.66" s="24.89" />
        </extensions>
      </trkpt>
      <trkpt lat="-22.20385788" lon="142.8893247">
        <ele>236.94</ele>
        <time>2026-08-31T03:55:31Z</time>
        <extensions>
          <geotracker:meta c="5.66" s="24.15" />
        </extensions>
      </trkpt>
      <trkpt lat="-22.2022136" lon="142.88805894">
        <ele>239.03</ele>
        <time>2026-08-31T03:55:40Z</time>
        <extensions>
          <geotracker:meta c="5.66" s="25.42" />
        </extensions>
      </trkpt>
      <trkpt lat="-22.20053011" lon="142.88677396">
        <ele>241.35</ele>
        <time>2026-08-31T03:55:49Z</time>
        <extensions>
          <geotracker:meta c="5.65" s="25.48" />
        </extensions>
      </trkpt>
      <trkpt lat="-22.19711708" lon="142.8841339">
        <ele>241.02</ele>
        <time>2026-08-31T03:56:07Z</time>
        <extensions>
          <geotracker:meta c="5.67" s="26.26" />
        </extensions>
      </trkpt>
      <trkpt lat="-22.19515403" lon="142.88261744">
        <ele>237.53</ele>
        <time>2026-08-31T03:56:17Z</time>
        <extensions>
          <geotracker:meta c="5.66" s="26.88" />
        </extensions>
      </trkpt>
      <trkpt lat="-22.19320319" lon="142.88112455">
        <ele>236.48</ele>
        <time>2026-08-31T03:56:27Z</time>
        <extensions>
          <geotracker:meta c="5.66" s="26.48" />
        </extensions>
      </trkpt>
      <trkpt lat="-22.18968177" lon="142.87841462">
        <ele>236.36</ele>
        <time>2026-08-31T03:56:45Z</time>
        <extensions>
          <geotracker:meta c="5.66" s="26.87" />
        </extensions>
      </trkpt>
      <trkpt lat="-22.18610601" lon="142.87564421">
        <ele>235.35</ele>
        <time>2026-08-31T03:57:03Z</time>
        <extensions>
          <geotracker:meta c="5.65" s="27.27" />
        </extensions>
      </trkpt>
      <trkpt lat="-22.18411149" lon="142.87410608">
        <ele>235.81</ele>
        <time>2026-08-31T03:57:13Z</time>
        <extensions>
          <geotracker:meta c="5.64" s="26.92" />
        </extensions>
      </trkpt>
      <trkpt lat="-22.18234446" lon="142.87275139">
        <ele>235.59</ele>
        <time>2026-08-31T03:57:22Z</time>
        <extensions>
          <geotracker:meta c="5.66" s="26.77" />
        </extensions>
      </trkpt>
      <trkpt lat="-22.18036921" lon="142.8712269">
        <ele>233.7</ele>
        <time>2026-08-31T03:57:32Z</time>
        <extensions>
          <geotracker:meta c="5.66" s="26.92" />
        </extensions>
      </trkpt>
      <trkpt lat="-22.17677074" lon="142.8684642">
        <ele>231.41</ele>
        <time>2026-08-31T03:57:50Z</time>
        <extensions>
          <geotracker:meta c="5.66" s="27.95" />
        </extensions>
      </trkpt>
      <trkpt lat="-22.17471397" lon="142.86686841">
        <ele>231.6</ele>
        <time>2026-08-31T03:58:00Z</time>
        <extensions>
          <geotracker:meta c="5.66" s="28.64" />
        </extensions>
      </trkpt>
      <trkpt lat="-22.17071956" lon="142.86379634">
        <ele>231.82</ele>
        <time>2026-08-31T03:58:19Z</time>
        <extensions>
          <geotracker:meta c="5.66" s="28.22" />
        </extensions>
      </trkpt>
      <trkpt lat="-22.1686648" lon="142.86220707">
        <ele>230.37</ele>
        <time>2026-08-31T03:58:29Z</time>
        <extensions>
          <geotracker:meta c="5.67" s="27.83" />
        </extensions>
      </trkpt>
      <trkpt lat="-22.16520753" lon="142.85954506">
        <ele>228.56</ele>
        <time>2026-08-31T03:58:47Z</time>
        <extensions>
          <geotracker:meta c="5.66" s="25.08" />
        </extensions>
      </trkpt>
      <trkpt lat="-22.16338107" lon="142.85813218">
        <ele>229.12</ele>
        <time>2026-08-31T03:58:57Z</time>
        <extensions>
          <geotracker:meta c="5.66" s="24.56" />
        </extensions>
      </trkpt>
      <trkpt lat="-22.16177303" lon="142.85688245">
        <ele>229.26</ele>
        <time>2026-08-31T03:59:06Z</time>
        <extensions>
          <geotracker:meta c="5.65" s="24.26" />
        </extensions>
      </trkpt>
      <trkpt lat="-22.16000997" lon="142.85552959">
        <ele>229.14</ele>
        <time>2026-08-31T03:59:16Z</time>
        <extensions>
          <geotracker:meta c="5.66" s="23.77" />
        </extensions>
      </trkpt>
      <trkpt lat="-22.15680202" lon="142.8530535">
        <ele>228.08</ele>
        <time>2026-08-31T03:59:34Z</time>
        <extensions>
          <geotracker:meta c="5.65" s="24.12" />
        </extensions>
      </trkpt>
      <trkpt lat="-22.15525852" lon="142.85186276">
        <ele>227.39</ele>
        <time>2026-08-31T03:59:43Z</time>
        <extensions>
          <geotracker:meta c="5.66" s="23.22" />
        </extensions>
      </trkpt>
      <trkpt lat="-22.15372509" lon="142.85068368">
        <ele>227.56</ele>
        <time>2026-08-31T03:59:52Z</time>
        <extensions>
          <geotracker:meta c="5.66" s="23.2" />
        </extensions>
      </trkpt>
      <trkpt lat="-22.1506523" lon="142.8483278">
        <ele>225.51</ele>
        <time>2026-08-31T04:00:10Z</time>
        <extensions>
          <geotracker:meta c="5.66" s="23.5" />
        </extensions>
      </trkpt>
      <trkpt lat="-22.14907596" lon="142.84712284">
        <ele>223.8</ele>
        <time>2026-08-31T04:00:19Z</time>
        <extensions>
          <geotracker:meta c="5.66" s="23.98" />
        </extensions>
      </trkpt>
      <trkpt lat="-22.14732869" lon="142.84576935">
        <ele>224.1</ele>
        <time>2026-08-31T04:00:29Z</time>
        <extensions>
          <geotracker:meta c="5.65" s="23.71" />
        </extensions>
      </trkpt>
      <trkpt lat="-22.14578081" lon="142.8445692">
        <ele>223.43</ele>
        <time>2026-08-31T04:00:38Z</time>
        <extensions>
          <geotracker:meta c="5.65" s="23.46" />
        </extensions>
      </trkpt>
      <trkpt lat="-22.14421744" lon="142.84336568">
        <ele>222.59</ele>
        <time>2026-08-31T04:00:47Z</time>
        <extensions>
          <geotracker:meta c="5.67" s="23.87" />
        </extensions>
      </trkpt>
      <trkpt lat="-22.14263652" lon="142.84214419">
        <ele>221.9</ele>
        <time>2026-08-31T04:00:56Z</time>
        <extensions>
          <geotracker:meta c="5.65" s="24" />
        </extensions>
      </trkpt>
      <trkpt lat="-22.13936018" lon="142.83963556">
        <ele>221.23</ele>
        <time>2026-08-31T04:01:14Z</time>
        <extensions>
          <geotracker:meta c="5.66" s="25.61" />
        </extensions>
      </trkpt>
      <trkpt lat="-22.13768501" lon="142.83835283">
        <ele>221.77</ele>
        <time>2026-08-31T04:01:23Z</time>
        <extensions>
          <geotracker:meta c="5.66" s="24.86" />
        </extensions>
      </trkpt>
      <trkpt lat="-22.13588306" lon="142.83693938">
        <ele>221.15</ele>
        <time>2026-08-31T04:01:33Z</time>
        <extensions>
          <geotracker:meta c="5.65" s="24.53" />
        </extensions>
      </trkpt>
      <trkpt lat="-22.13237453" lon="142.83489362">
        <ele>220.45</ele>
        <time>2026-08-31T04:01:52Z</time>
        <extensions>
          <geotracker:meta c="5.98" s="22.59" />
        </extensions>
      </trkpt>
      <trkpt lat="-22.13034372" lon="142.83442712">
        <ele>219.69</ele>
        <time>2026-08-31T04:02:02Z</time>
        <extensions>
          <geotracker:meta c="6.11" s="23.18" />
        </extensions>
      </trkpt>
      <trkpt lat="-22.12845975" lon="142.83405081">
        <ele>219.45</ele>
        <time>2026-08-31T04:02:11Z</time>
        <extensions>
          <geotracker:meta c="6.1" s="24.09" />
        </extensions>
      </trkpt>
      <trkpt lat="-22.12626736" lon="142.83360613">
        <ele>219.24</ele>
        <time>2026-08-31T04:02:21Z</time>
        <extensions>
          <geotracker:meta c="6.1" s="25.06" />
        </extensions>
      </trkpt>
      <trkpt lat="-22.12238005" lon="142.83282037">
        <ele>221.56</ele>
        <time>2026-08-31T04:02:39Z</time>
        <extensions>
          <geotracker:meta c="6.1" s="23.67" />
        </extensions>
      </trkpt>
      <trkpt lat="-22.12022714" lon="142.83238993">
        <ele>222.74</ele>
        <time>2026-08-31T04:02:49Z</time>
        <extensions>
          <geotracker:meta c="6.1" s="24.7" />
        </extensions>
      </trkpt>
      <trkpt lat="-22.11820769" lon="142.83198356">
        <ele>223.62</ele>
        <time>2026-08-31T04:02:58Z</time>
        <extensions>
          <geotracker:meta c="6.1" s="25.59" />
        </extensions>
      </trkpt>
      <trkpt lat="-22.11593688" lon="142.83152302">
        <ele>226.17</ele>
        <time>2026-08-31T04:03:08Z</time>
        <extensions>
          <geotracker:meta c="6.09" s="25.58" />
        </extensions>
      </trkpt>
      <trkpt lat="-22.11131828" lon="142.83058932">
        <ele>227.45</ele>
        <time>2026-08-31T04:03:28Z</time>
        <extensions>
          <geotracker:meta c="6.1" s="25.83" />
        </extensions>
      </trkpt>
      <trkpt lat="-22.10926715" lon="142.83017702">
        <ele>226.47</ele>
        <time>2026-08-31T04:03:37Z</time>
        <extensions>
          <geotracker:meta c="6.1" s="25.36" />
        </extensions>
      </trkpt>
      <trkpt lat="-22.10730565" lon="142.82977497">
        <ele>226.41</ele>
        <time>2026-08-31T04:03:46Z</time>
        <extensions>
          <geotracker:meta c="6.1" s="24.14" />
        </extensions>
      </trkpt>
      <trkpt lat="-22.10539613" lon="142.82939867">
        <ele>226.26</ele>
        <time>2026-08-31T04:03:55Z</time>
        <extensions>
          <geotracker:meta c="6.1" s="23.92" />
        </extensions>
      </trkpt>
      <trkpt lat="-22.10346657" lon="142.82901955">
        <ele>226.28</ele>
        <time>2026-08-31T04:04:04Z</time>
        <extensions>
          <geotracker:meta c="6.11" s="24.15" />
        </extensions>
      </trkpt>
      <trkpt lat="-22.09941053" lon="142.82820328">
        <ele>226.2</ele>
        <time>2026-08-31T04:04:23Z</time>
        <extensions>
          <geotracker:meta c="6.1" s="24.39" />
        </extensions>
      </trkpt>
      <trkpt lat="-22.09726412" lon="142.8276114">
        <ele>225.16</ele>
        <time>2026-08-31T04:04:33Z</time>
        <extensions>
          <geotracker:meta c="5.92" s="24.79" />
        </extensions>
      </trkpt>
      <trkpt lat="-22.09527157" lon="142.82654043">
        <ele>225.21</ele>
        <time>2026-08-31T04:04:43Z</time>
        <extensions>
          <geotracker:meta c="5.79" s="24.71" />
        </extensions>
      </trkpt>
      <trkpt lat="-22.09350181" lon="142.82550647">
        <ele>223.76</ele>
        <time>2026-08-31T04:04:52Z</time>
        <extensions>
          <geotracker:meta c="5.78" s="25.13" />
        </extensions>
      </trkpt>
      <trkpt lat="-22.09146242" lon="142.82431704">
        <ele>223</ele>
        <time>2026-08-31T04:05:02Z</time>
        <extensions>
          <geotracker:meta c="5.78" s="25.97" />
        </extensions>
      </trkpt>
      <trkpt lat="-22.08770203" lon="142.82212402">
        <ele>222.87</ele>
        <time>2026-08-31T04:05:20Z</time>
        <extensions>
          <geotracker:meta c="5.79" s="26.48" />
        </extensions>
      </trkpt>
      <trkpt lat="-22.08377113" lon="142.8198279">
        <ele>222.67</ele>
        <time>2026-08-31T04:05:39Z</time>
        <extensions>
          <geotracker:meta c="5.78" s="25.93" />
        </extensions>
      </trkpt>
      <trkpt lat="-22.08169821" lon="142.81862265">
        <ele>222.93</ele>
        <time>2026-08-31T04:05:49Z</time>
        <extensions>
          <geotracker:meta c="5.79" s="25.87" />
        </extensions>
      </trkpt>
      <trkpt lat="-22.07986572" lon="142.8175508">
        <ele>223.43</ele>
        <time>2026-08-31T04:05:58Z</time>
        <extensions>
          <geotracker:meta c="5.78" s="25.87" />
        </extensions>
      </trkpt>
      <trkpt lat="-22.07652506" lon="142.81559624">
        <ele>221.69</ele>
        <time>2026-08-31T04:06:16Z</time>
        <extensions>
          <geotracker:meta c="5.79" s="20.07" />
        </extensions>
      </trkpt>
      <trkpt lat="-22.07526471" lon="142.81485872">
        <ele>221.12</ele>
        <time>2026-08-31T04:06:25Z</time>
        <extensions>
          <geotracker:meta c="5.79" s="15.06" />
        </extensions>
      </trkpt>
      <trkpt lat="-22.07430628" lon="142.81427326">
        <ele>220.59</ele>
        <time>2026-08-31T04:06:35Z</time>
        <extensions>
          <geotracker:meta c="5.6" s="11.99" />
        </extensions>
      </trkpt>
      <trkpt lat="-22.07356286" lon="142.81362651">
        <ele>218.37</ele>
        <time>2026-08-31T04:06:44Z</time>
        <extensions>
          <geotracker:meta c="5.76" s="11.56" />
        </extensions>
      </trkpt>
      <trkpt lat="-22.0719037" lon="142.81265898">
        <ele>218.42</ele>
        <time>2026-08-31T04:07:02Z</time>
        <extensions>
          <geotracker:meta c="5.78" s="11.61" />
        </extensions>
      </trkpt>
      <trkpt lat="-22.07019043" lon="142.81190026">
        <ele>218.41</ele>
        <time>2026-08-31T04:07:20Z</time>
        <extensions>
          <geotracker:meta c="5.77" s="13.79" />
        </extensions>
      </trkpt>
      <trkpt lat="-22.06883089" lon="142.81110131">
        <ele>219.26</ele>
        <time>2026-08-31T04:07:30Z</time>
        <extensions>
          <geotracker:meta c="5.77" s="19.32" />
        </extensions>
      </trkpt>
      <trkpt lat="-22.06557571" lon="142.8092191">
        <ele>220.59</ele>
        <time>2026-08-31T04:07:49Z</time>
        <extensions>
          <geotracker:meta c="5.79" s="22.71" />
        </extensions>
      </trkpt>
      <trkpt lat="-22.06212347" lon="142.80722898">
        <ele>218.55</ele>
        <time>2026-08-31T04:08:08Z</time>
        <extensions>
          <geotracker:meta c="5.79" s="22.46" />
        </extensions>
      </trkpt>
      <trkpt lat="-22.05693055" lon="142.80420688">
        <ele>223.43</ele>
        <time>2026-08-31T04:08:37Z</time>
        <extensions>
          <geotracker:meta c="5.79" s="19.96" />
        </extensions>
      </trkpt>
      <trkpt lat="-22.05193733" lon="142.8013026">
        <ele>227.32</ele>
        <time>2026-08-31T04:09:05Z</time>
        <extensions>
          <geotracker:meta c="5.78" s="23.78" />
        </extensions>
      </trkpt>
      <trkpt lat="-22.04674117" lon="142.79827914">
        <ele>229.83</ele>
        <time>2026-08-31T04:09:32Z</time>
        <extensions>
          <geotracker:meta c="5.78" s="24.97" />
        </extensions>
      </trkpt>
      <trkpt lat="-22.04315225" lon="142.79619196">
        <ele>233.18</ele>
        <time>2026-08-31T04:09:50Z</time>
        <extensions>
          <geotracker:meta c="5.79" s="24.98" />
        </extensions>
      </trkpt>
      <trkpt lat="-22.03936951" lon="142.79397831">
        <ele>231.72</ele>
        <time>2026-08-31T04:10:09Z</time>
        <extensions>
          <geotracker:meta c="5.78" s="25.07" />
        </extensions>
      </trkpt>
      <trkpt lat="-22.03406389" lon="142.79089962">
        <ele>231</ele>
        <time>2026-08-31T04:10:36Z</time>
        <extensions>
          <geotracker:meta c="5.79" s="24.26" />
        </extensions>
      </trkpt>
      <trkpt lat="-22.02885769" lon="142.78788583">
        <ele>232.73</ele>
        <time>2026-08-31T04:11:03Z</time>
        <extensions>
          <geotracker:meta c="5.78" s="23.1" />
        </extensions>
      </trkpt>
      <trkpt lat="-22.02380935" lon="142.78492379">
        <ele>230.92</ele>
        <time>2026-08-31T04:11:30Z</time>
        <extensions>
          <geotracker:meta c="5.79" s="24.64" />
        </extensions>
      </trkpt>
      <trkpt lat="-22.01813396" lon="142.78161738">
        <ele>230.6</ele>
        <time>2026-08-31T04:11:58Z</time>
        <extensions>
          <geotracker:meta c="5.79" s="26.49" />
        </extensions>
      </trkpt>
      <trkpt lat="-22.01408052" lon="142.77926318">
        <ele>229.18</ele>
        <time>2026-08-31T04:12:17Z</time>
        <extensions>
          <geotracker:meta c="5.78" s="27.17" />
        </extensions>
      </trkpt>
      <trkpt lat="-22.00828956" lon="142.77589645">
        <ele>233.32</ele>
        <time>2026-08-31T04:12:45Z</time>
        <extensions>
          <geotracker:meta c="5.78" s="25.09" />
        </extensions>
      </trkpt>
      <trkpt lat="-22.00338334" lon="142.77213474">
        <ele>232.8</ele>
        <time>2026-08-31T04:13:13Z</time>
        <extensions>
          <geotracker:meta c="5.37" s="24.7" />
        </extensions>
      </trkpt>
      <trkpt lat="-22.00135975" lon="142.76608383">
        <ele>225.15</ele>
        <time>2026-08-31T04:13:41Z</time>
        <extensions>
          <geotracker:meta c="4.92" s="23.49" />
        </extensions>
      </trkpt>
      <trkpt lat="-22.00049527" lon="142.76187575">
        <ele>222.78</ele>
        <time>2026-08-31T04:14:00Z</time>
        <extensions>
          <geotracker:meta c="4.92" s="23.99" />
        </extensions>
      </trkpt>
      <trkpt lat="-21.99876931" lon="142.7536618">
        <ele>220.65</ele>
        <time>2026-08-31T04:14:37Z</time>
        <extensions>
          <geotracker:meta c="4.93" s="21.77" />
        </extensions>
      </trkpt>
      <trkpt lat="-21.99799083" lon="142.7499055">
        <ele>219.92</ele>
        <time>2026-08-31T04:14:55Z</time>
        <extensions>
          <geotracker:meta c="4.94" s="22.24" />
        </extensions>
      </trkpt>
      <trkpt lat="-21.99670732" lon="142.74376915">
        <ele>219.39</ele>
        <time>2026-08-31T04:15:24Z</time>
        <extensions>
          <geotracker:meta c="4.94" s="23.79" />
        </extensions>
      </trkpt>
      <trkpt lat="-21.99533525" lon="142.73720223">
        <ele>219.1</ele>
        <time>2026-08-31T04:15:52Z</time>
        <extensions>
          <geotracker:meta c="4.95" s="24.94" />
        </extensions>
      </trkpt>
      <trkpt lat="-21.99395443" lon="142.7305897">
        <ele>222.23</ele>
        <time>2026-08-31T04:16:21Z</time>
        <extensions>
          <geotracker:meta c="4.93" s="24.49" />
        </extensions>
      </trkpt>
      <trkpt lat="-21.99304497" lon="142.72626841">
        <ele>224.25</ele>
        <time>2026-08-31T04:16:40Z</time>
        <extensions>
          <geotracker:meta c="4.93" s="23.75" />
        </extensions>
      </trkpt>
      <trkpt lat="-21.99176588" lon="142.72010772">
        <ele>226.24</ele>
        <time>2026-08-31T04:17:08Z</time>
        <extensions>
          <geotracker:meta c="4.93" s="23.5" />
        </extensions>
      </trkpt>
      <trkpt lat="-21.99086108" lon="142.71578097">
        <ele>228.13</ele>
        <time>2026-08-31T04:17:27Z</time>
        <extensions>
          <geotracker:meta c="4.94" s="24.14" />
        </extensions>
      </trkpt>
      <trkpt lat="-21.98954092" lon="142.70945192">
        <ele>231.54</ele>
        <time>2026-08-31T04:17:55Z</time>
        <extensions>
          <geotracker:meta c="4.93" s="23.48" />
        </extensions>
      </trkpt>
      <trkpt lat="-21.98865573" lon="142.70527402">
        <ele>231.5</ele>
        <time>2026-08-31T04:18:14Z</time>
        <extensions>
          <geotracker:meta c="4.94" s="23.12" />
        </extensions>
      </trkpt>
      <trkpt lat="-21.98742081" lon="142.6993694">
        <ele>231.6</ele>
        <time>2026-08-31T04:18:41Z</time>
        <extensions>
          <geotracker:meta c="4.94" s="23.01" />
        </extensions>
      </trkpt>
      <trkpt lat="-21.98549496" lon="142.69345089">
        <ele>236.27</ele>
        <time>2026-08-31T04:19:09Z</time>
        <extensions>
          <geotracker:meta c="5.07" s="23.28" />
        </extensions>
      </trkpt>
      <trkpt lat="-21.98336496" lon="142.68745971">
        <ele>238.45</ele>
        <time>2026-08-31T04:19:36Z</time>
        <extensions>
          <geotracker:meta c="5.08" s="24.95" />
        </extensions>
      </trkpt>
      <trkpt lat="-21.98111492" lon="142.68109524">
        <ele>238.88</ele>
        <time>2026-08-31T04:20:05Z</time>
        <extensions>
          <geotracker:meta c="5.07" s="23.82" />
        </extensions>
      </trkpt>
      <trkpt lat="-21.97968627" lon="142.67706323">
        <ele>241.26</ele>
        <time>2026-08-31T04:20:24Z</time>
        <extensions>
          <geotracker:meta c="5.08" s="22.85" />
        </extensions>
      </trkpt>
      <trkpt lat="-21.9776614" lon="142.671316">
        <ele>243.15</ele>
        <time>2026-08-31T04:20:53Z</time>
        <extensions>
          <geotracker:meta c="5.08" s="19.71" />
        </extensions>
      </trkpt>
      <trkpt lat="-21.9753924" lon="142.66645434">
        <ele>250.37</ele>
        <time>2026-08-31T04:21:23Z</time>
        <extensions>
          <geotracker:meta c="5.35" s="18.54" />
        </extensions>
      </trkpt>
      <trkpt lat="-21.97445852" lon="142.66514253">
        <ele>252.03</ele>
        <time>2026-08-31T04:21:32Z</time>
        <extensions>
          <geotracker:meta c="5.35" s="18.97" />
        </extensions>
      </trkpt>
      <trkpt lat="-21.97358948" lon="142.66393304">
        <ele>252.48</ele>
        <time>2026-08-31T04:21:41Z</time>
        <extensions>
          <geotracker:meta c="5.36" s="16.74" />
        </extensions>
      </trkpt>
      <trkpt lat="-21.9727863" lon="142.66279147">
        <ele>252.97</ele>
        <time>2026-08-31T04:21:50Z</time>
        <extensions>
          <geotracker:meta c="5.37" s="15.21" />
        </extensions>
      </trkpt>
      <trkpt lat="-21.97203523" lon="142.66171879">
        <ele>253.13</ele>
        <time>2026-08-31T04:22:00Z</time>
        <extensions>
          <geotracker:meta c="5.36" s="13.46" />
        </extensions>
      </trkpt>
      <trkpt lat="-21.97141753" lon="142.66083449">
        <ele>253.1</ele>
        <time>2026-08-31T04:22:10Z</time>
        <extensions>
          <geotracker:meta c="5.36" s="8.78" />
        </extensions>
      </trkpt>
      <trkpt lat="-21.97220615" lon="142.66199288">
        <ele>252.18</ele>
        <time>2026-08-31T04:22:39Z</time>
        <extensions>
          <geotracker:meta c="2.41" s="7.61" />
        </extensions>
      </trkpt>
      <trkpt lat="-21.97269226" lon="142.66268412">
        <ele>253.42</ele>
        <time>2026-08-31T04:22:48Z</time>
        <extensions>
          <geotracker:meta c="2.2" s="9.97" />
        </extensions>
      </trkpt>
      <trkpt lat="-21.97324804" lon="142.66347528">
        <ele>253.09</ele>
        <time>2026-08-31T04:22:58Z</time>
        <extensions>
          <geotracker:meta c="2.22" s="9.81" />
        </extensions>
      </trkpt>
      <trkpt lat="-21.97358908" lon="142.66385688">
        <ele>253.46</ele>
        <time>2026-08-31T04:23:08Z</time>
        <extensions>
          <geotracker:meta c="3.23" s="1.61" />
        </extensions>
      </trkpt>
      <trkpt lat="-21.97424404" lon="142.66329035">
        <ele>252.69</ele>
        <time>2026-08-31T04:23:44Z</time>
        <extensions>
          <geotracker:meta c="3.46" s="3.13" />
        </extensions>
      </trkpt>
      <trkpt lat="-21.97473074" lon="142.66336516">
        <ele>253.46</ele>
        <time>2026-08-31T04:24:03Z</time>
        <extensions>
          <geotracker:meta c="2.56" s="1.96" />
        </extensions>
      </trkpt>
      <trkpt lat="-21.97413197" lon="142.66333079">
        <ele>252.93</ele>
        <time>2026-08-31T04:25:35Z</time>
        <extensions>
          <geotracker:meta c="0.47" s="3.05" />
        </extensions>
      </trkpt>
      <trkpt lat="-21.97369702" lon="142.66373152">
        <ele>250.2</ele>
        <time>2026-08-31T04:25:57Z</time>
        <extensions>
          <geotracker:meta c="0.93" s="2.35" />
        </extensions>
      </trkpt>
      <trkpt lat="-21.97272025" lon="142.6626601">
        <ele>253.29</ele>
        <time>2026-08-31T04:26:33Z</time>
        <extensions>
          <geotracker:meta c="5.34" s="10.06" />
        </extensions>
      </trkpt>
      <trkpt lat="-21.97209445" lon="142.66176883">
        <ele>254.17</ele>
        <time>2026-08-31T04:26:43Z</time>
        <extensions>
          <geotracker:meta c="5.37" s="12.34" />
        </extensions>
      </trkpt>
      <trkpt lat="-21.97143693" lon="142.66084506">
        <ele>255</ele>
        <time>2026-08-31T04:26:52Z</time>
        <extensions>
          <geotracker:meta c="5.35" s="14.54" />
        </extensions>
      </trkpt>
      <trkpt lat="-21.96954289" lon="142.65816171">
        <ele>255.54</ele>
        <time>2026-08-31T04:27:12Z</time>
        <extensions>
          <geotracker:meta c="5.35" s="18.21" />
        </extensions>
      </trkpt>
      <trkpt lat="-21.96866656" lon="142.65692093">
        <ele>256.2</ele>
        <time>2026-08-31T04:27:21Z</time>
        <extensions>
          <geotracker:meta c="5.36" s="17.86" />
        </extensions>
      </trkpt>
      <trkpt lat="-21.96775553" lon="142.65562318">
        <ele>256.81</ele>
        <time>2026-08-31T04:27:31Z</time>
        <extensions>
          <geotracker:meta c="5.36" s="15.29" />
        </extensions>
      </trkpt>
      <trkpt lat="-21.96703301" lon="142.65459668">
        <ele>257.23</ele>
        <time>2026-08-31T04:27:40Z</time>
        <extensions>
          <geotracker:meta c="5.37" s="14.37" />
        </extensions>
      </trkpt>
      <trkpt lat="-21.96615115" lon="142.65335823">
        <ele>257.72</ele>
        <time>2026-08-31T04:27:50Z</time>
        <extensions>
          <geotracker:meta c="5.34" s="17.72" />
        </extensions>
      </trkpt>
      <trkpt lat="-21.9652179" lon="142.65203206">
        <ele>257.93</ele>
        <time>2026-08-31T04:27:59Z</time>
        <extensions>
          <geotracker:meta c="5.36" s="19.62" />
        </extensions>
      </trkpt>
      <trkpt lat="-21.96330239" lon="142.64930585">
        <ele>257.76</ele>
        <time>2026-08-31T04:28:17Z</time>
        <extensions>
          <geotracker:meta c="5.35" s="20.87" />
        </extensions>
      </trkpt>
      <trkpt lat="-21.96224065" lon="142.6478073">
        <ele>257.47</ele>
        <time>2026-08-31T04:28:26Z</time>
        <extensions>
          <geotracker:meta c="5.36" s="22.27" />
        </extensions>
      </trkpt>
      <trkpt lat="-21.96111971" lon="142.64621808">
        <ele>256.56</ele>
        <time>2026-08-31T04:28:35Z</time>
        <extensions>
          <geotracker:meta c="5.36" s="22.97" />
        </extensions>
      </trkpt>
      <trkpt lat="-21.96000975" lon="142.64463536">
        <ele>257.96</ele>
        <time>2026-08-31T04:28:44Z</time>
        <extensions>
          <geotracker:meta c="5.36" s="22.76" />
        </extensions>
      </trkpt>
      <trkpt lat="-21.9587364" lon="142.64283294">
        <ele>258.66</ele>
        <time>2026-08-31T04:28:54Z</time>
        <extensions>
          <geotracker:meta c="5.36" s="24.25" />
        </extensions>
      </trkpt>
      <trkpt lat="-21.95753935" lon="142.64113491">
        <ele>258.61</ele>
        <time>2026-08-31T04:29:03Z</time>
        <extensions>
          <geotracker:meta c="5.36" s="24.01" />
        </extensions>
      </trkpt>
      <trkpt lat="-21.95493137" lon="142.63741989">
        <ele>256.81</ele>
        <time>2026-08-31T04:29:22Z</time>
        <extensions>
          <geotracker:meta c="5.36" s="25.95" />
        </extensions>
      </trkpt>
      <trkpt lat="-21.9536433" lon="142.63559796">
        <ele>255.79</ele>
        <time>2026-08-31T04:29:31Z</time>
        <extensions>
          <geotracker:meta c="5.36" s="26.37" />
        </extensions>
      </trkpt>
      <trkpt lat="-21.95237943" lon="142.63380462">
        <ele>254.83</ele>
        <time>2026-08-31T04:29:40Z</time>
        <extensions>
          <geotracker:meta c="5.36" s="24.67" />
        </extensions>
      </trkpt>
      <trkpt lat="-21.94977546" lon="142.63012764">
        <ele>251.41</ele>
        <time>2026-08-31T04:29:59Z</time>
        <extensions>
          <geotracker:meta c="5.36" s="24.52" />
        </extensions>
      </trkpt>
      <trkpt lat="-21.94854439" lon="142.62837102">
        <ele>249.87</ele>
        <time>2026-08-31T04:30:08Z</time>
        <extensions>
          <geotracker:meta c="5.35" s="25.38" />
        </extensions>
      </trkpt>
      <trkpt lat="-21.94713696" lon="142.62638074">
        <ele>249.44</ele>
        <time>2026-08-31T04:30:18Z</time>
        <extensions>
          <geotracker:meta c="5.36" s="25.75" />
        </extensions>
      </trkpt>
      <trkpt lat="-21.94587026" lon="142.62458522">
        <ele>248.34</ele>
        <time>2026-08-31T04:30:27Z</time>
        <extensions>
          <geotracker:meta c="5.35" s="25.87" />
        </extensions>
      </trkpt>
      <trkpt lat="-21.94461998" lon="142.62282512">
        <ele>247.39</ele>
        <time>2026-08-31T04:30:36Z</time>
        <extensions>
          <geotracker:meta c="5.38" s="25.27" />
        </extensions>
      </trkpt>
      <trkpt lat="-21.94163444" lon="142.61948011">
        <ele>246.24</ele>
        <time>2026-08-31T04:30:55Z</time>
        <extensions>
          <geotracker:meta c="5.56" s="24.96" />
        </extensions>
      </trkpt>
      <trkpt lat="-21.94010077" lon="142.61818361">
        <ele>244.88</ele>
        <time>2026-08-31T04:31:04Z</time>
        <extensions>
          <geotracker:meta c="5.65" s="24.54" />
        </extensions>
      </trkpt>
      <trkpt lat="-21.93843575" lon="142.61699522">
        <ele>245.06</ele>
        <time>2026-08-31T04:31:13Z</time>
        <extensions>
          <geotracker:meta c="5.74" s="24.8" />
        </extensions>
      </trkpt>
      <trkpt lat="-21.93642325" lon="142.6158498">
        <ele>246.21</ele>
        <time>2026-08-31T04:31:23Z</time>
        <extensions>
          <geotracker:meta c="5.85" s="25.16" />
        </extensions>
      </trkpt>
      <trkpt lat="-21.93432857" lon="142.61494088">
        <ele>248.33</ele>
        <time>2026-08-31T04:31:33Z</time>
        <extensions>
          <geotracker:meta c="5.94" s="24.67" />
        </extensions>
      </trkpt>
      <trkpt lat="-21.93022837" lon="142.61343006">
        <ele>247.11</ele>
        <time>2026-08-31T04:31:52Z</time>
        <extensions>
          <geotracker:meta c="5.95" s="26.08" />
        </extensions>
      </trkpt>
      <trkpt lat="-21.9279871" lon="142.61260852">
        <ele>245.1</ele>
        <time>2026-08-31T04:32:02Z</time>
        <extensions>
          <geotracker:meta c="5.95" s="25.8" />
        </extensions>
      </trkpt>
      <trkpt lat="-21.92582501" lon="142.61181167">
        <ele>244.62</ele>
        <time>2026-08-31T04:32:12Z</time>
        <extensions>
          <geotracker:meta c="5.95" s="25.33" />
        </extensions>
      </trkpt>
      <trkpt lat="-21.92389163" lon="142.61109654">
        <ele>244.71</ele>
        <time>2026-08-31T04:32:21Z</time>
        <extensions>
          <geotracker:meta c="5.94" s="25.05" />
        </extensions>
      </trkpt>
      <trkpt lat="-21.9219505" lon="142.61038159">
        <ele>245.35</ele>
        <time>2026-08-31T04:32:30Z</time>
        <extensions>
          <geotracker:meta c="5.96" s="25.3" />
        </extensions>
      </trkpt>
      <trkpt lat="-21.91802171" lon="142.60892837">
        <ele>244.72</ele>
        <time>2026-08-31T04:32:48Z</time>
        <extensions>
          <geotracker:meta c="5.95" s="25.87" />
        </extensions>
      </trkpt>
      <trkpt lat="-21.91582021" lon="142.6081277">
        <ele>243.36</ele>
        <time>2026-08-31T04:32:58Z</time>
        <extensions>
          <geotracker:meta c="5.96" s="25.82" />
        </extensions>
      </trkpt>
      <trkpt lat="-21.91382312" lon="142.60739259">
        <ele>243.23</ele>
        <time>2026-08-31T04:33:07Z</time>
        <extensions>
          <geotracker:meta c="5.95" s="25.87" />
        </extensions>
      </trkpt>
      <trkpt lat="-21.90977788" lon="142.60591129">
        <ele>243.97</ele>
        <time>2026-08-31T04:33:26Z</time>
        <extensions>
          <geotracker:meta c="5.96" s="24.11" />
        </extensions>
      </trkpt>
      <trkpt lat="-21.90793893" lon="142.60522767">
        <ele>245.62</ele>
        <time>2026-08-31T04:33:35Z</time>
        <extensions>
          <geotracker:meta c="5.95" s="23.96" />
        </extensions>
      </trkpt>
      <trkpt lat="-21.90608209" lon="142.6045436">
        <ele>247.72</ele>
        <time>2026-08-31T04:33:44Z</time>
        <extensions>
          <geotracker:meta c="5.95" s="24.31" />
        </extensions>
      </trkpt>
      <trkpt lat="-21.90420641" lon="142.60385396">
        <ele>248.41</ele>
        <time>2026-08-31T04:33:53Z</time>
        <extensions>
          <geotracker:meta c="5.94" s="24.33" />
        </extensions>
      </trkpt>
      <trkpt lat="-21.90023145" lon="142.60238362">
        <ele>248.5</ele>
        <time>2026-08-31T04:34:12Z</time>
        <extensions>
          <geotracker:meta c="5.95" s="24.33" />
        </extensions>
      </trkpt>
      <trkpt lat="-21.89815562" lon="142.60162544">
        <ele>248.98</ele>
        <time>2026-08-31T04:34:22Z</time>
        <extensions>
          <geotracker:meta c="5.95" s="24.16" />
        </extensions>
      </trkpt>
      <trkpt lat="-21.89606613" lon="142.60085693">
        <ele>250.02</ele>
        <time>2026-08-31T04:34:32Z</time>
        <extensions>
          <geotracker:meta c="5.95" s="24.74" />
        </extensions>
      </trkpt>
      <trkpt lat="-21.89415892" lon="142.60014894">
        <ele>250.56</ele>
        <time>2026-08-31T04:34:41Z</time>
        <extensions>
          <geotracker:meta c="5.93" s="25.02" />
        </extensions>
      </trkpt>
      <trkpt lat="-21.89022141" lon="142.59852374">
        <ele>250.45</ele>
        <time>2026-08-31T04:35:00Z</time>
        <extensions>
          <geotracker:meta c="5.89" s="24.47" />
        </extensions>
      </trkpt>
      <trkpt lat="-21.88818571" lon="142.59759696">
        <ele>251.35</ele>
        <time>2026-08-31T04:35:10Z</time>
        <extensions>
          <geotracker:meta c="5.87" s="24.62" />
        </extensions>
      </trkpt>
      <trkpt lat="-21.8861133" lon="142.5966478">
        <ele>250.67</ele>
        <time>2026-08-31T04:35:20Z</time>
        <extensions>
          <geotracker:meta c="5.88" s="25.23" />
        </extensions>
      </trkpt>
      <trkpt lat="-21.88397677" lon="142.59567799">
        <ele>251.63</ele>
        <time>2026-08-31T04:35:30Z</time>
        <extensions>
          <geotracker:meta c="5.88" s="25.97" />
        </extensions>
      </trkpt>
      <trkpt lat="-21.88013606" lon="142.59392975">
        <ele>254.89</ele>
        <time>2026-08-31T04:35:48Z</time>
        <extensions>
          <geotracker:meta c="5.88" s="25.26" />
        </extensions>
      </trkpt>
      <trkpt lat="-21.87822976" lon="142.59305658">
        <ele>255.99</ele>
        <time>2026-08-31T04:35:57Z</time>
        <extensions>
          <geotracker:meta c="5.88" s="25.58" />
        </extensions>
      </trkpt>
      <trkpt lat="-21.87609199" lon="142.59208641">
        <ele>258.85</ele>
        <time>2026-08-31T04:36:07Z</time>
        <extensions>
          <geotracker:meta c="5.88" s="25.58" />
        </extensions>
      </trkpt>
      <trkpt lat="-21.87420268" lon="142.59122544">
        <ele>257.41</ele>
        <time>2026-08-31T04:36:16Z</time>
        <extensions>
          <geotracker:meta c="5.89" s="25.25" />
        </extensions>
      </trkpt>
      <trkpt lat="-21.87224316" lon="142.59034252">
        <ele>257.1</ele>
        <time>2026-08-31T04:36:25Z</time>
        <extensions>
          <geotracker:meta c="5.88" s="26.71" />
        </extensions>
      </trkpt>
      <trkpt lat="-21.87028591" lon="142.58945178">
        <ele>254.17</ele>
        <time>2026-08-31T04:36:34Z</time>
        <extensions>
          <geotracker:meta c="5.89" s="25.82" />
        </extensions>
      </trkpt>
      <trkpt lat="-21.86810682" lon="142.58845182">
        <ele>251.86</ele>
        <time>2026-08-31T04:36:44Z</time>
        <extensions>
          <geotracker:meta c="5.87" s="26.76" />
        </extensions>
      </trkpt>
      <trkpt lat="-21.86590291" lon="142.58745505">
        <ele>251.46</ele>
        <time>2026-08-31T04:36:54Z</time>
        <extensions>
          <geotracker:meta c="5.88" s="26.31" />
        </extensions>
      </trkpt>
      <trkpt lat="-21.86399031" lon="142.5865869">
        <ele>252.2</ele>
        <time>2026-08-31T04:37:03Z</time>
        <extensions>
          <geotracker:meta c="5.89" s="24.8" />
        </extensions>
      </trkpt>
      <trkpt lat="-21.8620895" lon="142.58573182">
        <ele>254.17</ele>
        <time>2026-08-31T04:37:13Z</time>
        <extensions>
          <geotracker:meta c="5.9" s="21.52" />
        </extensions>
      </trkpt>
      <trkpt lat="-21.85849618" lon="142.5842008">
        <ele>253.25</ele>
        <time>2026-08-31T04:37:32Z</time>
        <extensions>
          <geotracker:meta c="5.9" s="22.97" />
        </extensions>
      </trkpt>
      <trkpt lat="-21.85675259" lon="142.58345548">
        <ele>254.45</ele>
        <time>2026-08-31T04:37:41Z</time>
        <extensions>
          <geotracker:meta c="5.91" s="22.9" />
        </extensions>
      </trkpt>
      <trkpt lat="-21.8550692" lon="142.58273706">
        <ele>255.76</ele>
        <time>2026-08-31T04:37:50Z</time>
        <extensions>
          <geotracker:meta c="5.9" s="21.96" />
        </extensions>
      </trkpt>
      <trkpt lat="-21.85321486" lon="142.58194311">
        <ele>257.02</ele>
        <time>2026-08-31T04:38:00Z</time>
        <extensions>
          <geotracker:meta c="5.91" s="22.25" />
        </extensions>
      </trkpt>
      <trkpt lat="-21.85148265" lon="142.5812067">
        <ele>255.11</ele>
        <time>2026-08-31T04:38:09Z</time>
        <extensions>
          <geotracker:meta c="5.9" s="23.61" />
        </extensions>
      </trkpt>
      <trkpt lat="-21.84752313" lon="142.57952794">
        <ele>251.16</ele>
        <time>2026-08-31T04:38:28Z</time>
        <extensions>
          <geotracker:meta c="5.9" s="25.26" />
        </extensions>
      </trkpt>
      <trkpt lat="-21.84558178" lon="142.57870596">
        <ele>250.41</ele>
        <time>2026-08-31T04:38:37Z</time>
        <extensions>
          <geotracker:meta c="5.9" s="25.73" />
        </extensions>
      </trkpt>
      <trkpt lat="-21.84365662" lon="142.57788944">
        <ele>251.39</ele>
        <time>2026-08-31T04:38:46Z</time>
        <extensions>
          <geotracker:meta c="5.91" s="25.26" />
        </extensions>
      </trkpt>
      <trkpt lat="-21.84160256" lon="142.57701021">
        <ele>250.01</ele>
        <time>2026-08-31T04:38:56Z</time>
        <extensions>
          <geotracker:meta c="5.9" s="23.86" />
        </extensions>
      </trkpt>
      <trkpt lat="-21.83982659" lon="142.57624906">
        <ele>251.25</ele>
        <time>2026-08-31T04:39:05Z</time>
        <extensions>
          <geotracker:meta c="5.9" s="23.78" />
        </extensions>
      </trkpt>
      <trkpt lat="-21.83599472" lon="142.57461693">
        <ele>252.68</ele>
        <time>2026-08-31T04:39:24Z</time>
        <extensions>
          <geotracker:meta c="5.89" s="23.35" />
        </extensions>
      </trkpt>
      <trkpt lat="-21.83424047" lon="142.5738757">
        <ele>255.2</ele>
        <time>2026-08-31T04:39:33Z</time>
        <extensions>
          <geotracker:meta c="5.9" s="23.01" />
        </extensions>
      </trkpt>
      <trkpt lat="-21.83249944" lon="142.57313092">
        <ele>255.77</ele>
        <time>2026-08-31T04:39:42Z</time>
        <extensions>
          <geotracker:meta c="5.9" s="23.25" />
        </extensions>
      </trkpt>
      <trkpt lat="-21.83050945" lon="142.57229073">
        <ele>254.81</ele>
        <time>2026-08-31T04:39:52Z</time>
        <extensions>
          <geotracker:meta c="5.9" s="24.22" />
        </extensions>
      </trkpt>
      <trkpt lat="-21.82844615" lon="142.57140765">
        <ele>254.42</ele>
        <time>2026-08-31T04:40:02Z</time>
        <extensions>
          <geotracker:meta c="5.9" s="24.85" />
        </extensions>
      </trkpt>
      <trkpt lat="-21.82639141" lon="142.5705294">
        <ele>255.69</ele>
        <time>2026-08-31T04:40:12Z</time>
        <extensions>
          <geotracker:meta c="5.91" s="24.34" />
        </extensions>
      </trkpt>
      <trkpt lat="-21.82454765" lon="142.56974398">
        <ele>257.37</ele>
        <time>2026-08-31T04:40:21Z</time>
        <extensions>
          <geotracker:meta c="5.9" s="24.66" />
        </extensions>
      </trkpt>
      <trkpt lat="-21.82055613" lon="142.56805409">
        <ele>257.17</ele>
        <time>2026-08-31T04:40:40Z</time>
        <extensions>
          <geotracker:meta c="5.91" s="25.79" />
        </extensions>
      </trkpt>
      <trkpt lat="-21.81790921" lon="142.56692343">
        <ele>257.74</ele>
        <time>2026-08-31T04:40:52Z</time>
        <extensions>
          <geotracker:meta c="6.02" s="26.27" />
        </extensions>
      </trkpt>
      <trkpt lat="-21.8157313" lon="142.56598867">
        <ele>260.27</ele>
        <time>2026-08-31T04:41:02Z</time>
        <extensions>
          <geotracker:meta c="5.87" s="25.55" />
        </extensions>
      </trkpt>
      <trkpt lat="-21.81380366" lon="142.56516743">
        <ele>260.21</ele>
        <time>2026-08-31T04:41:11Z</time>
        <extensions>
          <geotracker:meta c="5.86" s="25.66" />
        </extensions>
      </trkpt>
      <trkpt lat="-21.8118627" lon="142.56433855">
        <ele>260.24</ele>
        <time>2026-08-31T04:41:20Z</time>
        <extensions>
          <geotracker:meta c="5.88" s="25.62" />
        </extensions>
      </trkpt>
      <trkpt lat="-21.80993971" lon="142.56352407">
        <ele>259.64</ele>
        <time>2026-08-31T04:41:29Z</time>
        <extensions>
          <geotracker:meta c="5.9" s="25.45" />
        </extensions>
      </trkpt>
      <trkpt lat="-21.80774702" lon="142.56259713">
        <ele>257.48</ele>
        <time>2026-08-31T04:41:39Z</time>
        <extensions>
          <geotracker:meta c="5.9" s="26.36" />
        </extensions>
      </trkpt>
      <trkpt lat="-21.80577305" lon="142.56175555">
        <ele>256.95</ele>
        <time>2026-08-31T04:41:48Z</time>
        <extensions>
          <geotracker:meta c="5.91" s="25.89" />
        </extensions>
      </trkpt>
      <trkpt lat="-21.803836" lon="142.56092848">
        <ele>256.23</ele>
        <time>2026-08-31T04:41:57Z</time>
        <extensions>
          <geotracker:meta c="5.91" s="25.67" />
        </extensions>
      </trkpt>
      <trkpt lat="-21.8019165" lon="142.56010719">
        <ele>257.3</ele>
        <time>2026-08-31T04:42:06Z</time>
        <extensions>
          <geotracker:meta c="5.9" s="25.23" />
        </extensions>
      </trkpt>
      <trkpt lat="-21.80002899" lon="142.55930558">
        <ele>257.18</ele>
        <time>2026-08-31T04:42:15Z</time>
        <extensions>
          <geotracker:meta c="5.9" s="24.77" />
        </extensions>
      </trkpt>
      <trkpt lat="-21.79617049" lon="142.55758989">
        <ele>257.86</ele>
        <time>2026-08-31T04:42:34Z</time>
        <extensions>
          <geotracker:meta c="5.83" s="24.59" />
        </extensions>
      </trkpt>
      <trkpt lat="-21.79419718" lon="142.55647678">
        <ele>258.7</ele>
        <time>2026-08-31T04:42:44Z</time>
        <extensions>
          <geotracker:meta c="5.75" s="24.59" />
        </extensions>
      </trkpt>
      <trkpt lat="-21.7925261" lon="142.55533622">
        <ele>258.71</ele>
        <time>2026-08-31T04:42:53Z</time>
        <extensions>
          <geotracker:meta c="5.68" s="24.28" />
        </extensions>
      </trkpt>
      <trkpt lat="-21.79094072" lon="142.55408458">
        <ele>259.62</ele>
        <time>2026-08-31T04:43:02Z</time>
        <extensions>
          <geotracker:meta c="5.6" s="24.34" />
        </extensions>
      </trkpt>
      <trkpt lat="-21.78946222" lon="142.5527051">
        <ele>259.54</ele>
        <time>2026-08-31T04:43:11Z</time>
        <extensions>
          <geotracker:meta c="5.53" s="24.08" />
        </extensions>
      </trkpt>
      <trkpt lat="-21.7880288" lon="142.55125773">
        <ele>259.28</ele>
        <time>2026-08-31T04:43:20Z</time>
        <extensions>
          <geotracker:meta c="5.53" s="24.21" />
        </extensions>
      </trkpt>
      <trkpt lat="-21.78657111" lon="142.54978083">
        <ele>259.3</ele>
        <time>2026-08-31T04:43:29Z</time>
        <extensions>
          <geotracker:meta c="5.53" s="25.14" />
        </extensions>
      </trkpt>
      <trkpt lat="-21.78505232" lon="142.54824748">
        <ele>259.6</ele>
        <time>2026-08-31T04:43:38Z</time>
        <extensions>
          <geotracker:meta c="5.53" s="26" />
        </extensions>
      </trkpt>
      <trkpt lat="-21.78336329" lon="142.54652904">
        <ele>262.67</ele>
        <time>2026-08-31T04:43:48Z</time>
        <extensions>
          <geotracker:meta c="5.52" s="25.44" />
        </extensions>
      </trkpt>
      <trkpt lat="-21.78186467" lon="142.54501737">
        <ele>264.41</ele>
        <time>2026-08-31T04:43:57Z</time>
        <extensions>
          <geotracker:meta c="5.53" s="25.31" />
        </extensions>
      </trkpt>
      <trkpt lat="-21.78019193" lon="142.54331984">
        <ele>262.95</ele>
        <time>2026-08-31T04:44:07Z</time>
        <extensions>
          <geotracker:meta c="5.51" s="25.73" />
        </extensions>
      </trkpt>
      <trkpt lat="-21.77714926" lon="142.54023453">
        <ele>260.49</ele>
        <time>2026-08-31T04:44:25Z</time>
        <extensions>
          <geotracker:meta c="5.52" s="24.98" />
        </extensions>
      </trkpt>
      <trkpt lat="-21.77566456" lon="142.53872608">
        <ele>259.63</ele>
        <time>2026-08-31T04:44:34Z</time>
        <extensions>
          <geotracker:meta c="5.52" s="25.68" />
        </extensions>
      </trkpt>
      <trkpt lat="-21.77412044" lon="142.53716821">
        <ele>258.67</ele>
        <time>2026-08-31T04:44:43Z</time>
        <extensions>
          <geotracker:meta c="5.52" s="26.48" />
        </extensions>
      </trkpt>
      <trkpt lat="-21.77257725" lon="142.53560616">
        <ele>258.91</ele>
        <time>2026-08-31T04:44:52Z</time>
        <extensions>
          <geotracker:meta c="5.52" s="25.48" />
        </extensions>
      </trkpt>
      <trkpt lat="-21.77094224" lon="142.53394882">
        <ele>260.34</ele>
        <time>2026-08-31T04:45:02Z</time>
        <extensions>
          <geotracker:meta c="5.53" s="24.69" />
        </extensions>
      </trkpt>
      <trkpt lat="-21.76948044" lon="142.53246355">
        <ele>258.58</ele>
        <time>2026-08-31T04:45:11Z</time>
        <extensions>
          <geotracker:meta c="5.53" s="25.22" />
        </extensions>
      </trkpt>
      <trkpt lat="-21.76798346" lon="142.53095229">
        <ele>258.47</ele>
        <time>2026-08-31T04:45:20Z</time>
        <extensions>
          <geotracker:meta c="5.53" s="25.6" />
        </extensions>
      </trkpt>
      <trkpt lat="-21.7662828" lon="142.5292148">
        <ele>259.8</ele>
        <time>2026-08-31T04:45:30Z</time>
        <extensions>
          <geotracker:meta c="5.52" s="26.25" />
        </extensions>
      </trkpt>
      <trkpt lat="-21.76477838" lon="142.52768154">
        <ele>260.52</ele>
        <time>2026-08-31T04:45:39Z</time>
        <extensions>
          <geotracker:meta c="5.53" s="25.51" />
        </extensions>
      </trkpt>
      <trkpt lat="-21.76171369" lon="142.52457855">
        <ele>262.61</ele>
        <time>2026-08-31T04:45:57Z</time>
        <extensions>
          <geotracker:meta c="5.53" s="26.09" />
        </extensions>
      </trkpt>
      <trkpt lat="-21.76017702" lon="142.52303574">
        <ele>265.53</ele>
        <time>2026-08-31T04:46:06Z</time>
        <extensions>
          <geotracker:meta c="5.52" s="25.74" />
        </extensions>
      </trkpt>
      <trkpt lat="-21.75851346" lon="142.52135216">
        <ele>267.17</ele>
        <time>2026-08-31T04:46:16Z</time>
        <extensions>
          <geotracker:meta c="5.53" s="25.12" />
        </extensions>
      </trkpt>
      <trkpt lat="-21.75690193" lon="142.5197007">
        <ele>268.61</ele>
        <time>2026-08-31T04:46:26Z</time>
        <extensions>
          <geotracker:meta c="5.53" s="24.38" />
        </extensions>
      </trkpt>
      <trkpt lat="-21.75549449" lon="142.51826923">
        <ele>269</ele>
        <time>2026-08-31T04:46:35Z</time>
        <extensions>
          <geotracker:meta c="5.53" s="23.44" />
        </extensions>
      </trkpt>
      <trkpt lat="-21.75397359" lon="142.51673647">
        <ele>270.24</ele>
        <time>2026-08-31T04:46:45Z</time>
        <extensions>
          <geotracker:meta c="5.53" s="23.13" />
        </extensions>
      </trkpt>
      <trkpt lat="-21.75260846" lon="142.51534484">
        <ele>270.62</ele>
        <time>2026-08-31T04:46:54Z</time>
        <extensions>
          <geotracker:meta c="5.52" s="23.4" />
        </extensions>
      </trkpt>
      <trkpt lat="-21.75125028" lon="142.51396858">
        <ele>271.01</ele>
        <time>2026-08-31T04:47:03Z</time>
        <extensions>
          <geotracker:meta c="5.52" s="22.83" />
        </extensions>
      </trkpt>
      <trkpt lat="-21.74971742" lon="142.51240894">
        <ele>272.16</ele>
        <time>2026-08-31T04:47:13Z</time>
        <extensions>
          <geotracker:meta c="5.53" s="23.7" />
        </extensions>
      </trkpt>
      <trkpt lat="-21.74832951" lon="142.51099918">
        <ele>273.8</ele>
        <time>2026-08-31T04:47:22Z</time>
        <extensions>
          <geotracker:meta c="5.53" s="23.73" />
        </extensions>
      </trkpt>
      <trkpt lat="-21.74679667" lon="142.50944119">
        <ele>275.98</ele>
        <time>2026-08-31T04:47:32Z</time>
        <extensions>
          <geotracker:meta c="5.53" s="22.87" />
        </extensions>
      </trkpt>
      <trkpt lat="-21.74543788" lon="142.50808254">
        <ele>274.24</ele>
        <time>2026-08-31T04:47:41Z</time>
        <extensions>
          <geotracker:meta c="5.52" s="23.26" />
        </extensions>
      </trkpt>
      <trkpt lat="-21.74249584" lon="142.50509269">
        <ele>273.07</ele>
        <time>2026-08-31T04:48:00Z</time>
        <extensions>
          <geotracker:meta c="5.52" s="23.8" />
        </extensions>
      </trkpt>
      <trkpt lat="-21.74106948" lon="142.50365198">
        <ele>272.51</ele>
        <time>2026-08-31T04:48:09Z</time>
        <extensions>
          <geotracker:meta c="5.52" s="24.55" />
        </extensions>
      </trkpt>
      <trkpt lat="-21.73943808" lon="142.50199523">
        <ele>272.16</ele>
        <time>2026-08-31T04:48:19Z</time>
        <extensions>
          <geotracker:meta c="5.53" s="24.81" />
        </extensions>
      </trkpt>
      <trkpt lat="-21.73798124" lon="142.50053546">
        <ele>272.36</ele>
        <time>2026-08-31T04:48:28Z</time>
        <extensions>
          <geotracker:meta c="5.52" s="24.64" />
        </extensions>
      </trkpt>
      <trkpt lat="-21.73652201" lon="142.49905242">
        <ele>273.19</ele>
        <time>2026-08-31T04:48:37Z</time>
        <extensions>
          <geotracker:meta c="5.52" s="24.76" />
        </extensions>
      </trkpt>
      <trkpt lat="-21.73511745" lon="142.49761968">
        <ele>272.79</ele>
        <time>2026-08-31T04:48:46Z</time>
        <extensions>
          <geotracker:meta c="5.54" s="23.12" />
        </extensions>
      </trkpt>
      <trkpt lat="-21.73363517" lon="142.49610853">
        <ele>272.27</ele>
        <time>2026-08-31T04:48:56Z</time>
        <extensions>
          <geotracker:meta c="5.53" s="22.53" />
        </extensions>
      </trkpt>
      <trkpt lat="-21.73233628" lon="142.49479619">
        <ele>270.63</ele>
        <time>2026-08-31T04:49:05Z</time>
        <extensions>
          <geotracker:meta c="5.54" s="21.52" />
        </extensions>
      </trkpt>
      <trkpt lat="-21.72959215" lon="142.49181178">
        <ele>267.32</ele>
        <time>2026-08-31T04:49:24Z</time>
        <extensions>
          <geotracker:meta c="5.44" s="25.13" />
        </extensions>
      </trkpt>
      <trkpt lat="-21.72827624" lon="142.49014968">
        <ele>268.57</ele>
        <time>2026-08-31T04:49:33Z</time>
        <extensions>
          <geotracker:meta c="5.39" s="25.47" />
        </extensions>
      </trkpt>
      <trkpt lat="-21.7269989" lon="142.488408">
        <ele>268.87</ele>
        <time>2026-08-31T04:49:42Z</time>
        <extensions>
          <geotracker:meta c="5.36" s="25.14" />
        </extensions>
      </trkpt>
      <trkpt lat="-21.72575163" lon="142.48662673">
        <ele>268.12</ele>
        <time>2026-08-31T04:49:51Z</time>
        <extensions>
          <geotracker:meta c="5.35" s="26.48" />
        </extensions>
      </trkpt>
      <trkpt lat="-21.72426473" lon="142.48449244">
        <ele>267.7</ele>
        <time>2026-08-31T04:50:01Z</time>
        <extensions>
          <geotracker:meta c="5.35" s="27.99" />
        </extensions>
      </trkpt>
      <trkpt lat="-21.72291766" lon="142.48254636">
        <ele>266.89</ele>
        <time>2026-08-31T04:50:10Z</time>
        <extensions>
          <geotracker:meta c="5.36" s="27.88" />
        </extensions>
      </trkpt>
      <trkpt lat="-21.72157311" lon="142.48060708">
        <ele>267.35</ele>
        <time>2026-08-31T04:50:19Z</time>
        <extensions>
          <geotracker:meta c="5.36" s="27.08" />
        </extensions>
      </trkpt>
      <trkpt lat="-21.71881703" lon="142.47666878">
        <ele>267.09</ele>
        <time>2026-08-31T04:50:38Z</time>
        <extensions>
          <geotracker:meta c="5.35" s="27.39" />
        </extensions>
      </trkpt>
      <trkpt lat="-21.71730624" lon="142.47448709">
        <ele>265.47</ele>
        <time>2026-08-31T04:50:48Z</time>
        <extensions>
          <geotracker:meta c="5.35" s="28.37" />
        </extensions>
      </trkpt>
      <trkpt lat="-21.71597581" lon="142.47255689">
        <ele>263.86</ele>
        <time>2026-08-31T04:50:57Z</time>
        <extensions>
          <geotracker:meta c="5.35" s="26.86" />
        </extensions>
      </trkpt>
      <trkpt lat="-21.71336761" lon="142.46883368">
        <ele>261.2</ele>
        <time>2026-08-31T04:51:15Z</time>
        <extensions>
          <geotracker:meta c="5.35" s="26.62" />
        </extensions>
      </trkpt>
      <trkpt lat="-21.71194885" lon="142.46679405">
        <ele>261.55</ele>
        <time>2026-08-31T04:51:25Z</time>
        <extensions>
          <geotracker:meta c="5.34" s="26.38" />
        </extensions>
      </trkpt>
      <trkpt lat="-21.71057659" lon="142.46468023">
        <ele>261.57</ele>
        <time>2026-08-31T04:51:35Z</time>
        <extensions>
          <geotracker:meta c="5.3" s="26.81" />
        </extensions>
      </trkpt>
      <trkpt lat="-21.70934367" lon="142.46253512">
        <ele>258.91</ele>
        <time>2026-08-31T04:51:45Z</time>
        <extensions>
          <geotracker:meta c="5.23" s="25.98" />
        </extensions>
      </trkpt>
      <trkpt lat="-21.70823119" lon="142.4603658">
        <ele>258.6</ele>
        <time>2026-08-31T04:51:55Z</time>
        <extensions>
          <geotracker:meta c="5.2" s="25.12" />
        </extensions>
      </trkpt>
      <trkpt lat="-21.70727657" lon="142.45843401">
        <ele>259.79</ele>
        <time>2026-08-31T04:52:04Z</time>
        <extensions>
          <geotracker:meta c="5.2" s="25.17" />
        </extensions>
      </trkpt>
      <trkpt lat="-21.70632862" lon="142.4564807">
        <ele>259.44</ele>
        <time>2026-08-31T04:52:13Z</time>
        <extensions>
          <geotracker:meta c="5.19" s="25.52" />
        </extensions>
      </trkpt>
      <trkpt lat="-21.70536199" lon="142.45452601">
        <ele>260.02</ele>
        <time>2026-08-31T04:52:22Z</time>
        <extensions>
          <geotracker:meta c="5.18" s="25.5" />
        </extensions>
      </trkpt>
      <trkpt lat="-21.7043871" lon="142.4525351">
        <ele>260.17</ele>
        <time>2026-08-31T04:52:31Z</time>
        <extensions>
          <geotracker:meta c="5.19" s="25.72" />
        </extensions>
      </trkpt>
      <trkpt lat="-21.70340017" lon="142.45053964">
        <ele>258.98</ele>
        <time>2026-08-31T04:52:40Z</time>
        <extensions>
          <geotracker:meta c="5.18" s="26.2" />
        </extensions>
      </trkpt>
      <trkpt lat="-21.70230396" lon="142.44830665">
        <ele>257.65</ele>
        <time>2026-08-31T04:52:50Z</time>
        <extensions>
          <geotracker:meta c="5.19" s="26.32" />
        </extensions>
      </trkpt>
      <trkpt lat="-21.7011805" lon="142.44603185">
        <ele>256.93</ele>
        <time>2026-08-31T04:53:00Z</time>
        <extensions>
          <geotracker:meta c="5.2" s="26.63" />
        </extensions>
      </trkpt>
      <trkpt lat="-21.70018396" lon="142.44399718">
        <ele>257.69</ele>
        <time>2026-08-31T04:53:09Z</time>
        <extensions>
          <geotracker:meta c="5.2" s="26.22" />
        </extensions>
      </trkpt>
      <trkpt lat="-21.69807791" lon="142.43973456">
        <ele>256.71</ele>
        <time>2026-08-31T04:53:28Z</time>
        <extensions>
          <geotracker:meta c="5.2" s="25.92" />
        </extensions>
      </trkpt>
      <trkpt lat="-21.69709979" lon="142.43774847">
        <ele>256.4</ele>
        <time>2026-08-31T04:53:37Z</time>
        <extensions>
          <geotracker:meta c="5.2" s="25.73" />
        </extensions>
      </trkpt>
      <trkpt lat="-21.69612086" lon="142.43575201">
        <ele>256.46</ele>
        <time>2026-08-31T04:53:46Z</time>
        <extensions>
          <geotracker:meta c="5.2" s="25.75" />
        </extensions>
      </trkpt>
      <trkpt lat="-21.69516307" lon="142.4337986">
        <ele>254.6</ele>
        <time>2026-08-31T04:53:55Z</time>
        <extensions>
          <geotracker:meta c="5.2" s="25.38" />
        </extensions>
      </trkpt>
      <trkpt lat="-21.69423061" lon="142.43188495">
        <ele>252.31</ele>
        <time>2026-08-31T04:54:04Z</time>
        <extensions>
          <geotracker:meta c="5.19" s="24.52" />
        </extensions>
      </trkpt>
      <trkpt lat="-21.69320102" lon="142.42978029">
        <ele>251.32</ele>
        <time>2026-08-31T04:54:14Z</time>
        <extensions>
          <geotracker:meta c="5.2" s="25.39" />
        </extensions>
      </trkpt>
      <trkpt lat="-21.6921948" lon="142.42774775">
        <ele>251.38</ele>
        <time>2026-08-31T04:54:23Z</time>
        <extensions>
          <geotracker:meta c="5.19" s="27.21" />
        </extensions>
      </trkpt>
      <trkpt lat="-21.69106505" lon="142.4254458">
        <ele>252.32</ele>
        <time>2026-08-31T04:54:33Z</time>
        <extensions>
          <geotracker:meta c="5.2" s="25.54" />
        </extensions>
      </trkpt>
      <trkpt lat="-21.69008691" lon="142.42346482">
        <ele>252.81</ele>
        <time>2026-08-31T04:54:42Z</time>
        <extensions>
          <geotracker:meta c="5.09" s="25.69" />
        </extensions>
      </trkpt>
      <trkpt lat="-21.68910342" lon="142.42144993">
        <ele>253.86</ele>
        <time>2026-08-31T04:54:51Z</time>
        <extensions>
          <geotracker:meta c="5.19" s="26.23" />
        </extensions>
      </trkpt>
      <trkpt lat="-21.6879989" lon="142.41920038">
        <ele>254.88</ele>
        <time>2026-08-31T04:55:01Z</time>
        <extensions>
          <geotracker:meta c="5.39" s="26.42" />
        </extensions>
      </trkpt>
      <trkpt lat="-21.68685955" lon="142.41689049">
        <ele>254.62</ele>
        <time>2026-08-31T04:55:11Z</time>
        <extensions>
          <geotracker:meta c="5.2" s="27.48" />
        </extensions>
      </trkpt>
      <trkpt lat="-21.68581319" lon="142.41477151">
        <ele>254.87</ele>
        <time>2026-08-31T04:55:20Z</time>
        <extensions>
          <geotracker:meta c="5.21" s="26.68" />
        </extensions>
      </trkpt>
      <trkpt lat="-21.6838058" lon="142.41068054">
        <ele>254.84</ele>
        <time>2026-08-31T04:55:38Z</time>
        <extensions>
          <geotracker:meta c="5.2" s="26.21" />
        </extensions>
      </trkpt>
      <trkpt lat="-21.68282168" lon="142.40868168">
        <ele>254.33</ele>
        <time>2026-08-31T04:55:47Z</time>
        <extensions>
          <geotracker:meta c="5.2" s="25.89" />
        </extensions>
      </trkpt>
      <trkpt lat="-21.68150264" lon="142.40600847">
        <ele>252.57</ele>
        <time>2026-08-31T04:55:59Z</time>
        <extensions>
          <geotracker:meta c="5.21" s="26.25" />
        </extensions>
      </trkpt>
      <trkpt lat="-21.68039283" lon="142.40374659">
        <ele>252.51</ele>
        <time>2026-08-31T04:56:09Z</time>
        <extensions>
          <geotracker:meta c="5.19" s="26.62" />
        </extensions>
      </trkpt>
      <trkpt lat="-21.67927238" lon="142.401467">
        <ele>253.27</ele>
        <time>2026-08-31T04:56:19Z</time>
        <extensions>
          <geotracker:meta c="5.21" s="26.62" />
        </extensions>
      </trkpt>
      <trkpt lat="-21.6782634" lon="142.39940869">
        <ele>254.03</ele>
        <time>2026-08-31T04:56:28Z</time>
        <extensions>
          <geotracker:meta c="5.2" s="25.9" />
        </extensions>
      </trkpt>
      <trkpt lat="-21.67727393" lon="142.39739287">
        <ele>253.64</ele>
        <time>2026-08-31T04:56:37Z</time>
        <extensions>
          <geotracker:meta c="5.19" s="26.23" />
        </extensions>
      </trkpt>
      <trkpt lat="-21.67616331" lon="142.39514571">
        <ele>253.14</ele>
        <time>2026-08-31T04:56:47Z</time>
        <extensions>
          <geotracker:meta c="5.18" s="26.49" />
        </extensions>
      </trkpt>
      <trkpt lat="-21.67519993" lon="142.39318024">
        <ele>252.19</ele>
        <time>2026-08-31T04:56:56Z</time>
        <extensions>
          <geotracker:meta c="5.19" s="24.94" />
        </extensions>
      </trkpt>
      <trkpt lat="-21.67427598" lon="142.39128776">
        <ele>252.13</ele>
        <time>2026-08-31T04:57:05Z</time>
        <extensions>
          <geotracker:meta c="5.19" s="24.47" />
        </extensions>
      </trkpt>
      <trkpt lat="-21.67333999" lon="142.38937854">
        <ele>252.69</ele>
        <time>2026-08-31T04:57:14Z</time>
        <extensions>
          <geotracker:meta c="5.21" s="24.94" />
        </extensions>
      </trkpt>
      <trkpt lat="-21.67238215" lon="142.38743222">
        <ele>252.03</ele>
        <time>2026-08-31T04:57:23Z</time>
        <extensions>
          <geotracker:meta c="5.19" s="25.55" />
        </extensions>
      </trkpt>
      <trkpt lat="-21.67130967" lon="142.38525437">
        <ele>252.16</ele>
        <time>2026-08-31T04:57:33Z</time>
        <extensions>
          <geotracker:meta c="5.2" s="25.73" />
        </extensions>
      </trkpt>
      <trkpt lat="-21.67022146" lon="142.38304273">
        <ele>251.16</ele>
        <time>2026-08-31T04:57:43Z</time>
        <extensions>
          <geotracker:meta c="5.19" s="25.71" />
        </extensions>
      </trkpt>
      <trkpt lat="-21.66927006" lon="142.38110549">
        <ele>250.97</ele>
        <time>2026-08-31T04:57:52Z</time>
        <extensions>
          <geotracker:meta c="5.13" s="25.11" />
        </extensions>
      </trkpt>
      <trkpt lat="-21.66819855" lon="142.37894148">
        <ele>250.35</ele>
        <time>2026-08-31T04:58:02Z</time>
        <extensions>
          <geotracker:meta c="5.32" s="25.45" />
        </extensions>
      </trkpt>
      <trkpt lat="-21.66713625" lon="142.37676507">
        <ele>251.62</ele>
        <time>2026-08-31T04:58:12Z</time>
        <extensions>
          <geotracker:meta c="5.22" s="25.36" />
        </extensions>
      </trkpt>
      <trkpt lat="-21.66609089" lon="142.37463538">
        <ele>253.28</ele>
        <time>2026-08-31T04:58:22Z</time>
        <extensions>
          <geotracker:meta c="5.17" s="24.34" />
        </extensions>
      </trkpt>
      <trkpt lat="-21.66504685" lon="142.37259271">
        <ele>254.38</ele>
        <time>2026-08-31T04:58:32Z</time>
        <extensions>
          <geotracker:meta c="5.24" s="24.14" />
        </extensions>
      </trkpt>
      <trkpt lat="-21.66398185" lon="142.3705635">
        <ele>254.95</ele>
        <time>2026-08-31T04:58:42Z</time>
        <extensions>
          <geotracker:meta c="5.15" s="23.7" />
        </extensions>
      </trkpt>
      <trkpt lat="-21.66303039" lon="142.36876743">
        <ele>255.35</ele>
        <time>2026-08-31T04:58:51Z</time>
        <extensions>
          <geotracker:meta c="5.2" s="24.26" />
        </extensions>
      </trkpt>
      <trkpt lat="-21.66108253" lon="142.36503933">
        <ele>256.55</ele>
        <time>2026-08-31T04:59:09Z</time>
        <extensions>
          <geotracker:meta c="5.23" s="23.98" />
        </extensions>
      </trkpt>
      <trkpt lat="-21.66013333" lon="142.36316521">
        <ele>257.51</ele>
        <time>2026-08-31T04:59:18Z</time>
        <extensions>
          <geotracker:meta c="5.2" s="25.15" />
        </extensions>
      </trkpt>
      <trkpt lat="-21.65903283" lon="142.36101092">
        <ele>259.45</ele>
        <time>2026-08-31T04:59:28Z</time>
        <extensions>
          <geotracker:meta c="5.22" s="25.63" />
        </extensions>
      </trkpt>
      <trkpt lat="-21.65804357" lon="142.3590769">
        <ele>260.8</ele>
        <time>2026-08-31T04:59:37Z</time>
        <extensions>
          <geotracker:meta c="5.22" s="25.06" />
        </extensions>
      </trkpt>
      <trkpt lat="-21.65696302" lon="142.35692555">
        <ele>262.4</ele>
        <time>2026-08-31T04:59:47Z</time>
        <extensions>
          <geotracker:meta c="5.2" s="25.45" />
        </extensions>
      </trkpt>
      <trkpt lat="-21.65600293" lon="142.35504453">
        <ele>262.55</ele>
        <time>2026-08-31T04:59:56Z</time>
        <extensions>
          <geotracker:meta c="5.24" s="24.66" />
        </extensions>
      </trkpt>
      <trkpt lat="-21.65492131" lon="142.35290173">
        <ele>262.18</ele>
        <time>2026-08-31T05:00:06Z</time>
        <extensions>
          <geotracker:meta c="5.19" s="25.56" />
        </extensions>
      </trkpt>
      <trkpt lat="-21.6539189" lon="142.35091974">
        <ele>263.62</ele>
        <time>2026-08-31T05:00:15Z</time>
        <extensions>
          <geotracker:meta c="5.21" s="26.15" />
        </extensions>
      </trkpt>
      <trkpt lat="-21.65290374" lon="142.34891607">
        <ele>264.65</ele>
        <time>2026-08-31T05:00:24Z</time>
        <extensions>
          <geotracker:meta c="5.19" s="26.2" />
        </extensions>
      </trkpt>
      <trkpt lat="-21.65188152" lon="142.34692644">
        <ele>264.97</ele>
        <time>2026-08-31T05:00:33Z</time>
        <extensions>
          <geotracker:meta c="5.25" s="26.07" />
        </extensions>
      </trkpt>
      <trkpt lat="-21.65086329" lon="142.34492546">
        <ele>264.85</ele>
        <time>2026-08-31T05:00:42Z</time>
        <extensions>
          <geotracker:meta c="5.22" s="26.54" />
        </extensions>
      </trkpt>
      <trkpt lat="-21.64985872" lon="142.34287602">
        <ele>263.67</ele>
        <time>2026-08-31T05:00:51Z</time>
        <extensions>
          <geotracker:meta c="5.15" s="26.33" />
        </extensions>
      </trkpt>
      <trkpt lat="-21.64887095" lon="142.34056614">
        <ele>263.24</ele>
        <time>2026-08-31T05:01:01Z</time>
        <extensions>
          <geotracker:meta c="5.11" s="26.7" />
        </extensions>
      </trkpt>
      <trkpt lat="-21.64801439" lon="142.33816514">
        <ele>263.67</ele>
        <time>2026-08-31T05:01:11Z</time>
        <extensions>
          <geotracker:meta c="5.02" s="26.48" />
        </extensions>
      </trkpt>
      <trkpt lat="-21.6466811" lon="142.33393808">
        <ele>266.75</ele>
        <time>2026-08-31T05:01:29Z</time>
        <extensions>
          <geotracker:meta c="5.1" s="25.65" />
        </extensions>
      </trkpt>
      <trkpt lat="-21.64585485" lon="142.33193883">
        <ele>267.72</ele>
        <time>2026-08-31T05:01:38Z</time>
        <extensions>
          <geotracker:meta c="5.15" s="24.88" />
        </extensions>
      </trkpt>
      <trkpt lat="-21.64480115" lon="142.32984914">
        <ele>267.89</ele>
        <time>2026-08-31T05:01:48Z</time>
        <extensions>
          <geotracker:meta c="5.24" s="24.19" />
        </extensions>
      </trkpt>
      <trkpt lat="-21.64372955" lon="142.3280748">
        <ele>267.13</ele>
        <time>2026-08-31T05:01:57Z</time>
        <extensions>
          <geotracker:meta c="5.34" s="24.6" />
        </extensions>
      </trkpt>
      <trkpt lat="-21.6425109" lon="142.32634708">
        <ele>266.18</ele>
        <time>2026-08-31T05:02:06Z</time>
        <extensions>
          <geotracker:meta c="5.39" s="25.15" />
        </extensions>
      </trkpt>
      <trkpt lat="-21.64106888" lon="142.32449786">
        <ele>265.27</ele>
        <time>2026-08-31T05:02:16Z</time>
        <extensions>
          <geotracker:meta c="5.41" s="24.73" />
        </extensions>
      </trkpt>
      <trkpt lat="-21.63977248" lon="142.32283245">
        <ele>264.15</ele>
        <time>2026-08-31T05:02:25Z</time>
        <extensions>
          <geotracker:meta c="5.41" s="25.22" />
        </extensions>
      </trkpt>
      <trkpt lat="-21.63828665" lon="142.32095522">
        <ele>265.71</ele>
        <time>2026-08-31T05:02:35Z</time>
        <extensions>
          <geotracker:meta c="5.42" s="25.46" />
        </extensions>
      </trkpt>
      <trkpt lat="-21.63696386" lon="142.31927209">
        <ele>266.25</ele>
        <time>2026-08-31T05:02:44Z</time>
        <extensions>
          <geotracker:meta c="5.42" s="25.3" />
        </extensions>
      </trkpt>
      <trkpt lat="-21.6354787" lon="142.31737272">
        <ele>265.59</ele>
        <time>2026-08-31T05:02:54Z</time>
        <extensions>
          <geotracker:meta c="5.41" s="25.74" />
        </extensions>
      </trkpt>
      <trkpt lat="-21.63414196" lon="142.31567109">
        <ele>265.2</ele>
        <time>2026-08-31T05:03:03Z</time>
        <extensions>
          <geotracker:meta c="5.42" s="24.99" />
        </extensions>
      </trkpt>
      <trkpt lat="-21.63283607" lon="142.31400104">
        <ele>264.19</ele>
        <time>2026-08-31T05:03:12Z</time>
        <extensions>
          <geotracker:meta c="5.41" s="25.27" />
        </extensions>
      </trkpt>
      <trkpt lat="-21.63148558" lon="142.31228741">
        <ele>263.36</ele>
        <time>2026-08-31T05:03:21Z</time>
        <extensions>
          <geotracker:meta c="5.41" s="26.04" />
        </extensions>
      </trkpt>
      <trkpt lat="-21.62995478" lon="142.31034441">
        <ele>264.53</ele>
        <time>2026-08-31T05:03:31Z</time>
        <extensions>
          <geotracker:meta c="5.41" s="26.51" />
        </extensions>
      </trkpt>
      <trkpt lat="-21.62719927" lon="142.30677297">
        <ele>263.1</ele>
        <time>2026-08-31T05:03:49Z</time>
        <extensions>
          <geotracker:meta c="5.39" s="26.87" />
        </extensions>
      </trkpt>
      <trkpt lat="-21.62582995" lon="142.30497012">
        <ele>263.37</ele>
        <time>2026-08-31T05:03:58Z</time>
        <extensions>
          <geotracker:meta c="5.39" s="26.49" />
        </extensions>
      </trkpt>
      <trkpt lat="-21.62450192" lon="142.30320518">
        <ele>263.1</ele>
        <time>2026-08-31T05:04:07Z</time>
        <extensions>
          <geotracker:meta c="5.4" s="25.86" />
        </extensions>
      </trkpt>
      <trkpt lat="-21.62319417" lon="142.30145746">
        <ele>263.1</ele>
        <time>2026-08-31T05:04:16Z</time>
        <extensions>
          <geotracker:meta c="5.37" s="25.68" />
        </extensions>
      </trkpt>
      <trkpt lat="-21.62190409" lon="142.29968157">
        <ele>263.37</ele>
        <time>2026-08-31T05:04:25Z</time>
        <extensions>
          <geotracker:meta c="5.39" s="26.08" />
        </extensions>
      </trkpt>
      <trkpt lat="-21.6204743" lon="142.29770807">
        <ele>263.13</ele>
        <time>2026-08-31T05:04:35Z</time>
        <extensions>
          <geotracker:meta c="5.38" s="25.49" />
        </extensions>
      </trkpt>
      <trkpt lat="-21.61921346" lon="142.29597372">
        <ele>263.15</ele>
        <time>2026-08-31T05:04:44Z</time>
        <extensions>
          <geotracker:meta c="5.37" s="25.1" />
        </extensions>
      </trkpt>
      <trkpt lat="-21.61797211" lon="142.29426081">
        <ele>263.42</ele>
        <time>2026-08-31T05:04:53Z</time>
        <extensions>
          <geotracker:meta c="5.38" s="24.73" />
        </extensions>
      </trkpt>
      <trkpt lat="-21.61662646" lon="142.29240948">
        <ele>263.01</ele>
        <time>2026-08-31T05:05:03Z</time>
        <extensions>
          <geotracker:meta c="5.37" s="24.14" />
        </extensions>
      </trkpt>
      <trkpt lat="-21.61541587" lon="142.29074126">
        <ele>263.31</ele>
        <time>2026-08-31T05:05:12Z</time>
        <extensions>
          <geotracker:meta c="5.39" s="24.3" />
        </extensions>
      </trkpt>
      <trkpt lat="-21.6142092" lon="142.28907476">
        <ele>263.45</ele>
        <time>2026-08-31T05:05:21Z</time>
        <extensions>
          <geotracker:meta c="5.36" s="24.22" />
        </extensions>
      </trkpt>
      <trkpt lat="-21.61286289" lon="142.28723306">
        <ele>261.95</ele>
        <time>2026-08-31T05:05:31Z</time>
        <extensions>
          <geotracker:meta c="5.38" s="24.29" />
        </extensions>
      </trkpt>
      <trkpt lat="-21.61151108" lon="142.28537205">
        <ele>262.9</ele>
        <time>2026-08-31T05:05:41Z</time>
        <extensions>
          <geotracker:meta c="5.36" s="24.36" />
        </extensions>
      </trkpt>
      <trkpt lat="-21.61030626" lon="142.28371011">
        <ele>262.63</ele>
        <time>2026-08-31T05:05:50Z</time>
        <extensions>
          <geotracker:meta c="5.37" s="23.98" />
        </extensions>
      </trkpt>
      <trkpt lat="-21.60774075" lon="142.28018092">
        <ele>261.14</ele>
        <time>2026-08-31T05:06:09Z</time>
        <extensions>
          <geotracker:meta c="5.39" s="24.94" />
        </extensions>
      </trkpt>
      <trkpt lat="-21.60648948" lon="142.27845676">
        <ele>261.55</ele>
        <time>2026-08-31T05:06:18Z</time>
        <extensions>
          <geotracker:meta c="5.38" s="24.61" />
        </extensions>
      </trkpt>
      <trkpt lat="-21.6052711" lon="142.27678435">
        <ele>260.46</ele>
        <time>2026-08-31T05:06:27Z</time>
        <extensions>
          <geotracker:meta c="5.38" s="24.46" />
        </extensions>
      </trkpt>
      <trkpt lat="-21.60404398" lon="142.27508623">
        <ele>260.17</ele>
        <time>2026-08-31T05:06:36Z</time>
        <extensions>
          <geotracker:meta c="5.36" s="24.77" />
        </extensions>
      </trkpt>
      <trkpt lat="-21.60259916" lon="142.27309521">
        <ele>259.53</ele>
        <time>2026-08-31T05:06:46Z</time>
        <extensions>
          <geotracker:meta c="5.37" s="26.33" />
        </extensions>
      </trkpt>
      <trkpt lat="-21.60140048" lon="142.27128602">
        <ele>261.12</ele>
        <time>2026-08-31T05:06:55Z</time>
        <extensions>
          <geotracker:meta c="5.29" s="25.16" />
        </extensions>
      </trkpt>
      <trkpt lat="-21.60035235" lon="142.26943432">
        <ele>263.37</ele>
        <time>2026-08-31T05:07:04Z</time>
        <extensions>
          <geotracker:meta c="5.24" s="24.74" />
        </extensions>
      </trkpt>
      <trkpt lat="-21.59943651" lon="142.2675046">
        <ele>264.37</ele>
        <time>2026-08-31T05:07:13Z</time>
        <extensions>
          <geotracker:meta c="5.2" s="24.53" />
        </extensions>
      </trkpt>
      <trkpt lat="-21.59862083" lon="142.26538169">
        <ele>266.07</ele>
        <time>2026-08-31T05:07:23Z</time>
        <extensions>
          <geotracker:meta c="5.06" s="23.64" />
        </extensions>
      </trkpt>
      <trkpt lat="-21.59794604" lon="142.26343243">
        <ele>266.58</ele>
        <time>2026-08-31T05:07:32Z</time>
        <extensions>
          <geotracker:meta c="5.07" s="24.16" />
        </extensions>
      </trkpt>
      <trkpt lat="-21.59719323" lon="142.26124824">
        <ele>267.59</ele>
        <time>2026-08-31T05:07:42Z</time>
        <extensions>
          <geotracker:meta c="5.07" s="24.53" />
        </extensions>
      </trkpt>
      <trkpt lat="-21.59648588" lon="142.25921226">
        <ele>266.89</ele>
        <time>2026-08-31T05:07:51Z</time>
        <extensions>
          <geotracker:meta c="5.06" s="25.24" />
        </extensions>
      </trkpt>
      <trkpt lat="-21.59570933" lon="142.25694389">
        <ele>264.35</ele>
        <time>2026-08-31T05:08:01Z</time>
        <extensions>
          <geotracker:meta c="5.06" s="25.08" />
        </extensions>
      </trkpt>
      <trkpt lat="-21.59499438" lon="142.25490453">
        <ele>263.07</ele>
        <time>2026-08-31T05:08:10Z</time>
        <extensions>
          <geotracker:meta c="5.08" s="25.15" />
        </extensions>
      </trkpt>
      <trkpt lat="-21.59350116" lon="142.25059802">
        <ele>262.95</ele>
        <time>2026-08-31T05:08:29Z</time>
        <extensions>
          <geotracker:meta c="5.06" s="24.47" />
        </extensions>
      </trkpt>
      <trkpt lat="-21.59272203" lon="142.24835066">
        <ele>262.16</ele>
        <time>2026-08-31T05:08:39Z</time>
        <extensions>
          <geotracker:meta c="5.07" s="25.32" />
        </extensions>
      </trkpt>
      <trkpt lat="-21.59199998" lon="142.24625193">
        <ele>260.65</ele>
        <time>2026-08-31T05:08:48Z</time>
        <extensions>
          <geotracker:meta c="5.04" s="26.08" />
        </extensions>
      </trkpt>
      <trkpt lat="-21.59126575" lon="142.24412954">
        <ele>259.55</ele>
        <time>2026-08-31T05:08:57Z</time>
        <extensions>
          <geotracker:meta c="5.06" s="26.08" />
        </extensions>
      </trkpt>
      <trkpt lat="-21.59043482" lon="142.24173887">
        <ele>259.26</ele>
        <time>2026-08-31T05:09:07Z</time>
        <extensions>
          <geotracker:meta c="5.06" s="26.72" />
        </extensions>
      </trkpt>
      <trkpt lat="-21.58957198" lon="142.23927113">
        <ele>259.31</ele>
        <time>2026-08-31T05:09:17Z</time>
        <extensions>
          <geotracker:meta c="5.12" s="27.81" />
        </extensions>
      </trkpt>
      <trkpt lat="-21.58879706" lon="142.23702292">
        <ele>260.27</ele>
        <time>2026-08-31T05:09:26Z</time>
        <extensions>
          <geotracker:meta c="5.04" s="26.63" />
        </extensions>
      </trkpt>
      <trkpt lat="-21.58797073" lon="142.23463193">
        <ele>259.99</ele>
        <time>2026-08-31T05:09:36Z</time>
        <extensions>
          <geotracker:meta c="5.17" s="26.51" />
        </extensions>
      </trkpt>
      <trkpt lat="-21.58723678" lon="142.23249227">
        <ele>259.04</ele>
        <time>2026-08-31T05:09:45Z</time>
        <extensions>
          <geotracker:meta c="5.08" s="25.31" />
        </extensions>
      </trkpt>
      <trkpt lat="-21.58652977" lon="142.23045946">
        <ele>257.08</ele>
        <time>2026-08-31T05:09:54Z</time>
        <extensions>
          <geotracker:meta c="5.06" s="25.05" />
        </extensions>
      </trkpt>
      <trkpt lat="-21.58575129" lon="142.22822069">
        <ele>257.15</ele>
        <time>2026-08-31T05:10:04Z</time>
        <extensions>
          <geotracker:meta c="5.07" s="24.44" />
        </extensions>
      </trkpt>
      <trkpt lat="-21.58506251" lon="142.22622851">
        <ele>256.86</ele>
        <time>2026-08-31T05:10:13Z</time>
        <extensions>
          <geotracker:meta c="5.07" s="24.39" />
        </extensions>
      </trkpt>
      <trkpt lat="-21.58430749" lon="142.22405189">
        <ele>257.2</ele>
        <time>2026-08-31T05:10:23Z</time>
        <extensions>
          <geotracker:meta c="5.06" s="23.73" />
        </extensions>
      </trkpt>
      <trkpt lat="-21.58357228" lon="142.22192874">
        <ele>256.7</ele>
        <time>2026-08-31T05:10:33Z</time>
        <extensions>
          <geotracker:meta c="5.05" s="23.52" />
        </extensions>
      </trkpt>
      <trkpt lat="-21.58287691" lon="142.21994452">
        <ele>257.65</ele>
        <time>2026-08-31T05:10:42Z</time>
        <extensions>
          <geotracker:meta c="5.07" s="24.94" />
        </extensions>
      </trkpt>
      <trkpt lat="-21.58208191" lon="142.21764748">
        <ele>258.71</ele>
        <time>2026-08-31T05:10:52Z</time>
        <extensions>
          <geotracker:meta c="5.02" s="25.74" />
        </extensions>
      </trkpt>
      <trkpt lat="-21.58062117" lon="142.21344834">
        <ele>262.48</ele>
        <time>2026-08-31T05:11:10Z</time>
        <extensions>
          <geotracker:meta c="5.08" s="25.15" />
        </extensions>
      </trkpt>
      <trkpt lat="-21.57992274" lon="142.21141727">
        <ele>262.56</ele>
        <time>2026-08-31T05:11:19Z</time>
        <extensions>
          <geotracker:meta c="5.08" s="24.71" />
        </extensions>
      </trkpt>
      <trkpt lat="-21.57917513" lon="142.20926041">
        <ele>265.68</ele>
        <time>2026-08-31T05:11:29Z</time>
        <extensions>
          <geotracker:meta c="5.08" s="23.49" />
        </extensions>
      </trkpt>
      <trkpt lat="-21.5784084" lon="142.20703224">
        <ele>263.3</ele>
        <time>2026-08-31T05:11:39Z</time>
        <extensions>
          <geotracker:meta c="5.07" s="25.4" />
        </extensions>
      </trkpt>
      <trkpt lat="-21.57768623" lon="142.20496338">
        <ele>260.39</ele>
        <time>2026-08-31T05:11:48Z</time>
        <extensions>
          <geotracker:meta c="5.08" s="25.09" />
        </extensions>
      </trkpt>
      <trkpt lat="-21.57695302" lon="142.20286609">
        <ele>259.14</ele>
        <time>2026-08-31T05:11:57Z</time>
        <extensions>
          <geotracker:meta c="5.03" s="26.06" />
        </extensions>
      </trkpt>
      <trkpt lat="-21.57623398" lon="142.20076571">
        <ele>256.12</ele>
        <time>2026-08-31T05:12:06Z</time>
        <extensions>
          <geotracker:meta c="5.06" s="24.89" />
        </extensions>
      </trkpt>
      <trkpt lat="-21.57543893" lon="142.19850289">
        <ele>256.45</ele>
        <time>2026-08-31T05:12:16Z</time>
        <extensions>
          <geotracker:meta c="5.09" s="25.33" />
        </extensions>
      </trkpt>
      <trkpt lat="-21.57471034" lon="142.19638818">
        <ele>258.27</ele>
        <time>2026-08-31T05:12:25Z</time>
        <extensions>
          <geotracker:meta c="5.1" s="26.23" />
        </extensions>
      </trkpt>
      <trkpt lat="-21.57397475" lon="142.19427512">
        <ele>260.67</ele>
        <time>2026-08-31T05:12:34Z</time>
        <extensions>
          <geotracker:meta c="5.09" s="25.65" />
        </extensions>
      </trkpt>
      <trkpt lat="-21.57326278" lon="142.19219857">
        <ele>259.45</ele>
        <time>2026-08-31T05:12:43Z</time>
        <extensions>
          <geotracker:meta c="5.04" s="25.44" />
        </extensions>
      </trkpt>
      <trkpt lat="-21.57253008" lon="142.19008184">
        <ele>257.64</ele>
        <time>2026-08-31T05:12:52Z</time>
        <extensions>
          <geotracker:meta c="5.08" s="26.25" />
        </extensions>
      </trkpt>
      <trkpt lat="-21.57169073" lon="142.18767296">
        <ele>256.4</ele>
        <time>2026-08-31T05:13:02Z</time>
        <extensions>
          <geotracker:meta c="5.06" s="26.74" />
        </extensions>
      </trkpt>
      <trkpt lat="-21.57020536" lon="142.18340321">
        <ele>257.49</ele>
        <time>2026-08-31T05:13:20Z</time>
        <extensions>
          <geotracker:meta c="5.08" s="25.57" />
        </extensions>
      </trkpt>
      <trkpt lat="-21.56946768" lon="142.18128326">
        <ele>260.22</ele>
        <time>2026-08-31T05:13:29Z</time>
        <extensions>
          <geotracker:meta c="5.05" s="25.63" />
        </extensions>
      </trkpt>
      <trkpt lat="-21.56868259" lon="142.1790137">
        <ele>262.69</ele>
        <time>2026-08-31T05:13:39Z</time>
        <extensions>
          <geotracker:meta c="5.08" s="25.13" />
        </extensions>
      </trkpt>
      <trkpt lat="-21.56794752" lon="142.17692505">
        <ele>264.27</ele>
        <time>2026-08-31T05:13:48Z</time>
        <extensions>
          <geotracker:meta c="5.07" s="26.13" />
        </extensions>
      </trkpt>
      <trkpt lat="-21.56645105" lon="142.17259418">
        <ele>261.17</ele>
        <time>2026-08-31T05:14:06Z</time>
        <extensions>
          <geotracker:meta c="5.06" s="26.97" />
        </extensions>
      </trkpt>
      <trkpt lat="-21.56483778" lon="142.16796691">
        <ele>259.69</ele>
        <time>2026-08-31T05:14:26Z</time>
        <extensions>
          <geotracker:meta c="5.07" s="24.95" />
        </extensions>
      </trkpt>
      <trkpt lat="-21.56345648" lon="142.16397188">
        <ele>257.1</ele>
        <time>2026-08-31T05:14:44Z</time>
        <extensions>
          <geotracker:meta c="5.07" s="24.74" />
        </extensions>
      </trkpt>
      <trkpt lat="-21.56133322" lon="142.15785509">
        <ele>254.63</ele>
        <time>2026-08-31T05:15:12Z</time>
        <extensions>
          <geotracker:meta c="5.07" s="23.23" />
        </extensions>
      </trkpt>
      <trkpt lat="-21.55913998" lon="142.15153145">
        <ele>256.46</ele>
        <time>2026-08-31T05:15:40Z</time>
        <extensions>
          <geotracker:meta c="5.07" s="24.89" />
        </extensions>
      </trkpt>
      <trkpt lat="-21.55843568" lon="142.1495052">
        <ele>256.33</ele>
        <time>2026-08-31T05:15:49Z</time>
        <extensions>
          <geotracker:meta c="5.06" s="24.89" />
        </extensions>
      </trkpt>
      <trkpt lat="-21.55773436" lon="142.14747635">
        <ele>254.56</ele>
        <time>2026-08-31T05:15:58Z</time>
        <extensions>
          <geotracker:meta c="5.07" s="24.69" />
        </extensions>
      </trkpt>
      <trkpt lat="-21.55703244" lon="142.14545762">
        <ele>254.58</ele>
        <time>2026-08-31T05:16:07Z</time>
        <extensions>
          <geotracker:meta c="5.06" s="24.81" />
        </extensions>
      </trkpt>
      <trkpt lat="-21.55552543" lon="142.14113378">
        <ele>253.18</ele>
        <time>2026-08-31T05:16:26Z</time>
        <extensions>
          <geotracker:meta c="5.07" s="25.62" />
        </extensions>
      </trkpt>
      <trkpt lat="-21.55480509" lon="142.13903281">
        <ele>254.63</ele>
        <time>2026-08-31T05:16:35Z</time>
        <extensions>
          <geotracker:meta c="5.07" s="25.65" />
        </extensions>
      </trkpt>
      <trkpt lat="-21.5540743" lon="142.13693827">
        <ele>254.26</ele>
        <time>2026-08-31T05:16:44Z</time>
        <extensions>
          <geotracker:meta c="5.07" s="25.86" />
        </extensions>
      </trkpt>
      <trkpt lat="-21.55327863" lon="142.13463911">
        <ele>253.45</ele>
        <time>2026-08-31T05:16:54Z</time>
        <extensions>
          <geotracker:meta c="5.07" s="25.4" />
        </extensions>
      </trkpt>
      <trkpt lat="-21.55253245" lon="142.13251439">
        <ele>253.41</ele>
        <time>2026-08-31T05:17:03Z</time>
        <extensions>
          <geotracker:meta c="5.07" s="26.69" />
        </extensions>
      </trkpt>
      <trkpt lat="-21.5517697" lon="142.13031023">
        <ele>252.02</ele>
        <time>2026-08-31T05:17:12Z</time>
        <extensions>
          <geotracker:meta c="5.07" s="27" />
        </extensions>
      </trkpt>
      <trkpt lat="-21.5510286" lon="142.12816928">
        <ele>249.28</ele>
        <time>2026-08-31T05:17:21Z</time>
        <extensions>
          <geotracker:meta c="5.07" s="25.76" />
        </extensions>
      </trkpt>
      <trkpt lat="-21.55027405" lon="142.12601277">
        <ele>248.56</ele>
        <time>2026-08-31T05:17:30Z</time>
        <extensions>
          <geotracker:meta c="5.07" s="26.71" />
        </extensions>
      </trkpt>
      <trkpt lat="-21.54956717" lon="142.1239551">
        <ele>248.45</ele>
        <time>2026-08-31T05:17:39Z</time>
        <extensions>
          <geotracker:meta c="5.07" s="24.45" />
        </extensions>
      </trkpt>
      <trkpt lat="-21.54880144" lon="142.12176258">
        <ele>249.63</ele>
        <time>2026-08-31T05:17:49Z</time>
        <extensions>
          <geotracker:meta c="5.07" s="24.28" />
        </extensions>
      </trkpt>
      <trkpt lat="-21.54813273" lon="142.11982852">
        <ele>250.47</ele>
        <time>2026-08-31T05:17:58Z</time>
        <extensions>
          <geotracker:meta c="5.07" s="24.05" />
        </extensions>
      </trkpt>
      <trkpt lat="-21.54743842" lon="142.11784294">
        <ele>248.82</ele>
        <time>2026-08-31T05:18:07Z</time>
        <extensions>
          <geotracker:meta c="5.07" s="24.14" />
        </extensions>
      </trkpt>
      <trkpt lat="-21.54597709" lon="142.11365324">
        <ele>247.91</ele>
        <time>2026-08-31T05:18:26Z</time>
        <extensions>
          <geotracker:meta c="5.06" s="25.02" />
        </extensions>
      </trkpt>
      <trkpt lat="-21.54527351" lon="142.11158816">
        <ele>248.51</ele>
        <time>2026-08-31T05:18:35Z</time>
        <extensions>
          <geotracker:meta c="5.05" s="25.41" />
        </extensions>
      </trkpt>
      <trkpt lat="-21.54462599" lon="142.10949514">
        <ele>249.81</ele>
        <time>2026-08-31T05:18:44Z</time>
        <extensions>
          <geotracker:meta c="5" s="25.3" />
        </extensions>
      </trkpt>
      <trkpt lat="-21.54408453" lon="142.10739707">
        <ele>252.83</ele>
        <time>2026-08-31T05:18:53Z</time>
        <extensions>
          <geotracker:meta c="4.96" s="24.3" />
        </extensions>
      </trkpt>
      <trkpt lat="-21.54358843" lon="142.10508956">
        <ele>253.28</ele>
        <time>2026-08-31T05:19:03Z</time>
        <extensions>
          <geotracker:meta c="4.92" s="24.52" />
        </extensions>
      </trkpt>
      <trkpt lat="-21.54322552" lon="142.10300368">
        <ele>253.98</ele>
        <time>2026-08-31T05:19:12Z</time>
        <extensions>
          <geotracker:meta c="4.88" s="24.59" />
        </extensions>
      </trkpt>
      <trkpt lat="-21.54296585" lon="142.10087995">
        <ele>255.99</ele>
        <time>2026-08-31T05:19:21Z</time>
        <extensions>
          <geotracker:meta c="4.84" s="24.73" />
        </extensions>
      </trkpt>
      <trkpt lat="-21.5427173" lon="142.09850523">
        <ele>256.97</ele>
        <time>2026-08-31T05:19:31Z</time>
        <extensions>
          <geotracker:meta c="4.83" s="24.61" />
        </extensions>
      </trkpt>
      <trkpt lat="-21.54249246" lon="142.09637894">
        <ele>256.96</ele>
        <time>2026-08-31T05:19:40Z</time>
        <extensions>
          <geotracker:meta c="4.83" s="24.67" />
        </extensions>
      </trkpt>
      <trkpt lat="-21.54225081" lon="142.09405484">
        <ele>257.7</ele>
        <time>2026-08-31T05:19:50Z</time>
        <extensions>
          <geotracker:meta c="4.83" s="24.25" />
        </extensions>
      </trkpt>
      <trkpt lat="-21.54202482" lon="142.09195717">
        <ele>256.88</ele>
        <time>2026-08-31T05:19:59Z</time>
        <extensions>
          <geotracker:meta c="4.83" s="24.41" />
        </extensions>
      </trkpt>
      <trkpt lat="-21.54180043" lon="142.08981827">
        <ele>255.73</ele>
        <time>2026-08-31T05:20:08Z</time>
        <extensions>
          <geotracker:meta c="4.83" s="25.03" />
        </extensions>
      </trkpt>
      <trkpt lat="-21.5415472" lon="142.0873824">
        <ele>254.48</ele>
        <time>2026-08-31T05:20:18Z</time>
        <extensions>
          <geotracker:meta c="4.83" s="25.71" />
        </extensions>
      </trkpt>
      <trkpt lat="-21.54130667" lon="142.08515948">
        <ele>253.07</ele>
        <time>2026-08-31T05:20:27Z</time>
        <extensions>
          <geotracker:meta c="4.83" s="25.78" />
        </extensions>
      </trkpt>
      <trkpt lat="-21.54081008" lon="142.08041612">
        <ele>251.84</ele>
        <time>2026-08-31T05:20:46Z</time>
        <extensions>
          <geotracker:meta c="4.83" s="26.16" />
        </extensions>
      </trkpt>
      <trkpt lat="-21.54057426" lon="142.07818163">
        <ele>252.58</ele>
        <time>2026-08-31T05:20:55Z</time>
        <extensions>
          <geotracker:meta c="4.83" s="25.68" />
        </extensions>
      </trkpt>
      <trkpt lat="-21.54031376" lon="142.07575107">
        <ele>253.75</ele>
        <time>2026-08-31T05:21:05Z</time>
        <extensions>
          <geotracker:meta c="4.83" s="24.92" />
        </extensions>
      </trkpt>
      <trkpt lat="-21.54008903" lon="142.07361122">
        <ele>253.98</ele>
        <time>2026-08-31T05:21:14Z</time>
        <extensions>
          <geotracker:meta c="4.83" s="24.63" />
        </extensions>
      </trkpt>
      <trkpt lat="-21.53985914" lon="142.07151088">
        <ele>253.73</ele>
        <time>2026-08-31T05:21:23Z</time>
        <extensions>
          <geotracker:meta c="4.83" s="24.31" />
        </extensions>
      </trkpt>
      <trkpt lat="-21.53960955" lon="142.06911019">
        <ele>253.36</ele>
        <time>2026-08-31T05:21:33Z</time>
        <extensions>
          <geotracker:meta c="4.83" s="25.37" />
        </extensions>
      </trkpt>
      <trkpt lat="-21.53936059" lon="142.06670357">
        <ele>253.76</ele>
        <time>2026-08-31T05:21:43Z</time>
        <extensions>
          <geotracker:meta c="4.83" s="25.01" />
        </extensions>
      </trkpt>
      <trkpt lat="-21.53910797" lon="142.06431691">
        <ele>253.11</ele>
        <time>2026-08-31T05:21:53Z</time>
        <extensions>
          <geotracker:meta c="4.83" s="24.69" />
        </extensions>
      </trkpt>
      <trkpt lat="-21.53887817" lon="142.06215369">
        <ele>252.65</ele>
        <time>2026-08-31T05:22:02Z</time>
        <extensions>
          <geotracker:meta c="4.83" s="25.53" />
        </extensions>
      </trkpt>
      <trkpt lat="-21.53863985" lon="142.05991542">
        <ele>252.9</ele>
        <time>2026-08-31T05:22:12Z</time>
        <extensions>
          <geotracker:meta c="4.85" s="19.46" />
        </extensions>
      </trkpt>
      <trkpt lat="-21.53857406" lon="142.05879284">
        <ele>255.58</ele>
        <time>2026-08-31T05:22:21Z</time>
        <extensions>
          <geotracker:meta c="4.45" s="7.54" />
        </extensions>
      </trkpt>
      <trkpt lat="-21.53967894" lon="142.05849564">
        <ele>256.9</ele>
        <time>2026-08-31T05:22:49Z</time>
        <extensions>
          <geotracker:meta c="3.22" s="7.68" />
        </extensions>
      </trkpt>
      <trkpt lat="-21.54030043" lon="142.05836268">
        <ele>256.07</ele>
        <time>2026-08-31T05:22:58Z</time>
        <extensions>
          <geotracker:meta c="3.34" s="9.51" />
        </extensions>
      </trkpt>
      <trkpt lat="-21.54135598" lon="142.05813618">
        <ele>256.07</ele>
        <time>2026-08-31T05:23:08Z</time>
        <extensions>
          <geotracker:meta c="3.33" s="12.58" />
        </extensions>
      </trkpt>
      <trkpt lat="-21.54239663" lon="142.05791256">
        <ele>256.6</ele>
        <time>2026-08-31T05:23:17Z</time>
        <extensions>
          <geotracker:meta c="3.35" s="13.46" />
        </extensions>
      </trkpt>
      <trkpt lat="-21.54486688" lon="142.05740738">
        <ele>256.94</ele>
        <time>2026-08-31T05:23:36Z</time>
        <extensions>
          <geotracker:meta c="3.29" s="15.56" />
        </extensions>
      </trkpt>
      <trkpt lat="-21.54629099" lon="142.05723012">
        <ele>257.79</ele>
        <time>2026-08-31T05:23:46Z</time>
        <extensions>
          <geotracker:meta c="3.26" s="15.97" />
        </extensions>
      </trkpt>
      <trkpt lat="-21.54760482" lon="142.05707059">
        <ele>259.2</ele>
        <time>2026-08-31T05:23:55Z</time>
        <extensions>
          <geotracker:meta c="3.26" s="16.57" />
        </extensions>
      </trkpt>
      <trkpt lat="-21.54895462" lon="142.05689047">
        <ele>259.49</ele>
        <time>2026-08-31T05:24:04Z</time>
        <extensions>
          <geotracker:meta c="3.26" s="16.76" />
        </extensions>
      </trkpt>
      <trkpt lat="-21.55040864" lon="142.05703387">
        <ele>260.47</ele>
        <time>2026-08-31T05:24:14Z</time>
        <extensions>
          <geotracker:meta c="2.6" s="16.14" />
        </extensions>
      </trkpt>
      <trkpt lat="-21.55140958" lon="142.05801328">
        <ele>260.65</ele>
        <time>2026-08-31T05:24:23Z</time>
        <extensions>
          <geotracker:meta c="2.34" s="17.06" />
        </extensions>
      </trkpt>
      <trkpt lat="-21.5524027" lon="142.05909582">
        <ele>260</ele>
        <time>2026-08-31T05:24:32Z</time>
        <extensions>
          <geotracker:meta c="2.35" s="17.65" />
        </extensions>
      </trkpt>
      <trkpt lat="-21.55355447" lon="142.06034891">
        <ele>259.56</ele>
        <time>2026-08-31T05:24:42Z</time>
        <extensions>
          <geotracker:meta c="2.36" s="18.52" />
        </extensions>
      </trkpt>
      <trkpt lat="-21.5546325" lon="142.06153008">
        <ele>259.41</ele>
        <time>2026-08-31T05:24:51Z</time>
        <extensions>
          <geotracker:meta c="2.33" s="19" />
        </extensions>
      </trkpt>
      <trkpt lat="-21.55573326" lon="142.06270914">
        <ele>259.05</ele>
        <time>2026-08-31T05:25:00Z</time>
        <extensions>
          <geotracker:meta c="2.35" s="19.22" />
        </extensions>
      </trkpt>
      <trkpt lat="-21.55677071" lon="142.0638434">
        <ele>258.16</ele>
        <time>2026-08-31T05:25:09Z</time>
        <extensions>
          <geotracker:meta c="2.37" s="17.17" />
        </extensions>
      </trkpt>
      <trkpt lat="-21.55786947" lon="142.06501907">
        <ele>257.64</ele>
        <time>2026-08-31T05:25:19Z</time>
        <extensions>
          <geotracker:meta c="2.36" s="17.8" />
        </extensions>
      </trkpt>
      <trkpt lat="-21.55890369" lon="142.06615164">
        <ele>257.69</ele>
        <time>2026-08-31T05:25:28Z</time>
        <extensions>
          <geotracker:meta c="2.34" s="18.21" />
        </extensions>
      </trkpt>
      <trkpt lat="-21.5600729" lon="142.06742625">
        <ele>257.43</ele>
        <time>2026-08-31T05:25:38Z</time>
        <extensions>
          <geotracker:meta c="2.36" s="18.51" />
        </extensions>
      </trkpt>
      <trkpt lat="-21.56205549" lon="142.06956323">
        <ele>256.62</ele>
        <time>2026-08-31T05:25:56Z</time>
        <extensions>
          <geotracker:meta c="2.35" s="16.82" />
        </extensions>
      </trkpt>
      <trkpt lat="-21.56332923" lon="142.07070137">
        <ele>255.55</ele>
        <time>2026-08-31T05:26:07Z</time>
        <extensions>
          <geotracker:meta c="2.77" s="16.05" />
        </extensions>
      </trkpt>
      <trkpt lat="-21.56467498" lon="142.07083191">
        <ele>254.84</ele>
        <time>2026-08-31T05:26:16Z</time>
        <extensions>
          <geotracker:meta c="3.21" s="17.7" />
        </extensions>
      </trkpt>
      <trkpt lat="-21.56612641" lon="142.07076476">
        <ele>253.47</ele>
        <time>2026-08-31T05:26:25Z</time>
        <extensions>
          <geotracker:meta c="3.16" s="17.03" />
        </extensions>
      </trkpt>
      <trkpt lat="-21.56763702" lon="142.07070888">
        <ele>253.92</ele>
        <time>2026-08-31T05:26:35Z</time>
        <extensions>
          <geotracker:meta c="3.17" s="17.45" />
        </extensions>
      </trkpt>
      <trkpt lat="-21.56905681" lon="142.07065381">
        <ele>253.91</ele>
        <time>2026-08-31T05:26:44Z</time>
        <extensions>
          <geotracker:meta c="3.16" s="16.62" />
        </extensions>
      </trkpt>
      <trkpt lat="-21.57045162" lon="142.07060898">
        <ele>253.56</ele>
        <time>2026-08-31T05:26:53Z</time>
        <extensions>
          <geotracker:meta c="3.18" s="17.19" />
        </extensions>
      </trkpt>
      <trkpt lat="-21.5720807" lon="142.0705448">
        <ele>252.54</ele>
        <time>2026-08-31T05:27:03Z</time>
        <extensions>
          <geotracker:meta c="3.18" s="18.49" />
        </extensions>
      </trkpt>
      <trkpt lat="-21.57359242" lon="142.0704861">
        <ele>251.23</ele>
        <time>2026-08-31T05:27:12Z</time>
        <extensions>
          <geotracker:meta c="3.18" s="18.8" />
        </extensions>
      </trkpt>
      <trkpt lat="-21.57513805" lon="142.07042221">
        <ele>249.75</ele>
        <time>2026-08-31T05:27:21Z</time>
        <extensions>
          <geotracker:meta c="3.19" s="19.15" />
        </extensions>
      </trkpt>
      <trkpt lat="-21.57670773" lon="142.07034436">
        <ele>247.7</ele>
        <time>2026-08-31T05:27:30Z</time>
        <extensions>
          <geotracker:meta c="3.19" s="19.43" />
        </extensions>
      </trkpt>
      <trkpt lat="-21.57826651" lon="142.07029672">
        <ele>249.09</ele>
        <time>2026-08-31T05:27:39Z</time>
        <extensions>
          <geotracker:meta c="3.18" s="19.42" />
        </extensions>
      </trkpt>
      <trkpt lat="-21.5799856" lon="142.07022178">
        <ele>251.85</ele>
        <time>2026-08-31T05:27:49Z</time>
        <extensions>
          <geotracker:meta c="3.19" s="18.86" />
        </extensions>
      </trkpt>
      <trkpt lat="-21.58308068" lon="142.07013187">
        <ele>248.97</ele>
        <time>2026-08-31T05:28:07Z</time>
        <extensions>
          <geotracker:meta c="3.18" s="19.25" />
        </extensions>
      </trkpt>
      <trkpt lat="-21.58454547" lon="142.07008938">
        <ele>247.83</ele>
        <time>2026-08-31T05:28:16Z</time>
        <extensions>
          <geotracker:meta c="3.22" s="17.41" />
        </extensions>
      </trkpt>
      <trkpt lat="-21.58584898" lon="142.06971307">
        <ele>246.43</ele>
        <time>2026-08-31T05:28:25Z</time>
        <extensions>
          <geotracker:meta c="3.75" s="15.39" />
        </extensions>
      </trkpt>
      <trkpt lat="-21.58664702" lon="142.06905805">
        <ele>245.36</ele>
        <time>2026-08-31T05:28:34Z</time>
        <extensions>
          <geotracker:meta c="3.35" s="9.07" />
        </extensions>
      </trkpt>
      <trkpt lat="-21.58733452" lon="142.06961656">
        <ele>243.77</ele>
        <time>2026-08-31T05:28:52Z</time>
        <extensions>
          <geotracker:meta c="1.76" s="7.5" />
        </extensions>
      </trkpt>
      <trkpt lat="-21.58785159" lon="142.06976207">
        <ele>244.45</ele>
        <time>2026-08-31T05:29:01Z</time>
        <extensions>
          <geotracker:meta c="3.21" s="10.06" />
        </extensions>
      </trkpt>
      <trkpt lat="-21.58906198" lon="142.06967574">
        <ele>242.57</ele>
        <time>2026-08-31T05:29:11Z</time>
        <extensions>
          <geotracker:meta c="3.19" s="15.5" />
        </extensions>
      </trkpt>
      <trkpt lat="-21.59041017" lon="142.06958191">
        <ele>242.32</ele>
        <time>2026-08-31T05:29:20Z</time>
        <extensions>
          <geotracker:meta c="3.19" s="17.25" />
        </extensions>
      </trkpt>
      <trkpt lat="-21.59187992" lon="142.06951931">
        <ele>244.09</ele>
        <time>2026-08-31T05:29:29Z</time>
        <extensions>
          <geotracker:meta c="3.18" s="18.42" />
        </extensions>
      </trkpt>
      <trkpt lat="-21.59359355" lon="142.06943113">
        <ele>242.95</ele>
        <time>2026-08-31T05:29:39Z</time>
        <extensions>
          <geotracker:meta c="3.19" s="19.39" />
        </extensions>
      </trkpt>
      <trkpt lat="-21.59647119" lon="142.06925587">
        <ele>243.17</ele>
        <time>2026-08-31T05:29:57Z</time>
        <extensions>
          <geotracker:meta c="3.21" s="17.03" />
        </extensions>
      </trkpt>
      <trkpt lat="-21.5993648" lon="142.06895145">
        <ele>242.15</ele>
        <time>2026-08-31T05:30:25Z</time>
        <extensions>
          <geotracker:meta c="3.3" s="0.87" />
        </extensions>
      </trkpt>
      <trkpt lat="-21.5997197" lon="142.06842581">
        <ele>241.39</ele>
        <time>2026-08-31T05:31:02Z</time>
        <extensions>
          <geotracker:meta c="2.83" s="1.45" />
        </extensions>
      </trkpt>
      <trkpt lat="-21.59973847" lon="142.06842071">
        <ele>241.17</ele>
        <time>2026-08-31T05:35:51Z</time>
        <extensions>
          <geotracker:meta c="5.75" s="0.29" />
        </extensions>
      </trkpt>
      <trkpt lat="-21.59975562" lon="142.06844304">
        <ele>242.37</ele>
        <time>2026-08-31T05:38:09Z</time>
        <extensions>
          <geotracker:meta c="2.82" s="0.44" />
        </extensions>
      </trkpt>
      <trkpt lat="-21.6001273" lon="142.06842019">
        <ele>240.62</ele>
        <time>2026-08-31T05:44:14Z</time>
        <extensions>
          <geotracker:meta c="3.57" s="0.97" />
        </extensions>
      </trkpt>
      <trkpt lat="-21.60059514" lon="142.068337">
        <ele>240.05</ele>
        <time>2026-08-31T05:44:55Z</time>
        <extensions>
          <geotracker:meta c="3.03" s="1.25" />
        </extensions>
      </trkpt>
      <trkpt lat="-21.60105462" lon="142.06856112">
        <ele>239.57</ele>
        <time>2026-08-31T05:45:32Z</time>
        <extensions>
          <geotracker:meta c="2.73" s="1.28" />
        </extensions>
      </trkpt>
      <trkpt lat="-21.60147626" lon="142.0684397">
        <ele>239.58</ele>
        <time>2026-08-31T05:47:42Z</time>
        <extensions>
          <geotracker:meta c="3.65" s="0.87" />
        </extensions>
      </trkpt>
      <trkpt lat="-21.60188655" lon="142.06812982">
        <ele>238.32</ele>
        <time>2026-08-31T05:48:47Z</time>
        <extensions>
          <geotracker:meta c="4.49" s="1.18" />
        </extensions>
      </trkpt>
      <trkpt lat="-21.60194561" lon="142.06756825">
        <ele>238.86</ele>
        <time>2026-08-31T05:49:33Z</time>
        <extensions>
          <geotracker:meta c="4.37" s="1.27" />
        </extensions>
      </trkpt>
      <trkpt lat="-21.60225382" lon="142.06717054">
        <ele>238.43</ele>
        <time>2026-08-31T05:51:35Z</time>
        <extensions>
          <geotracker:meta c="3.92" s="1.44" />
        </extensions>
      </trkpt>
      <trkpt lat="-21.60257396" lon="142.06681695">
        <ele>238.59</ele>
        <time>2026-08-31T05:52:13Z</time>
        <extensions>
          <geotracker:meta c="3.94" s="1.33" />
        </extensions>
      </trkpt>
      <trkpt lat="-21.60299288" lon="142.06639137">
        <ele>238.86</ele>
        <time>2026-08-31T05:53:28Z</time>
        <extensions>
          <geotracker:meta c="3.86" s="1.02" />
        </extensions>
      </trkpt>
      <trkpt lat="-21.6035" lon="142.06631534">
        <ele>239.03</ele>
        <time>2026-08-31T05:55:01Z</time>
        <extensions>
          <geotracker:meta c="2.87" s="1.22" />
        </extensions>
      </trkpt>
      <trkpt lat="-21.604058" lon="142.06631627">
        <ele>237.81</ele>
        <time>2026-08-31T05:55:47Z</time>
        <extensions>
          <geotracker:meta c="3.32" s="1.27" />
        </extensions>
      </trkpt>
      <trkpt lat="-21.60459231" lon="142.06640152">
        <ele>239.25</ele>
        <time>2026-08-31T05:56:42Z</time>
        <extensions>
          <geotracker:meta c="2.68" s="1.21" />
        </extensions>
      </trkpt>
      <trkpt lat="-21.60489344" lon="142.06683855">
        <ele>239.23</ele>
        <time>2026-08-31T05:58:42Z</time>
        <extensions>
          <geotracker:meta c="2.33" s="1.24" />
        </extensions>
      </trkpt>
      <trkpt lat="-21.60524818" lon="142.06729766">
        <ele>238.29</ele>
        <time>2026-08-31T05:59:29Z</time>
        <extensions>
          <geotracker:meta c="2.16" s="1.34" />
        </extensions>
      </trkpt>
      <trkpt lat="-21.60556225" lon="142.06775691">
        <ele>238.94</ele>
        <time>2026-08-31T06:00:14Z</time>
        <extensions>
          <geotracker:meta c="1.47" s="1.23" />
        </extensions>
      </trkpt>
      <trkpt lat="-21.60549009" lon="142.06826879">
        <ele>238.22</ele>
        <time>2026-08-31T06:02:17Z</time>
        <extensions>
          <geotracker:meta c="1.78" s="1.35" />
        </extensions>
      </trkpt>
      <trkpt lat="-21.6058161" lon="142.06863217">
        <ele>239.93</ele>
        <time>2026-08-31T06:03:04Z</time>
        <extensions>
          <geotracker:meta c="3.59" s="0.97" />
        </extensions>
      </trkpt>
      <trkpt lat="-21.60584835" lon="142.06868227">
        <ele>239.35</ele>
        <time>2026-08-31T06:05:51Z</time>
        <extensions>
          <geotracker:meta c="2.55" s="1.39" />
        </extensions>
      </trkpt>
      <trkpt lat="-21.6067684" lon="142.06806439">
        <ele>238.8</ele>
        <time>2026-08-31T06:08:12Z</time>
        <extensions>
          <geotracker:meta c="4.23" s="1.37" />
        </extensions>
      </trkpt>
      <trkpt lat="-21.60706553" lon="142.06756132">
        <ele>238.73</ele>
        <time>2026-08-31T06:08:58Z</time>
        <extensions>
          <geotracker:meta c="3.8" s="1.24" />
        </extensions>
      </trkpt>
      <trkpt lat="-21.60743966" lon="142.06704923">
        <ele>238.83</ele>
        <time>2026-08-31T06:09:54Z</time>
        <extensions>
          <geotracker:meta c="4.78" s="1.41" />
        </extensions>
      </trkpt>
      <trkpt lat="-21.60733117" lon="142.06648931">
        <ele>240.13</ele>
        <time>2026-08-31T06:10:42Z</time>
        <extensions>
          <geotracker:meta c="5.86" s="0.46" />
        </extensions>
      </trkpt>
      <trkpt lat="-21.60708457" lon="142.06614273">
        <ele>239.22</ele>
        <time>2026-08-31T06:13:10Z</time>
        <extensions>
          <geotracker:meta c="5.93" s="1.04" />
        </extensions>
      </trkpt>
      <trkpt lat="-21.60695881" lon="142.06576041">
        <ele>236.76</ele>
        <time>2026-08-31T06:19:20Z</time>
        <extensions>
          <geotracker:meta c="4.92" s="0.72" />
        </extensions>
      </trkpt>
      <trkpt lat="-21.60777465" lon="142.06548828">
        <ele>235.76</ele>
        <time>2026-08-31T06:23:55Z</time>
        <extensions>
          <geotracker:meta c="2.66" s="0.99" />
        </extensions>
      </trkpt>
      <trkpt lat="-21.60830276" lon="142.06548512">
        <ele>237.8</ele>
        <time>2026-08-31T06:25:01Z</time>
        <extensions>
          <geotracker:meta c="4.19" s="0.9" />
        </extensions>
      </trkpt>
      <trkpt lat="-21.60751258" lon="142.0652578">
        <ele>235.61</ele>
        <time>2026-08-31T06:28:38Z</time>
        <extensions>
          <geotracker:meta c="5.41" s="0.88" />
        </extensions>
      </trkpt>
      <trkpt lat="-21.60709411" lon="142.06568282">
        <ele>235.97</ele>
        <time>2026-08-31T06:30:33Z</time>
        <extensions>
          <geotracker:meta c="0.98" s="0.92" />
        </extensions>
      </trkpt>
      <trkpt lat="-21.60728651" lon="142.06629044">
        <ele>238.13</ele>
        <time>2026-08-31T06:31:57Z</time>
        <extensions>
          <geotracker:meta c="1.85" s="1.09" />
        </extensions>
      </trkpt>
      <trkpt lat="-21.60743224" lon="142.066934">
        <ele>235.86</ele>
        <time>2026-08-31T06:34:54Z</time>
        <extensions>
          <geotracker:meta c="1.22" s="1.36" />
        </extensions>
      </trkpt>
      <trkpt lat="-21.60727137" lon="142.06740997">
        <ele>238.58</ele>
        <time>2026-08-31T06:35:42Z</time>
        <extensions>
          <geotracker:meta c="0.56" s="1.09" />
        </extensions>
      </trkpt>
      <trkpt lat="-21.60690131" lon="142.0677958">
        <ele>238.41</ele>
        <time>2026-08-31T06:36:28Z</time>
        <extensions>
          <geotracker:meta c="0.98" s="1.11" />
        </extensions>
      </trkpt>
      <trkpt lat="-21.6066855" lon="142.06830774">
        <ele>236.87</ele>
        <time>2026-08-31T06:37:14Z</time>
        <extensions>
          <geotracker:meta c="1.18" s="1.2" />
        </extensions>
      </trkpt>
      <trkpt lat="-21.60640349" lon="142.06879657">
        <ele>236.77</ele>
        <time>2026-08-31T06:38:00Z</time>
        <extensions>
          <geotracker:meta c="0.11" s="1.45" />
        </extensions>
      </trkpt>
      <trkpt lat="-21.6059171" lon="142.06876225">
        <ele>238.38</ele>
        <time>2026-08-31T06:39:06Z</time>
        <extensions>
          <geotracker:meta c="5.8" s="1.09" />
        </extensions>
      </trkpt>
      <trkpt lat="-21.60554537" lon="142.0684516">
        <ele>237.79</ele>
        <time>2026-08-31T06:39:44Z</time>
        <extensions>
          <geotracker:meta c="5.26" s="1.36" />
        </extensions>
      </trkpt>
      <trkpt lat="-21.60538562" lon="142.0679776">
        <ele>237.75</ele>
        <time>2026-08-31T06:40:29Z</time>
        <extensions>
          <geotracker:meta c="4.64" s="1.18" />
        </extensions>
      </trkpt>
      <trkpt lat="-21.60533384" lon="142.06743056">
        <ele>236.79</ele>
        <time>2026-08-31T06:41:43Z</time>
        <extensions>
          <geotracker:meta c="5.42" s="1.22" />
        </extensions>
      </trkpt>
      <trkpt lat="-21.60503213" lon="142.06703697">
        <ele>238.95</ele>
        <time>2026-08-31T06:42:21Z</time>
        <extensions>
          <geotracker:meta c="5.48" s="1.5" />
        </extensions>
      </trkpt>
      <trkpt lat="-21.60474648" lon="142.06664188">
        <ele>238.41</ele>
        <time>2026-08-31T06:42:58Z</time>
        <extensions>
          <geotracker:meta c="5.2" s="1.44" />
        </extensions>
      </trkpt>
      <trkpt lat="-21.60433609" lon="142.06630975">
        <ele>238.59</ele>
        <time>2026-08-31T06:43:43Z</time>
        <extensions>
          <geotracker:meta c="5.92" s="1.27" />
        </extensions>
      </trkpt>
      <trkpt lat="-21.60385054" lon="142.06635515">
        <ele>239.07</ele>
        <time>2026-08-31T06:44:50Z</time>
        <extensions>
          <geotracker:meta c="6.27" s="1.32" />
        </extensions>
      </trkpt>
      <trkpt lat="-21.60329339" lon="142.06628988">
        <ele>239.52</ele>
        <time>2026-08-31T06:45:36Z</time>
        <extensions>
          <geotracker:meta c="0.05" s="1.53" />
        </extensions>
      </trkpt>
      <trkpt lat="-21.60286804" lon="142.06650489">
        <ele>238.22</ele>
        <time>2026-08-31T06:46:14Z</time>
        <extensions>
          <geotracker:meta c="0.52" s="1.25" />
        </extensions>
      </trkpt>
      <trkpt lat="-21.60248509" lon="142.06691223">
        <ele>237.02</ele>
        <time>2026-08-31T06:47:00Z</time>
        <extensions>
          <geotracker:meta c="0.83" s="1.66" />
        </extensions>
      </trkpt>
      <trkpt lat="-21.60216165" lon="142.06729589">
        <ele>238.14</ele>
        <time>2026-08-31T06:47:38Z</time>
        <extensions>
          <geotracker:meta c="0.65" s="1.3" />
        </extensions>
      </trkpt>
      <trkpt lat="-21.60190204" lon="142.06776204">
        <ele>236.21</ele>
        <time>2026-08-31T06:48:24Z</time>
        <extensions>
          <geotracker:meta c="1.47" s="1.24" />
        </extensions>
      </trkpt>
      <trkpt lat="-21.60183597" lon="142.0682846">
        <ele>236.9</ele>
        <time>2026-08-31T06:49:02Z</time>
        <extensions>
          <geotracker:meta c="1.21" s="1.31" />
        </extensions>
      </trkpt>
      <trkpt lat="-21.60138443" lon="142.06851043">
        <ele>237.79</ele>
        <time>2026-08-31T06:49:48Z</time>
        <extensions>
          <geotracker:meta c="0.22" s="1.26" />
        </extensions>
      </trkpt>
      <trkpt lat="-21.60077965" lon="142.06840245">
        <ele>238.87</ele>
        <time>2026-08-31T06:50:44Z</time>
        <extensions>
          <geotracker:meta c="5.87" s="1.42" />
        </extensions>
      </trkpt>
      <trkpt lat="-21.60030956" lon="142.06837642">
        <ele>239.64</ele>
        <time>2026-08-31T06:51:23Z</time>
        <extensions>
          <geotracker:meta c="0.27" s="1.48" />
        </extensions>
      </trkpt>
      <trkpt lat="-21.59979169" lon="142.06848823">
        <ele>240.03</ele>
        <time>2026-08-31T06:53:15Z</time>
        <extensions>
          <geotracker:meta c="6.18" s="1.23" />
        </extensions>
      </trkpt>
    </trkseg>
  </trk>
</gpx>