<?xml version='1.0' encoding='UTF-8' standalone='yes' ?>
<gpx xmlns="http://www.topografix.com/GPX/1/1" xmlns:geotracker="http://ilyabogdanovich.com/gpx/extensions/geotracker" xmlns:xsi="http://www.w3.org/2001/XMLSchema-instance" xsi:schemaLocation="http://www.topografix.com/GPX/1/1 http://www.topografix.com/GPX/1/1/gpx.xsd" version="1.1" creator="Recorded in Geo Tracker for Android from Ilya Bogdanovich">
  <metadata>
    <name>Katherine </name>
    <author>
      <name>Recorded in Geo Tracker for Android from Ilya Bogdanovich</name>
      <link href="https://play.google.com/store/apps/details?id=com.ilyabogdanovich.geotracker" />
    </author>
    <link href="https://play.google.com/store/apps/details?id=com.ilyabogdanovich.geotracker" />
    <time>2026-09-08T22:59:11Z</time>
  </metadata>
  <wpt lat="-14.92289084" lon="133.0663974">
    <ele>190.19</ele>
    <time>2026-09-08T23:30:29Z</time>
    <name>Stop for ~19 min</name>
    <desc>Elevation: 190 m
Time from start: 00:31:17
Distance from start: 13.88 km</desc>
    <extensions>
      <geotracker:meta emoji="⏱️" />
    </extensions>
  </wpt>
  <wpt lat="-14.47569214" lon="132.29032459">
    <ele>162.44</ele>
    <time>2026-09-09T00:53:22Z</time>
    <name>Stop for ~1 h 9 min</name>
    <desc>Elevation: 162 m
Time from start: 01:54:10
Distance from start: 118 km</desc>
    <extensions>
      <geotracker:meta emoji="⏱️" />
    </extensions>
  </wpt>
  <wpt lat="-14.46530668" lon="132.26594135">
    <ele>148.01</ele>
    <time>2026-09-09T02:09:43Z</time>
    <name>Stop for ~7 min</name>
    <desc>Elevation: 148 m
Time from start: 03:10:31
Distance from start: 121 km</desc>
    <extensions>
      <geotracker:meta emoji="⏱️" />
    </extensions>
  </wpt>
  <wpt lat="-14.46602657" lon="132.26448729">
    <ele>153.21</ele>
    <time>2026-09-09T02:14:23Z</time>
    <name>Stop for ~15 min</name>
    <desc>Elevation: 153 m
Time from start: 03:15:11
Distance from start: 121 km</desc>
    <extensions>
      <geotracker:meta emoji="⏱️" />
    </extensions>
  </wpt>
  <wpt lat="-14.46593499" lon="132.26588056">
    <ele>143.29</ele>
    <time>2026-09-09T02:25:32Z</time>
    <name>Stop for ~39 min</name>
    <desc>Elevation: 143 m
Time from start: 03:26:20
Distance from start: 121 km</desc>
    <extensions>
      <geotracker:meta emoji="⏱️" />
    </extensions>
  </wpt>
  <wpt lat="-14.46412303" lon="132.26122763">
    <ele>158.38</ele>
    <time>2026-09-09T03:29:20Z</time>
    <name>Stop for ~18 min</name>
    <desc>Elevation: 158 m
Time from start: 04:30:08
Distance from start: 124 km</desc>
    <extensions>
      <geotracker:meta emoji="⏱️" />
    </extensions>
  </wpt>
  <wpt lat="-14.17969837" lon="132.18733638">
    <ele>180</ele>
    <time>2026-09-09T05:03:34Z</time>
    <name>Stop for ~55 min</name>
    <desc>Elevation: 180 m
Time from start: 06:04:22
Distance from start: 187 km</desc>
    <extensions>
      <geotracker:meta emoji="⏱️" />
    </extensions>
  </wpt>
  <wpt lat="-14.18064846" lon="132.18874241">
    <ele>180.33</ele>
    <time>2026-09-09T06:00:50Z</time>
    <name>Stop for ~6 min</name>
    <desc>Elevation: 180 m
Time from start: 07:01:38
Distance from start: 188 km</desc>
    <extensions>
      <geotracker:meta emoji="⏱️" />
    </extensions>
  </wpt>
  <wpt lat="-14.1815925" lon="132.18924425">
    <ele>179.39</ele>
    <time>2026-09-09T06:07:18Z</time>
    <name>Stop for ~44 min</name>
    <desc>Elevation: 179 m
Time from start: 07:08:06
Distance from start: 188 km</desc>
    <extensions>
      <geotracker:meta emoji="⏱️" />
    </extensions>
  </wpt>
  <wpt lat="-14.18202815" lon="132.19229792">
    <ele>222.8</ele>
    <time>2026-09-09T07:10:44Z</time>
    <name>Stop for ~22 min</name>
    <desc>Elevation: 223 m
Time from start: 08:11:32
Distance from start: 189 km</desc>
    <extensions>
      <geotracker:meta emoji="⏱️" />
    </extensions>
  </wpt>
  <wpt lat="-14.18104576" lon="132.19421192">
    <ele>213.22</ele>
    <time>2026-09-09T07:34:51Z</time>
    <name>Stop for ~47 min</name>
    <desc>Elevation: 213 m
Time from start: 08:35:39
Distance from start: 189 km</desc>
    <extensions>
      <geotracker:meta emoji="⏱️" />
    </extensions>
  </wpt>
  <wpt lat="-14.17977821" lon="132.19290574">
    <ele>248.63</ele>
    <time>2026-09-09T08:29:23Z</time>
    <name>Stop for ~3 min</name>
    <desc>Elevation: 249 m
Time from start: 09:30:11
Distance from start: 189 km</desc>
    <extensions>
      <geotracker:meta emoji="⏱️" />
    </extensions>
  </wpt>
  <trk>
    <name>Katherine </name>
    <src>Recorded in Geo Tracker for Android from Ilya Bogdanovich</src>
    <link href="https://play.google.com/store/apps/details?id=com.ilyabogdanovich.geotracker" />
    <extensions>
      <geotracker:meta>
        <geotracker:length>190282.86</geotracker:length>
        <geotracker:duration>37414882</geotracker:duration>
        <geotracker:creationtime>2026-09-08T22:59:11Z</geotracker:creationtime>
        <geotracker:activity>0</geotracker:activity>
      </geotracker:meta>
    </extensions>
    <trkseg>
      <trkpt lat="-14.93606931" lon="133.18417961">
        <ele>168.25</ele>
        <time>2026-09-08T23:00:12Z</time>
        <extensions>
          <geotracker:meta c="4.81" s="17.86" />
        </extensions>
      </trkpt>
      <trkpt lat="-14.93571627" lon="133.18033008">
        <ele>170.28</ele>
        <time>2026-09-08T23:00:35Z</time>
        <extensions>
          <geotracker:meta c="4.8" s="19.19" />
        </extensions>
      </trkpt>
      <trkpt lat="-14.93561994" lon="133.17852672">
        <ele>166.14</ele>
        <time>2026-09-08T23:00:45Z</time>
        <extensions>
          <geotracker:meta c="4.73" s="19.74" />
        </extensions>
      </trkpt>
      <trkpt lat="-14.93571945" lon="133.17678714">
        <ele>167.84</ele>
        <time>2026-09-08T23:00:55Z</time>
        <extensions>
          <geotracker:meta c="4.58" s="16.61" />
        </extensions>
      </trkpt>
      <trkpt lat="-14.93595829" lon="133.17545561">
        <ele>169.76</ele>
        <time>2026-09-08T23:01:05Z</time>
        <extensions>
          <geotracker:meta c="4.5" s="13.55" />
        </extensions>
      </trkpt>
      <trkpt lat="-14.93635787" lon="133.17414309">
        <ele>168.27</ele>
        <time>2026-09-08T23:01:15Z</time>
        <extensions>
          <geotracker:meta c="4.4" s="16.22" />
        </extensions>
      </trkpt>
      <trkpt lat="-14.93684646" lon="133.17266962">
        <ele>172.89</ele>
        <time>2026-09-08T23:01:25Z</time>
        <extensions>
          <geotracker:meta c="4.39" s="16.85" />
        </extensions>
      </trkpt>
      <trkpt lat="-14.93727457" lon="133.17121642">
        <ele>174.87</ele>
        <time>2026-09-08T23:01:35Z</time>
        <extensions>
          <geotracker:meta c="4.48" s="15.72" />
        </extensions>
      </trkpt>
      <trkpt lat="-14.93753059" lon="133.16979372">
        <ele>171.1</ele>
        <time>2026-09-08T23:01:45Z</time>
        <extensions>
          <geotracker:meta c="4.58" s="14.65" />
        </extensions>
      </trkpt>
      <trkpt lat="-14.93763297" lon="133.16861289">
        <ele>166.41</ele>
        <time>2026-09-08T23:01:55Z</time>
        <extensions>
          <geotracker:meta c="4.64" s="12.32" />
        </extensions>
      </trkpt>
      <trkpt lat="-14.93773891" lon="133.16733337">
        <ele>171.22</ele>
        <time>2026-09-08T23:02:05Z</time>
        <extensions>
          <geotracker:meta c="4.62" s="15.38" />
        </extensions>
      </trkpt>
      <trkpt lat="-14.93780452" lon="133.16621653">
        <ele>169.62</ele>
        <time>2026-09-08T23:02:15Z</time>
        <extensions>
          <geotracker:meta c="4.7" s="6.05" />
        </extensions>
      </trkpt>
      <trkpt lat="-14.93788343" lon="133.16564559">
        <ele>168.66</ele>
        <time>2026-09-08T23:02:25Z</time>
        <extensions>
          <geotracker:meta c="4.64" s="7.7" />
        </extensions>
      </trkpt>
      <trkpt lat="-14.93794393" lon="133.16471405">
        <ele>169.35</ele>
        <time>2026-09-08T23:02:35Z</time>
        <extensions>
          <geotracker:meta c="4.62" s="12.28" />
        </extensions>
      </trkpt>
      <trkpt lat="-14.93814194" lon="133.16339201">
        <ele>168.32</ele>
        <time>2026-09-08T23:02:45Z</time>
        <extensions>
          <geotracker:meta c="4.51" s="15.32" />
        </extensions>
      </trkpt>
      <trkpt lat="-14.93835542" lon="133.16236967">
        <ele>163.75</ele>
        <time>2026-09-08T23:02:54Z</time>
        <extensions>
          <geotracker:meta c="4.42" s="8.44" />
        </extensions>
      </trkpt>
      <trkpt lat="-14.93873927" lon="133.16075436">
        <ele>166.2</ele>
        <time>2026-09-08T23:03:12Z</time>
        <extensions>
          <geotracker:meta c="4.49" s="12.52" />
        </extensions>
      </trkpt>
      <trkpt lat="-14.93896567" lon="133.15963809">
        <ele>166.09</ele>
        <time>2026-09-08T23:03:21Z</time>
        <extensions>
          <geotracker:meta c="4.52" s="14.51" />
        </extensions>
      </trkpt>
      <trkpt lat="-14.93913701" lon="133.15832542">
        <ele>167.79</ele>
        <time>2026-09-08T23:03:31Z</time>
        <extensions>
          <geotracker:meta c="4.62" s="13.65" />
        </extensions>
      </trkpt>
      <trkpt lat="-14.93920065" lon="133.15718746">
        <ele>168.59</ele>
        <time>2026-09-08T23:03:40Z</time>
        <extensions>
          <geotracker:meta c="4.71" s="12.91" />
        </extensions>
      </trkpt>
      <trkpt lat="-14.93916843" lon="133.15605292">
        <ele>169.61</ele>
        <time>2026-09-08T23:03:50Z</time>
        <extensions>
          <geotracker:meta c="4.8" s="12.3" />
        </extensions>
      </trkpt>
      <trkpt lat="-14.93905638" lon="133.15489666">
        <ele>170.7</ele>
        <time>2026-09-08T23:04:00Z</time>
        <extensions>
          <geotracker:meta c="4.87" s="12.04" />
        </extensions>
      </trkpt>
      <trkpt lat="-14.93891487" lon="133.15390372">
        <ele>170.8</ele>
        <time>2026-09-08T23:04:09Z</time>
        <extensions>
          <geotracker:meta c="4.87" s="12.45" />
        </extensions>
      </trkpt>
      <trkpt lat="-14.93877421" lon="133.15283539">
        <ele>172.06</ele>
        <time>2026-09-08T23:04:18Z</time>
        <extensions>
          <geotracker:meta c="4.83" s="13.09" />
        </extensions>
      </trkpt>
      <trkpt lat="-14.93868872" lon="133.15171179">
        <ele>171.78</ele>
        <time>2026-09-08T23:04:27Z</time>
        <extensions>
          <geotracker:meta c="4.74" s="13.54" />
        </extensions>
      </trkpt>
      <trkpt lat="-14.93868952" lon="133.15073985">
        <ele>169.25</ele>
        <time>2026-09-08T23:04:36Z</time>
        <extensions>
          <geotracker:meta c="4.61" s="9.11" />
        </extensions>
      </trkpt>
      <trkpt lat="-14.93878001" lon="133.14987506">
        <ele>171.71</ele>
        <time>2026-09-08T23:04:45Z</time>
        <extensions>
          <geotracker:meta c="4.6" s="12.09" />
        </extensions>
      </trkpt>
      <trkpt lat="-14.93909022" lon="133.14768115">
        <ele>171.31</ele>
        <time>2026-09-08T23:05:03Z</time>
        <extensions>
          <geotracker:meta c="4.55" s="13.96" />
        </extensions>
      </trkpt>
      <trkpt lat="-14.9392751" lon="133.14635182">
        <ele>173.59</ele>
        <time>2026-09-08T23:05:13Z</time>
        <extensions>
          <geotracker:meta c="4.57" s="15.05" />
        </extensions>
      </trkpt>
      <trkpt lat="-14.93945209" lon="133.14494296">
        <ele>174.51</ele>
        <time>2026-09-08T23:05:23Z</time>
        <extensions>
          <geotracker:meta c="4.59" s="15.37" />
        </extensions>
      </trkpt>
      <trkpt lat="-14.93956113" lon="133.14346764">
        <ele>172.55</ele>
        <time>2026-09-08T23:05:33Z</time>
        <extensions>
          <geotracker:meta c="4.67" s="16.15" />
        </extensions>
      </trkpt>
      <trkpt lat="-14.93960668" lon="133.14194472">
        <ele>170.21</ele>
        <time>2026-09-08T23:05:43Z</time>
        <extensions>
          <geotracker:meta c="4.72" s="16.38" />
        </extensions>
      </trkpt>
      <trkpt lat="-14.93960527" lon="133.14053298">
        <ele>174.2</ele>
        <time>2026-09-08T23:05:53Z</time>
        <extensions>
          <geotracker:meta c="4.74" s="14.92" />
        </extensions>
      </trkpt>
      <trkpt lat="-14.93947861" lon="133.13909224">
        <ele>173.37</ele>
        <time>2026-09-08T23:06:03Z</time>
        <extensions>
          <geotracker:meta c="4.82" s="16.33" />
        </extensions>
      </trkpt>
      <trkpt lat="-14.939258" lon="133.13753603">
        <ele>173.4</ele>
        <time>2026-09-08T23:06:13Z</time>
        <extensions>
          <geotracker:meta c="4.87" s="17.55" />
        </extensions>
      </trkpt>
      <trkpt lat="-14.93908104" lon="133.13591369">
        <ele>175.3</ele>
        <time>2026-09-08T23:06:23Z</time>
        <extensions>
          <geotracker:meta c="4.85" s="17.58" />
        </extensions>
      </trkpt>
      <trkpt lat="-14.93887776" lon="133.13434316">
        <ele>178.75</ele>
        <time>2026-09-08T23:06:33Z</time>
        <extensions>
          <geotracker:meta c="4.86" s="16.06" />
        </extensions>
      </trkpt>
      <trkpt lat="-14.93868609" lon="133.13284078">
        <ele>176.8</ele>
        <time>2026-09-08T23:06:43Z</time>
        <extensions>
          <geotracker:meta c="4.84" s="16.88" />
        </extensions>
      </trkpt>
      <trkpt lat="-14.93852354" lon="133.13133039">
        <ele>174.36</ele>
        <time>2026-09-08T23:06:53Z</time>
        <extensions>
          <geotracker:meta c="4.78" s="16.45" />
        </extensions>
      </trkpt>
      <trkpt lat="-14.93850017" lon="133.1298659">
        <ele>174.95</ele>
        <time>2026-09-08T23:07:03Z</time>
        <extensions>
          <geotracker:meta c="4.71" s="14.85" />
        </extensions>
      </trkpt>
      <trkpt lat="-14.93852635" lon="133.12844771">
        <ele>173.69</ele>
        <time>2026-09-08T23:07:13Z</time>
        <extensions>
          <geotracker:meta c="4.69" s="15.58" />
        </extensions>
      </trkpt>
      <trkpt lat="-14.93854402" lon="133.12701803">
        <ele>175.34</ele>
        <time>2026-09-08T23:07:23Z</time>
        <extensions>
          <geotracker:meta c="4.71" s="14.8" />
        </extensions>
      </trkpt>
      <trkpt lat="-14.93848342" lon="133.12566469">
        <ele>171.54</ele>
        <time>2026-09-08T23:07:33Z</time>
        <extensions>
          <geotracker:meta c="4.79" s="15.34" />
        </extensions>
      </trkpt>
      <trkpt lat="-14.93834805" lon="133.12418781">
        <ele>174.49</ele>
        <time>2026-09-08T23:07:43Z</time>
        <extensions>
          <geotracker:meta c="4.83" s="16.44" />
        </extensions>
      </trkpt>
      <trkpt lat="-14.93811948" lon="133.12262638">
        <ele>174.54</ele>
        <time>2026-09-08T23:07:53Z</time>
        <extensions>
          <geotracker:meta c="4.89" s="16.69" />
        </extensions>
      </trkpt>
      <trkpt lat="-14.93785164" lon="133.12116281">
        <ele>172.12</ele>
        <time>2026-09-08T23:08:03Z</time>
        <extensions>
          <geotracker:meta c="4.9" s="16.21" />
        </extensions>
      </trkpt>
      <trkpt lat="-14.93756362" lon="133.1197134">
        <ele>174.55</ele>
        <time>2026-09-08T23:08:13Z</time>
        <extensions>
          <geotracker:meta c="4.92" s="15.75" />
        </extensions>
      </trkpt>
      <trkpt lat="-14.9372823" lon="133.11824333">
        <ele>176.2</ele>
        <time>2026-09-08T23:08:23Z</time>
        <extensions>
          <geotracker:meta c="4.91" s="16.33" />
        </extensions>
      </trkpt>
      <trkpt lat="-14.93699771" lon="133.11671286">
        <ele>177.57</ele>
        <time>2026-09-08T23:08:33Z</time>
        <extensions>
          <geotracker:meta c="4.89" s="15.9" />
        </extensions>
      </trkpt>
      <trkpt lat="-14.9367311" lon="133.11547378">
        <ele>178.06</ele>
        <time>2026-09-08T23:08:43Z</time>
        <extensions>
          <geotracker:meta c="4.91" s="12.49" />
        </extensions>
      </trkpt>
      <trkpt lat="-14.93643841" lon="133.11431167">
        <ele>177.21</ele>
        <time>2026-09-08T23:08:53Z</time>
        <extensions>
          <geotracker:meta c="5.13" s="13.35" />
        </extensions>
      </trkpt>
      <trkpt lat="-14.93576593" lon="133.11325881">
        <ele>174.33</ele>
        <time>2026-09-08T23:09:03Z</time>
        <extensions>
          <geotracker:meta c="5.4" s="13.92" />
        </extensions>
      </trkpt>
      <trkpt lat="-14.93477461" lon="133.11238856">
        <ele>176.62</ele>
        <time>2026-09-08T23:09:13Z</time>
        <extensions>
          <geotracker:meta c="5.72" s="14.84" />
        </extensions>
      </trkpt>
      <trkpt lat="-14.93369325" lon="133.11184617">
        <ele>176.5</ele>
        <time>2026-09-08T23:09:23Z</time>
        <extensions>
          <geotracker:meta c="5.86" s="10.41" />
        </extensions>
      </trkpt>
      <trkpt lat="-14.9335172" lon="133.11141236">
        <ele>174.58</ele>
        <time>2026-09-08T23:09:33Z</time>
        <extensions>
          <geotracker:meta c="4.31" s="6.82" />
        </extensions>
      </trkpt>
      <trkpt lat="-14.93385285" lon="133.11057495">
        <ele>176.56</ele>
        <time>2026-09-08T23:09:43Z</time>
        <extensions>
          <geotracker:meta c="4.37" s="11.97" />
        </extensions>
      </trkpt>
      <trkpt lat="-14.93420572" lon="133.10933045">
        <ele>174.9</ele>
        <time>2026-09-08T23:09:53Z</time>
        <extensions>
          <geotracker:meta c="4.46" s="15.23" />
        </extensions>
      </trkpt>
      <trkpt lat="-14.93453698" lon="133.10725287">
        <ele>175.43</ele>
        <time>2026-09-08T23:10:07Z</time>
        <extensions>
          <geotracker:meta c="4.65" s="16.54" />
        </extensions>
      </trkpt>
      <trkpt lat="-14.93466186" lon="133.10568416">
        <ele>171.16</ele>
        <time>2026-09-08T23:10:17Z</time>
        <extensions>
          <geotracker:meta c="4.66" s="16.71" />
        </extensions>
      </trkpt>
      <trkpt lat="-14.9347371" lon="133.10396123">
        <ele>176.31</ele>
        <time>2026-09-08T23:10:28Z</time>
        <extensions>
          <geotracker:meta c="4.64" s="17.21" />
        </extensions>
      </trkpt>
      <trkpt lat="-14.93483429" lon="133.10230808">
        <ele>178.79</ele>
        <time>2026-09-08T23:10:38Z</time>
        <extensions>
          <geotracker:meta c="4.62" s="17.98" />
        </extensions>
      </trkpt>
      <trkpt lat="-14.9349292" lon="133.10059816">
        <ele>180.43</ele>
        <time>2026-09-08T23:10:48Z</time>
        <extensions>
          <geotracker:meta c="4.52" s="18.64" />
        </extensions>
      </trkpt>
      <trkpt lat="-14.93503238" lon="133.09878543">
        <ele>179.36</ele>
        <time>2026-09-08T23:10:58Z</time>
        <extensions>
          <geotracker:meta c="4.64" s="19.99" />
        </extensions>
      </trkpt>
      <trkpt lat="-14.93529119" lon="133.09553952">
        <ele>173.64</ele>
        <time>2026-09-08T23:11:17Z</time>
        <extensions>
          <geotracker:meta c="4.52" s="18.22" />
        </extensions>
      </trkpt>
      <trkpt lat="-14.93566222" lon="133.09369443">
        <ele>189.11</ele>
        <time>2026-09-08T23:11:28Z</time>
        <extensions>
          <geotracker:meta c="4.5" s="18.82" />
        </extensions>
      </trkpt>
      <trkpt lat="-14.93604892" lon="133.09183121">
        <ele>187.01</ele>
        <time>2026-09-08T23:11:39Z</time>
        <extensions>
          <geotracker:meta c="4.49" s="18.32" />
        </extensions>
      </trkpt>
      <trkpt lat="-14.93641731" lon="133.09009121">
        <ele>183.96</ele>
        <time>2026-09-08T23:11:49Z</time>
        <extensions>
          <geotracker:meta c="4.49" s="19.2" />
        </extensions>
      </trkpt>
      <trkpt lat="-14.93677888" lon="133.08835219">
        <ele>182.36</ele>
        <time>2026-09-08T23:11:59Z</time>
        <extensions>
          <geotracker:meta c="4.5" s="19.46" />
        </extensions>
      </trkpt>
      <trkpt lat="-14.93715259" lon="133.08656698">
        <ele>180.74</ele>
        <time>2026-09-08T23:12:09Z</time>
        <extensions>
          <geotracker:meta c="4.5" s="19.17" />
        </extensions>
      </trkpt>
      <trkpt lat="-14.93752075" lon="133.08484649">
        <ele>185.35</ele>
        <time>2026-09-08T23:12:19Z</time>
        <extensions>
          <geotracker:meta c="4.49" s="19.09" />
        </extensions>
      </trkpt>
      <trkpt lat="-14.93788491" lon="133.08308573">
        <ele>186.44</ele>
        <time>2026-09-08T23:12:29Z</time>
        <extensions>
          <geotracker:meta c="4.52" s="19.68" />
        </extensions>
      </trkpt>
      <trkpt lat="-14.93819235" lon="133.08129869">
        <ele>187.56</ele>
        <time>2026-09-08T23:12:39Z</time>
        <extensions>
          <geotracker:meta c="4.55" s="19.33" />
        </extensions>
      </trkpt>
      <trkpt lat="-14.93844178" lon="133.07953042">
        <ele>185.89</ele>
        <time>2026-09-08T23:12:49Z</time>
        <extensions>
          <geotracker:meta c="4.56" s="18.92" />
        </extensions>
      </trkpt>
      <trkpt lat="-14.9386743" lon="133.07781192">
        <ele>184.39</ele>
        <time>2026-09-08T23:12:59Z</time>
        <extensions>
          <geotracker:meta c="4.57" s="18.66" />
        </extensions>
      </trkpt>
      <trkpt lat="-14.93889878" lon="133.07605899">
        <ele>185.94</ele>
        <time>2026-09-08T23:13:09Z</time>
        <extensions>
          <geotracker:meta c="4.63" s="18.95" />
        </extensions>
      </trkpt>
      <trkpt lat="-14.93887835" lon="133.07456415">
        <ele>187.14</ele>
        <time>2026-09-08T23:13:19Z</time>
        <extensions>
          <geotracker:meta c="4.76" s="14.2" />
        </extensions>
      </trkpt>
      <trkpt lat="-14.93876747" lon="133.07342583">
        <ele>191.27</ele>
        <time>2026-09-08T23:13:29Z</time>
        <extensions>
          <geotracker:meta c="4.81" s="11.07" />
        </extensions>
      </trkpt>
      <trkpt lat="-14.93870802" lon="133.07263718">
        <ele>191.76</ele>
        <time>2026-09-08T23:13:39Z</time>
        <extensions>
          <geotracker:meta c="4.57" s="5.44" />
        </extensions>
      </trkpt>
      <trkpt lat="-14.93788945" lon="133.07239296">
        <ele>197.45</ele>
        <time>2026-09-08T23:13:59Z</time>
        <extensions>
          <geotracker:meta c="6.2" s="10.11" />
        </extensions>
      </trkpt>
      <trkpt lat="-14.93673023" lon="133.07231937">
        <ele>194.06</ele>
        <time>2026-09-08T23:14:09Z</time>
        <extensions>
          <geotracker:meta c="6.23" s="14.44" />
        </extensions>
      </trkpt>
      <trkpt lat="-14.9352902" lon="133.07223374">
        <ele>196.26</ele>
        <time>2026-09-08T23:14:19Z</time>
        <extensions>
          <geotracker:meta c="6.22" s="16.38" />
        </extensions>
      </trkpt>
      <trkpt lat="-14.93380026" lon="133.07213494">
        <ele>190.58</ele>
        <time>2026-09-08T23:14:29Z</time>
        <extensions>
          <geotracker:meta c="6.22" s="16.4" />
        </extensions>
      </trkpt>
      <trkpt lat="-14.93231096" lon="133.07200876">
        <ele>189.74</ele>
        <time>2026-09-08T23:14:39Z</time>
        <extensions>
          <geotracker:meta c="6.2" s="16.7" />
        </extensions>
      </trkpt>
      <trkpt lat="-14.93079149" lon="133.07190654">
        <ele>188.24</ele>
        <time>2026-09-08T23:14:49Z</time>
        <extensions>
          <geotracker:meta c="6.22" s="16.35" />
        </extensions>
      </trkpt>
      <trkpt lat="-14.92932757" lon="133.07169042">
        <ele>185.59</ele>
        <time>2026-09-08T23:14:59Z</time>
        <extensions>
          <geotracker:meta c="6.06" s="16.54" />
        </extensions>
      </trkpt>
      <trkpt lat="-14.92799072" lon="133.07121124">
        <ele>184.3</ele>
        <time>2026-09-08T23:15:09Z</time>
        <extensions>
          <geotracker:meta c="5.89" s="15.51" />
        </extensions>
      </trkpt>
      <trkpt lat="-14.92685179" lon="133.07058241">
        <ele>184.48</ele>
        <time>2026-09-08T23:15:19Z</time>
        <extensions>
          <geotracker:meta c="5.73" s="13.4" />
        </extensions>
      </trkpt>
      <trkpt lat="-14.92614012" lon="133.07009573">
        <ele>181.66</ele>
        <time>2026-09-08T23:15:26Z</time>
        <extensions>
          <geotracker:meta c="5.6" s="12.7" />
        </extensions>
      </trkpt>
      <trkpt lat="-14.92529633" lon="133.06924528">
        <ele>184.12</ele>
        <time>2026-09-08T23:15:37Z</time>
        <extensions>
          <geotracker:meta c="5.48" s="11.89" />
        </extensions>
      </trkpt>
      <trkpt lat="-14.92456338" lon="133.06844916">
        <ele>183.33</ele>
        <time>2026-09-08T23:15:47Z</time>
        <extensions>
          <geotracker:meta c="5.48" s="11.22" />
        </extensions>
      </trkpt>
      <trkpt lat="-14.92391357" lon="133.06776451">
        <ele>186.97</ele>
        <time>2026-09-08T23:15:57Z</time>
        <extensions>
          <geotracker:meta c="5.49" s="10.2" />
        </extensions>
      </trkpt>
      <trkpt lat="-14.92325286" lon="133.06706446">
        <ele>185.48</ele>
        <time>2026-09-08T23:16:07Z</time>
        <extensions>
          <geotracker:meta c="5.47" s="9.99" />
        </extensions>
      </trkpt>
      <trkpt lat="-14.92296667" lon="133.0664961">
        <ele>186.59</ele>
        <time>2026-09-08T23:16:17Z</time>
        <extensions>
          <geotracker:meta c="4.18" s="4.84" />
        </extensions>
      </trkpt>
      <trkpt lat="-14.92295864" lon="133.06628307">
        <ele>193.87</ele>
        <time>2026-09-08T23:18:58Z</time>
        <extensions>
          <geotracker:meta c="3.85" s="0.3" />
        </extensions>
      </trkpt>
      <trkpt lat="-14.92289084" lon="133.0663974">
        <ele>190.19</ele>
        <time>2026-09-08T23:30:29Z</time>
        <extensions>
          <geotracker:meta c="5.38" s="0.28" />
        </extensions>
      </trkpt>
      <trkpt lat="-14.92160216" lon="133.06525721">
        <ele>189.46</ele>
        <time>2026-09-08T23:38:33Z</time>
        <extensions>
          <geotracker:meta c="5.47" s="8.5" />
        </extensions>
      </trkpt>
      <trkpt lat="-14.92096014" lon="133.06459037">
        <ele>189.45</ele>
        <time>2026-09-08T23:38:43Z</time>
        <extensions>
          <geotracker:meta c="5.47" s="11.06" />
        </extensions>
      </trkpt>
      <trkpt lat="-14.92022257" lon="133.06380592">
        <ele>188.78</ele>
        <time>2026-09-08T23:38:53Z</time>
        <extensions>
          <geotracker:meta c="5.48" s="12.29" />
        </extensions>
      </trkpt>
      <trkpt lat="-14.91941325" lon="133.06292146">
        <ele>189.17</ele>
        <time>2026-09-08T23:39:03Z</time>
        <extensions>
          <geotracker:meta c="5.48" s="13.51" />
        </extensions>
      </trkpt>
      <trkpt lat="-14.91854433" lon="133.06198894">
        <ele>186.81</ele>
        <time>2026-09-08T23:39:13Z</time>
        <extensions>
          <geotracker:meta c="5.47" s="13.11" />
        </extensions>
      </trkpt>
      <trkpt lat="-14.91766429" lon="133.06107657">
        <ele>191.87</ele>
        <time>2026-09-08T23:39:23Z</time>
        <extensions>
          <geotracker:meta c="5.47" s="14.6" />
        </extensions>
      </trkpt>
      <trkpt lat="-14.91669958" lon="133.05999286">
        <ele>188.85</ele>
        <time>2026-09-08T23:39:33Z</time>
        <extensions>
          <geotracker:meta c="5.47" s="16.57" />
        </extensions>
      </trkpt>
      <trkpt lat="-14.91565696" lon="133.05884581">
        <ele>187.13</ele>
        <time>2026-09-08T23:39:43Z</time>
        <extensions>
          <geotracker:meta c="5.48" s="17.52" />
        </extensions>
      </trkpt>
      <trkpt lat="-14.91452716" lon="133.05764122">
        <ele>185.05</ele>
        <time>2026-09-08T23:39:53Z</time>
        <extensions>
          <geotracker:meta c="5.48" s="18.14" />
        </extensions>
      </trkpt>
      <trkpt lat="-14.91339256" lon="133.05644672">
        <ele>187.55</ele>
        <time>2026-09-08T23:40:03Z</time>
        <extensions>
          <geotracker:meta c="5.47" s="18.03" />
        </extensions>
      </trkpt>
      <trkpt lat="-14.91224466" lon="133.05520809">
        <ele>185.49</ele>
        <time>2026-09-08T23:40:13Z</time>
        <extensions>
          <geotracker:meta c="5.48" s="19.02" />
        </extensions>
      </trkpt>
      <trkpt lat="-14.911012" lon="133.05388786">
        <ele>189.62</ele>
        <time>2026-09-08T23:40:23Z</time>
        <extensions>
          <geotracker:meta c="5.48" s="20.03" />
        </extensions>
      </trkpt>
      <trkpt lat="-14.90975488" lon="133.05253901">
        <ele>186.4</ele>
        <time>2026-09-08T23:40:33Z</time>
        <extensions>
          <geotracker:meta c="5.47" s="20.41" />
        </extensions>
      </trkpt>
      <trkpt lat="-14.90845556" lon="133.05113164">
        <ele>187.21</ele>
        <time>2026-09-08T23:40:43Z</time>
        <extensions>
          <geotracker:meta c="5.47" s="20.83" />
        </extensions>
      </trkpt>
      <trkpt lat="-14.90716566" lon="133.04974483">
        <ele>191.35</ele>
        <time>2026-09-08T23:40:53Z</time>
        <extensions>
          <geotracker:meta c="5.47" s="20.53" />
        </extensions>
      </trkpt>
      <trkpt lat="-14.90590032" lon="133.04838886">
        <ele>194.75</ele>
        <time>2026-09-08T23:41:03Z</time>
        <extensions>
          <geotracker:meta c="5.47" s="20.22" />
        </extensions>
      </trkpt>
      <trkpt lat="-14.90463651" lon="133.04702192">
        <ele>194.29</ele>
        <time>2026-09-08T23:41:13Z</time>
        <extensions>
          <geotracker:meta c="5.47" s="20.58" />
        </extensions>
      </trkpt>
      <trkpt lat="-14.90332277" lon="133.04561311">
        <ele>195.22</ele>
        <time>2026-09-08T23:41:23Z</time>
        <extensions>
          <geotracker:meta c="5.47" s="20.84" />
        </extensions>
      </trkpt>
      <trkpt lat="-14.90204354" lon="133.04423614">
        <ele>199.48</ele>
        <time>2026-09-08T23:41:33Z</time>
        <extensions>
          <geotracker:meta c="5.48" s="20.72" />
        </extensions>
      </trkpt>
      <trkpt lat="-14.90070482" lon="133.04281798">
        <ele>196.87</ele>
        <time>2026-09-08T23:41:43Z</time>
        <extensions>
          <geotracker:meta c="5.48" s="22.06" />
        </extensions>
      </trkpt>
      <trkpt lat="-14.89929488" lon="133.04127752">
        <ele>194.77</ele>
        <time>2026-09-08T23:41:53Z</time>
        <extensions>
          <geotracker:meta c="5.48" s="22.72" />
        </extensions>
      </trkpt>
      <trkpt lat="-14.89787373" lon="133.03976157">
        <ele>196.52</ele>
        <time>2026-09-08T23:42:03Z</time>
        <extensions>
          <geotracker:meta c="5.47" s="22.86" />
        </extensions>
      </trkpt>
      <trkpt lat="-14.89640032" lon="133.0382052">
        <ele>195.7</ele>
        <time>2026-09-08T23:42:13Z</time>
        <extensions>
          <geotracker:meta c="5.48" s="23.57" />
        </extensions>
      </trkpt>
      <trkpt lat="-14.89493217" lon="133.03660997">
        <ele>192.39</ele>
        <time>2026-09-08T23:42:23Z</time>
        <extensions>
          <geotracker:meta c="5.47" s="23.56" />
        </extensions>
      </trkpt>
      <trkpt lat="-14.89351518" lon="133.03505337">
        <ele>198.02</ele>
        <time>2026-09-08T23:42:33Z</time>
        <extensions>
          <geotracker:meta c="5.47" s="22.84" />
        </extensions>
      </trkpt>
      <trkpt lat="-14.89208917" lon="133.03351119">
        <ele>196.39</ele>
        <time>2026-09-08T23:42:43Z</time>
        <extensions>
          <geotracker:meta c="5.48" s="22.81" />
        </extensions>
      </trkpt>
      <trkpt lat="-14.89069671" lon="133.03201205">
        <ele>197.31</ele>
        <time>2026-09-08T23:42:53Z</time>
        <extensions>
          <geotracker:meta c="5.47" s="21.87" />
        </extensions>
      </trkpt>
      <trkpt lat="-14.88933646" lon="133.03054891">
        <ele>194.81</ele>
        <time>2026-09-08T23:43:03Z</time>
        <extensions>
          <geotracker:meta c="5.48" s="21.63" />
        </extensions>
      </trkpt>
      <trkpt lat="-14.88801048" lon="133.0291242">
        <ele>191.4</ele>
        <time>2026-09-08T23:43:13Z</time>
        <extensions>
          <geotracker:meta c="5.48" s="21.06" />
        </extensions>
      </trkpt>
      <trkpt lat="-14.88670286" lon="133.02772486">
        <ele>194.22</ele>
        <time>2026-09-08T23:43:23Z</time>
        <extensions>
          <geotracker:meta c="5.48" s="20.77" />
        </extensions>
      </trkpt>
      <trkpt lat="-14.88536846" lon="133.02630012">
        <ele>194.99</ele>
        <time>2026-09-08T23:43:33Z</time>
        <extensions>
          <geotracker:meta c="5.48" s="21.82" />
        </extensions>
      </trkpt>
      <trkpt lat="-14.88399213" lon="133.02483231">
        <ele>191.68</ele>
        <time>2026-09-08T23:43:43Z</time>
        <extensions>
          <geotracker:meta c="5.48" s="22.07" />
        </extensions>
      </trkpt>
      <trkpt lat="-14.88262038" lon="133.02335772">
        <ele>191.23</ele>
        <time>2026-09-08T23:43:53Z</time>
        <extensions>
          <geotracker:meta c="5.47" s="21.25" />
        </extensions>
      </trkpt>
      <trkpt lat="-14.88126825" lon="133.02186849">
        <ele>190.51</ele>
        <time>2026-09-08T23:44:03Z</time>
        <extensions>
          <geotracker:meta c="5.48" s="22.62" />
        </extensions>
      </trkpt>
      <trkpt lat="-14.8798863" lon="133.02039972">
        <ele>194.48</ele>
        <time>2026-09-08T23:44:13Z</time>
        <extensions>
          <geotracker:meta c="5.48" s="21.54" />
        </extensions>
      </trkpt>
      <trkpt lat="-14.87852096" lon="133.01896422">
        <ele>191.67</ele>
        <time>2026-09-08T23:44:23Z</time>
        <extensions>
          <geotracker:meta c="5.47" s="22.32" />
        </extensions>
      </trkpt>
      <trkpt lat="-14.87713612" lon="133.01747141">
        <ele>190.57</ele>
        <time>2026-09-08T23:44:33Z</time>
        <extensions>
          <geotracker:meta c="5.48" s="22.11" />
        </extensions>
      </trkpt>
      <trkpt lat="-14.87574181" lon="133.01594661">
        <ele>194.37</ele>
        <time>2026-09-08T23:44:43Z</time>
        <extensions>
          <geotracker:meta c="5.47" s="22.87" />
        </extensions>
      </trkpt>
      <trkpt lat="-14.87438081" lon="133.01429314">
        <ele>198.47</ele>
        <time>2026-09-08T23:44:53Z</time>
        <extensions>
          <geotracker:meta c="5.36" s="23.36" />
        </extensions>
      </trkpt>
      <trkpt lat="-14.87319912" lon="133.01241847">
        <ele>196.21</ele>
        <time>2026-09-08T23:45:03Z</time>
        <extensions>
          <geotracker:meta c="5.23" s="24.04" />
        </extensions>
      </trkpt>
      <trkpt lat="-14.87214417" lon="133.01052556">
        <ele>193.38</ele>
        <time>2026-09-08T23:45:13Z</time>
        <extensions>
          <geotracker:meta c="5.23" s="23.67" />
        </extensions>
      </trkpt>
      <trkpt lat="-14.87108816" lon="133.00860391">
        <ele>193.39</ele>
        <time>2026-09-08T23:45:23Z</time>
        <extensions>
          <geotracker:meta c="5.23" s="23.77" />
        </extensions>
      </trkpt>
      <trkpt lat="-14.87007748" lon="133.00673799">
        <ele>194.01</ele>
        <time>2026-09-08T23:45:33Z</time>
        <extensions>
          <geotracker:meta c="5.23" s="22.53" />
        </extensions>
      </trkpt>
      <trkpt lat="-14.86893428" lon="133.00467707">
        <ele>191.99</ele>
        <time>2026-09-08T23:45:44Z</time>
        <extensions>
          <geotracker:meta c="5.23" s="22.17" />
        </extensions>
      </trkpt>
      <trkpt lat="-14.86787469" lon="133.00277866">
        <ele>190.52</ele>
        <time>2026-09-08T23:45:55Z</time>
        <extensions>
          <geotracker:meta c="5.23" s="22.44" />
        </extensions>
      </trkpt>
      <trkpt lat="-14.86685277" lon="133.00091559">
        <ele>184.66</ele>
        <time>2026-09-08T23:46:05Z</time>
        <extensions>
          <geotracker:meta c="5.22" s="23.52" />
        </extensions>
      </trkpt>
      <trkpt lat="-14.86580868" lon="132.99904961">
        <ele>183.88</ele>
        <time>2026-09-08T23:46:15Z</time>
        <extensions>
          <geotracker:meta c="5.23" s="22.92" />
        </extensions>
      </trkpt>
      <trkpt lat="-14.86479347" lon="132.99717584">
        <ele>185.55</ele>
        <time>2026-09-08T23:46:25Z</time>
        <extensions>
          <geotracker:meta c="5.22" s="22.65" />
        </extensions>
      </trkpt>
      <trkpt lat="-14.86377955" lon="132.99534775">
        <ele>187.33</ele>
        <time>2026-09-08T23:46:35Z</time>
        <extensions>
          <geotracker:meta c="5.22" s="22.83" />
        </extensions>
      </trkpt>
      <trkpt lat="-14.86274832" lon="132.99353897">
        <ele>188.45</ele>
        <time>2026-09-08T23:46:45Z</time>
        <extensions>
          <geotracker:meta c="5.27" s="22.31" />
        </extensions>
      </trkpt>
      <trkpt lat="-14.86155887" lon="132.99184711">
        <ele>193.92</ele>
        <time>2026-09-08T23:46:55Z</time>
        <extensions>
          <geotracker:meta c="5.39" s="22.26" />
        </extensions>
      </trkpt>
      <trkpt lat="-14.8602607" lon="132.99036397">
        <ele>191.41</ele>
        <time>2026-09-08T23:47:05Z</time>
        <extensions>
          <geotracker:meta c="5.5" s="21.48" />
        </extensions>
      </trkpt>
      <trkpt lat="-14.85883334" lon="132.98904897">
        <ele>189.55</ele>
        <time>2026-09-08T23:47:15Z</time>
        <extensions>
          <geotracker:meta c="5.6" s="21.15" />
        </extensions>
      </trkpt>
      <trkpt lat="-14.85732648" lon="132.98782253">
        <ele>187.16</ele>
        <time>2026-09-08T23:47:25Z</time>
        <extensions>
          <geotracker:meta c="5.61" s="21.31" />
        </extensions>
      </trkpt>
      <trkpt lat="-14.85577597" lon="132.98656196">
        <ele>190.7</ele>
        <time>2026-09-08T23:47:35Z</time>
        <extensions>
          <geotracker:meta c="5.62" s="22.01" />
        </extensions>
      </trkpt>
      <trkpt lat="-14.85419354" lon="132.98527993">
        <ele>189.98</ele>
        <time>2026-09-08T23:47:45Z</time>
        <extensions>
          <geotracker:meta c="5.62" s="22.56" />
        </extensions>
      </trkpt>
      <trkpt lat="-14.85259782" lon="132.98397165">
        <ele>193.76</ele>
        <time>2026-09-08T23:47:55Z</time>
        <extensions>
          <geotracker:meta c="5.61" s="23.02" />
        </extensions>
      </trkpt>
      <trkpt lat="-14.85091356" lon="132.98263658">
        <ele>194.05</ele>
        <time>2026-09-08T23:48:05Z</time>
        <extensions>
          <geotracker:meta c="5.62" s="23.47" />
        </extensions>
      </trkpt>
      <trkpt lat="-14.8492457" lon="132.98128995">
        <ele>195.53</ele>
        <time>2026-09-08T23:48:15Z</time>
        <extensions>
          <geotracker:meta c="5.61" s="23.78" />
        </extensions>
      </trkpt>
      <trkpt lat="-14.84753659" lon="132.97992581">
        <ele>197.34</ele>
        <time>2026-09-08T23:48:25Z</time>
        <extensions>
          <geotracker:meta c="5.62" s="23.73" />
        </extensions>
      </trkpt>
      <trkpt lat="-14.84584299" lon="132.97856225">
        <ele>195.06</ele>
        <time>2026-09-08T23:48:35Z</time>
        <extensions>
          <geotracker:meta c="5.62" s="23.91" />
        </extensions>
      </trkpt>
      <trkpt lat="-14.8441734" lon="132.9772258">
        <ele>197.97</ele>
        <time>2026-09-08T23:48:45Z</time>
        <extensions>
          <geotracker:meta c="5.61" s="22.75" />
        </extensions>
      </trkpt>
      <trkpt lat="-14.84256219" lon="132.97592705">
        <ele>195.4</ele>
        <time>2026-09-08T23:48:55Z</time>
        <extensions>
          <geotracker:meta c="5.62" s="22.53" />
        </extensions>
      </trkpt>
      <trkpt lat="-14.8409746" lon="132.97464179">
        <ele>198.67</ele>
        <time>2026-09-08T23:49:05Z</time>
        <extensions>
          <geotracker:meta c="5.62" s="22.26" />
        </extensions>
      </trkpt>
      <trkpt lat="-14.83936959" lon="132.97333055">
        <ele>198.98</ele>
        <time>2026-09-08T23:49:15Z</time>
        <extensions>
          <geotracker:meta c="5.62" s="23" />
        </extensions>
      </trkpt>
      <trkpt lat="-14.83774931" lon="132.97196743">
        <ele>199.53</ele>
        <time>2026-09-08T23:49:25Z</time>
        <extensions>
          <geotracker:meta c="5.58" s="22.89" />
        </extensions>
      </trkpt>
      <trkpt lat="-14.83623004" lon="132.97053306">
        <ele>199.51</ele>
        <time>2026-09-08T23:49:35Z</time>
        <extensions>
          <geotracker:meta c="5.51" s="22.75" />
        </extensions>
      </trkpt>
      <trkpt lat="-14.83477833" lon="132.96901108">
        <ele>198.6</ele>
        <time>2026-09-08T23:49:45Z</time>
        <extensions>
          <geotracker:meta c="5.46" s="23.14" />
        </extensions>
      </trkpt>
      <trkpt lat="-14.83340195" lon="132.96736733">
        <ele>197.8</ele>
        <time>2026-09-08T23:49:55Z</time>
        <extensions>
          <geotracker:meta c="5.39" s="23.57" />
        </extensions>
      </trkpt>
      <trkpt lat="-14.8321446" lon="132.96560114">
        <ele>196.47</ele>
        <time>2026-09-08T23:50:05Z</time>
        <extensions>
          <geotracker:meta c="5.33" s="23.86" />
        </extensions>
      </trkpt>
      <trkpt lat="-14.83095897" lon="132.96373753">
        <ele>195.98</ele>
        <time>2026-09-08T23:50:15Z</time>
        <extensions>
          <geotracker:meta c="5.26" s="24.27" />
        </extensions>
      </trkpt>
      <trkpt lat="-14.82987918" lon="132.96178705">
        <ele>195.16</ele>
        <time>2026-09-08T23:50:25Z</time>
        <extensions>
          <geotracker:meta c="5.19" s="23.63" />
        </extensions>
      </trkpt>
      <trkpt lat="-14.82897922" lon="132.95982401">
        <ele>196.05</ele>
        <time>2026-09-08T23:50:35Z</time>
        <extensions>
          <geotracker:meta c="5.12" s="23.17" />
        </extensions>
      </trkpt>
      <trkpt lat="-14.82821101" lon="132.95787998">
        <ele>191.81</ele>
        <time>2026-09-08T23:50:45Z</time>
        <extensions>
          <geotracker:meta c="5.07" s="22.25" />
        </extensions>
      </trkpt>
      <trkpt lat="-14.82754247" lon="132.95587987">
        <ele>193.47</ele>
        <time>2026-09-08T23:50:55Z</time>
        <extensions>
          <geotracker:meta c="5.03" s="22.72" />
        </extensions>
      </trkpt>
      <trkpt lat="-14.82691807" lon="132.95389815">
        <ele>201.4</ele>
        <time>2026-09-08T23:51:05Z</time>
        <extensions>
          <geotracker:meta c="5.03" s="22.34" />
        </extensions>
      </trkpt>
      <trkpt lat="-14.82626133" lon="132.95199412">
        <ele>196.19</ele>
        <time>2026-09-08T23:51:15Z</time>
        <extensions>
          <geotracker:meta c="5.04" s="21.95" />
        </extensions>
      </trkpt>
      <trkpt lat="-14.82562775" lon="132.95001874">
        <ele>199.8</ele>
        <time>2026-09-08T23:51:25Z</time>
        <extensions>
          <geotracker:meta c="5.03" s="22.81" />
        </extensions>
      </trkpt>
      <trkpt lat="-14.82496283" lon="132.94796628">
        <ele>201.68</ele>
        <time>2026-09-08T23:51:35Z</time>
        <extensions>
          <geotracker:meta c="5.03" s="23.43" />
        </extensions>
      </trkpt>
      <trkpt lat="-14.82424178" lon="132.94587119">
        <ele>199.08</ele>
        <time>2026-09-08T23:51:45Z</time>
        <extensions>
          <geotracker:meta c="5.09" s="24.1" />
        </extensions>
      </trkpt>
      <trkpt lat="-14.8233812" lon="132.9438064">
        <ele>198.53</ele>
        <time>2026-09-08T23:51:55Z</time>
        <extensions>
          <geotracker:meta c="5.16" s="24.18" />
        </extensions>
      </trkpt>
      <trkpt lat="-14.82235741" lon="132.94182682">
        <ele>197.06</ele>
        <time>2026-09-08T23:52:05Z</time>
        <extensions>
          <geotracker:meta c="5.23" s="23.88" />
        </extensions>
      </trkpt>
      <trkpt lat="-14.8212101" lon="132.93994499">
        <ele>198.86</ele>
        <time>2026-09-08T23:52:15Z</time>
        <extensions>
          <geotracker:meta c="5.29" s="24.01" />
        </extensions>
      </trkpt>
      <trkpt lat="-14.81996002" lon="132.93807359">
        <ele>199.56</ele>
        <time>2026-09-08T23:52:25Z</time>
        <extensions>
          <geotracker:meta c="5.36" s="24.46" />
        </extensions>
      </trkpt>
      <trkpt lat="-14.81857707" lon="132.9363284">
        <ele>197.18</ele>
        <time>2026-09-08T23:52:35Z</time>
        <extensions>
          <geotracker:meta c="5.43" s="23.98" />
        </extensions>
      </trkpt>
      <trkpt lat="-14.81709157" lon="132.93474128">
        <ele>200.4</ele>
        <time>2026-09-08T23:52:45Z</time>
        <extensions>
          <geotracker:meta c="5.5" s="23.48" />
        </extensions>
      </trkpt>
      <trkpt lat="-14.81555926" lon="132.93326016">
        <ele>200.84</ele>
        <time>2026-09-08T23:52:55Z</time>
        <extensions>
          <geotracker:meta c="5.56" s="23.22" />
        </extensions>
      </trkpt>
      <trkpt lat="-14.81393019" lon="132.93189844">
        <ele>200.95</ele>
        <time>2026-09-08T23:53:05Z</time>
        <extensions>
          <geotracker:meta c="5.63" s="23.04" />
        </extensions>
      </trkpt>
      <trkpt lat="-14.81223352" lon="132.93059162">
        <ele>203.02</ele>
        <time>2026-09-08T23:53:15Z</time>
        <extensions>
          <geotracker:meta c="5.64" s="23.83" />
        </extensions>
      </trkpt>
      <trkpt lat="-14.81048103" lon="132.92926697">
        <ele>206.68</ele>
        <time>2026-09-08T23:53:25Z</time>
        <extensions>
          <geotracker:meta c="5.64" s="24.37" />
        </extensions>
      </trkpt>
      <trkpt lat="-14.80868341" lon="132.92787884">
        <ele>206.91</ele>
        <time>2026-09-08T23:53:35Z</time>
        <extensions>
          <geotracker:meta c="5.64" s="25.4" />
        </extensions>
      </trkpt>
      <trkpt lat="-14.80678891" lon="132.92643387">
        <ele>204.82</ele>
        <time>2026-09-08T23:53:45Z</time>
        <extensions>
          <geotracker:meta c="5.64" s="26.66" />
        </extensions>
      </trkpt>
      <trkpt lat="-14.80486112" lon="132.92494067">
        <ele>203.91</ele>
        <time>2026-09-08T23:53:55Z</time>
        <extensions>
          <geotracker:meta c="5.64" s="26.7" />
        </extensions>
      </trkpt>
      <trkpt lat="-14.80290872" lon="132.92347956">
        <ele>207.91</ele>
        <time>2026-09-08T23:54:05Z</time>
        <extensions>
          <geotracker:meta c="5.64" s="26.87" />
        </extensions>
      </trkpt>
      <trkpt lat="-14.8010048" lon="132.92199241">
        <ele>204.11</ele>
        <time>2026-09-08T23:54:15Z</time>
        <extensions>
          <geotracker:meta c="5.64" s="26.14" />
        </extensions>
      </trkpt>
      <trkpt lat="-14.79909566" lon="132.92054898">
        <ele>202.35</ele>
        <time>2026-09-08T23:54:25Z</time>
        <extensions>
          <geotracker:meta c="5.64" s="26.48" />
        </extensions>
      </trkpt>
      <trkpt lat="-14.79717151" lon="132.91908663">
        <ele>206.25</ele>
        <time>2026-09-08T23:54:35Z</time>
        <extensions>
          <geotracker:meta c="5.64" s="26.8" />
        </extensions>
      </trkpt>
      <trkpt lat="-14.79525015" lon="132.91759711">
        <ele>207.02</ele>
        <time>2026-09-08T23:54:45Z</time>
        <extensions>
          <geotracker:meta c="5.64" s="26.3" />
        </extensions>
      </trkpt>
      <trkpt lat="-14.79333715" lon="132.91612555">
        <ele>208.12</ele>
        <time>2026-09-08T23:54:55Z</time>
        <extensions>
          <geotracker:meta c="5.64" s="26.53" />
        </extensions>
      </trkpt>
      <trkpt lat="-14.79142479" lon="132.91466253">
        <ele>214.87</ele>
        <time>2026-09-08T23:55:05Z</time>
        <extensions>
          <geotracker:meta c="5.65" s="26.21" />
        </extensions>
      </trkpt>
      <trkpt lat="-14.78950907" lon="132.91319627">
        <ele>208.94</ele>
        <time>2026-09-08T23:55:15Z</time>
        <extensions>
          <geotracker:meta c="5.64" s="26.39" />
        </extensions>
      </trkpt>
      <trkpt lat="-14.78756634" lon="132.91172491">
        <ele>203.93</ele>
        <time>2026-09-08T23:55:25Z</time>
        <extensions>
          <geotracker:meta c="5.64" s="26.63" />
        </extensions>
      </trkpt>
      <trkpt lat="-14.78565315" lon="132.91026267">
        <ele>202.99</ele>
        <time>2026-09-08T23:55:35Z</time>
        <extensions>
          <geotracker:meta c="5.64" s="26.89" />
        </extensions>
      </trkpt>
      <trkpt lat="-14.78370114" lon="132.90874402">
        <ele>203.92</ele>
        <time>2026-09-08T23:55:45Z</time>
        <extensions>
          <geotracker:meta c="5.61" s="26.47" />
        </extensions>
      </trkpt>
      <trkpt lat="-14.78215386" lon="132.90726871">
        <ele>204.94</ele>
        <time>2026-09-08T23:55:54Z</time>
        <extensions>
          <geotracker:meta c="5.48" s="25.92" />
        </extensions>
      </trkpt>
      <trkpt lat="-14.77984192" lon="132.90413596">
        <ele>206.9</ele>
        <time>2026-09-08T23:56:11Z</time>
        <extensions>
          <geotracker:meta c="5.3" s="24.4" />
        </extensions>
      </trkpt>
      <trkpt lat="-14.77877219" lon="132.90164004">
        <ele>207.94</ele>
        <time>2026-09-08T23:56:23Z</time>
        <extensions>
          <geotracker:meta c="5.07" s="25.57" />
        </extensions>
      </trkpt>
      <trkpt lat="-14.77783564" lon="132.89735803">
        <ele>205.11</ele>
        <time>2026-09-08T23:56:43Z</time>
        <extensions>
          <geotracker:meta c="4.83" s="20.83" />
        </extensions>
      </trkpt>
      <trkpt lat="-14.77756757" lon="132.89530154">
        <ele>199.72</ele>
        <time>2026-09-08T23:56:53Z</time>
        <extensions>
          <geotracker:meta c="4.83" s="24.02" />
        </extensions>
      </trkpt>
      <trkpt lat="-14.77733938" lon="132.89302406">
        <ele>204.39</ele>
        <time>2026-09-08T23:57:03Z</time>
        <extensions>
          <geotracker:meta c="4.81" s="24.44" />
        </extensions>
      </trkpt>
      <trkpt lat="-14.77710792" lon="132.89077968">
        <ele>204.16</ele>
        <time>2026-09-08T23:57:13Z</time>
        <extensions>
          <geotracker:meta c="4.82" s="23.95" />
        </extensions>
      </trkpt>
      <trkpt lat="-14.77683715" lon="132.88861611">
        <ele>204.1</ele>
        <time>2026-09-08T23:57:23Z</time>
        <extensions>
          <geotracker:meta c="4.83" s="23.69" />
        </extensions>
      </trkpt>
      <trkpt lat="-14.77659433" lon="132.88637697">
        <ele>201.71</ele>
        <time>2026-09-08T23:57:33Z</time>
        <extensions>
          <geotracker:meta c="4.83" s="24.54" />
        </extensions>
      </trkpt>
      <trkpt lat="-14.77617385" lon="132.88412076">
        <ele>203.33</ele>
        <time>2026-09-08T23:57:43Z</time>
        <extensions>
          <geotracker:meta c="4.95" s="25.15" />
        </extensions>
      </trkpt>
      <trkpt lat="-14.77547255" lon="132.88187922">
        <ele>203.37</ele>
        <time>2026-09-08T23:57:53Z</time>
        <extensions>
          <geotracker:meta c="5.08" s="25.2" />
        </extensions>
      </trkpt>
      <trkpt lat="-14.77448369" lon="132.87977929">
        <ele>202.03</ele>
        <time>2026-09-08T23:58:03Z</time>
        <extensions>
          <geotracker:meta c="5.21" s="25.24" />
        </extensions>
      </trkpt>
      <trkpt lat="-14.77336901" lon="132.87771987">
        <ele>203.18</ele>
        <time>2026-09-08T23:58:13Z</time>
        <extensions>
          <geotracker:meta c="5.22" s="25.46" />
        </extensions>
      </trkpt>
      <trkpt lat="-14.77225356" lon="132.87563586">
        <ele>204.31</ele>
        <time>2026-09-08T23:58:23Z</time>
        <extensions>
          <geotracker:meta c="5.22" s="25.21" />
        </extensions>
      </trkpt>
      <trkpt lat="-14.77112734" lon="132.87360489">
        <ele>200.54</ele>
        <time>2026-09-08T23:58:33Z</time>
        <extensions>
          <geotracker:meta c="5.22" s="25.64" />
        </extensions>
      </trkpt>
      <trkpt lat="-14.76999602" lon="132.87148319">
        <ele>200.96</ele>
        <time>2026-09-08T23:58:43Z</time>
        <extensions>
          <geotracker:meta c="5.22" s="26.55" />
        </extensions>
      </trkpt>
      <trkpt lat="-14.76879353" lon="132.86927045">
        <ele>201.42</ele>
        <time>2026-09-08T23:58:53Z</time>
        <extensions>
          <geotracker:meta c="5.21" s="27.19" />
        </extensions>
      </trkpt>
      <trkpt lat="-14.76764024" lon="132.86715743">
        <ele>194.97</ele>
        <time>2026-09-08T23:59:03Z</time>
        <extensions>
          <geotracker:meta c="5.22" s="26.1" />
        </extensions>
      </trkpt>
      <trkpt lat="-14.76647839" lon="132.86500828">
        <ele>201.44</ele>
        <time>2026-09-08T23:59:13Z</time>
        <extensions>
          <geotracker:meta c="5.22" s="26.2" />
        </extensions>
      </trkpt>
      <trkpt lat="-14.76533241" lon="132.86288272">
        <ele>201.96</ele>
        <time>2026-09-08T23:59:23Z</time>
        <extensions>
          <geotracker:meta c="5.22" s="26.23" />
        </extensions>
      </trkpt>
      <trkpt lat="-14.76418738" lon="132.86073002">
        <ele>197.15</ele>
        <time>2026-09-08T23:59:33Z</time>
        <extensions>
          <geotracker:meta c="5.21" s="26.71" />
        </extensions>
      </trkpt>
      <trkpt lat="-14.76300025" lon="132.85856764">
        <ele>199.27</ele>
        <time>2026-09-08T23:59:43Z</time>
        <extensions>
          <geotracker:meta c="5.23" s="26.45" />
        </extensions>
      </trkpt>
      <trkpt lat="-14.76181802" lon="132.85639467">
        <ele>201.45</ele>
        <time>2026-09-08T23:59:53Z</time>
        <extensions>
          <geotracker:meta c="5.21" s="27.04" />
        </extensions>
      </trkpt>
      <trkpt lat="-14.76065481" lon="132.85416194">
        <ele>199.4</ele>
        <time>2026-09-09T00:00:03Z</time>
        <extensions>
          <geotracker:meta c="5.21" s="27.46" />
        </extensions>
      </trkpt>
      <trkpt lat="-14.75943712" lon="132.85196395">
        <ele>202.65</ele>
        <time>2026-09-09T00:00:13Z</time>
        <extensions>
          <geotracker:meta c="5.22" s="26.51" />
        </extensions>
      </trkpt>
      <trkpt lat="-14.75826643" lon="132.84987494">
        <ele>210.05</ele>
        <time>2026-09-09T00:00:23Z</time>
        <extensions>
          <geotracker:meta c="5.27" s="25.43" />
        </extensions>
      </trkpt>
      <trkpt lat="-14.75697824" lon="132.84793757">
        <ele>214.63</ele>
        <time>2026-09-09T00:00:33Z</time>
        <extensions>
          <geotracker:meta c="5.35" s="24.79" />
        </extensions>
      </trkpt>
      <trkpt lat="-14.75560511" lon="132.84616307">
        <ele>212.82</ele>
        <time>2026-09-09T00:00:43Z</time>
        <extensions>
          <geotracker:meta c="5.41" s="24.91" />
        </extensions>
      </trkpt>
      <trkpt lat="-14.7537506" lon="132.84409142">
        <ele>213.39</ele>
        <time>2026-09-09T00:00:55Z</time>
        <extensions>
          <geotracker:meta c="5.49" s="24.37" />
        </extensions>
      </trkpt>
      <trkpt lat="-14.75205878" lon="132.84246805">
        <ele>211.82</ele>
        <time>2026-09-09T00:01:06Z</time>
        <extensions>
          <geotracker:meta c="5.58" s="24.97" />
        </extensions>
      </trkpt>
      <trkpt lat="-14.75020984" lon="132.84100619">
        <ele>207.55</ele>
        <time>2026-09-09T00:01:16Z</time>
        <extensions>
          <geotracker:meta c="5.64" s="25.98" />
        </extensions>
      </trkpt>
      <trkpt lat="-14.74832654" lon="132.83967833">
        <ele>210.37</ele>
        <time>2026-09-09T00:01:26Z</time>
        <extensions>
          <geotracker:meta c="5.72" s="24.54" />
        </extensions>
      </trkpt>
      <trkpt lat="-14.74642768" lon="132.83850722">
        <ele>213.36</ele>
        <time>2026-09-09T00:01:36Z</time>
        <extensions>
          <geotracker:meta c="5.76" s="24.74" />
        </extensions>
      </trkpt>
      <trkpt lat="-14.74444774" lon="132.83732852">
        <ele>212.82</ele>
        <time>2026-09-09T00:01:46Z</time>
        <extensions>
          <geotracker:meta c="5.76" s="25.47" />
        </extensions>
      </trkpt>
      <trkpt lat="-14.74239857" lon="132.83608225">
        <ele>212.39</ele>
        <time>2026-09-09T00:01:56Z</time>
        <extensions>
          <geotracker:meta c="5.75" s="26.32" />
        </extensions>
      </trkpt>
      <trkpt lat="-14.74033497" lon="132.83489393">
        <ele>212.22</ele>
        <time>2026-09-09T00:02:06Z</time>
        <extensions>
          <geotracker:meta c="5.76" s="26.67" />
        </extensions>
      </trkpt>
      <trkpt lat="-14.73824438" lon="132.83363131">
        <ele>208.4</ele>
        <time>2026-09-09T00:02:16Z</time>
        <extensions>
          <geotracker:meta c="5.75" s="27.04" />
        </extensions>
      </trkpt>
      <trkpt lat="-14.73611678" lon="132.83237402">
        <ele>210.12</ele>
        <time>2026-09-09T00:02:26Z</time>
        <extensions>
          <geotracker:meta c="5.76" s="26.95" />
        </extensions>
      </trkpt>
      <trkpt lat="-14.73398872" lon="132.8310967">
        <ele>210.72</ele>
        <time>2026-09-09T00:02:36Z</time>
        <extensions>
          <geotracker:meta c="5.76" s="27.12" />
        </extensions>
      </trkpt>
      <trkpt lat="-14.73189277" lon="132.82982462">
        <ele>211.09</ele>
        <time>2026-09-09T00:02:46Z</time>
        <extensions>
          <geotracker:meta c="5.74" s="27.06" />
        </extensions>
      </trkpt>
      <trkpt lat="-14.72989446" lon="132.8284366">
        <ele>218.84</ele>
        <time>2026-09-09T00:02:56Z</time>
        <extensions>
          <geotracker:meta c="5.64" s="26.55" />
        </extensions>
      </trkpt>
      <trkpt lat="-14.72805081" lon="132.82689517">
        <ele>217.71</ele>
        <time>2026-09-09T00:03:06Z</time>
        <extensions>
          <geotracker:meta c="5.56" s="25.72" />
        </extensions>
      </trkpt>
      <trkpt lat="-14.72640216" lon="132.82523839">
        <ele>214.43</ele>
        <time>2026-09-09T00:03:16Z</time>
        <extensions>
          <geotracker:meta c="5.47" s="25.19" />
        </extensions>
      </trkpt>
      <trkpt lat="-14.72485481" lon="132.82344805">
        <ele>209.66</ele>
        <time>2026-09-09T00:03:26Z</time>
        <extensions>
          <geotracker:meta c="5.38" s="26.42" />
        </extensions>
      </trkpt>
      <trkpt lat="-14.72346967" lon="132.82143822">
        <ele>206.99</ele>
        <time>2026-09-09T00:03:36Z</time>
        <extensions>
          <geotracker:meta c="5.3" s="26.84" />
        </extensions>
      </trkpt>
      <trkpt lat="-14.72222363" lon="132.81927401">
        <ele>206.67</ele>
        <time>2026-09-09T00:03:46Z</time>
        <extensions>
          <geotracker:meta c="5.2" s="26.66" />
        </extensions>
      </trkpt>
      <trkpt lat="-14.72114453" lon="132.81715045">
        <ele>202.97</ele>
        <time>2026-09-09T00:03:56Z</time>
        <extensions>
          <geotracker:meta c="5.18" s="25.4" />
        </extensions>
      </trkpt>
      <trkpt lat="-14.72009436" lon="132.81505309">
        <ele>205.45</ele>
        <time>2026-09-09T00:04:06Z</time>
        <extensions>
          <geotracker:meta c="5.18" s="25.86" />
        </extensions>
      </trkpt>
      <trkpt lat="-14.71904066" lon="132.81288419">
        <ele>206.74</ele>
        <time>2026-09-09T00:04:16Z</time>
        <extensions>
          <geotracker:meta c="5.18" s="25.94" />
        </extensions>
      </trkpt>
      <trkpt lat="-14.71793644" lon="132.81075817">
        <ele>207.98</ele>
        <time>2026-09-09T00:04:26Z</time>
        <extensions>
          <geotracker:meta c="5.2" s="25.93" />
        </extensions>
      </trkpt>
      <trkpt lat="-14.716899" lon="132.80867225">
        <ele>211.18</ele>
        <time>2026-09-09T00:04:36Z</time>
        <extensions>
          <geotracker:meta c="5.19" s="24.85" />
        </extensions>
      </trkpt>
      <trkpt lat="-14.71588827" lon="132.80663008">
        <ele>215.15</ele>
        <time>2026-09-09T00:04:46Z</time>
        <extensions>
          <geotracker:meta c="5.19" s="24.56" />
        </extensions>
      </trkpt>
      <trkpt lat="-14.71494301" lon="132.80459939">
        <ele>212.95</ele>
        <time>2026-09-09T00:04:56Z</time>
        <extensions>
          <geotracker:meta c="5.08" s="24.27" />
        </extensions>
      </trkpt>
      <trkpt lat="-14.71432065" lon="132.80244528">
        <ele>211.85</ele>
        <time>2026-09-09T00:05:06Z</time>
        <extensions>
          <geotracker:meta c="4.94" s="24.35" />
        </extensions>
      </trkpt>
      <trkpt lat="-14.7138187" lon="132.80019456">
        <ele>211.33</ele>
        <time>2026-09-09T00:05:16Z</time>
        <extensions>
          <geotracker:meta c="4.94" s="25.28" />
        </extensions>
      </trkpt>
      <trkpt lat="-14.71331098" lon="132.79787957">
        <ele>210.24</ele>
        <time>2026-09-09T00:05:26Z</time>
        <extensions>
          <geotracker:meta c="4.94" s="25.46" />
        </extensions>
      </trkpt>
      <trkpt lat="-14.71277367" lon="132.79559746">
        <ele>210.3</ele>
        <time>2026-09-09T00:05:36Z</time>
        <extensions>
          <geotracker:meta c="4.94" s="25.13" />
        </extensions>
      </trkpt>
      <trkpt lat="-14.71227098" lon="132.79332121">
        <ele>214.09</ele>
        <time>2026-09-09T00:05:46Z</time>
        <extensions>
          <geotracker:meta c="4.94" s="25.16" />
        </extensions>
      </trkpt>
      <trkpt lat="-14.71176059" lon="132.79104575">
        <ele>208.42</ele>
        <time>2026-09-09T00:05:56Z</time>
        <extensions>
          <geotracker:meta c="4.94" s="25.4" />
        </extensions>
      </trkpt>
      <trkpt lat="-14.71125195" lon="132.78872943">
        <ele>211.2</ele>
        <time>2026-09-09T00:06:06Z</time>
        <extensions>
          <geotracker:meta c="4.93" s="25.73" />
        </extensions>
      </trkpt>
      <trkpt lat="-14.71076234" lon="132.78642448">
        <ele>213.92</ele>
        <time>2026-09-09T00:06:16Z</time>
        <extensions>
          <geotracker:meta c="4.94" s="25.36" />
        </extensions>
      </trkpt>
      <trkpt lat="-14.71023284" lon="132.7841131">
        <ele>215.58</ele>
        <time>2026-09-09T00:06:26Z</time>
        <extensions>
          <geotracker:meta c="4.94" s="25.68" />
        </extensions>
      </trkpt>
      <trkpt lat="-14.70971211" lon="132.78176094">
        <ele>214.9</ele>
        <time>2026-09-09T00:06:36Z</time>
        <extensions>
          <geotracker:meta c="4.94" s="26.05" />
        </extensions>
      </trkpt>
      <trkpt lat="-14.70918013" lon="132.77942047">
        <ele>213.01</ele>
        <time>2026-09-09T00:06:46Z</time>
        <extensions>
          <geotracker:meta c="4.94" s="26.08" />
        </extensions>
      </trkpt>
      <trkpt lat="-14.7085762" lon="132.77707939">
        <ele>214.24</ele>
        <time>2026-09-09T00:06:56Z</time>
        <extensions>
          <geotracker:meta c="4.99" s="25.84" />
        </extensions>
      </trkpt>
      <trkpt lat="-14.70787646" lon="132.77482988">
        <ele>212.53</ele>
        <time>2026-09-09T00:07:06Z</time>
        <extensions>
          <geotracker:meta c="5.04" s="25.6" />
        </extensions>
      </trkpt>
      <trkpt lat="-14.70713576" lon="132.77257289">
        <ele>212.63</ele>
        <time>2026-09-09T00:07:16Z</time>
        <extensions>
          <geotracker:meta c="5.04" s="25.66" />
        </extensions>
      </trkpt>
      <trkpt lat="-14.70643377" lon="132.77036133">
        <ele>213.95</ele>
        <time>2026-09-09T00:07:26Z</time>
        <extensions>
          <geotracker:meta c="5.03" s="24.59" />
        </extensions>
      </trkpt>
      <trkpt lat="-14.70568764" lon="132.76819348">
        <ele>214.22</ele>
        <time>2026-09-09T00:07:36Z</time>
        <extensions>
          <geotracker:meta c="5.03" s="25.13" />
        </extensions>
      </trkpt>
      <trkpt lat="-14.70498515" lon="132.7659777">
        <ele>218.97</ele>
        <time>2026-09-09T00:07:46Z</time>
        <extensions>
          <geotracker:meta c="5.02" s="25.2" />
        </extensions>
      </trkpt>
      <trkpt lat="-14.70431409" lon="132.76372687">
        <ele>220.63</ele>
        <time>2026-09-09T00:07:56Z</time>
        <extensions>
          <geotracker:meta c="5.01" s="25.44" />
        </extensions>
      </trkpt>
      <trkpt lat="-14.7036473" lon="132.76144758">
        <ele>217.87</ele>
        <time>2026-09-09T00:08:06Z</time>
        <extensions>
          <geotracker:meta c="5.02" s="25.69" />
        </extensions>
      </trkpt>
      <trkpt lat="-14.70296393" lon="132.75922803">
        <ele>215.55</ele>
        <time>2026-09-09T00:08:16Z</time>
        <extensions>
          <geotracker:meta c="5.01" s="24.76" />
        </extensions>
      </trkpt>
      <trkpt lat="-14.70233384" lon="132.7570742">
        <ele>218.6</ele>
        <time>2026-09-09T00:08:26Z</time>
        <extensions>
          <geotracker:meta c="5.01" s="24.45" />
        </extensions>
      </trkpt>
      <trkpt lat="-14.70164899" lon="132.75483089">
        <ele>219.94</ele>
        <time>2026-09-09T00:08:36Z</time>
        <extensions>
          <geotracker:meta c="5.01" s="25.81" />
        </extensions>
      </trkpt>
      <trkpt lat="-14.7009617" lon="132.75253963">
        <ele>219.88</ele>
        <time>2026-09-09T00:08:46Z</time>
        <extensions>
          <geotracker:meta c="5.01" s="26.13" />
        </extensions>
      </trkpt>
      <trkpt lat="-14.70028407" lon="132.75026445">
        <ele>219.51</ele>
        <time>2026-09-09T00:08:56Z</time>
        <extensions>
          <geotracker:meta c="5" s="26.02" />
        </extensions>
      </trkpt>
      <trkpt lat="-14.69959904" lon="132.74795535">
        <ele>223.18</ele>
        <time>2026-09-09T00:09:06Z</time>
        <extensions>
          <geotracker:meta c="5.03" s="25.7" />
        </extensions>
      </trkpt>
      <trkpt lat="-14.69886536" lon="132.74572893">
        <ele>224.52</ele>
        <time>2026-09-09T00:09:16Z</time>
        <extensions>
          <geotracker:meta c="5.04" s="25.69" />
        </extensions>
      </trkpt>
      <trkpt lat="-14.69811249" lon="132.74343394">
        <ele>228.3</ele>
        <time>2026-09-09T00:09:26Z</time>
        <extensions>
          <geotracker:meta c="5.03" s="26.17" />
        </extensions>
      </trkpt>
      <trkpt lat="-14.69733667" lon="132.74110393">
        <ele>230.38</ele>
        <time>2026-09-09T00:09:36Z</time>
        <extensions>
          <geotracker:meta c="5.04" s="26.5" />
        </extensions>
      </trkpt>
      <trkpt lat="-14.69659283" lon="132.73880618">
        <ele>230.32</ele>
        <time>2026-09-09T00:09:46Z</time>
        <extensions>
          <geotracker:meta c="5.04" s="25.59" />
        </extensions>
      </trkpt>
      <trkpt lat="-14.69585298" lon="132.73652881">
        <ele>230.83</ele>
        <time>2026-09-09T00:09:56Z</time>
        <extensions>
          <geotracker:meta c="5.02" s="25.46" />
        </extensions>
      </trkpt>
      <trkpt lat="-14.69520275" lon="132.73426214">
        <ele>232.64</ele>
        <time>2026-09-09T00:10:06Z</time>
        <extensions>
          <geotracker:meta c="5.02" s="25.12" />
        </extensions>
      </trkpt>
      <trkpt lat="-14.69453077" lon="132.73203374">
        <ele>237.73</ele>
        <time>2026-09-09T00:10:16Z</time>
        <extensions>
          <geotracker:meta c="5.01" s="24.91" />
        </extensions>
      </trkpt>
      <trkpt lat="-14.69332368" lon="132.72816095">
        <ele>246.79</ele>
        <time>2026-09-09T00:10:34Z</time>
        <extensions>
          <geotracker:meta c="5.03" s="24.38" />
        </extensions>
      </trkpt>
      <trkpt lat="-14.69247788" lon="132.7255039">
        <ele>240.52</ele>
        <time>2026-09-09T00:10:46Z</time>
        <extensions>
          <geotracker:meta c="5.03" s="25.59" />
        </extensions>
      </trkpt>
      <trkpt lat="-14.69175563" lon="132.72321351">
        <ele>239.96</ele>
        <time>2026-09-09T00:10:56Z</time>
        <extensions>
          <geotracker:meta c="5.03" s="26.02" />
        </extensions>
      </trkpt>
      <trkpt lat="-14.69103505" lon="132.72096416">
        <ele>237.69</ele>
        <time>2026-09-09T00:11:06Z</time>
        <extensions>
          <geotracker:meta c="5.03" s="25.04" />
        </extensions>
      </trkpt>
      <trkpt lat="-14.69031769" lon="132.71881556">
        <ele>243.86</ele>
        <time>2026-09-09T00:11:16Z</time>
        <extensions>
          <geotracker:meta c="5.03" s="23.87" />
        </extensions>
      </trkpt>
      <trkpt lat="-14.68965284" lon="132.71669683">
        <ele>246.51</ele>
        <time>2026-09-09T00:11:26Z</time>
        <extensions>
          <geotracker:meta c="5.02" s="24.3" />
        </extensions>
      </trkpt>
      <trkpt lat="-14.68899373" lon="132.71455238">
        <ele>251.95</ele>
        <time>2026-09-09T00:11:36Z</time>
        <extensions>
          <geotracker:meta c="5.02" s="23.85" />
        </extensions>
      </trkpt>
      <trkpt lat="-14.68835669" lon="132.71243146">
        <ele>251.05</ele>
        <time>2026-09-09T00:11:46Z</time>
        <extensions>
          <geotracker:meta c="5.02" s="24.24" />
        </extensions>
      </trkpt>
      <trkpt lat="-14.68770304" lon="132.71025804">
        <ele>248.45</ele>
        <time>2026-09-09T00:11:56Z</time>
        <extensions>
          <geotracker:meta c="5.02" s="24.57" />
        </extensions>
      </trkpt>
      <trkpt lat="-14.68700848" lon="132.70807193">
        <ele>246.75</ele>
        <time>2026-09-09T00:12:06Z</time>
        <extensions>
          <geotracker:meta c="5.02" s="24.89" />
        </extensions>
      </trkpt>
      <trkpt lat="-14.68630456" lon="132.70583574">
        <ele>245.49</ele>
        <time>2026-09-09T00:12:16Z</time>
        <extensions>
          <geotracker:meta c="5.02" s="25.68" />
        </extensions>
      </trkpt>
      <trkpt lat="-14.68561732" lon="132.70354612">
        <ele>243.98</ele>
        <time>2026-09-09T00:12:26Z</time>
        <extensions>
          <geotracker:meta c="5.02" s="25.95" />
        </extensions>
      </trkpt>
      <trkpt lat="-14.68491434" lon="132.70125441">
        <ele>240.93</ele>
        <time>2026-09-09T00:12:36Z</time>
        <extensions>
          <geotracker:meta c="5.02" s="26.31" />
        </extensions>
      </trkpt>
      <trkpt lat="-14.68417651" lon="132.69893269">
        <ele>238.89</ele>
        <time>2026-09-09T00:12:46Z</time>
        <extensions>
          <geotracker:meta c="5.02" s="26.58" />
        </extensions>
      </trkpt>
      <trkpt lat="-14.68344161" lon="132.69649013">
        <ele>239.05</ele>
        <time>2026-09-09T00:12:56Z</time>
        <extensions>
          <geotracker:meta c="5.02" s="28.16" />
        </extensions>
      </trkpt>
      <trkpt lat="-14.68267536" lon="132.69398723">
        <ele>237.68</ele>
        <time>2026-09-09T00:13:06Z</time>
        <extensions>
          <geotracker:meta c="5.02" s="28.54" />
        </extensions>
      </trkpt>
      <trkpt lat="-14.68188865" lon="132.69148025">
        <ele>237.12</ele>
        <time>2026-09-09T00:13:16Z</time>
        <extensions>
          <geotracker:meta c="5.02" s="28.1" />
        </extensions>
      </trkpt>
      <trkpt lat="-14.68111597" lon="132.68901762">
        <ele>238.31</ele>
        <time>2026-09-09T00:13:26Z</time>
        <extensions>
          <geotracker:meta c="5.02" s="27.54" />
        </extensions>
      </trkpt>
      <trkpt lat="-14.68039204" lon="132.68661759">
        <ele>239.59</ele>
        <time>2026-09-09T00:13:36Z</time>
        <extensions>
          <geotracker:meta c="5.02" s="27.14" />
        </extensions>
      </trkpt>
      <trkpt lat="-14.67965363" lon="132.6841738">
        <ele>238.54</ele>
        <time>2026-09-09T00:13:46Z</time>
        <extensions>
          <geotracker:meta c="5.03" s="26.99" />
        </extensions>
      </trkpt>
      <trkpt lat="-14.6788886" lon="132.68180096">
        <ele>243.67</ele>
        <time>2026-09-09T00:13:56Z</time>
        <extensions>
          <geotracker:meta c="5.02" s="26.95" />
        </extensions>
      </trkpt>
      <trkpt lat="-14.67816862" lon="132.67945349">
        <ele>242.97</ele>
        <time>2026-09-09T00:14:06Z</time>
        <extensions>
          <geotracker:meta c="5.02" s="26.29" />
        </extensions>
      </trkpt>
      <trkpt lat="-14.67745817" lon="132.67715524">
        <ele>242.17</ele>
        <time>2026-09-09T00:14:16Z</time>
        <extensions>
          <geotracker:meta c="5.01" s="25.29" />
        </extensions>
      </trkpt>
      <trkpt lat="-14.6766592" lon="132.67494436">
        <ele>241.35</ele>
        <time>2026-09-09T00:14:26Z</time>
        <extensions>
          <geotracker:meta c="5.17" s="25.56" />
        </extensions>
      </trkpt>
      <trkpt lat="-14.67533508" lon="132.67300426">
        <ele>246.84</ele>
        <time>2026-09-09T00:14:36Z</time>
        <extensions>
          <geotracker:meta c="5.45" s="25.26" />
        </extensions>
      </trkpt>
      <trkpt lat="-14.67349114" lon="132.67150752">
        <ele>244.84</ele>
        <time>2026-09-09T00:14:46Z</time>
        <extensions>
          <geotracker:meta c="5.72" s="26.66" />
        </extensions>
      </trkpt>
      <trkpt lat="-14.67124449" lon="132.67056735">
        <ele>246.61</ele>
        <time>2026-09-09T00:14:56Z</time>
        <extensions>
          <geotracker:meta c="6.02" s="27.33" />
        </extensions>
      </trkpt>
      <trkpt lat="-14.66879292" lon="132.67033526">
        <ele>244.64</ele>
        <time>2026-09-09T00:15:06Z</time>
        <extensions>
          <geotracker:meta c="0.03" s="26.7" />
        </extensions>
      </trkpt>
      <trkpt lat="-14.66639457" lon="132.67042336">
        <ele>248.04</ele>
        <time>2026-09-09T00:15:16Z</time>
        <extensions>
          <geotracker:meta c="0.03" s="25.87" />
        </extensions>
      </trkpt>
      <trkpt lat="-14.66410823" lon="132.67019642">
        <ele>244.01</ele>
        <time>2026-09-09T00:15:26Z</time>
        <extensions>
          <geotracker:meta c="6.07" s="25.79" />
        </extensions>
      </trkpt>
      <trkpt lat="-14.66191367" lon="132.66931307">
        <ele>245.11</ele>
        <time>2026-09-09T00:15:36Z</time>
        <extensions>
          <geotracker:meta c="5.76" s="26.16" />
        </extensions>
      </trkpt>
      <trkpt lat="-14.66006326" lon="132.66781768">
        <ele>245.47</ele>
        <time>2026-09-09T00:15:46Z</time>
        <extensions>
          <geotracker:meta c="5.49" s="25.86" />
        </extensions>
      </trkpt>
      <trkpt lat="-14.65869282" lon="132.6659361">
        <ele>234.97</ele>
        <time>2026-09-09T00:15:56Z</time>
        <extensions>
          <geotracker:meta c="5.25" s="24.56" />
        </extensions>
      </trkpt>
      <trkpt lat="-14.65792547" lon="132.6635962">
        <ele>246.74</ele>
        <time>2026-09-09T00:16:07Z</time>
        <extensions>
          <geotracker:meta c="4.92" s="25.12" />
        </extensions>
      </trkpt>
      <trkpt lat="-14.6577735" lon="132.66122934">
        <ele>250.82</ele>
        <time>2026-09-09T00:16:17Z</time>
        <extensions>
          <geotracker:meta c="4.67" s="25.79" />
        </extensions>
      </trkpt>
      <trkpt lat="-14.65786862" lon="132.65882421">
        <ele>247.19</ele>
        <time>2026-09-09T00:16:27Z</time>
        <extensions>
          <geotracker:meta c="4.7" s="26.33" />
        </extensions>
      </trkpt>
      <trkpt lat="-14.65761053" lon="132.65641168">
        <ele>243.16</ele>
        <time>2026-09-09T00:16:37Z</time>
        <extensions>
          <geotracker:meta c="4.88" s="26.38" />
        </extensions>
      </trkpt>
      <trkpt lat="-14.65695818" lon="132.65407183">
        <ele>246.74</ele>
        <time>2026-09-09T00:16:47Z</time>
        <extensions>
          <geotracker:meta c="5.06" s="25.81" />
        </extensions>
      </trkpt>
      <trkpt lat="-14.65599017" lon="132.65192706">
        <ele>244.27</ele>
        <time>2026-09-09T00:16:57Z</time>
        <extensions>
          <geotracker:meta c="5.23" s="25.57" />
        </extensions>
      </trkpt>
      <trkpt lat="-14.6547861" lon="132.64987925">
        <ele>247.3</ele>
        <time>2026-09-09T00:17:07Z</time>
        <extensions>
          <geotracker:meta c="5.26" s="25.42" />
        </extensions>
      </trkpt>
      <trkpt lat="-14.65357554" lon="132.64786783">
        <ele>248.79</ele>
        <time>2026-09-09T00:17:17Z</time>
        <extensions>
          <geotracker:meta c="5.26" s="25.06" />
        </extensions>
      </trkpt>
      <trkpt lat="-14.65244026" lon="132.64601057">
        <ele>243.77</ele>
        <time>2026-09-09T00:17:27Z</time>
        <extensions>
          <geotracker:meta c="5.26" s="22.96" />
        </extensions>
      </trkpt>
      <trkpt lat="-14.65131227" lon="132.64407117">
        <ele>241.09</ele>
        <time>2026-09-09T00:17:37Z</time>
        <extensions>
          <geotracker:meta c="5.26" s="24.6" />
        </extensions>
      </trkpt>
      <trkpt lat="-14.65011275" lon="132.64205069">
        <ele>239.08</ele>
        <time>2026-09-09T00:17:47Z</time>
        <extensions>
          <geotracker:meta c="5.26" s="25.93" />
        </extensions>
      </trkpt>
      <trkpt lat="-14.64889285" lon="132.6399647">
        <ele>238.4</ele>
        <time>2026-09-09T00:17:57Z</time>
        <extensions>
          <geotracker:meta c="5.26" s="25.99" />
        </extensions>
      </trkpt>
      <trkpt lat="-14.64764379" lon="132.63791281">
        <ele>240.21</ele>
        <time>2026-09-09T00:18:07Z</time>
        <extensions>
          <geotracker:meta c="5.26" s="26.11" />
        </extensions>
      </trkpt>
      <trkpt lat="-14.64645588" lon="132.63589364">
        <ele>238.72</ele>
        <time>2026-09-09T00:18:17Z</time>
        <extensions>
          <geotracker:meta c="5.27" s="25.18" />
        </extensions>
      </trkpt>
      <trkpt lat="-14.64530018" lon="132.63392492">
        <ele>241.08</ele>
        <time>2026-09-09T00:18:27Z</time>
        <extensions>
          <geotracker:meta c="5.26" s="24.22" />
        </extensions>
      </trkpt>
      <trkpt lat="-14.64418802" lon="132.632071">
        <ele>243.79</ele>
        <time>2026-09-09T00:18:37Z</time>
        <extensions>
          <geotracker:meta c="5.29" s="23.57" />
        </extensions>
      </trkpt>
      <trkpt lat="-14.64302362" lon="132.63015249">
        <ele>240.8</ele>
        <time>2026-09-09T00:18:47Z</time>
        <extensions>
          <geotracker:meta c="5.26" s="24.98" />
        </extensions>
      </trkpt>
      <trkpt lat="-14.64182822" lon="132.62814122">
        <ele>235.43</ele>
        <time>2026-09-09T00:18:57Z</time>
        <extensions>
          <geotracker:meta c="5.26" s="25.95" />
        </extensions>
      </trkpt>
      <trkpt lat="-14.64055908" lon="132.62605495">
        <ele>236.03</ele>
        <time>2026-09-09T00:19:07Z</time>
        <extensions>
          <geotracker:meta c="5.26" s="26.82" />
        </extensions>
      </trkpt>
      <trkpt lat="-14.6392667" lon="132.62388676">
        <ele>236.91</ele>
        <time>2026-09-09T00:19:17Z</time>
        <extensions>
          <geotracker:meta c="5.27" s="27.83" />
        </extensions>
      </trkpt>
      <trkpt lat="-14.63792551" lon="132.62165779">
        <ele>235.72</ele>
        <time>2026-09-09T00:19:27Z</time>
        <extensions>
          <geotracker:meta c="5.26" s="28.74" />
        </extensions>
      </trkpt>
      <trkpt lat="-14.63653658" lon="132.61940054">
        <ele>228.55</ele>
        <time>2026-09-09T00:19:37Z</time>
        <extensions>
          <geotracker:meta c="5.27" s="28.46" />
        </extensions>
      </trkpt>
      <trkpt lat="-14.6352571" lon="132.61718598">
        <ele>233.13</ele>
        <time>2026-09-09T00:19:47Z</time>
        <extensions>
          <geotracker:meta c="5.27" s="27.06" />
        </extensions>
      </trkpt>
      <trkpt lat="-14.63399315" lon="132.61506426">
        <ele>235.47</ele>
        <time>2026-09-09T00:19:57Z</time>
        <extensions>
          <geotracker:meta c="5.26" s="26.14" />
        </extensions>
      </trkpt>
      <trkpt lat="-14.63280219" lon="132.61306903">
        <ele>233.14</ele>
        <time>2026-09-09T00:20:07Z</time>
        <extensions>
          <geotracker:meta c="5.26" s="24.78" />
        </extensions>
      </trkpt>
      <trkpt lat="-14.63160822" lon="132.61109739">
        <ele>237.22</ele>
        <time>2026-09-09T00:20:17Z</time>
        <extensions>
          <geotracker:meta c="5.27" s="25.32" />
        </extensions>
      </trkpt>
      <trkpt lat="-14.63040423" lon="132.60909823">
        <ele>233.13</ele>
        <time>2026-09-09T00:20:27Z</time>
        <extensions>
          <geotracker:meta c="5.26" s="25.72" />
        </extensions>
      </trkpt>
      <trkpt lat="-14.62918408" lon="132.60699793">
        <ele>230.21</ele>
        <time>2026-09-09T00:20:37Z</time>
        <extensions>
          <geotracker:meta c="5.26" s="26.12" />
        </extensions>
      </trkpt>
      <trkpt lat="-14.62796093" lon="132.60494918">
        <ele>229.74</ele>
        <time>2026-09-09T00:20:47Z</time>
        <extensions>
          <geotracker:meta c="5.27" s="26.07" />
        </extensions>
      </trkpt>
      <trkpt lat="-14.62668724" lon="132.60289188">
        <ele>226.79</ele>
        <time>2026-09-09T00:20:57Z</time>
        <extensions>
          <geotracker:meta c="5.27" s="26.41" />
        </extensions>
      </trkpt>
      <trkpt lat="-14.62541521" lon="132.60076868">
        <ele>226.35</ele>
        <time>2026-09-09T00:21:07Z</time>
        <extensions>
          <geotracker:meta c="5.27" s="26.75" />
        </extensions>
      </trkpt>
      <trkpt lat="-14.62414161" lon="132.59864583">
        <ele>220.81</ele>
        <time>2026-09-09T00:21:17Z</time>
        <extensions>
          <geotracker:meta c="5.26" s="27.18" />
        </extensions>
      </trkpt>
      <trkpt lat="-14.62288839" lon="132.59652514">
        <ele>221.92</ele>
        <time>2026-09-09T00:21:27Z</time>
        <extensions>
          <geotracker:meta c="5.27" s="26.47" />
        </extensions>
      </trkpt>
      <trkpt lat="-14.62162353" lon="132.59442008">
        <ele>216.36</ele>
        <time>2026-09-09T00:21:37Z</time>
        <extensions>
          <geotracker:meta c="5.27" s="26.78" />
        </extensions>
      </trkpt>
      <trkpt lat="-14.62034755" lon="132.59232699">
        <ele>220.12</ele>
        <time>2026-09-09T00:21:47Z</time>
        <extensions>
          <geotracker:meta c="5.26" s="26.25" />
        </extensions>
      </trkpt>
      <trkpt lat="-14.61913691" lon="132.59028002">
        <ele>223.37</ele>
        <time>2026-09-09T00:21:57Z</time>
        <extensions>
          <geotracker:meta c="5.26" s="25.73" />
        </extensions>
      </trkpt>
      <trkpt lat="-14.61792265" lon="132.58827259">
        <ele>222.49</ele>
        <time>2026-09-09T00:22:07Z</time>
        <extensions>
          <geotracker:meta c="5.27" s="24.85" />
        </extensions>
      </trkpt>
      <trkpt lat="-14.616686" lon="132.58620024">
        <ele>221.1</ele>
        <time>2026-09-09T00:22:17Z</time>
        <extensions>
          <geotracker:meta c="5.27" s="26.86" />
        </extensions>
      </trkpt>
      <trkpt lat="-14.61537034" lon="132.58405786">
        <ele>221.79</ele>
        <time>2026-09-09T00:22:27Z</time>
        <extensions>
          <geotracker:meta c="5.26" s="27.3" />
        </extensions>
      </trkpt>
      <trkpt lat="-14.61406921" lon="132.58186977">
        <ele>220.35</ele>
        <time>2026-09-09T00:22:37Z</time>
        <extensions>
          <geotracker:meta c="5.26" s="27.55" />
        </extensions>
      </trkpt>
      <trkpt lat="-14.61275386" lon="132.57967026">
        <ele>221.64</ele>
        <time>2026-09-09T00:22:47Z</time>
        <extensions>
          <geotracker:meta c="5.26" s="27.76" />
        </extensions>
      </trkpt>
      <trkpt lat="-14.61146985" lon="132.57752301">
        <ele>224.1</ele>
        <time>2026-09-09T00:22:57Z</time>
        <extensions>
          <geotracker:meta c="5.28" s="27.07" />
        </extensions>
      </trkpt>
      <trkpt lat="-14.61021096" lon="132.57540446">
        <ele>223.28</ele>
        <time>2026-09-09T00:23:07Z</time>
        <extensions>
          <geotracker:meta c="5.26" s="26.54" />
        </extensions>
      </trkpt>
      <trkpt lat="-14.60893457" lon="132.57327658">
        <ele>225.16</ele>
        <time>2026-09-09T00:23:17Z</time>
        <extensions>
          <geotracker:meta c="5.26" s="27.21" />
        </extensions>
      </trkpt>
      <trkpt lat="-14.60762941" lon="132.57109964">
        <ele>224.9</ele>
        <time>2026-09-09T00:23:27Z</time>
        <extensions>
          <geotracker:meta c="5.26" s="27.75" />
        </extensions>
      </trkpt>
      <trkpt lat="-14.60634341" lon="132.56895051">
        <ele>228.9</ele>
        <time>2026-09-09T00:23:37Z</time>
        <extensions>
          <geotracker:meta c="5.27" s="26.63" />
        </extensions>
      </trkpt>
      <trkpt lat="-14.60510081" lon="132.56689528">
        <ele>233.38</ele>
        <time>2026-09-09T00:23:47Z</time>
        <extensions>
          <geotracker:meta c="5.26" s="26.02" />
        </extensions>
      </trkpt>
      <trkpt lat="-14.60384615" lon="132.5647867">
        <ele>231.17</ele>
        <time>2026-09-09T00:23:57Z</time>
        <extensions>
          <geotracker:meta c="5.26" s="26.63" />
        </extensions>
      </trkpt>
      <trkpt lat="-14.60258487" lon="132.56269754">
        <ele>233.95</ele>
        <time>2026-09-09T00:24:07Z</time>
        <extensions>
          <geotracker:meta c="5.26" s="26.51" />
        </extensions>
      </trkpt>
      <trkpt lat="-14.60131607" lon="132.56057267">
        <ele>235.76</ele>
        <time>2026-09-09T00:24:17Z</time>
        <extensions>
          <geotracker:meta c="5.27" s="26.96" />
        </extensions>
      </trkpt>
      <trkpt lat="-14.6000629" lon="132.55845671">
        <ele>237.59</ele>
        <time>2026-09-09T00:24:27Z</time>
        <extensions>
          <geotracker:meta c="5.26" s="26.58" />
        </extensions>
      </trkpt>
      <trkpt lat="-14.59881119" lon="132.55636143">
        <ele>240.22</ele>
        <time>2026-09-09T00:24:37Z</time>
        <extensions>
          <geotracker:meta c="5.26" s="26.36" />
        </extensions>
      </trkpt>
      <trkpt lat="-14.59753899" lon="132.55425879">
        <ele>241.33</ele>
        <time>2026-09-09T00:24:47Z</time>
        <extensions>
          <geotracker:meta c="5.26" s="26.89" />
        </extensions>
      </trkpt>
      <trkpt lat="-14.59625955" lon="132.5520728">
        <ele>243.24</ele>
        <time>2026-09-09T00:24:57Z</time>
        <extensions>
          <geotracker:meta c="5.26" s="28.02" />
        </extensions>
      </trkpt>
      <trkpt lat="-14.5948947" lon="132.54982416">
        <ele>249.58</ele>
        <time>2026-09-09T00:25:07Z</time>
        <extensions>
          <geotracker:meta c="5.26" s="28.93" />
        </extensions>
      </trkpt>
      <trkpt lat="-14.59355144" lon="132.54761034">
        <ele>250.92</ele>
        <time>2026-09-09T00:25:17Z</time>
        <extensions>
          <geotracker:meta c="5.27" s="27.76" />
        </extensions>
      </trkpt>
      <trkpt lat="-14.59220679" lon="132.54535763">
        <ele>248.07</ele>
        <time>2026-09-09T00:25:27Z</time>
        <extensions>
          <geotracker:meta c="5.27" s="28.71" />
        </extensions>
      </trkpt>
      <trkpt lat="-14.5908488" lon="132.54306197">
        <ele>244.35</ele>
        <time>2026-09-09T00:25:37Z</time>
        <extensions>
          <geotracker:meta c="5.26" s="29.26" />
        </extensions>
      </trkpt>
      <trkpt lat="-14.58951192" lon="132.54083077">
        <ele>244.84</ele>
        <time>2026-09-09T00:25:47Z</time>
        <extensions>
          <geotracker:meta c="5.26" s="27.28" />
        </extensions>
      </trkpt>
      <trkpt lat="-14.58828792" lon="132.53865491">
        <ele>246.24</ele>
        <time>2026-09-09T00:25:57Z</time>
        <extensions>
          <geotracker:meta c="5.18" s="26.83" />
        </extensions>
      </trkpt>
      <trkpt lat="-14.58739716" lon="132.53628852">
        <ele>248.05</ele>
        <time>2026-09-09T00:26:07Z</time>
        <extensions>
          <geotracker:meta c="5" s="27.92" />
        </extensions>
      </trkpt>
      <trkpt lat="-14.58683221" lon="132.53374516">
        <ele>246.54</ele>
        <time>2026-09-09T00:26:17Z</time>
        <extensions>
          <geotracker:meta c="4.94" s="28.32" />
        </extensions>
      </trkpt>
      <trkpt lat="-14.58625395" lon="132.53118158">
        <ele>245.68</ele>
        <time>2026-09-09T00:26:27Z</time>
        <extensions>
          <geotracker:meta c="4.93" s="28.22" />
        </extensions>
      </trkpt>
      <trkpt lat="-14.58570675" lon="132.52858405">
        <ele>247.15</ele>
        <time>2026-09-09T00:26:37Z</time>
        <extensions>
          <geotracker:meta c="4.93" s="28.77" />
        </extensions>
      </trkpt>
      <trkpt lat="-14.58511748" lon="132.52597648">
        <ele>243.56</ele>
        <time>2026-09-09T00:26:47Z</time>
        <extensions>
          <geotracker:meta c="4.93" s="29.14" />
        </extensions>
      </trkpt>
      <trkpt lat="-14.58453807" lon="132.52331882">
        <ele>243.59</ele>
        <time>2026-09-09T00:26:57Z</time>
        <extensions>
          <geotracker:meta c="4.94" s="29.53" />
        </extensions>
      </trkpt>
      <trkpt lat="-14.58394116" lon="132.52063296">
        <ele>238.51</ele>
        <time>2026-09-09T00:27:07Z</time>
        <extensions>
          <geotracker:meta c="4.94" s="29.6" />
        </extensions>
      </trkpt>
      <trkpt lat="-14.58334455" lon="132.51796194">
        <ele>235.55</ele>
        <time>2026-09-09T00:27:17Z</time>
        <extensions>
          <geotracker:meta c="4.94" s="29.55" />
        </extensions>
      </trkpt>
      <trkpt lat="-14.58276878" lon="132.51524971">
        <ele>234.49</ele>
        <time>2026-09-09T00:27:27Z</time>
        <extensions>
          <geotracker:meta c="4.93" s="29.63" />
        </extensions>
      </trkpt>
      <trkpt lat="-14.5821816" lon="132.512646">
        <ele>232.64</ele>
        <time>2026-09-09T00:27:37Z</time>
        <extensions>
          <geotracker:meta c="4.94" s="28.54" />
        </extensions>
      </trkpt>
      <trkpt lat="-14.5816082" lon="132.51005748">
        <ele>230.82</ele>
        <time>2026-09-09T00:27:47Z</time>
        <extensions>
          <geotracker:meta c="4.93" s="28.58" />
        </extensions>
      </trkpt>
      <trkpt lat="-14.58107197" lon="132.50753551">
        <ele>231.29</ele>
        <time>2026-09-09T00:27:57Z</time>
        <extensions>
          <geotracker:meta c="4.94" s="27.31" />
        </extensions>
      </trkpt>
      <trkpt lat="-14.58051673" lon="132.5050619">
        <ele>231.17</ele>
        <time>2026-09-09T00:28:07Z</time>
        <extensions>
          <geotracker:meta c="4.93" s="27.87" />
        </extensions>
      </trkpt>
      <trkpt lat="-14.57995672" lon="132.50261201">
        <ele>232.7</ele>
        <time>2026-09-09T00:28:17Z</time>
        <extensions>
          <geotracker:meta c="4.94" s="26.58" />
        </extensions>
      </trkpt>
      <trkpt lat="-14.5794558" lon="132.50022144">
        <ele>236.27</ele>
        <time>2026-09-09T00:28:27Z</time>
        <extensions>
          <geotracker:meta c="4.94" s="26.07" />
        </extensions>
      </trkpt>
      <trkpt lat="-14.57889018" lon="132.49786297">
        <ele>237.95</ele>
        <time>2026-09-09T00:28:37Z</time>
        <extensions>
          <geotracker:meta c="4.94" s="26.38" />
        </extensions>
      </trkpt>
      <trkpt lat="-14.57839174" lon="132.49544517">
        <ele>242</ele>
        <time>2026-09-09T00:28:47Z</time>
        <extensions>
          <geotracker:meta c="4.94" s="26.57" />
        </extensions>
      </trkpt>
      <trkpt lat="-14.57768521" lon="132.49305697">
        <ele>237.34</ele>
        <time>2026-09-09T00:28:57Z</time>
        <extensions>
          <geotracker:meta c="5.08" s="27.15" />
        </extensions>
      </trkpt>
      <trkpt lat="-14.57656495" lon="132.49077769">
        <ele>232.86</ele>
        <time>2026-09-09T00:29:07Z</time>
        <extensions>
          <geotracker:meta c="5.24" s="27.71" />
        </extensions>
      </trkpt>
      <trkpt lat="-14.57531827" lon="132.48863834">
        <ele>228.56</ele>
        <time>2026-09-09T00:29:17Z</time>
        <extensions>
          <geotracker:meta c="5.25" s="26.41" />
        </extensions>
      </trkpt>
      <trkpt lat="-14.57409244" lon="132.48652683">
        <ele>225.98</ele>
        <time>2026-09-09T00:29:27Z</time>
        <extensions>
          <geotracker:meta c="5.25" s="26.45" />
        </extensions>
      </trkpt>
      <trkpt lat="-14.57283384" lon="132.48436807">
        <ele>226.7</ele>
        <time>2026-09-09T00:29:37Z</time>
        <extensions>
          <geotracker:meta c="5.25" s="27.75" />
        </extensions>
      </trkpt>
      <trkpt lat="-14.57151427" lon="132.48211058">
        <ele>217.46</ele>
        <time>2026-09-09T00:29:47Z</time>
        <extensions>
          <geotracker:meta c="5.25" s="28.95" />
        </extensions>
      </trkpt>
      <trkpt lat="-14.57020101" lon="132.47976561">
        <ele>220.06</ele>
        <time>2026-09-09T00:29:57Z</time>
        <extensions>
          <geotracker:meta c="5.25" s="28.62" />
        </extensions>
      </trkpt>
      <trkpt lat="-14.56896992" lon="132.47767524">
        <ele>219.16</ele>
        <time>2026-09-09T00:30:07Z</time>
        <extensions>
          <geotracker:meta c="5.24" s="24.88" />
        </extensions>
      </trkpt>
      <trkpt lat="-14.56795302" lon="132.47584815">
        <ele>221.77</ele>
        <time>2026-09-09T00:30:17Z</time>
        <extensions>
          <geotracker:meta c="5.25" s="18.11" />
        </extensions>
      </trkpt>
      <trkpt lat="-14.56793796" lon="132.47510893">
        <ele>220</ele>
        <time>2026-09-09T00:30:27Z</time>
        <extensions>
          <geotracker:meta c="3.68" s="9.67" />
        </extensions>
      </trkpt>
      <trkpt lat="-14.5684509" lon="132.47475565">
        <ele>227.48</ele>
        <time>2026-09-09T00:30:37Z</time>
        <extensions>
          <geotracker:meta c="4.1" s="2.43" />
        </extensions>
      </trkpt>
      <trkpt lat="-14.56772881" lon="132.4753656">
        <ele>226.83</ele>
        <time>2026-09-09T00:31:07Z</time>
        <extensions>
          <geotracker:meta c="0.39" s="4.74" />
        </extensions>
      </trkpt>
      <trkpt lat="-14.56723569" lon="132.47476997">
        <ele>228.03</ele>
        <time>2026-09-09T00:31:17Z</time>
        <extensions>
          <geotracker:meta c="5.25" s="12.2" />
        </extensions>
      </trkpt>
      <trkpt lat="-14.56651921" lon="132.47348431">
        <ele>229.22</ele>
        <time>2026-09-09T00:31:28Z</time>
        <extensions>
          <geotracker:meta c="5.25" s="17.51" />
        </extensions>
      </trkpt>
      <trkpt lat="-14.56559308" lon="132.47188788">
        <ele>228.86</ele>
        <time>2026-09-09T00:31:38Z</time>
        <extensions>
          <geotracker:meta c="5.26" s="21.07" />
        </extensions>
      </trkpt>
      <trkpt lat="-14.56452075" lon="132.47007905">
        <ele>227.48</ele>
        <time>2026-09-09T00:31:48Z</time>
        <extensions>
          <geotracker:meta c="5.25" s="24.36" />
        </extensions>
      </trkpt>
      <trkpt lat="-14.56332909" lon="132.46803114">
        <ele>222.12</ele>
        <time>2026-09-09T00:31:58Z</time>
        <extensions>
          <geotracker:meta c="5.26" s="25.97" />
        </extensions>
      </trkpt>
      <trkpt lat="-14.56208524" lon="132.46594395">
        <ele>219.82</ele>
        <time>2026-09-09T00:32:08Z</time>
        <extensions>
          <geotracker:meta c="5.25" s="26.15" />
        </extensions>
      </trkpt>
      <trkpt lat="-14.56090573" lon="132.4638299">
        <ele>213.52</ele>
        <time>2026-09-09T00:32:18Z</time>
        <extensions>
          <geotracker:meta c="5.25" s="26.77" />
        </extensions>
      </trkpt>
      <trkpt lat="-14.55962762" lon="132.46163606">
        <ele>210.26</ele>
        <time>2026-09-09T00:32:28Z</time>
        <extensions>
          <geotracker:meta c="5.25" s="28.02" />
        </extensions>
      </trkpt>
      <trkpt lat="-14.55833823" lon="132.45938729">
        <ele>213.99</ele>
        <time>2026-09-09T00:32:38Z</time>
        <extensions>
          <geotracker:meta c="5.25" s="27.77" />
        </extensions>
      </trkpt>
      <trkpt lat="-14.55705855" lon="132.45720375">
        <ele>220.19</ele>
        <time>2026-09-09T00:32:48Z</time>
        <extensions>
          <geotracker:meta c="5.25" s="27.31" />
        </extensions>
      </trkpt>
      <trkpt lat="-14.55578501" lon="132.4550398">
        <ele>220.04</ele>
        <time>2026-09-09T00:32:58Z</time>
        <extensions>
          <geotracker:meta c="5.26" s="27.13" />
        </extensions>
      </trkpt>
      <trkpt lat="-14.55451707" lon="132.45288943">
        <ele>217.47</ele>
        <time>2026-09-09T00:33:08Z</time>
        <extensions>
          <geotracker:meta c="5.24" s="27.35" />
        </extensions>
      </trkpt>
      <trkpt lat="-14.5532771" lon="132.45068279">
        <ele>214.44</ele>
        <time>2026-09-09T00:33:18Z</time>
        <extensions>
          <geotracker:meta c="5.25" s="27.28" />
        </extensions>
      </trkpt>
      <trkpt lat="-14.55199163" lon="132.44848166">
        <ele>209.74</ele>
        <time>2026-09-09T00:33:28Z</time>
        <extensions>
          <geotracker:meta c="5.25" s="27.9" />
        </extensions>
      </trkpt>
      <trkpt lat="-14.55073481" lon="132.44626543">
        <ele>205.27</ele>
        <time>2026-09-09T00:33:38Z</time>
        <extensions>
          <geotracker:meta c="5.24" s="27.61" />
        </extensions>
      </trkpt>
      <trkpt lat="-14.54941899" lon="132.44403801">
        <ele>203.59</ele>
        <time>2026-09-09T00:33:48Z</time>
        <extensions>
          <geotracker:meta c="5.27" s="28.6" />
        </extensions>
      </trkpt>
      <trkpt lat="-14.54791808" lon="132.44187798">
        <ele>208.83</ele>
        <time>2026-09-09T00:33:58Z</time>
        <extensions>
          <geotracker:meta c="5.38" s="28.73" />
        </extensions>
      </trkpt>
      <trkpt lat="-14.54619143" lon="132.43986779">
        <ele>211.28</ele>
        <time>2026-09-09T00:34:08Z</time>
        <extensions>
          <geotracker:meta c="5.5" s="29.09" />
        </extensions>
      </trkpt>
      <trkpt lat="-14.54275005" lon="132.43690373">
        <ele>210.73</ele>
        <time>2026-09-09T00:34:26Z</time>
        <extensions>
          <geotracker:meta c="5.68" s="26.79" />
        </extensions>
      </trkpt>
      <trkpt lat="-14.54067996" lon="132.43563213">
        <ele>213.27</ele>
        <time>2026-09-09T00:34:36Z</time>
        <extensions>
          <geotracker:meta c="5.78" s="25.82" />
        </extensions>
      </trkpt>
      <trkpt lat="-14.53839888" lon="132.43441723">
        <ele>219.74</ele>
        <time>2026-09-09T00:34:47Z</time>
        <extensions>
          <geotracker:meta c="5.88" s="26.56" />
        </extensions>
      </trkpt>
      <trkpt lat="-14.53632859" lon="132.43365023">
        <ele>217.34</ele>
        <time>2026-09-09T00:34:56Z</time>
        <extensions>
          <geotracker:meta c="5.97" s="27.05" />
        </extensions>
      </trkpt>
      <trkpt lat="-14.53404518" lon="132.43301965">
        <ele>222.15</ele>
        <time>2026-09-09T00:35:06Z</time>
        <extensions>
          <geotracker:meta c="6.07" s="25.92" />
        </extensions>
      </trkpt>
      <trkpt lat="-14.53172633" lon="132.43251292">
        <ele>225.82</ele>
        <time>2026-09-09T00:35:16Z</time>
        <extensions>
          <geotracker:meta c="6.08" s="26.28" />
        </extensions>
      </trkpt>
      <trkpt lat="-14.52938164" lon="132.43201268">
        <ele>229.81</ele>
        <time>2026-09-09T00:35:26Z</time>
        <extensions>
          <geotracker:meta c="6.08" s="26.88" />
        </extensions>
      </trkpt>
      <trkpt lat="-14.52654519" lon="132.43142055">
        <ele>232.72</ele>
        <time>2026-09-09T00:35:38Z</time>
        <extensions>
          <geotracker:meta c="6.08" s="26.24" />
        </extensions>
      </trkpt>
      <trkpt lat="-14.5242191" lon="132.43090026">
        <ele>236.6</ele>
        <time>2026-09-09T00:35:48Z</time>
        <extensions>
          <geotracker:meta c="6.08" s="26.76" />
        </extensions>
      </trkpt>
      <trkpt lat="-14.52179718" lon="132.43039258">
        <ele>236.43</ele>
        <time>2026-09-09T00:35:58Z</time>
        <extensions>
          <geotracker:meta c="6.08" s="27.74" />
        </extensions>
      </trkpt>
      <trkpt lat="-14.51935573" lon="132.42986306">
        <ele>236.83</ele>
        <time>2026-09-09T00:36:08Z</time>
        <extensions>
          <geotracker:meta c="6.08" s="27.68" />
        </extensions>
      </trkpt>
      <trkpt lat="-14.515077" lon="132.4287948">
        <ele>233.86</ele>
        <time>2026-09-09T00:36:26Z</time>
        <extensions>
          <geotracker:meta c="5.96" s="26.22" />
        </extensions>
      </trkpt>
      <trkpt lat="-14.51289308" lon="132.42782975">
        <ele>228.53</ele>
        <time>2026-09-09T00:36:36Z</time>
        <extensions>
          <geotracker:meta c="5.82" s="26.72" />
        </extensions>
      </trkpt>
      <trkpt lat="-14.51041376" lon="132.4262745">
        <ele>225.24</ele>
        <time>2026-09-09T00:36:48Z</time>
        <extensions>
          <geotracker:meta c="5.67" s="27.26" />
        </extensions>
      </trkpt>
      <trkpt lat="-14.50674369" lon="132.42356658">
        <ele>217</ele>
        <time>2026-09-09T00:37:06Z</time>
        <extensions>
          <geotracker:meta c="5.65" s="28.43" />
        </extensions>
      </trkpt>
      <trkpt lat="-14.50465253" lon="132.42199253">
        <ele>211.29</ele>
        <time>2026-09-09T00:37:16Z</time>
        <extensions>
          <geotracker:meta c="5.65" s="28.92" />
        </extensions>
      </trkpt>
      <trkpt lat="-14.50255053" lon="132.42038604">
        <ele>215</ele>
        <time>2026-09-09T00:37:26Z</time>
        <extensions>
          <geotracker:meta c="5.65" s="28.56" />
        </extensions>
      </trkpt>
      <trkpt lat="-14.50049299" lon="132.41884176">
        <ele>210.98</ele>
        <time>2026-09-09T00:37:36Z</time>
        <extensions>
          <geotracker:meta c="5.65" s="28.28" />
        </extensions>
      </trkpt>
      <trkpt lat="-14.49842445" lon="132.41728841">
        <ele>210.82</ele>
        <time>2026-09-09T00:37:46Z</time>
        <extensions>
          <geotracker:meta c="5.65" s="28.47" />
        </extensions>
      </trkpt>
      <trkpt lat="-14.49638826" lon="132.41565419">
        <ele>210.89</ele>
        <time>2026-09-09T00:37:56Z</time>
        <extensions>
          <geotracker:meta c="5.59" s="28.78" />
        </extensions>
      </trkpt>
      <trkpt lat="-14.49444846" lon="132.4138965">
        <ele>204.38</ele>
        <time>2026-09-09T00:38:06Z</time>
        <extensions>
          <geotracker:meta c="5.53" s="28.95" />
        </extensions>
      </trkpt>
      <trkpt lat="-14.49221766" lon="132.41152045">
        <ele>201.7</ele>
        <time>2026-09-09T00:38:18Z</time>
        <extensions>
          <geotracker:meta c="5.44" s="29.97" />
        </extensions>
      </trkpt>
      <trkpt lat="-14.48931715" lon="132.4077903">
        <ele>198.56</ele>
        <time>2026-09-09T00:38:36Z</time>
        <extensions>
          <geotracker:meta c="5.31" s="27.21" />
        </extensions>
      </trkpt>
      <trkpt lat="-14.48793765" lon="132.40570794">
        <ele>190.75</ele>
        <time>2026-09-09T00:38:46Z</time>
        <extensions>
          <geotracker:meta c="5.3" s="27.08" />
        </extensions>
      </trkpt>
      <trkpt lat="-14.48650472" lon="132.40312854">
        <ele>198.82</ele>
        <time>2026-09-09T00:38:58Z</time>
        <extensions>
          <geotracker:meta c="5.21" s="27" />
        </extensions>
      </trkpt>
      <trkpt lat="-14.48541378" lon="132.40083329">
        <ele>195.89</ele>
        <time>2026-09-09T00:39:08Z</time>
        <extensions>
          <geotracker:meta c="5.14" s="27.29" />
        </extensions>
      </trkpt>
      <trkpt lat="-14.48451139" lon="132.39859385">
        <ele>195.26</ele>
        <time>2026-09-09T00:39:18Z</time>
        <extensions>
          <geotracker:meta c="5.08" s="25.18" />
        </extensions>
      </trkpt>
      <trkpt lat="-14.48376011" lon="132.39645128">
        <ele>194.75</ele>
        <time>2026-09-09T00:39:28Z</time>
        <extensions>
          <geotracker:meta c="5.02" s="24.72" />
        </extensions>
      </trkpt>
      <trkpt lat="-14.48266062" lon="132.39240611">
        <ele>190.21</ele>
        <time>2026-09-09T00:39:46Z</time>
        <extensions>
          <geotracker:meta c="4.93" s="25.84" />
        </extensions>
      </trkpt>
      <trkpt lat="-14.48219546" lon="132.39000385">
        <ele>193.68</ele>
        <time>2026-09-09T00:39:56Z</time>
        <extensions>
          <geotracker:meta c="4.93" s="27.07" />
        </extensions>
      </trkpt>
      <trkpt lat="-14.48161643" lon="132.38755504">
        <ele>193.03</ele>
        <time>2026-09-09T00:40:06Z</time>
        <extensions>
          <geotracker:meta c="4.94" s="27.19" />
        </extensions>
      </trkpt>
      <trkpt lat="-14.4806733" lon="132.38340027">
        <ele>192.18</ele>
        <time>2026-09-09T00:40:23Z</time>
        <extensions>
          <geotracker:meta c="4.94" s="27.07" />
        </extensions>
      </trkpt>
      <trkpt lat="-14.47954319" lon="132.37846971">
        <ele>191.57</ele>
        <time>2026-09-09T00:40:43Z</time>
        <extensions>
          <geotracker:meta c="4.9" s="27.67" />
        </extensions>
      </trkpt>
      <trkpt lat="-14.47837651" lon="132.37338536">
        <ele>189.97</ele>
        <time>2026-09-09T00:41:04Z</time>
        <extensions>
          <geotracker:meta c="4.94" s="26.62" />
        </extensions>
      </trkpt>
      <trkpt lat="-14.4778457" lon="132.37093059">
        <ele>188.15</ele>
        <time>2026-09-09T00:41:14Z</time>
        <extensions>
          <geotracker:meta c="4.91" s="27.37" />
        </extensions>
      </trkpt>
      <trkpt lat="-14.47727377" lon="132.36850817">
        <ele>183.86</ele>
        <time>2026-09-09T00:41:24Z</time>
        <extensions>
          <geotracker:meta c="4.95" s="26.58" />
        </extensions>
      </trkpt>
      <trkpt lat="-14.47673658" lon="132.36609903">
        <ele>188.86</ele>
        <time>2026-09-09T00:41:34Z</time>
        <extensions>
          <geotracker:meta c="4.92" s="26.3" />
        </extensions>
      </trkpt>
      <trkpt lat="-14.4762152" lon="132.36365565">
        <ele>182.25</ele>
        <time>2026-09-09T00:41:44Z</time>
        <extensions>
          <geotracker:meta c="4.92" s="26.69" />
        </extensions>
      </trkpt>
      <trkpt lat="-14.475648" lon="132.36134285">
        <ele>185.56</ele>
        <time>2026-09-09T00:41:54Z</time>
        <extensions>
          <geotracker:meta c="4.96" s="25.42" />
        </extensions>
      </trkpt>
      <trkpt lat="-14.47519827" lon="132.35896866">
        <ele>185.23</ele>
        <time>2026-09-09T00:42:04Z</time>
        <extensions>
          <geotracker:meta c="4.83" s="26.33" />
        </extensions>
      </trkpt>
      <trkpt lat="-14.47516147" lon="132.35654148">
        <ele>184.02</ele>
        <time>2026-09-09T00:42:14Z</time>
        <extensions>
          <geotracker:meta c="4.63" s="25.93" />
        </extensions>
      </trkpt>
      <trkpt lat="-14.47567844" lon="132.35414704">
        <ele>178.25</ele>
        <time>2026-09-09T00:42:24Z</time>
        <extensions>
          <geotracker:meta c="4.34" s="26.78" />
        </extensions>
      </trkpt>
      <trkpt lat="-14.47670948" lon="132.35191578">
        <ele>177.24</ele>
        <time>2026-09-09T00:42:34Z</time>
        <extensions>
          <geotracker:meta c="4.19" s="26.67" />
        </extensions>
      </trkpt>
      <trkpt lat="-14.47821723" lon="132.34993837">
        <ele>177.21</ele>
        <time>2026-09-09T00:42:44Z</time>
        <extensions>
          <geotracker:meta c="3.95" s="27.08" />
        </extensions>
      </trkpt>
      <trkpt lat="-14.48005245" lon="132.34831704">
        <ele>176.37</ele>
        <time>2026-09-09T00:42:54Z</time>
        <extensions>
          <geotracker:meta c="3.82" s="26.85" />
        </extensions>
      </trkpt>
      <trkpt lat="-14.48190591" lon="132.34673242">
        <ele>171.28</ele>
        <time>2026-09-09T00:43:04Z</time>
        <extensions>
          <geotracker:meta c="3.89" s="26.42" />
        </extensions>
      </trkpt>
      <trkpt lat="-14.4834206" lon="132.34482149">
        <ele>171.84</ele>
        <time>2026-09-09T00:43:14Z</time>
        <extensions>
          <geotracker:meta c="4.13" s="26.79" />
        </extensions>
      </trkpt>
      <trkpt lat="-14.48451421" lon="132.34258429">
        <ele>171.33</ele>
        <time>2026-09-09T00:43:24Z</time>
        <extensions>
          <geotracker:meta c="4.34" s="27.01" />
        </extensions>
      </trkpt>
      <trkpt lat="-14.48506445" lon="132.34026037">
        <ele>171.6</ele>
        <time>2026-09-09T00:43:34Z</time>
        <extensions>
          <geotracker:meta c="4.56" s="25.26" />
        </extensions>
      </trkpt>
      <trkpt lat="-14.48512359" lon="132.33789214">
        <ele>169.99</ele>
        <time>2026-09-09T00:43:44Z</time>
        <extensions>
          <geotracker:meta c="4.76" s="25.64" />
        </extensions>
      </trkpt>
      <trkpt lat="-14.4845622" lon="132.33498475">
        <ele>171.56</ele>
        <time>2026-09-09T00:43:57Z</time>
        <extensions>
          <geotracker:meta c="4.94" s="24.81" />
        </extensions>
      </trkpt>
      <trkpt lat="-14.48406405" lon="132.33294601">
        <ele>169.48</ele>
        <time>2026-09-09T00:44:06Z</time>
        <extensions>
          <geotracker:meta c="4.95" s="25.43" />
        </extensions>
      </trkpt>
      <trkpt lat="-14.4834961" lon="132.33072797">
        <ele>168.96</ele>
        <time>2026-09-09T00:44:16Z</time>
        <extensions>
          <geotracker:meta c="4.99" s="24.31" />
        </extensions>
      </trkpt>
      <trkpt lat="-14.48250242" lon="132.32671218">
        <ele>169.19</ele>
        <time>2026-09-09T00:44:35Z</time>
        <extensions>
          <geotracker:meta c="4.96" s="23.51" />
        </extensions>
      </trkpt>
      <trkpt lat="-14.48198359" lon="132.32461118">
        <ele>167.77</ele>
        <time>2026-09-09T00:44:45Z</time>
        <extensions>
          <geotracker:meta c="4.96" s="23.36" />
        </extensions>
      </trkpt>
      <trkpt lat="-14.48149346" lon="132.32265924">
        <ele>167.07</ele>
        <time>2026-09-09T00:44:54Z</time>
        <extensions>
          <geotracker:meta c="4.96" s="24.52" />
        </extensions>
      </trkpt>
      <trkpt lat="-14.4809476" lon="132.32045999">
        <ele>166.56</ele>
        <time>2026-09-09T00:45:04Z</time>
        <extensions>
          <geotracker:meta c="4.96" s="24.68" />
        </extensions>
      </trkpt>
      <trkpt lat="-14.48046669" lon="132.31850777">
        <ele>166.53</ele>
        <time>2026-09-09T00:45:13Z</time>
        <extensions>
          <geotracker:meta c="4.96" s="23.98" />
        </extensions>
      </trkpt>
      <trkpt lat="-14.47997269" lon="132.31652078">
        <ele>165.7</ele>
        <time>2026-09-09T00:45:22Z</time>
        <extensions>
          <geotracker:meta c="4.97" s="25.06" />
        </extensions>
      </trkpt>
      <trkpt lat="-14.47947279" lon="132.31448841">
        <ele>165.47</ele>
        <time>2026-09-09T00:45:31Z</time>
        <extensions>
          <geotracker:meta c="4.97" s="25.02" />
        </extensions>
      </trkpt>
      <trkpt lat="-14.47896681" lon="132.31244835">
        <ele>165.68</ele>
        <time>2026-09-09T00:45:40Z</time>
        <extensions>
          <geotracker:meta c="4.96" s="25.4" />
        </extensions>
      </trkpt>
      <trkpt lat="-14.47846798" lon="132.31040551">
        <ele>165.57</ele>
        <time>2026-09-09T00:45:49Z</time>
        <extensions>
          <geotracker:meta c="4.95" s="25.19" />
        </extensions>
      </trkpt>
      <trkpt lat="-14.47795823" lon="132.30836328">
        <ele>164.98</ele>
        <time>2026-09-09T00:45:58Z</time>
        <extensions>
          <geotracker:meta c="4.95" s="24.91" />
        </extensions>
      </trkpt>
      <trkpt lat="-14.47747015" lon="132.30638851">
        <ele>164.58</ele>
        <time>2026-09-09T00:46:07Z</time>
        <extensions>
          <geotracker:meta c="4.94" s="23.95" />
        </extensions>
      </trkpt>
      <trkpt lat="-14.47651861" lon="132.30254933">
        <ele>165.34</ele>
        <time>2026-09-09T00:46:25Z</time>
        <extensions>
          <geotracker:meta c="4.95" s="23.18" />
        </extensions>
      </trkpt>
      <trkpt lat="-14.47598569" lon="132.30029909">
        <ele>165.87</ele>
        <time>2026-09-09T00:46:37Z</time>
        <extensions>
          <geotracker:meta c="4.9" s="18.63" />
        </extensions>
      </trkpt>
      <trkpt lat="-14.47582856" lon="132.29943008">
        <ele>165.18</ele>
        <time>2026-09-09T00:46:46Z</time>
        <extensions>
          <geotracker:meta c="4.2" s="5.86" />
        </extensions>
      </trkpt>
      <trkpt lat="-14.47547613" lon="132.29824966">
        <ele>164.78</ele>
        <time>2026-09-09T00:47:22Z</time>
        <extensions>
          <geotracker:meta c="4.88" s="15.15" />
        </extensions>
      </trkpt>
      <trkpt lat="-14.4752781" lon="132.29683613">
        <ele>163.73</ele>
        <time>2026-09-09T00:47:31Z</time>
        <extensions>
          <geotracker:meta c="4.97" s="18.47" />
        </extensions>
      </trkpt>
      <trkpt lat="-14.47491877" lon="132.2953718">
        <ele>163.17</ele>
        <time>2026-09-09T00:47:40Z</time>
        <extensions>
          <geotracker:meta c="4.93" s="17.79" />
        </extensions>
      </trkpt>
      <trkpt lat="-14.47459558" lon="132.29396284">
        <ele>163.34</ele>
        <time>2026-09-09T00:47:49Z</time>
        <extensions>
          <geotracker:meta c="4.97" s="17.64" />
        </extensions>
      </trkpt>
      <trkpt lat="-14.47387585" lon="132.29106429">
        <ele>164.42</ele>
        <time>2026-09-09T00:48:07Z</time>
        <extensions>
          <geotracker:meta c="4.96" s="17.34" />
        </extensions>
      </trkpt>
      <trkpt lat="-14.4735418" lon="132.28971905">
        <ele>165.12</ele>
        <time>2026-09-09T00:48:16Z</time>
        <extensions>
          <geotracker:meta c="4.97" s="16.34" />
        </extensions>
      </trkpt>
      <trkpt lat="-14.47322654" lon="132.28837571">
        <ele>164.44</ele>
        <time>2026-09-09T00:48:25Z</time>
        <extensions>
          <geotracker:meta c="4.91" s="15.59" />
        </extensions>
      </trkpt>
      <trkpt lat="-14.47311896" lon="132.28740188">
        <ele>164.32</ele>
        <time>2026-09-09T00:48:34Z</time>
        <extensions>
          <geotracker:meta c="4.13" s="7.88" />
        </extensions>
      </trkpt>
      <trkpt lat="-14.47386305" lon="132.28716468">
        <ele>162.74</ele>
        <time>2026-09-09T00:48:43Z</time>
        <extensions>
          <geotracker:meta c="3.38" s="10.55" />
        </extensions>
      </trkpt>
      <trkpt lat="-14.47463666" lon="132.28702654">
        <ele>160.73</ele>
        <time>2026-09-09T00:48:52Z</time>
        <extensions>
          <geotracker:meta c="2.73" s="8.66" />
        </extensions>
      </trkpt>
      <trkpt lat="-14.47489448" lon="132.28777951">
        <ele>161.2</ele>
        <time>2026-09-09T00:49:01Z</time>
        <extensions>
          <geotracker:meta c="1.8" s="10.56" />
        </extensions>
      </trkpt>
      <trkpt lat="-14.47510199" lon="132.28860228">
        <ele>162.12</ele>
        <time>2026-09-09T00:49:10Z</time>
        <extensions>
          <geotracker:meta c="1.82" s="9.5" />
        </extensions>
      </trkpt>
      <trkpt lat="-14.47526858" lon="132.28931045">
        <ele>162.31</ele>
        <time>2026-09-09T00:49:19Z</time>
        <extensions>
          <geotracker:meta c="1.8" s="7.22" />
        </extensions>
      </trkpt>
      <trkpt lat="-14.47555432" lon="132.29016348">
        <ele>162.42</ele>
        <time>2026-09-09T00:49:37Z</time>
        <extensions>
          <geotracker:meta c="2.79" s="2.31" />
        </extensions>
      </trkpt>
      <trkpt lat="-14.47569214" lon="132.29032459">
        <ele>162.44</ele>
        <time>2026-09-09T00:53:22Z</time>
        <extensions>
          <geotracker:meta c="5.23" s="0.91" />
        </extensions>
      </trkpt>
      <trkpt lat="-14.47503081" lon="132.28804925">
        <ele>160.78</ele>
        <time>2026-09-09T01:58:53Z</time>
        <extensions>
          <geotracker:meta c="4.89" s="8.99" />
        </extensions>
      </trkpt>
      <trkpt lat="-14.47355746" lon="132.28729019">
        <ele>159.53</ele>
        <time>2026-09-09T01:59:24Z</time>
        <extensions>
          <geotracker:meta c="0.28" s="10" />
        </extensions>
      </trkpt>
      <trkpt lat="-14.47280827" lon="132.28678587">
        <ele>163.32</ele>
        <time>2026-09-09T01:59:44Z</time>
        <extensions>
          <geotracker:meta c="4.92" s="9.6" />
        </extensions>
      </trkpt>
      <trkpt lat="-14.47258176" lon="132.2858019">
        <ele>161.71</ele>
        <time>2026-09-09T01:59:53Z</time>
        <extensions>
          <geotracker:meta c="4.97" s="13.21" />
        </extensions>
      </trkpt>
      <trkpt lat="-14.47227414" lon="132.28458088">
        <ele>160.16</ele>
        <time>2026-09-09T02:00:03Z</time>
        <extensions>
          <geotracker:meta c="4.94" s="14.28" />
        </extensions>
      </trkpt>
      <trkpt lat="-14.47193232" lon="132.28327908">
        <ele>157.25</ele>
        <time>2026-09-09T02:00:13Z</time>
        <extensions>
          <geotracker:meta c="4.95" s="15.36" />
        </extensions>
      </trkpt>
      <trkpt lat="-14.47164134" lon="132.28173547">
        <ele>158.69</ele>
        <time>2026-09-09T02:00:23Z</time>
        <extensions>
          <geotracker:meta c="4.87" s="17.75" />
        </extensions>
      </trkpt>
      <trkpt lat="-14.47134842" lon="132.28013244">
        <ele>160.26</ele>
        <time>2026-09-09T02:00:33Z</time>
        <extensions>
          <geotracker:meta c="4.93" s="17.4" />
        </extensions>
      </trkpt>
      <trkpt lat="-14.47101825" lon="132.27873491">
        <ele>161.8</ele>
        <time>2026-09-09T02:00:43Z</time>
        <extensions>
          <geotracker:meta c="4.95" s="15.56" />
        </extensions>
      </trkpt>
      <trkpt lat="-14.47066622" lon="132.27746446">
        <ele>165.88</ele>
        <time>2026-09-09T02:00:53Z</time>
        <extensions>
          <geotracker:meta c="5.01" s="11.45" />
        </extensions>
      </trkpt>
      <trkpt lat="-14.47037457" lon="132.27621033">
        <ele>163.35</ele>
        <time>2026-09-09T02:01:13Z</time>
        <extensions>
          <geotracker:meta c="4.96" s="12.24" />
        </extensions>
      </trkpt>
      <trkpt lat="-14.47010403" lon="132.27499793">
        <ele>160.86</ele>
        <time>2026-09-09T02:01:23Z</time>
        <extensions>
          <geotracker:meta c="4.93" s="15.14" />
        </extensions>
      </trkpt>
      <trkpt lat="-14.46980938" lon="132.27345925">
        <ele>159.3</ele>
        <time>2026-09-09T02:01:33Z</time>
        <extensions>
          <geotracker:meta c="4.87" s="17.4" />
        </extensions>
      </trkpt>
      <trkpt lat="-14.46954664" lon="132.27181833">
        <ele>161.1</ele>
        <time>2026-09-09T02:01:43Z</time>
        <extensions>
          <geotracker:meta c="4.89" s="17.46" />
        </extensions>
      </trkpt>
      <trkpt lat="-14.46927749" lon="132.2703168">
        <ele>164.96</ele>
        <time>2026-09-09T02:01:53Z</time>
        <extensions>
          <geotracker:meta c="4.95" s="16.3" />
        </extensions>
      </trkpt>
      <trkpt lat="-14.46891654" lon="132.268858">
        <ele>158.73</ele>
        <time>2026-09-09T02:02:03Z</time>
        <extensions>
          <geotracker:meta c="4.98" s="16.07" />
        </extensions>
      </trkpt>
      <trkpt lat="-14.46833862" lon="132.2674422">
        <ele>166.62</ele>
        <time>2026-09-09T02:02:13Z</time>
        <extensions>
          <geotracker:meta c="5.17" s="16.09" />
        </extensions>
      </trkpt>
      <trkpt lat="-14.46795743" lon="132.26685688">
        <ele>166.37</ele>
        <time>2026-09-09T02:02:24Z</time>
        <extensions>
          <geotracker:meta c="5.45" s="5.01" />
        </extensions>
      </trkpt>
      <trkpt lat="-14.4671078" lon="132.26705472">
        <ele>155.41</ele>
        <time>2026-09-09T02:02:44Z</time>
        <extensions>
          <geotracker:meta c="0.36" s="9.1" />
        </extensions>
      </trkpt>
      <trkpt lat="-14.46646518" lon="132.26731882">
        <ele>149.6</ele>
        <time>2026-09-09T02:02:54Z</time>
        <extensions>
          <geotracker:meta c="0.28" s="5.93" />
        </extensions>
      </trkpt>
      <trkpt lat="-14.46614122" lon="132.26665232">
        <ele>158.01</ele>
        <time>2026-09-09T02:03:03Z</time>
        <extensions>
          <geotracker:meta c="5.16" s="8.31" />
        </extensions>
      </trkpt>
      <trkpt lat="-14.46584595" lon="132.26614596">
        <ele>151.7</ele>
        <time>2026-09-09T02:03:14Z</time>
        <extensions>
          <geotracker:meta c="5.21" s="5.04" />
        </extensions>
      </trkpt>
      <trkpt lat="-14.46544336" lon="132.26579735">
        <ele>156.05</ele>
        <time>2026-09-09T02:03:33Z</time>
        <extensions>
          <geotracker:meta c="0.45" s="1.38" />
        </extensions>
      </trkpt>
      <trkpt lat="-14.46526228" lon="132.26586712">
        <ele>153.53</ele>
        <time>2026-09-09T02:07:23Z</time>
        <extensions>
          <geotracker:meta c="6.1" s="0.29" />
        </extensions>
      </trkpt>
      <trkpt lat="-14.46530668" lon="132.26594135">
        <ele>148.01</ele>
        <time>2026-09-09T02:09:43Z</time>
        <extensions>
          <geotracker:meta c="5.39" s="0.6" />
        </extensions>
      </trkpt>
      <trkpt lat="-14.46602657" lon="132.26448729">
        <ele>153.21</ele>
        <time>2026-09-09T02:14:23Z</time>
        <extensions>
          <geotracker:meta c="0.58" s="2.6" />
        </extensions>
      </trkpt>
      <trkpt lat="-14.46609805" lon="132.26498268">
        <ele>154.28</ele>
        <time>2026-09-09T02:15:47Z</time>
        <extensions>
          <geotracker:meta c="3.79" s="0.45" />
        </extensions>
      </trkpt>
      <trkpt lat="-14.46593499" lon="132.26588056">
        <ele>143.29</ele>
        <time>2026-09-09T02:25:32Z</time>
        <extensions>
          <geotracker:meta c="5.83" s="0.43" />
        </extensions>
      </trkpt>
      <trkpt lat="-14.46640802" lon="132.26508706">
        <ele>155.96</ele>
        <time>2026-09-09T02:55:01Z</time>
        <extensions>
          <geotracker:meta c="3.76" s="3.12" />
        </extensions>
      </trkpt>
      <trkpt lat="-14.46711117" lon="132.26573236">
        <ele>158.43</ele>
        <time>2026-09-09T02:55:38Z</time>
        <extensions>
          <geotracker:meta c="2.18" s="9.1" />
        </extensions>
      </trkpt>
      <trkpt lat="-14.46787225" lon="132.26673439">
        <ele>157.67</ele>
        <time>2026-09-09T02:55:58Z</time>
        <extensions>
          <geotracker:meta c="3.78" s="3.2" />
        </extensions>
      </trkpt>
      <trkpt lat="-14.46760332" lon="132.26622418">
        <ele>158.38</ele>
        <time>2026-09-09T02:56:08Z</time>
        <extensions>
          <geotracker:meta c="5.32" s="9.3" />
        </extensions>
      </trkpt>
      <trkpt lat="-14.46711632" lon="132.26552171">
        <ele>159.59</ele>
        <time>2026-09-09T02:56:18Z</time>
        <extensions>
          <geotracker:meta c="5.32" s="9.21" />
        </extensions>
      </trkpt>
      <trkpt lat="-14.46663144" lon="132.26476752">
        <ele>159.67</ele>
        <time>2026-09-09T02:56:28Z</time>
        <extensions>
          <geotracker:meta c="5.34" s="9.55" />
        </extensions>
      </trkpt>
      <trkpt lat="-14.46622589" lon="132.26417051">
        <ele>161.7</ele>
        <time>2026-09-09T02:56:38Z</time>
        <extensions>
          <geotracker:meta c="5.33" s="6.38" />
        </extensions>
      </trkpt>
      <trkpt lat="-14.46590745" lon="132.26373681">
        <ele>161.58</ele>
        <time>2026-09-09T02:57:08Z</time>
        <extensions>
          <geotracker:meta c="5.34" s="2.14" />
        </extensions>
      </trkpt>
      <trkpt lat="-14.46558522" lon="132.26330877">
        <ele>160.44</ele>
        <time>2026-09-09T02:57:18Z</time>
        <extensions>
          <geotracker:meta c="5.38" s="8.19" />
        </extensions>
      </trkpt>
      <trkpt lat="-14.46506258" lon="132.2626087">
        <ele>162.5</ele>
        <time>2026-09-09T02:57:28Z</time>
        <extensions>
          <geotracker:meta c="5.38" s="9.63" />
        </extensions>
      </trkpt>
      <trkpt lat="-14.46390108" lon="132.26112945">
        <ele>159.94</ele>
        <time>2026-09-09T02:57:46Z</time>
        <extensions>
          <geotracker:meta c="5.42" s="12.67" />
        </extensions>
      </trkpt>
      <trkpt lat="-14.46318242" lon="132.26021746">
        <ele>159.89</ele>
        <time>2026-09-09T02:57:56Z</time>
        <extensions>
          <geotracker:meta c="5.37" s="12.02" />
        </extensions>
      </trkpt>
      <trkpt lat="-14.4623836" lon="132.25941558">
        <ele>161.15</ele>
        <time>2026-09-09T02:58:06Z</time>
        <extensions>
          <geotracker:meta c="5.38" s="13.15" />
        </extensions>
      </trkpt>
      <trkpt lat="-14.46160861" lon="132.25841495">
        <ele>159.62</ele>
        <time>2026-09-09T02:58:16Z</time>
        <extensions>
          <geotracker:meta c="5.39" s="14.02" />
        </extensions>
      </trkpt>
      <trkpt lat="-14.46078622" lon="132.25735385">
        <ele>156.02</ele>
        <time>2026-09-09T02:58:27Z</time>
        <extensions>
          <geotracker:meta c="5.38" s="12.87" />
        </extensions>
      </trkpt>
      <trkpt lat="-14.46042021" lon="132.25682349">
        <ele>156.55</ele>
        <time>2026-09-09T02:58:37Z</time>
        <extensions>
          <geotracker:meta c="5.52" s="0.67" />
        </extensions>
      </trkpt>
      <trkpt lat="-14.46094428" lon="132.25764226">
        <ele>157.68</ele>
        <time>2026-09-09T03:00:18Z</time>
        <extensions>
          <geotracker:meta c="2.19" s="11.39" />
        </extensions>
      </trkpt>
      <trkpt lat="-14.46162818" lon="132.2585107">
        <ele>158.13</ele>
        <time>2026-09-09T03:00:28Z</time>
        <extensions>
          <geotracker:meta c="2.29" s="12.36" />
        </extensions>
      </trkpt>
      <trkpt lat="-14.4622808" lon="132.25934609">
        <ele>158.7</ele>
        <time>2026-09-09T03:00:37Z</time>
        <extensions>
          <geotracker:meta c="2.36" s="13.06" />
        </extensions>
      </trkpt>
      <trkpt lat="-14.46312936" lon="132.26046062">
        <ele>157.9</ele>
        <time>2026-09-09T03:00:51Z</time>
        <extensions>
          <geotracker:meta c="2.23" s="9.68" />
        </extensions>
      </trkpt>
      <trkpt lat="-14.46377398" lon="132.26103635">
        <ele>154.03</ele>
        <time>2026-09-09T03:01:20Z</time>
        <extensions>
          <geotracker:meta c="3.16" s="3.2" />
        </extensions>
      </trkpt>
      <trkpt lat="-14.46458369" lon="132.26125618">
        <ele>153.55</ele>
        <time>2026-09-09T03:01:39Z</time>
        <extensions>
          <geotracker:meta c="2.27" s="9.44" />
        </extensions>
      </trkpt>
      <trkpt lat="-14.46522952" lon="132.26210201">
        <ele>156.44</ele>
        <time>2026-09-09T03:01:49Z</time>
        <extensions>
          <geotracker:meta c="2.24" s="11.87" />
        </extensions>
      </trkpt>
      <trkpt lat="-14.46588171" lon="132.26293847">
        <ele>155.7</ele>
        <time>2026-09-09T03:01:59Z</time>
        <extensions>
          <geotracker:meta c="2.26" s="10.5" />
        </extensions>
      </trkpt>
      <trkpt lat="-14.46594728" lon="132.26347656">
        <ele>157.73</ele>
        <time>2026-09-09T03:02:11Z</time>
        <extensions>
          <geotracker:meta c="0.69" s="3.65" />
        </extensions>
      </trkpt>
      <trkpt lat="-14.46540135" lon="132.26305333">
        <ele>159.55</ele>
        <time>2026-09-09T03:03:11Z</time>
        <extensions>
          <geotracker:meta c="5.37" s="6.18" />
        </extensions>
      </trkpt>
      <trkpt lat="-14.46505173" lon="132.26267635">
        <ele>162.22</ele>
        <time>2026-09-09T03:04:31Z</time>
        <extensions>
          <geotracker:meta c="5.65" s="1.49" />
        </extensions>
      </trkpt>
      <trkpt lat="-14.46502168" lon="132.26260943">
        <ele>160.39</ele>
        <time>2026-09-09T03:08:04Z</time>
        <extensions>
          <geotracker:meta c="5.26" s="1.04" />
        </extensions>
      </trkpt>
      <trkpt lat="-14.46474269" lon="132.26211324">
        <ele>164.15</ele>
        <time>2026-09-09T03:08:34Z</time>
        <extensions>
          <geotracker:meta c="5.27" s="1.22" />
        </extensions>
      </trkpt>
      <trkpt lat="-14.46474125" lon="132.26171802">
        <ele>157.2</ele>
        <time>2026-09-09T03:11:48Z</time>
        <extensions>
          <geotracker:meta c="2.69" s="0.2" />
        </extensions>
      </trkpt>
      <trkpt lat="-14.46423181" lon="132.26154978">
        <ele>162.61</ele>
        <time>2026-09-09T03:13:04Z</time>
        <extensions>
          <geotracker:meta c="5.15" s="0.98" />
        </extensions>
      </trkpt>
      <trkpt lat="-14.46412303" lon="132.26122763">
        <ele>158.38</ele>
        <time>2026-09-09T03:29:20Z</time>
        <extensions>
          <geotracker:meta c="2.16" s="1.22" />
        </extensions>
      </trkpt>
      <trkpt lat="-14.46498354" lon="132.26242718">
        <ele>161.01</ele>
        <time>2026-09-09T03:31:07Z</time>
        <extensions>
          <geotracker:meta c="2.16" s="1.15" />
        </extensions>
      </trkpt>
      <trkpt lat="-14.46526511" lon="132.26280132">
        <ele>158.47</ele>
        <time>2026-09-09T03:32:27Z</time>
        <extensions>
          <geotracker:meta c="6.02" s="1.32" />
        </extensions>
      </trkpt>
      <trkpt lat="-14.46467135" lon="132.2622852">
        <ele>160.5</ele>
        <time>2026-09-09T03:32:37Z</time>
        <extensions>
          <geotracker:meta c="5.42" s="7.08" />
        </extensions>
      </trkpt>
      <trkpt lat="-14.46322874" lon="132.26309253">
        <ele>153.29</ele>
        <time>2026-09-09T03:33:07Z</time>
        <extensions>
          <geotracker:meta c="1.64" s="4.11" />
        </extensions>
      </trkpt>
      <trkpt lat="-14.46367438" lon="132.2634589">
        <ele>152.93</ele>
        <time>2026-09-09T03:33:17Z</time>
        <extensions>
          <geotracker:meta c="2.24" s="8.6" />
        </extensions>
      </trkpt>
      <trkpt lat="-14.46415788" lon="132.26409084">
        <ele>155.22</ele>
        <time>2026-09-09T03:33:27Z</time>
        <extensions>
          <geotracker:meta c="2.23" s="8.09" />
        </extensions>
      </trkpt>
      <trkpt lat="-14.46457579" lon="132.26463224">
        <ele>151.89</ele>
        <time>2026-09-09T03:33:37Z</time>
        <extensions>
          <geotracker:meta c="2.21" s="0.83" />
        </extensions>
      </trkpt>
      <trkpt lat="-14.46376311" lon="132.26520705">
        <ele>153.34</ele>
        <time>2026-09-09T03:33:57Z</time>
        <extensions>
          <geotracker:meta c="0.64" s="4.74" />
        </extensions>
      </trkpt>
      <trkpt lat="-14.4633789" lon="132.26533268">
        <ele>153.85</ele>
        <time>2026-09-09T03:45:14Z</time>
        <extensions>
          <geotracker:meta c="3.29" s="0.66" />
        </extensions>
      </trkpt>
      <trkpt lat="-14.46637668" lon="132.26506285">
        <ele>152.78</ele>
        <time>2026-09-09T04:11:12Z</time>
        <extensions>
          <geotracker:meta c="3.83" s="3.22" />
        </extensions>
      </trkpt>
      <trkpt lat="-14.46703825" lon="132.26569142">
        <ele>157.71</ele>
        <time>2026-09-09T04:11:34Z</time>
        <extensions>
          <geotracker:meta c="2.18" s="9.02" />
        </extensions>
      </trkpt>
      <trkpt lat="-14.46752197" lon="132.26636106">
        <ele>155.15</ele>
        <time>2026-09-09T04:11:45Z</time>
        <extensions>
          <geotracker:meta c="2.24" s="6.83" />
        </extensions>
      </trkpt>
      <trkpt lat="-14.46781983" lon="132.26674198">
        <ele>151.66</ele>
        <time>2026-09-09T04:12:15Z</time>
        <extensions>
          <geotracker:meta c="2.97" s="2.59" />
        </extensions>
      </trkpt>
      <trkpt lat="-14.46728526" lon="132.2657195">
        <ele>153.22</ele>
        <time>2026-09-09T04:12:34Z</time>
        <extensions>
          <geotracker:meta c="5.29" s="8.08" />
        </extensions>
      </trkpt>
      <trkpt lat="-14.46684655" lon="132.26483229">
        <ele>156.64</ele>
        <time>2026-09-09T04:12:54Z</time>
        <extensions>
          <geotracker:meta c="5.21" s="3.12" />
        </extensions>
      </trkpt>
      <trkpt lat="-14.46662979" lon="132.2647049">
        <ele>153.57</ele>
        <time>2026-09-09T04:16:10Z</time>
        <extensions>
          <geotracker:meta c="6.11" s="2.2" />
        </extensions>
      </trkpt>
      <trkpt lat="-14.46618582" lon="132.26409142">
        <ele>160.81</ele>
        <time>2026-09-09T04:16:28Z</time>
        <extensions>
          <geotracker:meta c="5.36" s="8.4" />
        </extensions>
      </trkpt>
      <trkpt lat="-14.4654868" lon="132.26318048">
        <ele>155.47</ele>
        <time>2026-09-09T04:16:39Z</time>
        <extensions>
          <geotracker:meta c="5.37" s="12.25" />
        </extensions>
      </trkpt>
      <trkpt lat="-14.46484713" lon="132.26227737">
        <ele>163.63</ele>
        <time>2026-09-09T04:16:49Z</time>
        <extensions>
          <geotracker:meta c="5.39" s="12.26" />
        </extensions>
      </trkpt>
      <trkpt lat="-14.46412456" lon="132.26136884">
        <ele>165.28</ele>
        <time>2026-09-09T04:16:59Z</time>
        <extensions>
          <geotracker:meta c="5.38" s="13.03" />
        </extensions>
      </trkpt>
      <trkpt lat="-14.46332454" lon="132.26037861">
        <ele>161.36</ele>
        <time>2026-09-09T04:17:09Z</time>
        <extensions>
          <geotracker:meta c="5.41" s="12.83" />
        </extensions>
      </trkpt>
      <trkpt lat="-14.46251628" lon="132.25957094">
        <ele>158.16</ele>
        <time>2026-09-09T04:17:19Z</time>
        <extensions>
          <geotracker:meta c="5.41" s="13.41" />
        </extensions>
      </trkpt>
      <trkpt lat="-14.46176148" lon="132.25861699">
        <ele>156.02</ele>
        <time>2026-09-09T04:17:28Z</time>
        <extensions>
          <geotracker:meta c="5.39" s="15.12" />
        </extensions>
      </trkpt>
      <trkpt lat="-14.4603569" lon="132.25682878">
        <ele>154.89</ele>
        <time>2026-09-09T04:17:45Z</time>
        <extensions>
          <geotracker:meta c="5.4" s="13.86" />
        </extensions>
      </trkpt>
      <trkpt lat="-14.45870336" lon="132.25469829">
        <ele>157.48</ele>
        <time>2026-09-09T04:18:05Z</time>
        <extensions>
          <geotracker:meta c="5.41" s="15.72" />
        </extensions>
      </trkpt>
      <trkpt lat="-14.45683593" lon="132.25223463">
        <ele>155.71</ele>
        <time>2026-09-09T04:18:25Z</time>
        <extensions>
          <geotracker:meta c="5.37" s="18.46" />
        </extensions>
      </trkpt>
      <trkpt lat="-14.45579909" lon="132.25090339">
        <ele>157.44</ele>
        <time>2026-09-09T04:18:35Z</time>
        <extensions>
          <geotracker:meta c="5.39" s="18.5" />
        </extensions>
      </trkpt>
      <trkpt lat="-14.45237271" lon="132.24724281">
        <ele>153.3</ele>
        <time>2026-09-09T04:19:05Z</time>
        <extensions>
          <geotracker:meta c="5.64" s="15.32" />
        </extensions>
      </trkpt>
      <trkpt lat="-14.45129454" lon="132.24639137">
        <ele>156.49</ele>
        <time>2026-09-09T04:19:15Z</time>
        <extensions>
          <geotracker:meta c="5.6" s="15" />
        </extensions>
      </trkpt>
      <trkpt lat="-14.45029957" lon="132.24553345">
        <ele>159.56</ele>
        <time>2026-09-09T04:19:25Z</time>
        <extensions>
          <geotracker:meta c="5.6" s="13.58" />
        </extensions>
      </trkpt>
      <trkpt lat="-14.44946874" lon="132.24480637">
        <ele>158.9</ele>
        <time>2026-09-09T04:19:35Z</time>
        <extensions>
          <geotracker:meta c="5.58" s="11.19" />
        </extensions>
      </trkpt>
      <trkpt lat="-14.4473054" lon="132.24297992">
        <ele>155.85</ele>
        <time>2026-09-09T04:19:55Z</time>
        <extensions>
          <geotracker:meta c="5.6" s="19.02" />
        </extensions>
      </trkpt>
      <trkpt lat="-14.44591474" lon="132.24178086">
        <ele>157.56</ele>
        <time>2026-09-09T04:20:05Z</time>
        <extensions>
          <geotracker:meta c="5.55" s="21.36" />
        </extensions>
      </trkpt>
      <trkpt lat="-14.44449507" lon="132.2402977">
        <ele>160.83</ele>
        <time>2026-09-09T04:20:15Z</time>
        <extensions>
          <geotracker:meta c="5.41" s="23.23" />
        </extensions>
      </trkpt>
      <trkpt lat="-14.44318867" lon="132.23852818">
        <ele>163.5</ele>
        <time>2026-09-09T04:20:25Z</time>
        <extensions>
          <geotracker:meta c="5.36" s="24.11" />
        </extensions>
      </trkpt>
      <trkpt lat="-14.44182696" lon="132.23672114">
        <ele>163.6</ele>
        <time>2026-09-09T04:20:35Z</time>
        <extensions>
          <geotracker:meta c="5.36" s="25.12" />
        </extensions>
      </trkpt>
      <trkpt lat="-14.4391153" lon="132.23283033">
        <ele>164.3</ele>
        <time>2026-09-09T04:20:55Z</time>
        <extensions>
          <geotracker:meta c="5.28" s="25.61" />
        </extensions>
      </trkpt>
      <trkpt lat="-14.43555515" lon="132.22688093">
        <ele>169.85</ele>
        <time>2026-09-09T04:21:25Z</time>
        <extensions>
          <geotracker:meta c="5.26" s="25.25" />
        </extensions>
      </trkpt>
      <trkpt lat="-14.43440445" lon="132.22492511">
        <ele>165.31</ele>
        <time>2026-09-09T04:21:35Z</time>
        <extensions>
          <geotracker:meta c="5.27" s="23.39" />
        </extensions>
      </trkpt>
      <trkpt lat="-14.43336889" lon="132.22313718">
        <ele>169.65</ele>
        <time>2026-09-09T04:21:45Z</time>
        <extensions>
          <geotracker:meta c="5.26" s="21.93" />
        </extensions>
      </trkpt>
      <trkpt lat="-14.43230962" lon="132.22139965">
        <ele>166.06</ele>
        <time>2026-09-09T04:21:55Z</time>
        <extensions>
          <geotracker:meta c="5.27" s="22.24" />
        </extensions>
      </trkpt>
      <trkpt lat="-14.43123632" lon="132.21958285">
        <ele>174.55</ele>
        <time>2026-09-09T04:22:05Z</time>
        <extensions>
          <geotracker:meta c="5.26" s="23.48" />
        </extensions>
      </trkpt>
      <trkpt lat="-14.43000789" lon="132.21774366">
        <ele>174.57</ele>
        <time>2026-09-09T04:22:15Z</time>
        <extensions>
          <geotracker:meta c="5.39" s="24.64" />
        </extensions>
      </trkpt>
      <trkpt lat="-14.42846698" lon="132.21607019">
        <ele>172.23</ele>
        <time>2026-09-09T04:22:25Z</time>
        <extensions>
          <geotracker:meta c="5.54" s="24.32" />
        </extensions>
      </trkpt>
      <trkpt lat="-14.4247313" lon="132.21363975">
        <ele>173.28</ele>
        <time>2026-09-09T04:22:45Z</time>
        <extensions>
          <geotracker:meta c="5.85" s="24.81" />
        </extensions>
      </trkpt>
      <trkpt lat="-14.42275189" lon="132.21277888">
        <ele>181.01</ele>
        <time>2026-09-09T04:22:55Z</time>
        <extensions>
          <geotracker:meta c="5.86" s="23.75" />
        </extensions>
      </trkpt>
      <trkpt lat="-14.41876174" lon="132.21091771">
        <ele>181.64</ele>
        <time>2026-09-09T04:23:15Z</time>
        <extensions>
          <geotracker:meta c="5.85" s="24.95" />
        </extensions>
      </trkpt>
      <trkpt lat="-14.4145887" lon="132.20900153">
        <ele>177.14</ele>
        <time>2026-09-09T04:23:35Z</time>
        <extensions>
          <geotracker:meta c="5.85" s="23.68" />
        </extensions>
      </trkpt>
      <trkpt lat="-14.41088087" lon="132.20652341">
        <ele>173.17</ele>
        <time>2026-09-09T04:23:55Z</time>
        <extensions>
          <geotracker:meta c="5.47" s="25.04" />
        </extensions>
      </trkpt>
      <trkpt lat="-14.4088667" lon="132.20218246">
        <ele>173.27</ele>
        <time>2026-09-09T04:24:15Z</time>
        <extensions>
          <geotracker:meta c="4.93" s="26.38" />
        </extensions>
      </trkpt>
      <trkpt lat="-14.40786724" lon="132.19734871">
        <ele>179.65</ele>
        <time>2026-09-09T04:24:35Z</time>
        <extensions>
          <geotracker:meta c="4.91" s="28.19" />
        </extensions>
      </trkpt>
      <trkpt lat="-14.40689052" lon="132.19256747">
        <ele>175.52</ele>
        <time>2026-09-09T04:24:55Z</time>
        <extensions>
          <geotracker:meta c="4.91" s="24.97" />
        </extensions>
      </trkpt>
      <trkpt lat="-14.40640253" lon="132.19021774">
        <ele>181.41</ele>
        <time>2026-09-09T04:25:05Z</time>
        <extensions>
          <geotracker:meta c="4.92" s="26.3" />
        </extensions>
      </trkpt>
      <trkpt lat="-14.40590657" lon="132.18783349">
        <ele>183.49</ele>
        <time>2026-09-09T04:25:15Z</time>
        <extensions>
          <geotracker:meta c="4.91" s="26.52" />
        </extensions>
      </trkpt>
      <trkpt lat="-14.40413002" lon="132.18326099">
        <ele>189.91</ele>
        <time>2026-09-09T04:25:35Z</time>
        <extensions>
          <geotracker:meta c="5.38" s="27.26" />
        </extensions>
      </trkpt>
      <trkpt lat="-14.4001474" lon="132.1805315">
        <ele>182.05</ele>
        <time>2026-09-09T04:25:55Z</time>
        <extensions>
          <geotracker:meta c="5.82" s="25.43" />
        </extensions>
      </trkpt>
      <trkpt lat="-14.39816776" lon="132.17951129">
        <ele>180.07</ele>
        <time>2026-09-09T04:26:05Z</time>
        <extensions>
          <geotracker:meta c="5.82" s="25.41" />
        </extensions>
      </trkpt>
      <trkpt lat="-14.39605605" lon="132.17841964">
        <ele>179.84</ele>
        <time>2026-09-09T04:26:15Z</time>
        <extensions>
          <geotracker:meta c="5.88" s="26.42" />
        </extensions>
      </trkpt>
      <trkpt lat="-14.39344346" lon="132.17774572">
        <ele>175.37</ele>
        <time>2026-09-09T04:26:26Z</time>
        <extensions>
          <geotracker:meta c="6.18" s="25.35" />
        </extensions>
      </trkpt>
      <trkpt lat="-14.38658923" lon="132.17698578">
        <ele>173.01</ele>
        <time>2026-09-09T04:26:57Z</time>
        <extensions>
          <geotracker:meta c="6.14" s="25.51" />
        </extensions>
      </trkpt>
      <trkpt lat="-14.38442208" lon="132.17624023">
        <ele>177.28</ele>
        <time>2026-09-09T04:27:07Z</time>
        <extensions>
          <geotracker:meta c="5.8" s="25.17" />
        </extensions>
      </trkpt>
      <trkpt lat="-14.38137319" lon="132.17280699">
        <ele>186.09</ele>
        <time>2026-09-09T04:27:27Z</time>
        <extensions>
          <geotracker:meta c="5.2" s="25.56" />
        </extensions>
      </trkpt>
      <trkpt lat="-14.37915512" lon="132.16855114">
        <ele>187.11</ele>
        <time>2026-09-09T04:27:47Z</time>
        <extensions>
          <geotracker:meta c="5.2" s="26.2" />
        </extensions>
      </trkpt>
      <trkpt lat="-14.37803377" lon="132.16637735">
        <ele>186.6</ele>
        <time>2026-09-09T04:27:57Z</time>
        <extensions>
          <geotracker:meta c="5.21" s="26.73" />
        </extensions>
      </trkpt>
      <trkpt lat="-14.37469784" lon="132.15993911">
        <ele>191.85</ele>
        <time>2026-09-09T04:28:27Z</time>
        <extensions>
          <geotracker:meta c="5.21" s="26.34" />
        </extensions>
      </trkpt>
      <trkpt lat="-14.37196075" lon="132.15610565">
        <ele>192.4</ele>
        <time>2026-09-09T04:28:47Z</time>
        <extensions>
          <geotracker:meta c="5.26" s="25.33" />
        </extensions>
      </trkpt>
      <trkpt lat="-14.36953444" lon="132.15188968">
        <ele>179.11</ele>
        <time>2026-09-09T04:29:07Z</time>
        <extensions>
          <geotracker:meta c="5.24" s="27.64" />
        </extensions>
      </trkpt>
      <trkpt lat="-14.3682881" lon="132.14971721">
        <ele>175.16</ele>
        <time>2026-09-09T04:29:17Z</time>
        <extensions>
          <geotracker:meta c="5.24" s="26.9" />
        </extensions>
      </trkpt>
      <trkpt lat="-14.36587894" lon="132.14555794">
        <ele>189.44</ele>
        <time>2026-09-09T04:29:37Z</time>
        <extensions>
          <geotracker:meta c="5.25" s="25.86" />
        </extensions>
      </trkpt>
      <trkpt lat="-14.36154195" lon="132.1398212">
        <ele>198.33</ele>
        <time>2026-09-09T04:30:07Z</time>
        <extensions>
          <geotracker:meta c="5.7" s="26.67" />
        </extensions>
      </trkpt>
      <trkpt lat="-14.3593353" lon="132.13885675">
        <ele>203.49</ele>
        <time>2026-09-09T04:30:17Z</time>
        <extensions>
          <geotracker:meta c="6" s="25.58" />
        </extensions>
      </trkpt>
      <trkpt lat="-14.35706627" lon="132.13848632">
        <ele>204.4</ele>
        <time>2026-09-09T04:30:27Z</time>
        <extensions>
          <geotracker:meta c="6.16" s="25.82" />
        </extensions>
      </trkpt>
      <trkpt lat="-14.35232681" lon="132.13784762">
        <ele>201.98</ele>
        <time>2026-09-09T04:30:47Z</time>
        <extensions>
          <geotracker:meta c="6.12" s="26.48" />
        </extensions>
      </trkpt>
      <trkpt lat="-14.35005709" lon="132.13709925">
        <ele>207.37</ele>
        <time>2026-09-09T04:30:57Z</time>
        <extensions>
          <geotracker:meta c="5.85" s="26.44" />
        </extensions>
      </trkpt>
      <trkpt lat="-14.34649691" lon="132.13393639">
        <ele>201.08</ele>
        <time>2026-09-09T04:31:17Z</time>
        <extensions>
          <geotracker:meta c="5.43" s="26.17" />
        </extensions>
      </trkpt>
      <trkpt lat="-14.34490704" lon="132.13211244">
        <ele>204.68</ele>
        <time>2026-09-09T04:31:27Z</time>
        <extensions>
          <geotracker:meta c="5.44" s="26.29" />
        </extensions>
      </trkpt>
      <trkpt lat="-14.34172065" lon="132.12843931">
        <ele>213.54</ele>
        <time>2026-09-09T04:31:47Z</time>
        <extensions>
          <geotracker:meta c="5.44" s="26.59" />
        </extensions>
      </trkpt>
      <trkpt lat="-14.34013968" lon="132.12661746">
        <ele>215.77</ele>
        <time>2026-09-09T04:31:57Z</time>
        <extensions>
          <geotracker:meta c="5.43" s="26.39" />
        </extensions>
      </trkpt>
      <trkpt lat="-14.33856137" lon="132.1247716">
        <ele>216.34</ele>
        <time>2026-09-09T04:32:07Z</time>
        <extensions>
          <geotracker:meta c="5.44" s="26.36" />
        </extensions>
      </trkpt>
      <trkpt lat="-14.33678335" lon="132.12312325">
        <ele>214.6</ele>
        <time>2026-09-09T04:32:17Z</time>
        <extensions>
          <geotracker:meta c="5.66" s="26.43" />
        </extensions>
      </trkpt>
      <trkpt lat="-14.33476035" lon="132.12184944">
        <ele>212.73</ele>
        <time>2026-09-09T04:32:27Z</time>
        <extensions>
          <geotracker:meta c="5.76" s="27.21" />
        </extensions>
      </trkpt>
      <trkpt lat="-14.33268998" lon="132.12064257">
        <ele>209.68</ele>
        <time>2026-09-09T04:32:37Z</time>
        <extensions>
          <geotracker:meta c="5.76" s="25.41" />
        </extensions>
      </trkpt>
      <trkpt lat="-14.33070892" lon="132.11949618">
        <ele>215.89</ele>
        <time>2026-09-09T04:32:47Z</time>
        <extensions>
          <geotracker:meta c="5.76" s="25.05" />
        </extensions>
      </trkpt>
      <trkpt lat="-14.32889791" lon="132.11812503">
        <ele>219.1</ele>
        <time>2026-09-09T04:32:57Z</time>
        <extensions>
          <geotracker:meta c="5.54" s="24.52" />
        </extensions>
      </trkpt>
      <trkpt lat="-14.32752026" lon="132.11629303">
        <ele>219.1</ele>
        <time>2026-09-09T04:33:07Z</time>
        <extensions>
          <geotracker:meta c="5.27" s="25.57" />
        </extensions>
      </trkpt>
      <trkpt lat="-14.32627136" lon="132.11427117">
        <ele>224.78</ele>
        <time>2026-09-09T04:33:17Z</time>
        <extensions>
          <geotracker:meta c="5.27" s="25.94" />
        </extensions>
      </trkpt>
      <trkpt lat="-14.32500318" lon="132.11219835">
        <ele>228.17</ele>
        <time>2026-09-09T04:33:27Z</time>
        <extensions>
          <geotracker:meta c="5.34" s="27.11" />
        </extensions>
      </trkpt>
      <trkpt lat="-14.32329036" lon="132.11045111">
        <ele>229.09</ele>
        <time>2026-09-09T04:33:37Z</time>
        <extensions>
          <geotracker:meta c="5.62" s="26.27" />
        </extensions>
      </trkpt>
      <trkpt lat="-14.32137645" lon="132.10891484">
        <ele>225.28</ele>
        <time>2026-09-09T04:33:47Z</time>
        <extensions>
          <geotracker:meta c="5.62" s="27.14" />
        </extensions>
      </trkpt>
      <trkpt lat="-14.31942473" lon="132.10737979">
        <ele>221.18</ele>
        <time>2026-09-09T04:33:57Z</time>
        <extensions>
          <geotracker:meta c="5.62" s="27.31" />
        </extensions>
      </trkpt>
      <trkpt lat="-14.31751045" lon="132.10587229">
        <ele>213.71</ele>
        <time>2026-09-09T04:34:07Z</time>
        <extensions>
          <geotracker:meta c="5.63" s="26.93" />
        </extensions>
      </trkpt>
      <trkpt lat="-14.31558734" lon="132.10432548">
        <ele>223.86</ele>
        <time>2026-09-09T04:34:17Z</time>
        <extensions>
          <geotracker:meta c="5.6" s="26.97" />
        </extensions>
      </trkpt>
      <trkpt lat="-14.31367363" lon="132.10282364">
        <ele>225.88</ele>
        <time>2026-09-09T04:34:27Z</time>
        <extensions>
          <geotracker:meta c="5.63" s="26.03" />
        </extensions>
      </trkpt>
      <trkpt lat="-14.31180362" lon="132.10135331">
        <ele>233.81</ele>
        <time>2026-09-09T04:34:37Z</time>
        <extensions>
          <geotracker:meta c="5.63" s="25.78" />
        </extensions>
      </trkpt>
      <trkpt lat="-14.30998349" lon="132.09991884">
        <ele>238.19</ele>
        <time>2026-09-09T04:34:47Z</time>
        <extensions>
          <geotracker:meta c="5.63" s="25.53" />
        </extensions>
      </trkpt>
      <trkpt lat="-14.30807306" lon="132.09841165">
        <ele>241.54</ele>
        <time>2026-09-09T04:34:57Z</time>
        <extensions>
          <geotracker:meta c="5.65" s="27.09" />
        </extensions>
      </trkpt>
      <trkpt lat="-14.306143" lon="132.09694088">
        <ele>246.71</ele>
        <time>2026-09-09T04:35:07Z</time>
        <extensions>
          <geotracker:meta c="5.63" s="27.06" />
        </extensions>
      </trkpt>
      <trkpt lat="-14.3042451" lon="132.09540078">
        <ele>240.49</ele>
        <time>2026-09-09T04:35:17Z</time>
        <extensions>
          <geotracker:meta c="5.54" s="26.53" />
        </extensions>
      </trkpt>
      <trkpt lat="-14.3026475" lon="132.09352355">
        <ele>237.46</ele>
        <time>2026-09-09T04:35:27Z</time>
        <extensions>
          <geotracker:meta c="5.33" s="26.87" />
        </extensions>
      </trkpt>
      <trkpt lat="-14.30140102" lon="132.09135018">
        <ele>235.91</ele>
        <time>2026-09-09T04:35:37Z</time>
        <extensions>
          <geotracker:meta c="5.23" s="27.74" />
        </extensions>
      </trkpt>
      <trkpt lat="-14.30021551" lon="132.08918153">
        <ele>233.96</ele>
        <time>2026-09-09T04:35:47Z</time>
        <extensions>
          <geotracker:meta c="5.23" s="26.92" />
        </extensions>
      </trkpt>
      <trkpt lat="-14.29897633" lon="132.08693809">
        <ele>230.34</ele>
        <time>2026-09-09T04:35:57Z</time>
        <extensions>
          <geotracker:meta c="5.23" s="28.11" />
        </extensions>
      </trkpt>
      <trkpt lat="-14.29770753" lon="132.08462847">
        <ele>225.25</ele>
        <time>2026-09-09T04:36:07Z</time>
        <extensions>
          <geotracker:meta c="5.22" s="29.41" />
        </extensions>
      </trkpt>
      <trkpt lat="-14.29635594" lon="132.08237815">
        <ele>220.55</ele>
        <time>2026-09-09T04:36:17Z</time>
        <extensions>
          <geotracker:meta c="5.32" s="28.07" />
        </extensions>
      </trkpt>
      <trkpt lat="-14.29479457" lon="132.08036359">
        <ele>219.67</ele>
        <time>2026-09-09T04:36:27Z</time>
        <extensions>
          <geotracker:meta c="5.43" s="26.82" />
        </extensions>
      </trkpt>
      <trkpt lat="-14.29311547" lon="132.07859551">
        <ele>215.84</ele>
        <time>2026-09-09T04:36:37Z</time>
        <extensions>
          <geotracker:meta c="5.53" s="26.8" />
        </extensions>
      </trkpt>
      <trkpt lat="-14.29123591" lon="132.07701047">
        <ele>221.73</ele>
        <time>2026-09-09T04:36:47Z</time>
        <extensions>
          <geotracker:meta c="5.65" s="27.14" />
        </extensions>
      </trkpt>
      <trkpt lat="-14.28918141" lon="132.07565014">
        <ele>221.86</ele>
        <time>2026-09-09T04:36:57Z</time>
        <extensions>
          <geotracker:meta c="5.76" s="27.05" />
        </extensions>
      </trkpt>
      <trkpt lat="-14.28703401" lon="132.07454249">
        <ele>222.57</ele>
        <time>2026-09-09T04:37:07Z</time>
        <extensions>
          <geotracker:meta c="5.87" s="26.3" />
        </extensions>
      </trkpt>
      <trkpt lat="-14.28480972" lon="132.07370639">
        <ele>220.48</ele>
        <time>2026-09-09T04:37:17Z</time>
        <extensions>
          <geotracker:meta c="5.97" s="26.08" />
        </extensions>
      </trkpt>
      <trkpt lat="-14.28248078" lon="132.07311047">
        <ele>214.32</ele>
        <time>2026-09-09T04:37:27Z</time>
        <extensions>
          <geotracker:meta c="6.08" s="26.83" />
        </extensions>
      </trkpt>
      <trkpt lat="-14.28012043" lon="132.07258251">
        <ele>205.45</ele>
        <time>2026-09-09T04:37:37Z</time>
        <extensions>
          <geotracker:meta c="6.08" s="26.64" />
        </extensions>
      </trkpt>
      <trkpt lat="-14.27774259" lon="132.07208641">
        <ele>204.05</ele>
        <time>2026-09-09T04:37:47Z</time>
        <extensions>
          <geotracker:meta c="6.07" s="27" />
        </extensions>
      </trkpt>
      <trkpt lat="-14.27535974" lon="132.07154972">
        <ele>207.18</ele>
        <time>2026-09-09T04:37:57Z</time>
        <extensions>
          <geotracker:meta c="6.05" s="26.91" />
        </extensions>
      </trkpt>
      <trkpt lat="-14.27303053" lon="132.07093319">
        <ele>215.56</ele>
        <time>2026-09-09T04:38:07Z</time>
        <extensions>
          <geotracker:meta c="6" s="27.08" />
        </extensions>
      </trkpt>
      <trkpt lat="-14.27065068" lon="132.07019704">
        <ele>215.9</ele>
        <time>2026-09-09T04:38:17Z</time>
        <extensions>
          <geotracker:meta c="5.97" s="27.44" />
        </extensions>
      </trkpt>
      <trkpt lat="-14.26830989" lon="132.06932509">
        <ele>216.6</ele>
        <time>2026-09-09T04:38:27Z</time>
        <extensions>
          <geotracker:meta c="5.92" s="27.17" />
        </extensions>
      </trkpt>
      <trkpt lat="-14.26605848" lon="132.06839867">
        <ele>211.7</ele>
        <time>2026-09-09T04:38:37Z</time>
        <extensions>
          <geotracker:meta c="5.87" s="27.17" />
        </extensions>
      </trkpt>
      <trkpt lat="-14.26374954" lon="132.06731115">
        <ele>214.92</ele>
        <time>2026-09-09T04:38:47Z</time>
        <extensions>
          <geotracker:meta c="5.83" s="28.35" />
        </extensions>
      </trkpt>
      <trkpt lat="-14.26151737" lon="132.0661158">
        <ele>206.84</ele>
        <time>2026-09-09T04:38:57Z</time>
        <extensions>
          <geotracker:meta c="5.79" s="27.07" />
        </extensions>
      </trkpt>
      <trkpt lat="-14.25944095" lon="132.06489012">
        <ele>210</ele>
        <time>2026-09-09T04:39:07Z</time>
        <extensions>
          <geotracker:meta c="5.74" s="26.35" />
        </extensions>
      </trkpt>
      <trkpt lat="-14.25748348" lon="132.06361237">
        <ele>205.86</ele>
        <time>2026-09-09T04:39:17Z</time>
        <extensions>
          <geotracker:meta c="5.7" s="25.76" />
        </extensions>
      </trkpt>
      <trkpt lat="-14.25554062" lon="132.0621832">
        <ele>208.77</ele>
        <time>2026-09-09T04:39:27Z</time>
        <extensions>
          <geotracker:meta c="5.65" s="26.8" />
        </extensions>
      </trkpt>
      <trkpt lat="-14.2535773" lon="132.06067266">
        <ele>211.21</ele>
        <time>2026-09-09T04:39:37Z</time>
        <extensions>
          <geotracker:meta c="5.61" s="27" />
        </extensions>
      </trkpt>
      <trkpt lat="-14.25170993" lon="132.05905591">
        <ele>215.16</ele>
        <time>2026-09-09T04:39:47Z</time>
        <extensions>
          <geotracker:meta c="5.56" s="27" />
        </extensions>
      </trkpt>
      <trkpt lat="-14.24988615" lon="132.05734658">
        <ele>214.51</ele>
        <time>2026-09-09T04:39:57Z</time>
        <extensions>
          <geotracker:meta c="5.53" s="27.44" />
        </extensions>
      </trkpt>
      <trkpt lat="-14.24813038" lon="132.05557824">
        <ele>217.84</ele>
        <time>2026-09-09T04:40:07Z</time>
        <extensions>
          <geotracker:meta c="5.5" s="26.3" />
        </extensions>
      </trkpt>
      <trkpt lat="-14.24644311" lon="132.05380583">
        <ele>214.97</ele>
        <time>2026-09-09T04:40:17Z</time>
        <extensions>
          <geotracker:meta c="5.48" s="27.74" />
        </extensions>
      </trkpt>
      <trkpt lat="-14.24472529" lon="132.05206235">
        <ele>212.4</ele>
        <time>2026-09-09T04:40:27Z</time>
        <extensions>
          <geotracker:meta c="5.49" s="26.08" />
        </extensions>
      </trkpt>
      <trkpt lat="-14.24304073" lon="132.05036588">
        <ele>209.04</ele>
        <time>2026-09-09T04:40:37Z</time>
        <extensions>
          <geotracker:meta c="5.52" s="26.33" />
        </extensions>
      </trkpt>
      <trkpt lat="-14.24131951" lon="132.04867141">
        <ele>203.99</ele>
        <time>2026-09-09T04:40:47Z</time>
        <extensions>
          <geotracker:meta c="5.5" s="26.73" />
        </extensions>
      </trkpt>
      <trkpt lat="-14.23955819" lon="132.04687076">
        <ele>194.48</ele>
        <time>2026-09-09T04:40:57Z</time>
        <extensions>
          <geotracker:meta c="5.5" s="27.42" />
        </extensions>
      </trkpt>
      <trkpt lat="-14.23776722" lon="132.04511552">
        <ele>189.37</ele>
        <time>2026-09-09T04:41:07Z</time>
        <extensions>
          <geotracker:meta c="5.57" s="27.35" />
        </extensions>
      </trkpt>
      <trkpt lat="-14.23581114" lon="132.0436059">
        <ele>185.3</ele>
        <time>2026-09-09T04:41:17Z</time>
        <extensions>
          <geotracker:meta c="5.7" s="26.39" />
        </extensions>
      </trkpt>
      <trkpt lat="-14.2332009" lon="132.04213044">
        <ele>182.97</ele>
        <time>2026-09-09T04:41:29Z</time>
        <extensions>
          <geotracker:meta c="5.86" s="26.79" />
        </extensions>
      </trkpt>
      <trkpt lat="-14.23081399" lon="132.04120093">
        <ele>178.24</ele>
        <time>2026-09-09T04:41:40Z</time>
        <extensions>
          <geotracker:meta c="5.98" s="27.15" />
        </extensions>
      </trkpt>
      <trkpt lat="-14.22844785" lon="132.04061013">
        <ele>179.78</ele>
        <time>2026-09-09T04:41:50Z</time>
        <extensions>
          <geotracker:meta c="6.1" s="26.76" />
        </extensions>
      </trkpt>
      <trkpt lat="-14.22603699" lon="132.04035044">
        <ele>178</ele>
        <time>2026-09-09T04:42:00Z</time>
        <extensions>
          <geotracker:meta c="6.21" s="27.04" />
        </extensions>
      </trkpt>
      <trkpt lat="-14.22355883" lon="132.04015783">
        <ele>177.59</ele>
        <time>2026-09-09T04:42:10Z</time>
        <extensions>
          <geotracker:meta c="6.21" s="27.59" />
        </extensions>
      </trkpt>
      <trkpt lat="-14.22109321" lon="132.03995499">
        <ele>181.68</ele>
        <time>2026-09-09T04:42:20Z</time>
        <extensions>
          <geotracker:meta c="6.21" s="27.42" />
        </extensions>
      </trkpt>
      <trkpt lat="-14.21859608" lon="132.03978868">
        <ele>177.43</ele>
        <time>2026-09-09T04:42:30Z</time>
        <extensions>
          <geotracker:meta c="6.2" s="27.33" />
        </extensions>
      </trkpt>
      <trkpt lat="-14.21613271" lon="132.03959335">
        <ele>175.34</ele>
        <time>2026-09-09T04:42:40Z</time>
        <extensions>
          <geotracker:meta c="6.21" s="27.25" />
        </extensions>
      </trkpt>
      <trkpt lat="-14.21368335" lon="132.03940917">
        <ele>170.1</ele>
        <time>2026-09-09T04:42:50Z</time>
        <extensions>
          <geotracker:meta c="6.21" s="27.24" />
        </extensions>
      </trkpt>
      <trkpt lat="-14.2112304" lon="132.0392269">
        <ele>168.12</ele>
        <time>2026-09-09T04:43:00Z</time>
        <extensions>
          <geotracker:meta c="6.21" s="27.03" />
        </extensions>
      </trkpt>
      <trkpt lat="-14.20880659" lon="132.03905531">
        <ele>166.38</ele>
        <time>2026-09-09T04:43:10Z</time>
        <extensions>
          <geotracker:meta c="6.21" s="26.82" />
        </extensions>
      </trkpt>
      <trkpt lat="-14.20639779" lon="132.03887151">
        <ele>163.9</ele>
        <time>2026-09-09T04:43:20Z</time>
        <extensions>
          <geotracker:meta c="6.21" s="26.63" />
        </extensions>
      </trkpt>
      <trkpt lat="-14.2039538" lon="132.03867122">
        <ele>157.82</ele>
        <time>2026-09-09T04:43:30Z</time>
        <extensions>
          <geotracker:meta c="6.21" s="26.93" />
        </extensions>
      </trkpt>
      <trkpt lat="-14.20116946" lon="132.03845488">
        <ele>158.3</ele>
        <time>2026-09-09T04:43:42Z</time>
        <extensions>
          <geotracker:meta c="6.19" s="26.16" />
        </extensions>
      </trkpt>
      <trkpt lat="-14.19859378" lon="132.03816759">
        <ele>163.93</ele>
        <time>2026-09-09T04:43:53Z</time>
        <extensions>
          <geotracker:meta c="6.19" s="26.3" />
        </extensions>
      </trkpt>
      <trkpt lat="-14.19487843" lon="132.03777872">
        <ele>165.92</ele>
        <time>2026-09-09T04:44:09Z</time>
        <extensions>
          <geotracker:meta c="6.19" s="25.86" />
        </extensions>
      </trkpt>
      <trkpt lat="-14.19255062" lon="132.03746474">
        <ele>165.42</ele>
        <time>2026-09-09T04:44:19Z</time>
        <extensions>
          <geotracker:meta c="6.1" s="24.96" />
        </extensions>
      </trkpt>
      <trkpt lat="-14.19048118" lon="132.03707261">
        <ele>161.12</ele>
        <time>2026-09-09T04:44:29Z</time>
        <extensions>
          <geotracker:meta c="6.06" s="21.14" />
        </extensions>
      </trkpt>
      <trkpt lat="-14.1884453" lon="132.03656008">
        <ele>160.15</ele>
        <time>2026-09-09T04:44:41Z</time>
        <extensions>
          <geotracker:meta c="5.96" s="19.01" />
        </extensions>
      </trkpt>
      <trkpt lat="-14.18614018" lon="132.03569372">
        <ele>155.84</ele>
        <time>2026-09-09T04:44:59Z</time>
        <extensions>
          <geotracker:meta c="0.25" s="6.47" />
        </extensions>
      </trkpt>
      <trkpt lat="-14.18573271" lon="132.03626334">
        <ele>155.88</ele>
        <time>2026-09-09T04:45:09Z</time>
        <extensions>
          <geotracker:meta c="1.09" s="9.55" />
        </extensions>
      </trkpt>
      <trkpt lat="-14.18488073" lon="132.03756036">
        <ele>156.7</ele>
        <time>2026-09-09T04:45:22Z</time>
        <extensions>
          <geotracker:meta c="0.99" s="14.37" />
        </extensions>
      </trkpt>
      <trkpt lat="-14.18424976" lon="132.03856404">
        <ele>162.7</ele>
        <time>2026-09-09T04:45:32Z</time>
        <extensions>
          <geotracker:meta c="0.98" s="13.52" />
        </extensions>
      </trkpt>
      <trkpt lat="-14.18359971" lon="132.03954729">
        <ele>157.06</ele>
        <time>2026-09-09T04:45:42Z</time>
        <extensions>
          <geotracker:meta c="0.98" s="12.25" />
        </extensions>
      </trkpt>
      <trkpt lat="-14.18320918" lon="132.0408783">
        <ele>155.79</ele>
        <time>2026-09-09T04:45:52Z</time>
        <extensions>
          <geotracker:meta c="1.54" s="17.76" />
        </extensions>
      </trkpt>
      <trkpt lat="-14.18320388" lon="132.04265207">
        <ele>156.91</ele>
        <time>2026-09-09T04:46:02Z</time>
        <extensions>
          <geotracker:meta c="1.56" s="20.69" />
        </extensions>
      </trkpt>
      <trkpt lat="-14.18333038" lon="132.04452703">
        <ele>155.85</ele>
        <time>2026-09-09T04:46:12Z</time>
        <extensions>
          <geotracker:meta c="1.83" s="20.56" />
        </extensions>
      </trkpt>
      <trkpt lat="-14.18426161" lon="132.04616021">
        <ele>159.02</ele>
        <time>2026-09-09T04:46:22Z</time>
        <extensions>
          <geotracker:meta c="2.2" s="21" />
        </extensions>
      </trkpt>
      <trkpt lat="-14.18555402" lon="132.0475946">
        <ele>163.05</ele>
        <time>2026-09-09T04:46:32Z</time>
        <extensions>
          <geotracker:meta c="2.1" s="21.15" />
        </extensions>
      </trkpt>
      <trkpt lat="-14.18576459" lon="132.04956091">
        <ele>166.88</ele>
        <time>2026-09-09T04:46:42Z</time>
        <extensions>
          <geotracker:meta c="1.39" s="22.91" />
        </extensions>
      </trkpt>
      <trkpt lat="-14.18530678" lon="132.05164898">
        <ele>166.71</ele>
        <time>2026-09-09T04:46:52Z</time>
        <extensions>
          <geotracker:meta c="1.35" s="24.13" />
        </extensions>
      </trkpt>
      <trkpt lat="-14.18484858" lon="132.0537851">
        <ele>170.5</ele>
        <time>2026-09-09T04:47:02Z</time>
        <extensions>
          <geotracker:meta c="1.35" s="22.68" />
        </extensions>
      </trkpt>
      <trkpt lat="-14.18439288" lon="132.05585858">
        <ele>171.76</ele>
        <time>2026-09-09T04:47:12Z</time>
        <extensions>
          <geotracker:meta c="1.35" s="23.4" />
        </extensions>
      </trkpt>
      <trkpt lat="-14.1839599" lon="132.05792841">
        <ele>176.79</ele>
        <time>2026-09-09T04:47:22Z</time>
        <extensions>
          <geotracker:meta c="1.46" s="21.84" />
        </extensions>
      </trkpt>
      <trkpt lat="-14.18437094" lon="132.05990617">
        <ele>178.43</ele>
        <time>2026-09-09T04:47:32Z</time>
        <extensions>
          <geotracker:meta c="2.05" s="22.84" />
        </extensions>
      </trkpt>
      <trkpt lat="-14.18554722" lon="132.06172459">
        <ele>179.72</ele>
        <time>2026-09-09T04:47:42Z</time>
        <extensions>
          <geotracker:meta c="2.16" s="23.91" />
        </extensions>
      </trkpt>
      <trkpt lat="-14.18672669" lon="132.06358172">
        <ele>175.23</ele>
        <time>2026-09-09T04:47:52Z</time>
        <extensions>
          <geotracker:meta c="2.08" s="23.28" />
        </extensions>
      </trkpt>
      <trkpt lat="-14.18721799" lon="132.0656787">
        <ele>179.22</ele>
        <time>2026-09-09T04:48:02Z</time>
        <extensions>
          <geotracker:meta c="1.6" s="22.53" />
        </extensions>
      </trkpt>
      <trkpt lat="-14.18736255" lon="132.06766338">
        <ele>187.21</ele>
        <time>2026-09-09T04:48:12Z</time>
        <extensions>
          <geotracker:meta c="1.84" s="21.49" />
        </extensions>
      </trkpt>
      <trkpt lat="-14.18796467" lon="132.0696214">
        <ele>187.6</ele>
        <time>2026-09-09T04:48:22Z</time>
        <extensions>
          <geotracker:meta c="1.87" s="22.77" />
        </extensions>
      </trkpt>
      <trkpt lat="-14.18854355" lon="132.07155861">
        <ele>182.84</ele>
        <time>2026-09-09T04:48:32Z</time>
        <extensions>
          <geotracker:meta c="1.88" s="21.41" />
        </extensions>
      </trkpt>
      <trkpt lat="-14.18922747" lon="132.07348496">
        <ele>179.5</ele>
        <time>2026-09-09T04:48:42Z</time>
        <extensions>
          <geotracker:meta c="2.02" s="22.77" />
        </extensions>
      </trkpt>
      <trkpt lat="-14.19053111" lon="132.07569423">
        <ele>174.97</ele>
        <time>2026-09-09T04:48:54Z</time>
        <extensions>
          <geotracker:meta c="2.04" s="23.44" />
        </extensions>
      </trkpt>
      <trkpt lat="-14.19056449" lon="132.0775877">
        <ele>176.15</ele>
        <time>2026-09-09T04:49:04Z</time>
        <extensions>
          <geotracker:meta c="1.22" s="20.47" />
        </extensions>
      </trkpt>
      <trkpt lat="-14.1892384" lon="132.07898829">
        <ele>174.26</ele>
        <time>2026-09-09T04:49:14Z</time>
        <extensions>
          <geotracker:meta c="0.63" s="21.55" />
        </extensions>
      </trkpt>
      <trkpt lat="-14.18816694" lon="132.08039711">
        <ele>169.91</ele>
        <time>2026-09-09T04:49:23Z</time>
        <extensions>
          <geotracker:meta c="1.15" s="21.2" />
        </extensions>
      </trkpt>
      <trkpt lat="-14.18753102" lon="132.08292793">
        <ele>167.7</ele>
        <time>2026-09-09T04:49:36Z</time>
        <extensions>
          <geotracker:meta c="1.28" s="20.82" />
        </extensions>
      </trkpt>
      <trkpt lat="-14.18569826" lon="132.08636533">
        <ele>173.78</ele>
        <time>2026-09-09T04:49:56Z</time>
        <extensions>
          <geotracker:meta c="1.11" s="20.38" />
        </extensions>
      </trkpt>
      <trkpt lat="-14.18495415" lon="132.08806391">
        <ele>177.49</ele>
        <time>2026-09-09T04:50:06Z</time>
        <extensions>
          <geotracker:meta c="1.19" s="20.69" />
        </extensions>
      </trkpt>
      <trkpt lat="-14.18390958" lon="132.09199857">
        <ele>177.72</ele>
        <time>2026-09-09T04:50:26Z</time>
        <extensions>
          <geotracker:meta c="1.26" s="21.38" />
        </extensions>
      </trkpt>
      <trkpt lat="-14.1826349" lon="132.09381681">
        <ele>177</ele>
        <time>2026-09-09T04:50:37Z</time>
        <extensions>
          <geotracker:meta c="0.79" s="23.11" />
        </extensions>
      </trkpt>
      <trkpt lat="-14.18102859" lon="132.09545666">
        <ele>176.03</ele>
        <time>2026-09-09T04:50:48Z</time>
        <extensions>
          <geotracker:meta c="0.77" s="22.21" />
        </extensions>
      </trkpt>
      <trkpt lat="-14.17889287" lon="132.0972819">
        <ele>178.15</ele>
        <time>2026-09-09T04:51:02Z</time>
        <extensions>
          <geotracker:meta c="0.53" s="21.68" />
        </extensions>
      </trkpt>
      <trkpt lat="-14.17696776" lon="132.09891185">
        <ele>173.38</ele>
        <time>2026-09-09T04:51:16Z</time>
        <extensions>
          <geotracker:meta c="0.99" s="19.71" />
        </extensions>
      </trkpt>
      <trkpt lat="-14.17620099" lon="132.10068224">
        <ele>165.49</ele>
        <time>2026-09-09T04:51:26Z</time>
        <extensions>
          <geotracker:meta c="1.28" s="21.26" />
        </extensions>
      </trkpt>
      <trkpt lat="-14.17633" lon="132.10261874">
        <ele>165.95</ele>
        <time>2026-09-09T04:51:36Z</time>
        <extensions>
          <geotracker:meta c="1.71" s="21.07" />
        </extensions>
      </trkpt>
      <trkpt lat="-14.17615563" lon="132.10434362">
        <ele>166.69</ele>
        <time>2026-09-09T04:51:45Z</time>
        <extensions>
          <geotracker:meta c="1.17" s="20.78" />
        </extensions>
      </trkpt>
      <trkpt lat="-14.17544362" lon="132.10606535">
        <ele>170.07</ele>
        <time>2026-09-09T04:51:55Z</time>
        <extensions>
          <geotracker:meta c="1.48" s="19.69" />
        </extensions>
      </trkpt>
      <trkpt lat="-14.17526009" lon="132.10842448">
        <ele>169.8</ele>
        <time>2026-09-09T04:52:07Z</time>
        <extensions>
          <geotracker:meta c="1.48" s="21.43" />
        </extensions>
      </trkpt>
      <trkpt lat="-14.17509717" lon="132.11045173">
        <ele>173.2</ele>
        <time>2026-09-09T04:52:17Z</time>
        <extensions>
          <geotracker:meta c="1.49" s="21.82" />
        </extensions>
      </trkpt>
      <trkpt lat="-14.17506092" lon="132.11240837">
        <ele>169.14</ele>
        <time>2026-09-09T04:52:27Z</time>
        <extensions>
          <geotracker:meta c="1.59" s="20.06" />
        </extensions>
      </trkpt>
      <trkpt lat="-14.17552511" lon="132.11410763">
        <ele>170.73</ele>
        <time>2026-09-09T04:52:37Z</time>
        <extensions>
          <geotracker:meta c="1.93" s="19.29" />
        </extensions>
      </trkpt>
      <trkpt lat="-14.17538197" lon="132.11629328">
        <ele>170.59</ele>
        <time>2026-09-09T04:52:49Z</time>
        <extensions>
          <geotracker:meta c="1.27" s="20.97" />
        </extensions>
      </trkpt>
      <trkpt lat="-14.17278731" lon="132.11931527">
        <ele>163.56</ele>
        <time>2026-09-09T04:53:09Z</time>
        <extensions>
          <geotracker:meta c="0.65" s="22.5" />
        </extensions>
      </trkpt>
      <trkpt lat="-14.17010599" lon="132.12117748">
        <ele>164.31</ele>
        <time>2026-09-09T04:53:27Z</time>
        <extensions>
          <geotracker:meta c="0.65" s="19.84" />
        </extensions>
      </trkpt>
      <trkpt lat="-14.16868874" lon="132.12286093">
        <ele>169.4</ele>
        <time>2026-09-09T04:53:39Z</time>
        <extensions>
          <geotracker:meta c="1.13" s="19.66" />
        </extensions>
      </trkpt>
      <trkpt lat="-14.1684629" lon="132.12466472">
        <ele>167.6</ele>
        <time>2026-09-09T04:53:49Z</time>
        <extensions>
          <geotracker:meta c="1.5" s="20.16" />
        </extensions>
      </trkpt>
      <trkpt lat="-14.16834086" lon="132.1265412">
        <ele>170.68</ele>
        <time>2026-09-09T04:53:59Z</time>
        <extensions>
          <geotracker:meta c="1.5" s="19.59" />
        </extensions>
      </trkpt>
      <trkpt lat="-14.1681971" lon="132.12837006">
        <ele>169.68</ele>
        <time>2026-09-09T04:54:09Z</time>
        <extensions>
          <geotracker:meta c="1.49" s="20.31" />
        </extensions>
      </trkpt>
      <trkpt lat="-14.16804923" lon="132.13031399">
        <ele>166.67</ele>
        <time>2026-09-09T04:54:19Z</time>
        <extensions>
          <geotracker:meta c="1.5" s="21.4" />
        </extensions>
      </trkpt>
      <trkpt lat="-14.16789112" lon="132.1323011">
        <ele>167.15</ele>
        <time>2026-09-09T04:54:29Z</time>
        <extensions>
          <geotracker:meta c="1.5" s="21.32" />
        </extensions>
      </trkpt>
      <trkpt lat="-14.16796089" lon="132.13425313">
        <ele>164.07</ele>
        <time>2026-09-09T04:54:39Z</time>
        <extensions>
          <geotracker:meta c="1.63" s="20.02" />
        </extensions>
      </trkpt>
      <trkpt lat="-14.16808047" lon="132.1361662">
        <ele>165.46</ele>
        <time>2026-09-09T04:54:49Z</time>
        <extensions>
          <geotracker:meta c="1.67" s="21.78" />
        </extensions>
      </trkpt>
      <trkpt lat="-14.16848429" lon="132.13805296">
        <ele>167.39</ele>
        <time>2026-09-09T04:54:59Z</time>
        <extensions>
          <geotracker:meta c="1.82" s="19.61" />
        </extensions>
      </trkpt>
      <trkpt lat="-14.16817013" lon="132.1397998">
        <ele>173.92</ele>
        <time>2026-09-09T04:55:09Z</time>
        <extensions>
          <geotracker:meta c="1.08" s="20.35" />
        </extensions>
      </trkpt>
      <trkpt lat="-14.16773853" lon="132.14132526">
        <ele>177.75</ele>
        <time>2026-09-09T04:55:18Z</time>
        <extensions>
          <geotracker:meta c="1.72" s="18.88" />
        </extensions>
      </trkpt>
      <trkpt lat="-14.16885439" lon="132.14268213">
        <ele>166.06</ele>
        <time>2026-09-09T04:55:28Z</time>
        <extensions>
          <geotracker:meta c="2.54" s="20.69" />
        </extensions>
      </trkpt>
      <trkpt lat="-14.17042594" lon="132.14380541">
        <ele>163.97</ele>
        <time>2026-09-09T04:55:38Z</time>
        <extensions>
          <geotracker:meta c="2.55" s="21.07" />
        </extensions>
      </trkpt>
      <trkpt lat="-14.17196935" lon="132.14491797">
        <ele>166.27</ele>
        <time>2026-09-09T04:55:48Z</time>
        <extensions>
          <geotracker:meta c="2.44" s="20.51" />
        </extensions>
      </trkpt>
      <trkpt lat="-14.17296636" lon="132.146448">
        <ele>168.51</ele>
        <time>2026-09-09T04:55:58Z</time>
        <extensions>
          <geotracker:meta c="1.97" s="19.6" />
        </extensions>
      </trkpt>
      <trkpt lat="-14.17371968" lon="132.14828962">
        <ele>168.64</ele>
        <time>2026-09-09T04:56:09Z</time>
        <extensions>
          <geotracker:meta c="1.97" s="19.25" />
        </extensions>
      </trkpt>
      <trkpt lat="-14.17443913" lon="132.15042275">
        <ele>169.82</ele>
        <time>2026-09-09T04:56:21Z</time>
        <extensions>
          <geotracker:meta c="1.81" s="21.67" />
        </extensions>
      </trkpt>
      <trkpt lat="-14.17473375" lon="132.15290381">
        <ele>167.49</ele>
        <time>2026-09-09T04:56:33Z</time>
        <extensions>
          <geotracker:meta c="1.65" s="20.73" />
        </extensions>
      </trkpt>
      <trkpt lat="-14.17492222" lon="132.1550055">
        <ele>168.47</ele>
        <time>2026-09-09T04:56:44Z</time>
        <extensions>
          <geotracker:meta c="1.66" s="22.08" />
        </extensions>
      </trkpt>
      <trkpt lat="-14.1750813" lon="132.1569478">
        <ele>178.17</ele>
        <time>2026-09-09T04:56:54Z</time>
        <extensions>
          <geotracker:meta c="1.66" s="20.13" />
        </extensions>
      </trkpt>
      <trkpt lat="-14.17523277" lon="132.15875455">
        <ele>176.26</ele>
        <time>2026-09-09T04:57:04Z</time>
        <extensions>
          <geotracker:meta c="1.69" s="19.66" />
        </extensions>
      </trkpt>
      <trkpt lat="-14.17559534" lon="132.16065633">
        <ele>172.13</ele>
        <time>2026-09-09T04:57:14Z</time>
        <extensions>
          <geotracker:meta c="1.78" s="22.74" />
        </extensions>
      </trkpt>
      <trkpt lat="-14.17565813" lon="132.16266299">
        <ele>172.97</ele>
        <time>2026-09-09T04:57:24Z</time>
        <extensions>
          <geotracker:meta c="1.34" s="20.82" />
        </extensions>
      </trkpt>
      <trkpt lat="-14.17481268" lon="132.1642921">
        <ele>173.6</ele>
        <time>2026-09-09T04:57:34Z</time>
        <extensions>
          <geotracker:meta c="0.96" s="19.91" />
        </extensions>
      </trkpt>
      <trkpt lat="-14.17374088" lon="132.16586906">
        <ele>176.72</ele>
        <time>2026-09-09T04:57:44Z</time>
        <extensions>
          <geotracker:meta c="0.97" s="20.71" />
        </extensions>
      </trkpt>
      <trkpt lat="-14.17293379" lon="132.16746188">
        <ele>177.54</ele>
        <time>2026-09-09T04:57:54Z</time>
        <extensions>
          <geotracker:meta c="1.41" s="18.39" />
        </extensions>
      </trkpt>
      <trkpt lat="-14.17350103" lon="132.16901368">
        <ele>175.9</ele>
        <time>2026-09-09T04:58:04Z</time>
        <extensions>
          <geotracker:meta c="2.27" s="18.65" />
        </extensions>
      </trkpt>
      <trkpt lat="-14.17449957" lon="132.17020772">
        <ele>180.26</ele>
        <time>2026-09-09T04:58:14Z</time>
        <extensions>
          <geotracker:meta c="2.28" s="16" />
        </extensions>
      </trkpt>
      <trkpt lat="-14.17542869" lon="132.17134383">
        <ele>182.17</ele>
        <time>2026-09-09T04:58:24Z</time>
        <extensions>
          <geotracker:meta c="2.26" s="16.45" />
        </extensions>
      </trkpt>
      <trkpt lat="-14.17616003" lon="132.17269333">
        <ele>183.87</ele>
        <time>2026-09-09T04:58:34Z</time>
        <extensions>
          <geotracker:meta c="1.87" s="17.34" />
        </extensions>
      </trkpt>
      <trkpt lat="-14.17614828" lon="132.17444797">
        <ele>182.01</ele>
        <time>2026-09-09T04:58:44Z</time>
        <extensions>
          <geotracker:meta c="1.32" s="19.87" />
        </extensions>
      </trkpt>
      <trkpt lat="-14.17532715" lon="132.17587472">
        <ele>184.43</ele>
        <time>2026-09-09T04:58:54Z</time>
        <extensions>
          <geotracker:meta c="0.81" s="17.06" />
        </extensions>
      </trkpt>
      <trkpt lat="-14.17409542" lon="132.17672685">
        <ele>185.08</ele>
        <time>2026-09-09T04:59:04Z</time>
        <extensions>
          <geotracker:meta c="0.54" s="16.34" />
        </extensions>
      </trkpt>
      <trkpt lat="-14.17296719" lon="132.17743416">
        <ele>186.73</ele>
        <time>2026-09-09T04:59:14Z</time>
        <extensions>
          <geotracker:meta c="0.55" s="13.12" />
        </extensions>
      </trkpt>
      <trkpt lat="-14.17207992" lon="132.17831405">
        <ele>188.61</ele>
        <time>2026-09-09T04:59:24Z</time>
        <extensions>
          <geotracker:meta c="0.96" s="14.27" />
        </extensions>
      </trkpt>
      <trkpt lat="-14.17165321" lon="132.17963659">
        <ele>193.72</ele>
        <time>2026-09-09T04:59:34Z</time>
        <extensions>
          <geotracker:meta c="1.47" s="16.16" />
        </extensions>
      </trkpt>
      <trkpt lat="-14.17179239" lon="132.18103448">
        <ele>195.69</ele>
        <time>2026-09-09T04:59:44Z</time>
        <extensions>
          <geotracker:meta c="1.7" s="15.34" />
        </extensions>
      </trkpt>
      <trkpt lat="-14.17192384" lon="132.18235554">
        <ele>193.67</ele>
        <time>2026-09-09T04:59:54Z</time>
        <extensions>
          <geotracker:meta c="1.62" s="13.64" />
        </extensions>
      </trkpt>
      <trkpt lat="-14.1719807" lon="132.18359805">
        <ele>190.1</ele>
        <time>2026-09-09T05:00:04Z</time>
        <extensions>
          <geotracker:meta c="1.65" s="13.39" />
        </extensions>
      </trkpt>
      <trkpt lat="-14.17265702" lon="132.18471051">
        <ele>185.49</ele>
        <time>2026-09-09T05:00:14Z</time>
        <extensions>
          <geotracker:meta c="2.48" s="15.59" />
        </extensions>
      </trkpt>
      <trkpt lat="-14.17399078" lon="132.18502715">
        <ele>183.83</ele>
        <time>2026-09-09T05:00:24Z</time>
        <extensions>
          <geotracker:meta c="3.06" s="15.12" />
        </extensions>
      </trkpt>
      <trkpt lat="-14.17524545" lon="132.18537743">
        <ele>175.28</ele>
        <time>2026-09-09T05:00:34Z</time>
        <extensions>
          <geotracker:meta c="2.6" s="13.13" />
        </extensions>
      </trkpt>
      <trkpt lat="-14.17612999" lon="132.18599097">
        <ele>181.84</ele>
        <time>2026-09-09T05:00:44Z</time>
        <extensions>
          <geotracker:meta c="2.57" s="11.66" />
        </extensions>
      </trkpt>
      <trkpt lat="-14.17697809" lon="132.18654496">
        <ele>181.16</ele>
        <time>2026-09-09T05:00:54Z</time>
        <extensions>
          <geotracker:meta c="2.49" s="10.21" />
        </extensions>
      </trkpt>
      <trkpt lat="-14.17751071" lon="132.18713368">
        <ele>186.04</ele>
        <time>2026-09-09T05:01:04Z</time>
        <extensions>
          <geotracker:meta c="2.2" s="5.44" />
        </extensions>
      </trkpt>
      <trkpt lat="-14.1782934" lon="132.18803529">
        <ele>184.83</ele>
        <time>2026-09-09T05:01:24Z</time>
        <extensions>
          <geotracker:meta c="2.47" s="7.95" />
        </extensions>
      </trkpt>
      <trkpt lat="-14.1786636" lon="132.18831144">
        <ele>189.6</ele>
        <time>2026-09-09T05:01:34Z</time>
        <extensions>
          <geotracker:meta c="2.55" s="3.86" />
        </extensions>
      </trkpt>
      <trkpt lat="-14.17937382" lon="132.18877885">
        <ele>184.14</ele>
        <time>2026-09-09T05:01:54Z</time>
        <extensions>
          <geotracker:meta c="2.59" s="4.14" />
        </extensions>
      </trkpt>
      <trkpt lat="-14.18003056" lon="132.18863465">
        <ele>181.08</ele>
        <time>2026-09-09T05:02:14Z</time>
        <extensions>
          <geotracker:meta c="3.77" s="2.8" />
        </extensions>
      </trkpt>
      <trkpt lat="-14.18029179" lon="132.18820245">
        <ele>177.34</ele>
        <time>2026-09-09T05:02:34Z</time>
        <extensions>
          <geotracker:meta c="4.59" s="2.06" />
        </extensions>
      </trkpt>
      <trkpt lat="-14.17989336" lon="132.18780716">
        <ele>180.81</ele>
        <time>2026-09-09T05:03:04Z</time>
        <extensions>
          <geotracker:meta c="6.24" s="2.63" />
        </extensions>
      </trkpt>
      <trkpt lat="-14.17969837" lon="132.18733638">
        <ele>180</ele>
        <time>2026-09-09T05:03:34Z</time>
        <extensions>
          <geotracker:meta c="3.27" s="0.94" />
        </extensions>
      </trkpt>
      <trkpt lat="-14.18041215" lon="132.18800968">
        <ele>180.22</ele>
        <time>2026-09-09T05:58:25Z</time>
        <extensions>
          <geotracker:meta c="1.72" s="0.94" />
        </extensions>
      </trkpt>
      <trkpt lat="-14.18019762" lon="132.18849907">
        <ele>177.4</ele>
        <time>2026-09-09T06:00:11Z</time>
        <extensions>
          <geotracker:meta c="2.43" s="1.69" />
        </extensions>
      </trkpt>
      <trkpt lat="-14.18064846" lon="132.18874241">
        <ele>180.33</ele>
        <time>2026-09-09T06:00:50Z</time>
        <extensions>
          <geotracker:meta c="2.17" s="1.09" />
        </extensions>
      </trkpt>
      <trkpt lat="-14.18108008" lon="132.18928554">
        <ele>174.71</ele>
        <time>2026-09-09T06:06:28Z</time>
        <extensions>
          <geotracker:meta c="2.75" s="0.89" />
        </extensions>
      </trkpt>
      <trkpt lat="-14.1815925" lon="132.18924425">
        <ele>179.39</ele>
        <time>2026-09-09T06:07:18Z</time>
        <extensions>
          <geotracker:meta c="3.19" s="0.94" />
        </extensions>
      </trkpt>
      <trkpt lat="-14.1816941" lon="132.18904594">
        <ele>173.33</ele>
        <time>2026-09-09T06:50:48Z</time>
        <extensions>
          <geotracker:meta c="3.12" s="0.96" />
        </extensions>
      </trkpt>
      <trkpt lat="-14.18219056" lon="132.18891268">
        <ele>180.28</ele>
        <time>2026-09-09T06:52:44Z</time>
        <extensions>
          <geotracker:meta c="3.82" s="1.28" />
        </extensions>
      </trkpt>
      <trkpt lat="-14.18247621" lon="132.18842927">
        <ele>179.14</ele>
        <time>2026-09-09T06:53:33Z</time>
        <extensions>
          <geotracker:meta c="4.19" s="1.1" />
        </extensions>
      </trkpt>
      <trkpt lat="-14.18291142" lon="132.18803705">
        <ele>184.78</ele>
        <time>2026-09-09T06:54:24Z</time>
        <extensions>
          <geotracker:meta c="3.57" s="1.19" />
        </extensions>
      </trkpt>
      <trkpt lat="-14.18339126" lon="132.1879159">
        <ele>192.69</ele>
        <time>2026-09-09T06:55:14Z</time>
        <extensions>
          <geotracker:meta c="3.2" s="1.2" />
        </extensions>
      </trkpt>
      <trkpt lat="-14.18393818" lon="132.18786211">
        <ele>199.77</ele>
        <time>2026-09-09T06:56:14Z</time>
        <extensions>
          <geotracker:meta c="3.06" s="0.75" />
        </extensions>
      </trkpt>
      <trkpt lat="-14.18375465" lon="132.18837403">
        <ele>206.83</ele>
        <time>2026-09-09T06:57:04Z</time>
        <extensions>
          <geotracker:meta c="1.33" s="0.78" />
        </extensions>
      </trkpt>
      <trkpt lat="-14.18351039" lon="132.18878495">
        <ele>231.68</ele>
        <time>2026-09-09T06:59:14Z</time>
        <extensions>
          <geotracker:meta c="0.53" s="1.15" />
        </extensions>
      </trkpt>
      <trkpt lat="-14.18343721" lon="132.18941279">
        <ele>224.2</ele>
        <time>2026-09-09T07:00:28Z</time>
        <extensions>
          <geotracker:meta c="1.36" s="0.8" />
        </extensions>
      </trkpt>
      <trkpt lat="-14.18344399" lon="132.18988539">
        <ele>220.79</ele>
        <time>2026-09-09T07:01:20Z</time>
        <extensions>
          <geotracker:meta c="1.1" s="1.25" />
        </extensions>
      </trkpt>
      <trkpt lat="-14.18342146" lon="132.1903915">
        <ele>222.6</ele>
        <time>2026-09-09T07:02:28Z</time>
        <extensions>
          <geotracker:meta c="0.12" s="0.78" />
        </extensions>
      </trkpt>
      <trkpt lat="-14.18305023" lon="132.19070878">
        <ele>223.29</ele>
        <time>2026-09-09T07:03:29Z</time>
        <extensions>
          <geotracker:meta c="6.16" s="1.11" />
        </extensions>
      </trkpt>
      <trkpt lat="-14.18271943" lon="132.19108985">
        <ele>229.52</ele>
        <time>2026-09-09T07:04:29Z</time>
        <extensions>
          <geotracker:meta c="0.11" s="0.93" />
        </extensions>
      </trkpt>
      <trkpt lat="-14.18284863" lon="132.19156006">
        <ele>225.57</ele>
        <time>2026-09-09T07:05:19Z</time>
        <extensions>
          <geotracker:meta c="1.35" s="1.11" />
        </extensions>
      </trkpt>
      <trkpt lat="-14.18315161" lon="132.19194796">
        <ele>231.36</ele>
        <time>2026-09-09T07:06:00Z</time>
        <extensions>
          <geotracker:meta c="1.38" s="1.08" />
        </extensions>
      </trkpt>
      <trkpt lat="-14.18260606" lon="132.19223406">
        <ele>222.07</ele>
        <time>2026-09-09T07:07:07Z</time>
        <extensions>
          <geotracker:meta c="0.45" s="0.93" />
        </extensions>
      </trkpt>
      <trkpt lat="-14.18210727" lon="132.19242146">
        <ele>222.8</ele>
        <time>2026-09-09T07:07:55Z</time>
        <extensions>
          <geotracker:meta c="0.45" s="1.08" />
        </extensions>
      </trkpt>
      <trkpt lat="-14.18202815" lon="132.19229792">
        <ele>222.8</ele>
        <time>2026-09-09T07:10:44Z</time>
        <extensions>
          <geotracker:meta c="4.09" s="0.82" />
        </extensions>
      </trkpt>
      <trkpt lat="-14.18253263" lon="132.19323995">
        <ele>224.92</ele>
        <time>2026-09-09T07:30:19Z</time>
        <extensions>
          <geotracker:meta c="1.34" s="1.22" />
        </extensions>
      </trkpt>
      <trkpt lat="-14.18239112" lon="132.19371422">
        <ele>229.35</ele>
        <time>2026-09-09T07:31:02Z</time>
        <extensions>
          <geotracker:meta c="1.23" s="0.86" />
        </extensions>
      </trkpt>
      <trkpt lat="-14.18204769" lon="132.1941875">
        <ele>229.15</ele>
        <time>2026-09-09T07:32:02Z</time>
        <extensions>
          <geotracker:meta c="0.29" s="1.4" />
        </extensions>
      </trkpt>
      <trkpt lat="-14.18154564" lon="132.19423821">
        <ele>228.8</ele>
        <time>2026-09-09T07:33:00Z</time>
        <extensions>
          <geotracker:meta c="6.13" s="1.02" />
        </extensions>
      </trkpt>
      <trkpt lat="-14.18104576" lon="132.19421192">
        <ele>213.22</ele>
        <time>2026-09-09T07:34:51Z</time>
        <extensions>
          <geotracker:meta c="5.88" s="2.01" />
        </extensions>
      </trkpt>
      <trkpt lat="-14.17962813" lon="132.19383551">
        <ele>228.12</ele>
        <time>2026-09-09T08:20:31Z</time>
        <extensions>
          <geotracker:meta c="5.5" s="0.76" />
        </extensions>
      </trkpt>
      <trkpt lat="-14.17983214" lon="132.19332211">
        <ele>242.26</ele>
        <time>2026-09-09T08:22:13Z</time>
        <extensions>
          <geotracker:meta c="4.4" s="0.8" />
        </extensions>
      </trkpt>
      <trkpt lat="-14.17999009" lon="132.19274519">
        <ele>244.22</ele>
        <time>2026-09-09T08:23:43Z</time>
        <extensions>
          <geotracker:meta c="5.2" s="0.88" />
        </extensions>
      </trkpt>
      <trkpt lat="-14.18010452" lon="132.19271235">
        <ele>242.48</ele>
        <time>2026-09-09T08:27:03Z</time>
        <extensions>
          <geotracker:meta c="6.23" s="0.8" />
        </extensions>
      </trkpt>
      <trkpt lat="-14.17977821" lon="132.19290574">
        <ele>248.63</ele>
        <time>2026-09-09T08:29:23Z</time>
        <extensions>
          <geotracker:meta c="0.77" s="0.82" />
        </extensions>
      </trkpt>
      <trkpt lat="-14.17924302" lon="132.19311105">
        <ele>242.55</ele>
        <time>2026-09-09T08:30:23Z</time>
        <extensions>
          <geotracker:meta c="0.25" s="0.92" />
        </extensions>
      </trkpt>
      <trkpt lat="-14.17877947" lon="132.1930248">
        <ele>244.93</ele>
        <time>2026-09-09T08:31:03Z</time>
        <extensions>
          <geotracker:meta c="5.87" s="1.21" />
        </extensions>
      </trkpt>
      <trkpt lat="-14.17850612" lon="132.19256796">
        <ele>237.97</ele>
        <time>2026-09-09T08:31:52Z</time>
        <extensions>
          <geotracker:meta c="5.9" s="1.22" />
        </extensions>
      </trkpt>
      <trkpt lat="-14.17804245" lon="132.19220469">
        <ele>237.34</ele>
        <time>2026-09-09T08:32:42Z</time>
        <extensions>
          <geotracker:meta c="5.97" s="1.37" />
        </extensions>
      </trkpt>
      <trkpt lat="-14.17762585" lon="132.19187856">
        <ele>235.51</ele>
        <time>2026-09-09T08:33:32Z</time>
        <extensions>
          <geotracker:meta c="5.6" s="1.15" />
        </extensions>
      </trkpt>
      <trkpt lat="-14.177365" lon="132.19126849">
        <ele>243.69</ele>
        <time>2026-09-09T08:34:33Z</time>
        <extensions>
          <geotracker:meta c="5.83" s="1.69" />
        </extensions>
      </trkpt>
      <trkpt lat="-14.17733764" lon="132.19065598">
        <ele>233.48</ele>
        <time>2026-09-09T08:35:52Z</time>
        <extensions>
          <geotracker:meta c="5.19" s="1.45" />
        </extensions>
      </trkpt>
      <trkpt lat="-14.17789993" lon="132.19035364">
        <ele>218.84</ele>
        <time>2026-09-09T08:37:07Z</time>
        <extensions>
          <geotracker:meta c="3.31" s="0.9" />
        </extensions>
      </trkpt>
      <trkpt lat="-14.17816307" lon="132.18995461">
        <ele>208.82</ele>
        <time>2026-09-09T08:38:09Z</time>
        <extensions>
          <geotracker:meta c="4.6" s="0.74" />
        </extensions>
      </trkpt>
      <trkpt lat="-14.17854019" lon="132.18945246">
        <ele>194.1</ele>
        <time>2026-09-09T08:39:27Z</time>
        <extensions>
          <geotracker:meta c="3.7" s="0.65" />
        </extensions>
      </trkpt>
      <trkpt lat="-14.17893274" lon="132.18914675">
        <ele>192.95</ele>
        <time>2026-09-09T08:40:39Z</time>
        <extensions>
          <geotracker:meta c="4.82" s="3.05" />
        </extensions>
      </trkpt>
      <trkpt lat="-14.17921332" lon="132.18869141">
        <ele>190.27</ele>
        <time>2026-09-09T08:41:57Z</time>
        <extensions>
          <geotracker:meta c="4.2" s="1.59" />
        </extensions>
      </trkpt>
      <trkpt lat="-14.17970214" lon="132.18849338">
        <ele>185.99</ele>
        <time>2026-09-09T08:42:48Z</time>
        <extensions>
          <geotracker:meta c="3.21" s="1.06" />
        </extensions>
      </trkpt>
      <trkpt lat="-14.18018701" lon="132.18833558">
        <ele>189.9</ele>
        <time>2026-09-09T08:43:39Z</time>
        <extensions>
          <geotracker:meta c="4.4" s="0.96" />
        </extensions>
      </trkpt>
      <trkpt lat="-14.17994873" lon="132.18772288">
        <ele>185.75</ele>
        <time>2026-09-09T08:44:49Z</time>
        <extensions>
          <geotracker:meta c="5.5" s="1.02" />
        </extensions>
      </trkpt>
      <trkpt lat="-14.17966914" lon="132.1873773">
        <ele>184.07</ele>
        <time>2026-09-09T08:54:51Z</time>
        <extensions>
          <geotracker:meta c="4.52" s="1.61" />
        </extensions>
      </trkpt>
      <trkpt lat="-14.17980289" lon="132.18754589">
        <ele>182.48</ele>
        <time>2026-09-09T09:00:33Z</time>
        <extensions>
          <geotracker:meta c="5.31" s="0.16" />
        </extensions>
      </trkpt>
    </trkseg>
  </trk>
</gpx>