<?xml version='1.0' encoding='UTF-8' standalone='yes' ?>
<gpx xmlns="http://www.topografix.com/GPX/1/1" xmlns:geotracker="http://ilyabogdanovich.com/gpx/extensions/geotracker" xmlns:xsi="http://www.w3.org/2001/XMLSchema-instance" xsi:schemaLocation="http://www.topografix.com/GPX/1/1 http://www.topografix.com/GPX/1/1/gpx.xsd" version="1.1" creator="Recorded in Geo Tracker for Android from Ilya Bogdanovich">
  <metadata>
    <name>Jarnem</name>
    <author>
      <name>Recorded in Geo Tracker for Android from Ilya Bogdanovich</name>
      <link href="https://play.google.com/store/apps/details?id=com.ilyabogdanovich.geotracker" />
    </author>
    <link href="https://play.google.com/store/apps/details?id=com.ilyabogdanovich.geotracker" />
    <time>2026-09-12T23:05:32Z</time>
  </metadata>
  <wpt lat="-15.66243132" lon="130.48042398">
    <ele>68.11</ele>
    <time>2026-09-13T00:38:43Z</time>
    <name>Stop for ~42 min</name>
    <desc>Elevation: 68 m
Time from start: 01:33:10
Distance from start: 80.06 km</desc>
    <extensions>
      <geotracker:meta emoji="⏱️" />
    </extensions>
  </wpt>
  <wpt lat="-15.66201208" lon="130.48050138">
    <ele>68.8</ele>
    <time>2026-09-13T01:21:02Z</time>
    <name>Stop for ~8 min</name>
    <desc>Elevation: 69 m
Time from start: 02:15:29
Distance from start: 80.16 km</desc>
    <extensions>
      <geotracker:meta emoji="⏱️" />
    </extensions>
  </wpt>
  <wpt lat="-15.56598074" lon="130.36810799">
    <ele>52.28</ele>
    <time>2026-09-13T02:55:50Z</time>
    <name>Stop for ~4 min</name>
    <desc>Elevation: 52 m
Time from start: 03:50:17
Distance from start: 101 km</desc>
    <extensions>
      <geotracker:meta emoji="⏱️" />
    </extensions>
  </wpt>
  <trk>
    <name>Jarnem</name>
    <src>Recorded in Geo Tracker for Android from Ilya Bogdanovich</src>
    <link href="https://play.google.com/store/apps/details?id=com.ilyabogdanovich.geotracker" />
    <extensions>
      <geotracker:meta>
        <geotracker:length>301824.05</geotracker:length>
        <geotracker:duration>25324760</geotracker:duration>
        <geotracker:creationtime>2026-09-12T23:05:32Z</geotracker:creationtime>
        <geotracker:activity>0</geotracker:activity>
      </geotracker:meta>
    </extensions>
    <trkseg>
      <trkpt lat="-15.59113399" lon="131.09703763">
        <ele>88.35</ele>
        <time>2026-09-12T23:08:12Z</time>
        <extensions>
          <geotracker:meta c="4.66" s="18.36" />
        </extensions>
      </trkpt>
      <trkpt lat="-15.59109985" lon="131.09531163">
        <ele>88.97</ele>
        <time>2026-09-12T23:08:22Z</time>
        <extensions>
          <geotracker:meta c="4.82" s="18.55" />
        </extensions>
      </trkpt>
      <trkpt lat="-15.59081384" lon="131.09354394">
        <ele>90.35</ele>
        <time>2026-09-12T23:08:32Z</time>
        <extensions>
          <geotracker:meta c="4.95" s="19.46" />
        </extensions>
      </trkpt>
      <trkpt lat="-15.59038553" lon="131.09183721">
        <ele>97.81</ele>
        <time>2026-09-12T23:08:42Z</time>
        <extensions>
          <geotracker:meta c="4.97" s="18.34" />
        </extensions>
      </trkpt>
      <trkpt lat="-15.59003563" lon="131.09030617">
        <ele>101.12</ele>
        <time>2026-09-12T23:08:52Z</time>
        <extensions>
          <geotracker:meta c="4.99" s="16.99" />
        </extensions>
      </trkpt>
      <trkpt lat="-15.58942416" lon="131.08880981">
        <ele>96.13</ele>
        <time>2026-09-12T23:09:02Z</time>
        <extensions>
          <geotracker:meta c="5.22" s="17.05" />
        </extensions>
      </trkpt>
      <trkpt lat="-15.588767" lon="131.08747022">
        <ele>95.23</ele>
        <time>2026-09-12T23:09:12Z</time>
        <extensions>
          <geotracker:meta c="5.1" s="15.68" />
        </extensions>
      </trkpt>
      <trkpt lat="-15.58839253" lon="131.08593447">
        <ele>91.78</ele>
        <time>2026-09-12T23:09:22Z</time>
        <extensions>
          <geotracker:meta c="4.89" s="17.76" />
        </extensions>
      </trkpt>
      <trkpt lat="-15.58825881" lon="131.08431408">
        <ele>87.97</ele>
        <time>2026-09-12T23:09:32Z</time>
        <extensions>
          <geotracker:meta c="4.67" s="17.73" />
        </extensions>
      </trkpt>
      <trkpt lat="-15.58835584" lon="131.08264699">
        <ele>88.48</ele>
        <time>2026-09-12T23:09:42Z</time>
        <extensions>
          <geotracker:meta c="4.66" s="18.13" />
        </extensions>
      </trkpt>
      <trkpt lat="-15.58845736" lon="131.08091747">
        <ele>87.96</ele>
        <time>2026-09-12T23:09:52Z</time>
        <extensions>
          <geotracker:meta c="4.6" s="18.76" />
        </extensions>
      </trkpt>
      <trkpt lat="-15.5888872" lon="131.07921707">
        <ele>91.22</ele>
        <time>2026-09-12T23:10:02Z</time>
        <extensions>
          <geotracker:meta c="4.32" s="18.64" />
        </extensions>
      </trkpt>
      <trkpt lat="-15.58972937" lon="131.07768894">
        <ele>89.71</ele>
        <time>2026-09-12T23:10:12Z</time>
        <extensions>
          <geotracker:meta c="4.13" s="18.43" />
        </extensions>
      </trkpt>
      <trkpt lat="-15.59066679" lon="131.07630657">
        <ele>92.93</ele>
        <time>2026-09-12T23:10:22Z</time>
        <extensions>
          <geotracker:meta c="4.11" s="18.16" />
        </extensions>
      </trkpt>
      <trkpt lat="-15.59156107" lon="131.07493761">
        <ele>97.47</ele>
        <time>2026-09-12T23:10:32Z</time>
        <extensions>
          <geotracker:meta c="4.12" s="15.49" />
        </extensions>
      </trkpt>
      <trkpt lat="-15.59221611" lon="131.07384019">
        <ele>100.57</ele>
        <time>2026-09-12T23:10:42Z</time>
        <extensions>
          <geotracker:meta c="4.23" s="14.06" />
        </extensions>
      </trkpt>
      <trkpt lat="-15.59266967" lon="131.07255579">
        <ele>98.07</ele>
        <time>2026-09-12T23:10:52Z</time>
        <extensions>
          <geotracker:meta c="4.48" s="15.42" />
        </extensions>
      </trkpt>
      <trkpt lat="-15.59291307" lon="131.07108775">
        <ele>92.85</ele>
        <time>2026-09-12T23:11:02Z</time>
        <extensions>
          <geotracker:meta c="4.55" s="16.14" />
        </extensions>
      </trkpt>
      <trkpt lat="-15.59330461" lon="131.06960873">
        <ele>86.94</ele>
        <time>2026-09-12T23:11:12Z</time>
        <extensions>
          <geotracker:meta c="4.38" s="16.19" />
        </extensions>
      </trkpt>
      <trkpt lat="-15.59383557" lon="131.06833936">
        <ele>88.66</ele>
        <time>2026-09-12T23:11:22Z</time>
        <extensions>
          <geotracker:meta c="4.27" s="14.49" />
        </extensions>
      </trkpt>
      <trkpt lat="-15.59441485" lon="131.06715223">
        <ele>86.7</ele>
        <time>2026-09-12T23:11:32Z</time>
        <extensions>
          <geotracker:meta c="4.26" s="14.42" />
        </extensions>
      </trkpt>
      <trkpt lat="-15.59504655" lon="131.0658874">
        <ele>87.91</ele>
        <time>2026-09-12T23:11:42Z</time>
        <extensions>
          <geotracker:meta c="4.21" s="16.06" />
        </extensions>
      </trkpt>
      <trkpt lat="-15.59584226" lon="131.06447806">
        <ele>88.78</ele>
        <time>2026-09-12T23:11:52Z</time>
        <extensions>
          <geotracker:meta c="4.2" s="18.01" />
        </extensions>
      </trkpt>
      <trkpt lat="-15.59657777" lon="131.06293052">
        <ele>90.29</ele>
        <time>2026-09-12T23:12:02Z</time>
        <extensions>
          <geotracker:meta c="4.26" s="19.01" />
        </extensions>
      </trkpt>
      <trkpt lat="-15.59733243" lon="131.06132401">
        <ele>90.77</ele>
        <time>2026-09-12T23:12:12Z</time>
        <extensions>
          <geotracker:meta c="4.27" s="19.12" />
        </extensions>
      </trkpt>
      <trkpt lat="-15.59807461" lon="131.05972545">
        <ele>92.42</ele>
        <time>2026-09-12T23:12:22Z</time>
        <extensions>
          <geotracker:meta c="4.27" s="19.34" />
        </extensions>
      </trkpt>
      <trkpt lat="-15.59870685" lon="131.05804561">
        <ele>93.37</ele>
        <time>2026-09-12T23:12:32Z</time>
        <extensions>
          <geotracker:meta c="4.42" s="19.19" />
        </extensions>
      </trkpt>
      <trkpt lat="-15.59904238" lon="131.05624367">
        <ele>91.69</ele>
        <time>2026-09-12T23:12:42Z</time>
        <extensions>
          <geotracker:meta c="4.63" s="20.52" />
        </extensions>
      </trkpt>
      <trkpt lat="-15.59892845" lon="131.0543087">
        <ele>93.35</ele>
        <time>2026-09-12T23:12:52Z</time>
        <extensions>
          <geotracker:meta c="4.87" s="20.9" />
        </extensions>
      </trkpt>
      <trkpt lat="-15.59842902" lon="131.05247161">
        <ele>92.41</ele>
        <time>2026-09-12T23:13:02Z</time>
        <extensions>
          <geotracker:meta c="5.1" s="20.49" />
        </extensions>
      </trkpt>
      <trkpt lat="-15.59752976" lon="131.05077005">
        <ele>91.47</ele>
        <time>2026-09-12T23:13:12Z</time>
        <extensions>
          <geotracker:meta c="5.31" s="21.09" />
        </extensions>
      </trkpt>
      <trkpt lat="-15.59625386" lon="131.0492767">
        <ele>93.37</ele>
        <time>2026-09-12T23:13:22Z</time>
        <extensions>
          <geotracker:meta c="5.55" s="21.59" />
        </extensions>
      </trkpt>
      <trkpt lat="-15.59458845" lon="131.04806717">
        <ele>94.48</ele>
        <time>2026-09-12T23:13:32Z</time>
        <extensions>
          <geotracker:meta c="5.72" s="23.11" />
        </extensions>
      </trkpt>
      <trkpt lat="-15.59275214" lon="131.04688416">
        <ele>90.93</ele>
        <time>2026-09-12T23:13:42Z</time>
        <extensions>
          <geotracker:meta c="5.72" s="23.78" />
        </extensions>
      </trkpt>
      <trkpt lat="-15.59096622" lon="131.0457616">
        <ele>94.81</ele>
        <time>2026-09-12T23:13:52Z</time>
        <extensions>
          <geotracker:meta c="5.73" s="22.68" />
        </extensions>
      </trkpt>
      <trkpt lat="-15.58930629" lon="131.04466558">
        <ele>93.54</ele>
        <time>2026-09-12T23:14:02Z</time>
        <extensions>
          <geotracker:meta c="5.72" s="21.2" />
        </extensions>
      </trkpt>
      <trkpt lat="-15.58784393" lon="131.04344047">
        <ele>88.2</ele>
        <time>2026-09-12T23:14:12Z</time>
        <extensions>
          <geotracker:meta c="5.45" s="21.03" />
        </extensions>
      </trkpt>
      <trkpt lat="-15.58683174" lon="131.04174344">
        <ele>85.17</ele>
        <time>2026-09-12T23:14:22Z</time>
        <extensions>
          <geotracker:meta c="5.11" s="21.25" />
        </extensions>
      </trkpt>
      <trkpt lat="-15.58647363" lon="131.03981775">
        <ele>87.92</ele>
        <time>2026-09-12T23:14:32Z</time>
        <extensions>
          <geotracker:meta c="4.75" s="21.05" />
        </extensions>
      </trkpt>
      <trkpt lat="-15.58674508" lon="131.03789398">
        <ele>89.47</ele>
        <time>2026-09-12T23:14:42Z</time>
        <extensions>
          <geotracker:meta c="4.42" s="20.69" />
        </extensions>
      </trkpt>
      <trkpt lat="-15.58725198" lon="131.03605623">
        <ele>90.75</ele>
        <time>2026-09-12T23:14:52Z</time>
        <extensions>
          <geotracker:meta c="4.48" s="20.12" />
        </extensions>
      </trkpt>
      <trkpt lat="-15.58759919" lon="131.03422033">
        <ele>89.85</ele>
        <time>2026-09-12T23:15:02Z</time>
        <extensions>
          <geotracker:meta c="4.61" s="19.88" />
        </extensions>
      </trkpt>
      <trkpt lat="-15.58759456" lon="131.03238194">
        <ele>84.23</ele>
        <time>2026-09-12T23:15:12Z</time>
        <extensions>
          <geotracker:meta c="4.75" s="20.06" />
        </extensions>
      </trkpt>
      <trkpt lat="-15.58739457" lon="131.03048555">
        <ele>88.46</ele>
        <time>2026-09-12T23:15:22Z</time>
        <extensions>
          <geotracker:meta c="4.92" s="20.69" />
        </extensions>
      </trkpt>
      <trkpt lat="-15.58686093" lon="131.02866043">
        <ele>89.74</ele>
        <time>2026-09-12T23:15:32Z</time>
        <extensions>
          <geotracker:meta c="5.04" s="20.78" />
        </extensions>
      </trkpt>
      <trkpt lat="-15.58622739" lon="131.02681329">
        <ele>92.35</ele>
        <time>2026-09-12T23:15:42Z</time>
        <extensions>
          <geotracker:meta c="5.05" s="20.87" />
        </extensions>
      </trkpt>
      <trkpt lat="-15.58560237" lon="131.02494918">
        <ele>92.04</ele>
        <time>2026-09-12T23:15:52Z</time>
        <extensions>
          <geotracker:meta c="5.04" s="20.76" />
        </extensions>
      </trkpt>
      <trkpt lat="-15.58499062" lon="131.02315423">
        <ele>90.65</ele>
        <time>2026-09-12T23:16:02Z</time>
        <extensions>
          <geotracker:meta c="5.05" s="20.05" />
        </extensions>
      </trkpt>
      <trkpt lat="-15.58442966" lon="131.02134407">
        <ele>92.33</ele>
        <time>2026-09-12T23:16:12Z</time>
        <extensions>
          <geotracker:meta c="4.95" s="20.57" />
        </extensions>
      </trkpt>
      <trkpt lat="-15.58432551" lon="131.0193713">
        <ele>91.1</ele>
        <time>2026-09-12T23:16:22Z</time>
        <extensions>
          <geotracker:meta c="4.61" s="21.83" />
        </extensions>
      </trkpt>
      <trkpt lat="-15.58470068" lon="131.01738722">
        <ele>92.16</ele>
        <time>2026-09-12T23:16:32Z</time>
        <extensions>
          <geotracker:meta c="4.49" s="21.55" />
        </extensions>
      </trkpt>
      <trkpt lat="-15.58514097" lon="131.01537901">
        <ele>89.5</ele>
        <time>2026-09-12T23:16:42Z</time>
        <extensions>
          <geotracker:meta c="4.5" s="22.61" />
        </extensions>
      </trkpt>
      <trkpt lat="-15.58559115" lon="131.01332185">
        <ele>91.14</ele>
        <time>2026-09-12T23:16:52Z</time>
        <extensions>
          <geotracker:meta c="4.5" s="22.49" />
        </extensions>
      </trkpt>
      <trkpt lat="-15.58602567" lon="131.01126349">
        <ele>94.68</ele>
        <time>2026-09-12T23:17:02Z</time>
        <extensions>
          <geotracker:meta c="4.5" s="22.36" />
        </extensions>
      </trkpt>
      <trkpt lat="-15.58647657" lon="131.00924074">
        <ele>93.62</ele>
        <time>2026-09-12T23:17:12Z</time>
        <extensions>
          <geotracker:meta c="4.49" s="22.25" />
        </extensions>
      </trkpt>
      <trkpt lat="-15.58688751" lon="131.00720416">
        <ele>91.39</ele>
        <time>2026-09-12T23:17:22Z</time>
        <extensions>
          <geotracker:meta c="4.5" s="22.53" />
        </extensions>
      </trkpt>
      <trkpt lat="-15.58733851" lon="131.00511627">
        <ele>85.53</ele>
        <time>2026-09-12T23:17:32Z</time>
        <extensions>
          <geotracker:meta c="4.49" s="22.55" />
        </extensions>
      </trkpt>
      <trkpt lat="-15.58773603" lon="131.00327196">
        <ele>91.83</ele>
        <time>2026-09-12T23:17:41Z</time>
        <extensions>
          <geotracker:meta c="4.5" s="22.59" />
        </extensions>
      </trkpt>
      <trkpt lat="-15.58819371" lon="131.00115143">
        <ele>93.25</ele>
        <time>2026-09-12T23:17:51Z</time>
        <extensions>
          <geotracker:meta c="4.5" s="23.45" />
        </extensions>
      </trkpt>
      <trkpt lat="-15.58859938" lon="130.99924556">
        <ele>93.11</ele>
        <time>2026-09-12T23:18:00Z</time>
        <extensions>
          <geotracker:meta c="4.49" s="22.9" />
        </extensions>
      </trkpt>
      <trkpt lat="-15.58899808" lon="130.99738427">
        <ele>93.43</ele>
        <time>2026-09-12T23:18:09Z</time>
        <extensions>
          <geotracker:meta c="4.5" s="22.68" />
        </extensions>
      </trkpt>
      <trkpt lat="-15.58940522" lon="130.99548802">
        <ele>92.29</ele>
        <time>2026-09-12T23:18:18Z</time>
        <extensions>
          <geotracker:meta c="4.5" s="23.57" />
        </extensions>
      </trkpt>
      <trkpt lat="-15.5898236" lon="130.99356633">
        <ele>91.98</ele>
        <time>2026-09-12T23:18:27Z</time>
        <extensions>
          <geotracker:meta c="4.5" s="23.61" />
        </extensions>
      </trkpt>
      <trkpt lat="-15.59028977" lon="130.9914121">
        <ele>90.41</ele>
        <time>2026-09-12T23:18:37Z</time>
        <extensions>
          <geotracker:meta c="4.49" s="23.34" />
        </extensions>
      </trkpt>
      <trkpt lat="-15.59047195" lon="130.98951035">
        <ele>91.82</ele>
        <time>2026-09-12T23:18:46Z</time>
        <extensions>
          <geotracker:meta c="4.75" s="22.92" />
        </extensions>
      </trkpt>
      <trkpt lat="-15.59010596" lon="130.98763624">
        <ele>92.74</ele>
        <time>2026-09-12T23:18:55Z</time>
        <extensions>
          <geotracker:meta c="4.98" s="22.47" />
        </extensions>
      </trkpt>
      <trkpt lat="-15.58956896" lon="130.98557076">
        <ele>92.52</ele>
        <time>2026-09-12T23:19:05Z</time>
        <extensions>
          <geotracker:meta c="4.98" s="23.3" />
        </extensions>
      </trkpt>
      <trkpt lat="-15.58902999" lon="130.98347196">
        <ele>92.67</ele>
        <time>2026-09-12T23:19:15Z</time>
        <extensions>
          <geotracker:meta c="4.97" s="23.17" />
        </extensions>
      </trkpt>
      <trkpt lat="-15.58850232" lon="130.98141909">
        <ele>95.64</ele>
        <time>2026-09-12T23:19:25Z</time>
        <extensions>
          <geotracker:meta c="4.97" s="22.25" />
        </extensions>
      </trkpt>
      <trkpt lat="-15.58825868" lon="130.9796275">
        <ele>98.84</ele>
        <time>2026-09-12T23:19:34Z</time>
        <extensions>
          <geotracker:meta c="4.7" s="21.34" />
        </extensions>
      </trkpt>
      <trkpt lat="-15.5886047" lon="130.9775078">
        <ele>101.5</ele>
        <time>2026-09-12T23:19:45Z</time>
        <extensions>
          <geotracker:meta c="4.49" s="21.06" />
        </extensions>
      </trkpt>
      <trkpt lat="-15.58952056" lon="130.97550024">
        <ele>102.39</ele>
        <time>2026-09-12T23:19:57Z</time>
        <extensions>
          <geotracker:meta c="4.32" s="19.8" />
        </extensions>
      </trkpt>
      <trkpt lat="-15.59087497" lon="130.97203968">
        <ele>101.91</ele>
        <time>2026-09-12T23:20:17Z</time>
        <extensions>
          <geotracker:meta c="4.37" s="19.92" />
        </extensions>
      </trkpt>
      <trkpt lat="-15.591349" lon="130.97019734">
        <ele>98</ele>
        <time>2026-09-12T23:20:27Z</time>
        <extensions>
          <geotracker:meta c="4.49" s="21.13" />
        </extensions>
      </trkpt>
      <trkpt lat="-15.59175704" lon="130.96829611">
        <ele>97.55</ele>
        <time>2026-09-12T23:20:37Z</time>
        <extensions>
          <geotracker:meta c="4.48" s="20.81" />
        </extensions>
      </trkpt>
      <trkpt lat="-15.59229868" lon="130.96643752">
        <ele>96.34</ele>
        <time>2026-09-12T23:20:47Z</time>
        <extensions>
          <geotracker:meta c="4.36" s="21.47" />
        </extensions>
      </trkpt>
      <trkpt lat="-15.59311078" lon="130.96456865">
        <ele>87.16</ele>
        <time>2026-09-12T23:20:57Z</time>
        <extensions>
          <geotracker:meta c="4.23" s="22.19" />
        </extensions>
      </trkpt>
      <trkpt lat="-15.5940976" lon="130.96272827">
        <ele>87.47</ele>
        <time>2026-09-12T23:21:07Z</time>
        <extensions>
          <geotracker:meta c="4.21" s="23.08" />
        </extensions>
      </trkpt>
      <trkpt lat="-15.59512591" lon="130.96085716">
        <ele>87.09</ele>
        <time>2026-09-12T23:21:17Z</time>
        <extensions>
          <geotracker:meta c="4.14" s="22.9" />
        </extensions>
      </trkpt>
      <trkpt lat="-15.59620854" lon="130.95909671">
        <ele>82.62</ele>
        <time>2026-09-12T23:21:27Z</time>
        <extensions>
          <geotracker:meta c="4.19" s="22.01" />
        </extensions>
      </trkpt>
      <trkpt lat="-15.59717299" lon="130.95732844">
        <ele>82.46</ele>
        <time>2026-09-12T23:21:37Z</time>
        <extensions>
          <geotracker:meta c="4.21" s="21.94" />
        </extensions>
      </trkpt>
      <trkpt lat="-15.59811664" lon="130.95551723">
        <ele>85.21</ele>
        <time>2026-09-12T23:21:47Z</time>
        <extensions>
          <geotracker:meta c="4.28" s="21.51" />
        </extensions>
      </trkpt>
      <trkpt lat="-15.59856704" lon="130.95367792">
        <ele>87.39</ele>
        <time>2026-09-12T23:21:57Z</time>
        <extensions>
          <geotracker:meta c="4.61" s="20.45" />
        </extensions>
      </trkpt>
      <trkpt lat="-15.59869627" lon="130.95170612">
        <ele>82.86</ele>
        <time>2026-09-12T23:22:07Z</time>
        <extensions>
          <geotracker:meta c="4.65" s="22.14" />
        </extensions>
      </trkpt>
      <trkpt lat="-15.59884017" lon="130.94964076">
        <ele>86.22</ele>
        <time>2026-09-12T23:22:17Z</time>
        <extensions>
          <geotracker:meta c="4.58" s="22.65" />
        </extensions>
      </trkpt>
      <trkpt lat="-15.59933461" lon="130.94750237">
        <ele>84.69</ele>
        <time>2026-09-12T23:22:27Z</time>
        <extensions>
          <geotracker:meta c="4.4" s="23.64" />
        </extensions>
      </trkpt>
      <trkpt lat="-15.59997977" lon="130.94545489">
        <ele>86.71</ele>
        <time>2026-09-12T23:22:37Z</time>
        <extensions>
          <geotracker:meta c="4.39" s="22.35" />
        </extensions>
      </trkpt>
      <trkpt lat="-15.6006062" lon="130.9434917">
        <ele>80.49</ele>
        <time>2026-09-12T23:22:47Z</time>
        <extensions>
          <geotracker:meta c="4.39" s="22.64" />
        </extensions>
      </trkpt>
      <trkpt lat="-15.60125419" lon="130.94144996">
        <ele>87.76</ele>
        <time>2026-09-12T23:22:57Z</time>
        <extensions>
          <geotracker:meta c="4.4" s="22.94" />
        </extensions>
      </trkpt>
      <trkpt lat="-15.60189973" lon="130.93940375">
        <ele>88.68</ele>
        <time>2026-09-12T23:23:07Z</time>
        <extensions>
          <geotracker:meta c="4.4" s="22.98" />
        </extensions>
      </trkpt>
      <trkpt lat="-15.60258635" lon="130.93741764">
        <ele>87.26</ele>
        <time>2026-09-12T23:23:17Z</time>
        <extensions>
          <geotracker:meta c="4.31" s="22.51" />
        </extensions>
      </trkpt>
      <trkpt lat="-15.60352759" lon="130.93548289">
        <ele>87.16</ele>
        <time>2026-09-12T23:23:27Z</time>
        <extensions>
          <geotracker:meta c="4.19" s="22.83" />
        </extensions>
      </trkpt>
      <trkpt lat="-15.60458562" lon="130.9336302">
        <ele>91.62</ele>
        <time>2026-09-12T23:23:37Z</time>
        <extensions>
          <geotracker:meta c="4.17" s="23.24" />
        </extensions>
      </trkpt>
      <trkpt lat="-15.60566525" lon="130.93181779">
        <ele>92.53</ele>
        <time>2026-09-12T23:23:47Z</time>
        <extensions>
          <geotracker:meta c="4.17" s="22.64" />
        </extensions>
      </trkpt>
      <trkpt lat="-15.60673133" lon="130.92997887">
        <ele>92.38</ele>
        <time>2026-09-12T23:23:57Z</time>
        <extensions>
          <geotracker:meta c="4.17" s="22.97" />
        </extensions>
      </trkpt>
      <trkpt lat="-15.60844777" lon="130.92705165">
        <ele>91.48</ele>
        <time>2026-09-12T23:24:13Z</time>
        <extensions>
          <geotracker:meta c="4.16" s="23.07" />
        </extensions>
      </trkpt>
      <trkpt lat="-15.60952021" lon="130.9252228">
        <ele>92.18</ele>
        <time>2026-09-12T23:24:23Z</time>
        <extensions>
          <geotracker:meta c="4.16" s="23.08" />
        </extensions>
      </trkpt>
      <trkpt lat="-15.61060499" lon="130.92338467">
        <ele>88.49</ele>
        <time>2026-09-12T23:24:33Z</time>
        <extensions>
          <geotracker:meta c="4.16" s="23.13" />
        </extensions>
      </trkpt>
      <trkpt lat="-15.61166966" lon="130.92152826">
        <ele>90.29</ele>
        <time>2026-09-12T23:24:43Z</time>
        <extensions>
          <geotracker:meta c="4.17" s="23.18" />
        </extensions>
      </trkpt>
      <trkpt lat="-15.61275745" lon="130.91967207">
        <ele>89.84</ele>
        <time>2026-09-12T23:24:53Z</time>
        <extensions>
          <geotracker:meta c="4.17" s="23.42" />
        </extensions>
      </trkpt>
      <trkpt lat="-15.6138479" lon="130.91781477">
        <ele>90.86</ele>
        <time>2026-09-12T23:25:03Z</time>
        <extensions>
          <geotracker:meta c="4.17" s="23.25" />
        </extensions>
      </trkpt>
      <trkpt lat="-15.61493358" lon="130.91599113">
        <ele>90.93</ele>
        <time>2026-09-12T23:25:13Z</time>
        <extensions>
          <geotracker:meta c="4.17" s="22.64" />
        </extensions>
      </trkpt>
      <trkpt lat="-15.6159979" lon="130.91417535">
        <ele>89.96</ele>
        <time>2026-09-12T23:25:23Z</time>
        <extensions>
          <geotracker:meta c="4.17" s="23.16" />
        </extensions>
      </trkpt>
      <trkpt lat="-15.61706889" lon="130.91230567">
        <ele>90.64</ele>
        <time>2026-09-12T23:25:33Z</time>
        <extensions>
          <geotracker:meta c="4.17" s="23.09" />
        </extensions>
      </trkpt>
      <trkpt lat="-15.6180943" lon="130.91058284">
        <ele>94.71</ele>
        <time>2026-09-12T23:25:43Z</time>
        <extensions>
          <geotracker:meta c="4.17" s="21.34" />
        </extensions>
      </trkpt>
      <trkpt lat="-15.61905993" lon="130.90891602">
        <ele>92.84</ele>
        <time>2026-09-12T23:25:53Z</time>
        <extensions>
          <geotracker:meta c="4.17" s="19.81" />
        </extensions>
      </trkpt>
      <trkpt lat="-15.62001067" lon="130.90728427">
        <ele>92</ele>
        <time>2026-09-12T23:26:03Z</time>
        <extensions>
          <geotracker:meta c="4.19" s="20.93" />
        </extensions>
      </trkpt>
      <trkpt lat="-15.62083492" lon="130.90548961">
        <ele>97.45</ele>
        <time>2026-09-12T23:26:13Z</time>
        <extensions>
          <geotracker:meta c="4.33" s="21.67" />
        </extensions>
      </trkpt>
      <trkpt lat="-15.62143964" lon="130.90353505">
        <ele>94.26</ele>
        <time>2026-09-12T23:26:23Z</time>
        <extensions>
          <geotracker:meta c="4.48" s="22.11" />
        </extensions>
      </trkpt>
      <trkpt lat="-15.62173104" lon="130.90149237">
        <ele>90.4</ele>
        <time>2026-09-12T23:26:33Z</time>
        <extensions>
          <geotracker:meta c="4.62" s="22.11" />
        </extensions>
      </trkpt>
      <trkpt lat="-15.62190519" lon="130.89942069">
        <ele>87.89</ele>
        <time>2026-09-12T23:26:43Z</time>
        <extensions>
          <geotracker:meta c="4.63" s="22.58" />
        </extensions>
      </trkpt>
      <trkpt lat="-15.62206298" lon="130.89730722">
        <ele>88.18</ele>
        <time>2026-09-12T23:26:53Z</time>
        <extensions>
          <geotracker:meta c="4.63" s="22.45" />
        </extensions>
      </trkpt>
      <trkpt lat="-15.62223686" lon="130.8951688">
        <ele>85.68</ele>
        <time>2026-09-12T23:27:03Z</time>
        <extensions>
          <geotracker:meta c="4.63" s="23.3" />
        </extensions>
      </trkpt>
      <trkpt lat="-15.6224335" lon="130.89298134">
        <ele>86.49</ele>
        <time>2026-09-12T23:27:13Z</time>
        <extensions>
          <geotracker:meta c="4.62" s="23.85" />
        </extensions>
      </trkpt>
      <trkpt lat="-15.62261645" lon="130.89093969">
        <ele>87.43</ele>
        <time>2026-09-12T23:27:23Z</time>
        <extensions>
          <geotracker:meta c="4.63" s="20.2" />
        </extensions>
      </trkpt>
      <trkpt lat="-15.62276494" lon="130.88906005">
        <ele>89.47</ele>
        <time>2026-09-12T23:27:33Z</time>
        <extensions>
          <geotracker:meta c="4.61" s="20.73" />
        </extensions>
      </trkpt>
      <trkpt lat="-15.62309496" lon="130.88709837">
        <ele>89.03</ele>
        <time>2026-09-12T23:27:43Z</time>
        <extensions>
          <geotracker:meta c="4.49" s="21.86" />
        </extensions>
      </trkpt>
      <trkpt lat="-15.62371173" lon="130.88506675">
        <ele>91.59</ele>
        <time>2026-09-12T23:27:53Z</time>
        <extensions>
          <geotracker:meta c="4.34" s="23.06" />
        </extensions>
      </trkpt>
      <trkpt lat="-15.62458832" lon="130.88319989">
        <ele>92.91</ele>
        <time>2026-09-12T23:28:03Z</time>
        <extensions>
          <geotracker:meta c="4.2" s="21.53" />
        </extensions>
      </trkpt>
      <trkpt lat="-15.62565729" lon="130.88159673">
        <ele>90.47</ele>
        <time>2026-09-12T23:28:13Z</time>
        <extensions>
          <geotracker:meta c="4.1" s="20.18" />
        </extensions>
      </trkpt>
      <trkpt lat="-15.62669547" lon="130.88008736">
        <ele>89.53</ele>
        <time>2026-09-12T23:28:23Z</time>
        <extensions>
          <geotracker:meta c="4.1" s="20.69" />
        </extensions>
      </trkpt>
      <trkpt lat="-15.62769726" lon="130.87862311">
        <ele>92.72</ele>
        <time>2026-09-12T23:28:32Z</time>
        <extensions>
          <geotracker:meta c="4.1" s="21.36" />
        </extensions>
      </trkpt>
      <trkpt lat="-15.62890521" lon="130.87686659">
        <ele>91.69</ele>
        <time>2026-09-12T23:28:43Z</time>
        <extensions>
          <geotracker:meta c="4.09" s="21.21" />
        </extensions>
      </trkpt>
      <trkpt lat="-15.63002686" lon="130.87520049">
        <ele>92.78</ele>
        <time>2026-09-12T23:28:53Z</time>
        <extensions>
          <geotracker:meta c="4.11" s="21.7" />
        </extensions>
      </trkpt>
      <trkpt lat="-15.63121521" lon="130.87360155">
        <ele>96.99</ele>
        <time>2026-09-12T23:29:03Z</time>
        <extensions>
          <geotracker:meta c="3.99" s="21.52" />
        </extensions>
      </trkpt>
      <trkpt lat="-15.63255934" lon="130.87215214">
        <ele>96.29</ele>
        <time>2026-09-12T23:29:13Z</time>
        <extensions>
          <geotracker:meta c="3.93" s="21.48" />
        </extensions>
      </trkpt>
      <trkpt lat="-15.63396515" lon="130.8707455">
        <ele>93.95</ele>
        <time>2026-09-12T23:29:23Z</time>
        <extensions>
          <geotracker:meta c="3.92" s="21.59" />
        </extensions>
      </trkpt>
      <trkpt lat="-15.63534021" lon="130.86928828">
        <ele>94.2</ele>
        <time>2026-09-12T23:29:33Z</time>
        <extensions>
          <geotracker:meta c="3.93" s="22.18" />
        </extensions>
      </trkpt>
      <trkpt lat="-15.63680786" lon="130.86780534">
        <ele>97.66</ele>
        <time>2026-09-12T23:29:43Z</time>
        <extensions>
          <geotracker:meta c="3.92" s="23" />
        </extensions>
      </trkpt>
      <trkpt lat="-15.63826699" lon="130.86630994">
        <ele>100.11</ele>
        <time>2026-09-12T23:29:53Z</time>
        <extensions>
          <geotracker:meta c="3.92" s="22.64" />
        </extensions>
      </trkpt>
      <trkpt lat="-15.63974302" lon="130.86477896">
        <ele>100.04</ele>
        <time>2026-09-12T23:30:03Z</time>
        <extensions>
          <geotracker:meta c="3.93" s="23.97" />
        </extensions>
      </trkpt>
      <trkpt lat="-15.64133321" lon="130.86317273">
        <ele>98.88</ele>
        <time>2026-09-12T23:30:13Z</time>
        <extensions>
          <geotracker:meta c="3.92" s="24.48" />
        </extensions>
      </trkpt>
      <trkpt lat="-15.64275815" lon="130.8616653">
        <ele>100.93</ele>
        <time>2026-09-12T23:30:23Z</time>
        <extensions>
          <geotracker:meta c="3.93" s="20.93" />
        </extensions>
      </trkpt>
      <trkpt lat="-15.64412617" lon="130.86033284">
        <ele>100.65</ele>
        <time>2026-09-12T23:30:33Z</time>
        <extensions>
          <geotracker:meta c="3.91" s="21.45" />
        </extensions>
      </trkpt>
      <trkpt lat="-15.64552429" lon="130.85887137">
        <ele>98.1</ele>
        <time>2026-09-12T23:30:43Z</time>
        <extensions>
          <geotracker:meta c="3.92" s="22.07" />
        </extensions>
      </trkpt>
      <trkpt lat="-15.64683823" lon="130.8575006">
        <ele>103.39</ele>
        <time>2026-09-12T23:30:53Z</time>
        <extensions>
          <geotracker:meta c="3.92" s="20.93" />
        </extensions>
      </trkpt>
      <trkpt lat="-15.64949618" lon="130.85480081">
        <ele>104.69</ele>
        <time>2026-09-12T23:31:13Z</time>
        <extensions>
          <geotracker:meta c="3.93" s="17.51" />
        </extensions>
      </trkpt>
      <trkpt lat="-15.65065048" lon="130.85361339">
        <ele>105.64</ele>
        <time>2026-09-12T23:31:23Z</time>
        <extensions>
          <geotracker:meta c="3.92" s="18.9" />
        </extensions>
      </trkpt>
      <trkpt lat="-15.65192354" lon="130.85234203">
        <ele>105.22</ele>
        <time>2026-09-12T23:31:33Z</time>
        <extensions>
          <geotracker:meta c="3.92" s="20.46" />
        </extensions>
      </trkpt>
      <trkpt lat="-15.65326082" lon="130.85098546">
        <ele>105.99</ele>
        <time>2026-09-12T23:31:43Z</time>
        <extensions>
          <geotracker:meta c="3.93" s="20.76" />
        </extensions>
      </trkpt>
      <trkpt lat="-15.65453148" lon="130.84964828">
        <ele>105.63</ele>
        <time>2026-09-12T23:31:53Z</time>
        <extensions>
          <geotracker:meta c="3.93" s="20.11" />
        </extensions>
      </trkpt>
      <trkpt lat="-15.65585913" lon="130.84825072">
        <ele>107.52</ele>
        <time>2026-09-12T23:32:03Z</time>
        <extensions>
          <geotracker:meta c="3.92" s="21.12" />
        </extensions>
      </trkpt>
      <trkpt lat="-15.6572302" lon="130.84687352">
        <ele>106.49</ele>
        <time>2026-09-12T23:32:13Z</time>
        <extensions>
          <geotracker:meta c="3.92" s="21.56" />
        </extensions>
      </trkpt>
      <trkpt lat="-15.65863519" lon="130.8454434">
        <ele>106.6</ele>
        <time>2026-09-12T23:32:23Z</time>
        <extensions>
          <geotracker:meta c="3.9" s="21.36" />
        </extensions>
      </trkpt>
      <trkpt lat="-15.66008915" lon="130.84423273">
        <ele>106.15</ele>
        <time>2026-09-12T23:32:33Z</time>
        <extensions>
          <geotracker:meta c="3.75" s="19.41" />
        </extensions>
      </trkpt>
      <trkpt lat="-15.66164558" lon="130.84325169">
        <ele>110.63</ele>
        <time>2026-09-12T23:32:43Z</time>
        <extensions>
          <geotracker:meta c="3.65" s="20.78" />
        </extensions>
      </trkpt>
      <trkpt lat="-15.66326139" lon="130.84233551">
        <ele>112.01</ele>
        <time>2026-09-12T23:32:53Z</time>
        <extensions>
          <geotracker:meta c="3.64" s="19.83" />
        </extensions>
      </trkpt>
      <trkpt lat="-15.66486657" lon="130.84144632">
        <ele>116.1</ele>
        <time>2026-09-12T23:33:03Z</time>
        <extensions>
          <geotracker:meta c="3.64" s="20.6" />
        </extensions>
      </trkpt>
      <trkpt lat="-15.66650822" lon="130.84048146">
        <ele>115.43</ele>
        <time>2026-09-12T23:33:13Z</time>
        <extensions>
          <geotracker:meta c="3.65" s="21.35" />
        </extensions>
      </trkpt>
      <trkpt lat="-15.66823947" lon="130.83953976">
        <ele>119.84</ele>
        <time>2026-09-12T23:33:23Z</time>
        <extensions>
          <geotracker:meta c="3.64" s="21.43" />
        </extensions>
      </trkpt>
      <trkpt lat="-15.66994926" lon="130.83854914">
        <ele>121.84</ele>
        <time>2026-09-12T23:33:33Z</time>
        <extensions>
          <geotracker:meta c="3.65" s="21.99" />
        </extensions>
      </trkpt>
      <trkpt lat="-15.67172085" lon="130.83752993">
        <ele>120.12</ele>
        <time>2026-09-12T23:33:43Z</time>
        <extensions>
          <geotracker:meta c="3.65" s="22.39" />
        </extensions>
      </trkpt>
      <trkpt lat="-15.67356419" lon="130.83651654">
        <ele>115.13</ele>
        <time>2026-09-12T23:33:53Z</time>
        <extensions>
          <geotracker:meta c="3.64" s="22.9" />
        </extensions>
      </trkpt>
      <trkpt lat="-15.67532276" lon="130.83550515">
        <ele>114.17</ele>
        <time>2026-09-12T23:34:03Z</time>
        <extensions>
          <geotracker:meta c="3.65" s="21.49" />
        </extensions>
      </trkpt>
      <trkpt lat="-15.67699915" lon="130.83453938">
        <ele>115.04</ele>
        <time>2026-09-12T23:34:13Z</time>
        <extensions>
          <geotracker:meta c="3.65" s="21.16" />
        </extensions>
      </trkpt>
      <trkpt lat="-15.67867032" lon="130.83358609">
        <ele>113.83</ele>
        <time>2026-09-12T23:34:23Z</time>
        <extensions>
          <geotracker:meta c="3.65" s="21.63" />
        </extensions>
      </trkpt>
      <trkpt lat="-15.68041723" lon="130.8325911">
        <ele>112.91</ele>
        <time>2026-09-12T23:34:33Z</time>
        <extensions>
          <geotracker:meta c="3.64" s="21.36" />
        </extensions>
      </trkpt>
      <trkpt lat="-15.68213768" lon="130.83162793">
        <ele>110.67</ele>
        <time>2026-09-12T23:34:43Z</time>
        <extensions>
          <geotracker:meta c="3.64" s="22.49" />
        </extensions>
      </trkpt>
      <trkpt lat="-15.68392598" lon="130.83056448">
        <ele>108.73</ele>
        <time>2026-09-12T23:34:53Z</time>
        <extensions>
          <geotracker:meta c="3.7" s="22.39" />
        </extensions>
      </trkpt>
      <trkpt lat="-15.68557094" lon="130.82931924">
        <ele>105.01</ele>
        <time>2026-09-12T23:35:03Z</time>
        <extensions>
          <geotracker:meta c="3.85" s="23.12" />
        </extensions>
      </trkpt>
      <trkpt lat="-15.6870321" lon="130.82777119">
        <ele>104.44</ele>
        <time>2026-09-12T23:35:13Z</time>
        <extensions>
          <geotracker:meta c="4.01" s="23.53" />
        </extensions>
      </trkpt>
      <trkpt lat="-15.68828615" lon="130.82597993">
        <ele>103.6</ele>
        <time>2026-09-12T23:35:23Z</time>
        <extensions>
          <geotracker:meta c="4.16" s="24.08" />
        </extensions>
      </trkpt>
      <trkpt lat="-15.68923359" lon="130.82399545">
        <ele>105.03</ele>
        <time>2026-09-12T23:35:33Z</time>
        <extensions>
          <geotracker:meta c="4.32" s="23.09" />
        </extensions>
      </trkpt>
      <trkpt lat="-15.68999001" lon="130.82189915">
        <ele>101.93</ele>
        <time>2026-09-12T23:35:43Z</time>
        <extensions>
          <geotracker:meta c="4.38" s="24.29" />
        </extensions>
      </trkpt>
      <trkpt lat="-15.69064858" lon="130.81986069">
        <ele>105.99</ele>
        <time>2026-09-12T23:35:53Z</time>
        <extensions>
          <geotracker:meta c="4.39" s="23.32" />
        </extensions>
      </trkpt>
      <trkpt lat="-15.69137288" lon="130.81775374">
        <ele>103.32</ele>
        <time>2026-09-12T23:36:03Z</time>
        <extensions>
          <geotracker:meta c="4.38" s="23.81" />
        </extensions>
      </trkpt>
      <trkpt lat="-15.69207256" lon="130.81562753">
        <ele>97.31</ele>
        <time>2026-09-12T23:36:13Z</time>
        <extensions>
          <geotracker:meta c="4.38" s="24.13" />
        </extensions>
      </trkpt>
      <trkpt lat="-15.69277571" lon="130.81349991">
        <ele>96.22</ele>
        <time>2026-09-12T23:36:23Z</time>
        <extensions>
          <geotracker:meta c="4.39" s="24.2" />
        </extensions>
      </trkpt>
      <trkpt lat="-15.69348691" lon="130.81136316">
        <ele>98.11</ele>
        <time>2026-09-12T23:36:33Z</time>
        <extensions>
          <geotracker:meta c="4.39" s="24.47" />
        </extensions>
      </trkpt>
      <trkpt lat="-15.69422989" lon="130.80918979">
        <ele>93.4</ele>
        <time>2026-09-12T23:36:43Z</time>
        <extensions>
          <geotracker:meta c="4.38" s="24.98" />
        </extensions>
      </trkpt>
      <trkpt lat="-15.69495262" lon="130.80698492">
        <ele>90.38</ele>
        <time>2026-09-12T23:36:53Z</time>
        <extensions>
          <geotracker:meta c="4.38" s="24.84" />
        </extensions>
      </trkpt>
      <trkpt lat="-15.69568802" lon="130.80475832">
        <ele>90.49</ele>
        <time>2026-09-12T23:37:03Z</time>
        <extensions>
          <geotracker:meta c="4.38" s="25.49" />
        </extensions>
      </trkpt>
      <trkpt lat="-15.69643111" lon="130.80256031">
        <ele>90.81</ele>
        <time>2026-09-12T23:37:13Z</time>
        <extensions>
          <geotracker:meta c="4.37" s="23.71" />
        </extensions>
      </trkpt>
      <trkpt lat="-15.69729161" lon="130.80059746">
        <ele>88.56</ele>
        <time>2026-09-12T23:37:23Z</time>
        <extensions>
          <geotracker:meta c="4.21" s="23.67" />
        </extensions>
      </trkpt>
      <trkpt lat="-15.69843992" lon="130.79874173">
        <ele>89.92</ele>
        <time>2026-09-12T23:37:33Z</time>
        <extensions>
          <geotracker:meta c="4.06" s="23.84" />
        </extensions>
      </trkpt>
      <trkpt lat="-15.6998756" lon="130.79702595">
        <ele>88.02</ele>
        <time>2026-09-12T23:37:43Z</time>
        <extensions>
          <geotracker:meta c="3.99" s="24.72" />
        </extensions>
      </trkpt>
      <trkpt lat="-15.70140301" lon="130.79522836">
        <ele>90.39</ele>
        <time>2026-09-12T23:37:53Z</time>
        <extensions>
          <geotracker:meta c="3.99" s="25.65" />
        </extensions>
      </trkpt>
      <trkpt lat="-15.70290576" lon="130.79342777">
        <ele>87.93</ele>
        <time>2026-09-12T23:38:03Z</time>
        <extensions>
          <geotracker:meta c="3.99" s="25.54" />
        </extensions>
      </trkpt>
      <trkpt lat="-15.7044276" lon="130.79164317">
        <ele>88.73</ele>
        <time>2026-09-12T23:38:13Z</time>
        <extensions>
          <geotracker:meta c="3.99" s="24.82" />
        </extensions>
      </trkpt>
      <trkpt lat="-15.70586553" lon="130.78995073">
        <ele>86.91</ele>
        <time>2026-09-12T23:38:23Z</time>
        <extensions>
          <geotracker:meta c="4" s="24.63" />
        </extensions>
      </trkpt>
      <trkpt lat="-15.70733732" lon="130.78818584">
        <ele>85.86</ele>
        <time>2026-09-12T23:38:33Z</time>
        <extensions>
          <geotracker:meta c="3.99" s="24.62" />
        </extensions>
      </trkpt>
      <trkpt lat="-15.70878975" lon="130.78652534">
        <ele>84.47</ele>
        <time>2026-09-12T23:38:43Z</time>
        <extensions>
          <geotracker:meta c="3.99" s="23.63" />
        </extensions>
      </trkpt>
      <trkpt lat="-15.71018194" lon="130.78485301">
        <ele>81.24</ele>
        <time>2026-09-12T23:38:53Z</time>
        <extensions>
          <geotracker:meta c="4" s="23.57" />
        </extensions>
      </trkpt>
      <trkpt lat="-15.71145884" lon="130.78336439">
        <ele>85.93</ele>
        <time>2026-09-12T23:39:02Z</time>
        <extensions>
          <geotracker:meta c="3.98" s="23.85" />
        </extensions>
      </trkpt>
      <trkpt lat="-15.71303235" lon="130.78151408">
        <ele>87.05</ele>
        <time>2026-09-12T23:39:13Z</time>
        <extensions>
          <geotracker:meta c="4" s="24.04" />
        </extensions>
      </trkpt>
      <trkpt lat="-15.71482148" lon="130.77939984">
        <ele>85.31</ele>
        <time>2026-09-12T23:39:25Z</time>
        <extensions>
          <geotracker:meta c="3.99" s="25.34" />
        </extensions>
      </trkpt>
      <trkpt lat="-15.7178649" lon="130.77582529">
        <ele>88.48</ele>
        <time>2026-09-12T23:39:45Z</time>
        <extensions>
          <geotracker:meta c="4" s="26.09" />
        </extensions>
      </trkpt>
      <trkpt lat="-15.71936114" lon="130.77391753">
        <ele>89.78</ele>
        <time>2026-09-12T23:39:55Z</time>
        <extensions>
          <geotracker:meta c="4.08" s="26.49" />
        </extensions>
      </trkpt>
      <trkpt lat="-15.72074432" lon="130.7718362">
        <ele>93.29</ele>
        <time>2026-09-12T23:40:05Z</time>
        <extensions>
          <geotracker:meta c="4.12" s="27.49" />
        </extensions>
      </trkpt>
      <trkpt lat="-15.72207677" lon="130.7698092">
        <ele>93.65</ele>
        <time>2026-09-12T23:40:15Z</time>
        <extensions>
          <geotracker:meta c="4.12" s="26.03" />
        </extensions>
      </trkpt>
      <trkpt lat="-15.72335594" lon="130.76783726">
        <ele>94.57</ele>
        <time>2026-09-12T23:40:25Z</time>
        <extensions>
          <geotracker:meta c="4.12" s="25.79" />
        </extensions>
      </trkpt>
      <trkpt lat="-15.7247102" lon="130.76574634">
        <ele>90.87</ele>
        <time>2026-09-12T23:40:35Z</time>
        <extensions>
          <geotracker:meta c="4.12" s="26.76" />
        </extensions>
      </trkpt>
      <trkpt lat="-15.7260233" lon="130.76371621">
        <ele>91</ele>
        <time>2026-09-12T23:40:45Z</time>
        <extensions>
          <geotracker:meta c="4.12" s="26.31" />
        </extensions>
      </trkpt>
      <trkpt lat="-15.72735335" lon="130.76169109">
        <ele>91.72</ele>
        <time>2026-09-12T23:40:55Z</time>
        <extensions>
          <geotracker:meta c="4.16" s="26.26" />
        </extensions>
      </trkpt>
      <trkpt lat="-15.72869647" lon="130.7595757">
        <ele>95.91</ele>
        <time>2026-09-12T23:41:05Z</time>
        <extensions>
          <geotracker:meta c="4.12" s="27.41" />
        </extensions>
      </trkpt>
      <trkpt lat="-15.7300679" lon="130.75746803">
        <ele>93.38</ele>
        <time>2026-09-12T23:41:15Z</time>
        <extensions>
          <geotracker:meta c="4.12" s="26.83" />
        </extensions>
      </trkpt>
      <trkpt lat="-15.73138524" lon="130.75548287">
        <ele>85.82</ele>
        <time>2026-09-12T23:41:25Z</time>
        <extensions>
          <geotracker:meta c="4.12" s="24.81" />
        </extensions>
      </trkpt>
      <trkpt lat="-15.73260322" lon="130.75361783">
        <ele>90.52</ele>
        <time>2026-09-12T23:41:35Z</time>
        <extensions>
          <geotracker:meta c="4.12" s="23.84" />
        </extensions>
      </trkpt>
      <trkpt lat="-15.73379812" lon="130.75178308">
        <ele>87.53</ele>
        <time>2026-09-12T23:41:45Z</time>
        <extensions>
          <geotracker:meta c="4.12" s="23.62" />
        </extensions>
      </trkpt>
      <trkpt lat="-15.73503802" lon="130.74989056">
        <ele>90.96</ele>
        <time>2026-09-12T23:41:55Z</time>
        <extensions>
          <geotracker:meta c="4.13" s="24.67" />
        </extensions>
      </trkpt>
      <trkpt lat="-15.73628423" lon="130.74801774">
        <ele>83.43</ele>
        <time>2026-09-12T23:42:05Z</time>
        <extensions>
          <geotracker:meta c="4.12" s="24.34" />
        </extensions>
      </trkpt>
      <trkpt lat="-15.73749725" lon="130.74609384">
        <ele>91.33</ele>
        <time>2026-09-12T23:42:15Z</time>
        <extensions>
          <geotracker:meta c="4.12" s="24.45" />
        </extensions>
      </trkpt>
      <trkpt lat="-15.73885353" lon="130.74427737">
        <ele>87.45</ele>
        <time>2026-09-12T23:42:25Z</time>
        <extensions>
          <geotracker:meta c="3.98" s="24.76" />
        </extensions>
      </trkpt>
      <trkpt lat="-15.74042948" lon="130.74257831">
        <ele>93.22</ele>
        <time>2026-09-12T23:42:35Z</time>
        <extensions>
          <geotracker:meta c="3.93" s="25" />
        </extensions>
      </trkpt>
      <trkpt lat="-15.74200372" lon="130.74093202">
        <ele>98.75</ele>
        <time>2026-09-12T23:42:45Z</time>
        <extensions>
          <geotracker:meta c="3.93" s="24.45" />
        </extensions>
      </trkpt>
      <trkpt lat="-15.74359977" lon="130.73935625">
        <ele>97.51</ele>
        <time>2026-09-12T23:42:55Z</time>
        <extensions>
          <geotracker:meta c="3.91" s="24.97" />
        </extensions>
      </trkpt>
      <trkpt lat="-15.74522847" lon="130.73766441">
        <ele>96.1</ele>
        <time>2026-09-12T23:43:05Z</time>
        <extensions>
          <geotracker:meta c="3.92" s="25.96" />
        </extensions>
      </trkpt>
      <trkpt lat="-15.74686055" lon="130.73599843">
        <ele>99.09</ele>
        <time>2026-09-12T23:43:15Z</time>
        <extensions>
          <geotracker:meta c="3.92" s="24.75" />
        </extensions>
      </trkpt>
      <trkpt lat="-15.74838257" lon="130.7343452">
        <ele>99.19</ele>
        <time>2026-09-12T23:43:25Z</time>
        <extensions>
          <geotracker:meta c="4.01" s="24.45" />
        </extensions>
      </trkpt>
      <trkpt lat="-15.74960962" lon="130.73239722">
        <ele>101.48</ele>
        <time>2026-09-12T23:43:35Z</time>
        <extensions>
          <geotracker:meta c="4.27" s="24.83" />
        </extensions>
      </trkpt>
      <trkpt lat="-15.75027076" lon="130.73013248">
        <ele>105</ele>
        <time>2026-09-12T23:43:45Z</time>
        <extensions>
          <geotracker:meta c="4.56" s="25.52" />
        </extensions>
      </trkpt>
      <trkpt lat="-15.75028568" lon="130.72774324">
        <ele>103.3</ele>
        <time>2026-09-12T23:43:55Z</time>
        <extensions>
          <geotracker:meta c="4.83" s="25.4" />
        </extensions>
      </trkpt>
      <trkpt lat="-15.7496799" lon="130.72545911">
        <ele>102.11</ele>
        <time>2026-09-12T23:44:05Z</time>
        <extensions>
          <geotracker:meta c="5.1" s="25.95" />
        </extensions>
      </trkpt>
      <trkpt lat="-15.74846422" lon="130.72337171">
        <ele>106.59</ele>
        <time>2026-09-12T23:44:15Z</time>
        <extensions>
          <geotracker:meta c="5.34" s="26.3" />
        </extensions>
      </trkpt>
      <trkpt lat="-15.74708098" lon="130.72139964">
        <ele>108.43</ele>
        <time>2026-09-12T23:44:25Z</time>
        <extensions>
          <geotracker:meta c="5.35" s="26.2" />
        </extensions>
      </trkpt>
      <trkpt lat="-15.74576455" lon="130.71953821">
        <ele>109.76</ele>
        <time>2026-09-12T23:44:35Z</time>
        <extensions>
          <geotracker:meta c="5.35" s="23.67" />
        </extensions>
      </trkpt>
      <trkpt lat="-15.74452236" lon="130.71779445">
        <ele>111.44</ele>
        <time>2026-09-12T23:44:45Z</time>
        <extensions>
          <geotracker:meta c="5.36" s="22.89" />
        </extensions>
      </trkpt>
      <trkpt lat="-15.74335257" lon="130.7160318">
        <ele>114.74</ele>
        <time>2026-09-12T23:44:55Z</time>
        <extensions>
          <geotracker:meta c="5.22" s="22.99" />
        </extensions>
      </trkpt>
      <trkpt lat="-15.74257988" lon="130.71401838">
        <ele>115</ele>
        <time>2026-09-12T23:45:05Z</time>
        <extensions>
          <geotracker:meta c="4.98" s="23.83" />
        </extensions>
      </trkpt>
      <trkpt lat="-15.74233951" lon="130.7118055">
        <ele>113.76</ele>
        <time>2026-09-12T23:45:15Z</time>
        <extensions>
          <geotracker:meta c="4.73" s="23.83" />
        </extensions>
      </trkpt>
      <trkpt lat="-15.74256055" lon="130.70961135">
        <ele>120.84</ele>
        <time>2026-09-12T23:45:25Z</time>
        <extensions>
          <geotracker:meta c="4.58" s="24.23" />
        </extensions>
      </trkpt>
      <trkpt lat="-15.74284272" lon="130.70742895">
        <ele>122.67</ele>
        <time>2026-09-12T23:45:35Z</time>
        <extensions>
          <geotracker:meta c="4.59" s="23.38" />
        </extensions>
      </trkpt>
      <trkpt lat="-15.74305058" lon="130.70520135">
        <ele>126.98</ele>
        <time>2026-09-12T23:45:45Z</time>
        <extensions>
          <geotracker:meta c="4.69" s="24.05" />
        </extensions>
      </trkpt>
      <trkpt lat="-15.74281036" lon="130.70304209">
        <ele>131.93</ele>
        <time>2026-09-12T23:45:55Z</time>
        <extensions>
          <geotracker:meta c="4.96" s="22.85" />
        </extensions>
      </trkpt>
      <trkpt lat="-15.74209267" lon="130.70106483">
        <ele>136.15</ele>
        <time>2026-09-12T23:46:05Z</time>
        <extensions>
          <geotracker:meta c="5.12" s="23.03" />
        </extensions>
      </trkpt>
      <trkpt lat="-15.7412398" lon="130.69910076">
        <ele>145.59</ele>
        <time>2026-09-12T23:46:15Z</time>
        <extensions>
          <geotracker:meta c="5.12" s="22.67" />
        </extensions>
      </trkpt>
      <trkpt lat="-15.74060386" lon="130.69717197">
        <ele>148.89</ele>
        <time>2026-09-12T23:46:25Z</time>
        <extensions>
          <geotracker:meta c="4.94" s="20.01" />
        </extensions>
      </trkpt>
      <trkpt lat="-15.74041272" lon="130.69524003">
        <ele>151.07</ele>
        <time>2026-09-12T23:46:35Z</time>
        <extensions>
          <geotracker:meta c="4.71" s="20.74" />
        </extensions>
      </trkpt>
      <trkpt lat="-15.7406281" lon="130.69346734">
        <ele>151.2</ele>
        <time>2026-09-12T23:46:45Z</time>
        <extensions>
          <geotracker:meta c="4.49" s="18.51" />
        </extensions>
      </trkpt>
      <trkpt lat="-15.74111141" lon="130.6917018">
        <ele>147.42</ele>
        <time>2026-09-12T23:46:55Z</time>
        <extensions>
          <geotracker:meta c="4.43" s="20.96" />
        </extensions>
      </trkpt>
      <trkpt lat="-15.74174708" lon="130.68826869">
        <ele>145.05</ele>
        <time>2026-09-12T23:47:13Z</time>
        <extensions>
          <geotracker:meta c="4.69" s="20.41" />
        </extensions>
      </trkpt>
      <trkpt lat="-15.74150183" lon="130.68631146">
        <ele>138.31</ele>
        <time>2026-09-12T23:47:23Z</time>
        <extensions>
          <geotracker:meta c="4.95" s="21.52" />
        </extensions>
      </trkpt>
      <trkpt lat="-15.74093992" lon="130.68439904">
        <ele>136.74</ele>
        <time>2026-09-12T23:47:33Z</time>
        <extensions>
          <geotracker:meta c="5.03" s="22.17" />
        </extensions>
      </trkpt>
      <trkpt lat="-15.74000537" lon="130.68127764">
        <ele>140.52</ele>
        <time>2026-09-12T23:47:49Z</time>
        <extensions>
          <geotracker:meta c="5.01" s="21.59" />
        </extensions>
      </trkpt>
      <trkpt lat="-15.73933928" lon="130.6790052">
        <ele>143.56</ele>
        <time>2026-09-12T23:48:00Z</time>
        <extensions>
          <geotracker:meta c="4.96" s="23.77" />
        </extensions>
      </trkpt>
      <trkpt lat="-15.73900726" lon="130.67695594">
        <ele>143.78</ele>
        <time>2026-09-12T23:48:09Z</time>
        <extensions>
          <geotracker:meta c="4.8" s="25.14" />
        </extensions>
      </trkpt>
      <trkpt lat="-15.7390355" lon="130.67423848">
        <ele>144.47</ele>
        <time>2026-09-12T23:48:21Z</time>
        <extensions>
          <geotracker:meta c="4.6" s="23.38" />
        </extensions>
      </trkpt>
      <trkpt lat="-15.73942128" lon="130.67215764">
        <ele>146.13</ele>
        <time>2026-09-12T23:48:31Z</time>
        <extensions>
          <geotracker:meta c="4.44" s="22.37" />
        </extensions>
      </trkpt>
      <trkpt lat="-15.73996407" lon="130.67014395">
        <ele>153</ele>
        <time>2026-09-12T23:48:41Z</time>
        <extensions>
          <geotracker:meta c="4.44" s="22.32" />
        </extensions>
      </trkpt>
      <trkpt lat="-15.74051693" lon="130.66815574">
        <ele>158.53</ele>
        <time>2026-09-12T23:48:51Z</time>
        <extensions>
          <geotracker:meta c="4.43" s="22.42" />
        </extensions>
      </trkpt>
      <trkpt lat="-15.74106529" lon="130.66615079">
        <ele>162</ele>
        <time>2026-09-12T23:49:01Z</time>
        <extensions>
          <geotracker:meta c="4.43" s="21.99" />
        </extensions>
      </trkpt>
      <trkpt lat="-15.74162676" lon="130.66410645">
        <ele>161.77</ele>
        <time>2026-09-12T23:49:11Z</time>
        <extensions>
          <geotracker:meta c="4.43" s="23.59" />
        </extensions>
      </trkpt>
      <trkpt lat="-15.74219021" lon="130.66194091">
        <ele>160.9</ele>
        <time>2026-09-12T23:49:21Z</time>
        <extensions>
          <geotracker:meta c="4.5" s="24.56" />
        </extensions>
      </trkpt>
      <trkpt lat="-15.74239113" lon="130.65965863">
        <ele>160.06</ele>
        <time>2026-09-12T23:49:31Z</time>
        <extensions>
          <geotracker:meta c="4.69" s="24.31" />
        </extensions>
      </trkpt>
      <trkpt lat="-15.74240085" lon="130.65742702">
        <ele>163.46</ele>
        <time>2026-09-12T23:49:41Z</time>
        <extensions>
          <geotracker:meta c="4.71" s="23.92" />
        </extensions>
      </trkpt>
      <trkpt lat="-15.74240503" lon="130.65519809">
        <ele>160.29</ele>
        <time>2026-09-12T23:49:51Z</time>
        <extensions>
          <geotracker:meta c="4.71" s="23.86" />
        </extensions>
      </trkpt>
      <trkpt lat="-15.74242306" lon="130.65299051">
        <ele>165.44</ele>
        <time>2026-09-12T23:50:01Z</time>
        <extensions>
          <geotracker:meta c="4.7" s="21.89" />
        </extensions>
      </trkpt>
      <trkpt lat="-15.74242132" lon="130.6512081">
        <ele>167.73</ele>
        <time>2026-09-12T23:50:11Z</time>
        <extensions>
          <geotracker:meta c="4.71" s="17.85" />
        </extensions>
      </trkpt>
      <trkpt lat="-15.74242212" lon="130.64981999">
        <ele>166.96</ele>
        <time>2026-09-12T23:50:21Z</time>
        <extensions>
          <geotracker:meta c="4.7" s="13.08" />
        </extensions>
      </trkpt>
      <trkpt lat="-15.74248523" lon="130.64874929">
        <ele>171.81</ele>
        <time>2026-09-12T23:50:31Z</time>
        <extensions>
          <geotracker:meta c="4.38" s="8.77" />
        </extensions>
      </trkpt>
      <trkpt lat="-15.7429242" lon="130.6485563">
        <ele>169.74</ele>
        <time>2026-09-12T23:50:51Z</time>
        <extensions>
          <geotracker:meta c="2.99" s="2.65" />
        </extensions>
      </trkpt>
      <trkpt lat="-15.74311743" lon="130.648597">
        <ele>190.54</ele>
        <time>2026-09-12T23:55:52Z</time>
        <extensions>
          <geotracker:meta c="3.04" s="0.35" />
        </extensions>
      </trkpt>
      <trkpt lat="-15.74343191" lon="130.64330774">
        <ele>174.91</ele>
        <time>2026-09-13T00:11:40Z</time>
        <extensions>
          <geotracker:meta c="4.35" s="21.62" />
        </extensions>
      </trkpt>
      <trkpt lat="-15.74416264" lon="130.64129868">
        <ele>174.84</ele>
        <time>2026-09-13T00:11:50Z</time>
        <extensions>
          <geotracker:meta c="4.35" s="24" />
        </extensions>
      </trkpt>
      <trkpt lat="-15.745645" lon="130.63718988">
        <ele>178.09</ele>
        <time>2026-09-13T00:12:10Z</time>
        <extensions>
          <geotracker:meta c="4.35" s="23.47" />
        </extensions>
      </trkpt>
      <trkpt lat="-15.74792836" lon="130.63081294">
        <ele>182.6</ele>
        <time>2026-09-13T00:12:40Z</time>
        <extensions>
          <geotracker:meta c="4.36" s="24.05" />
        </extensions>
      </trkpt>
      <trkpt lat="-15.74872754" lon="130.62864838">
        <ele>183.64</ele>
        <time>2026-09-13T00:12:50Z</time>
        <extensions>
          <geotracker:meta c="4.35" s="25.25" />
        </extensions>
      </trkpt>
      <trkpt lat="-15.74953589" lon="130.62641833">
        <ele>188.21</ele>
        <time>2026-09-13T00:13:00Z</time>
        <extensions>
          <geotracker:meta c="4.36" s="24.91" />
        </extensions>
      </trkpt>
      <trkpt lat="-15.75024415" lon="130.62429783">
        <ele>187.79</ele>
        <time>2026-09-13T00:13:10Z</time>
        <extensions>
          <geotracker:meta c="4.49" s="23.07" />
        </extensions>
      </trkpt>
      <trkpt lat="-15.75023751" lon="130.62207904">
        <ele>191.02</ele>
        <time>2026-09-13T00:13:20Z</time>
        <extensions>
          <geotracker:meta c="4.87" s="23.69" />
        </extensions>
      </trkpt>
      <trkpt lat="-15.75060968" lon="130.61782483">
        <ele>194.93</ele>
        <time>2026-09-13T00:13:40Z</time>
        <extensions>
          <geotracker:meta c="4.49" s="22.69" />
        </extensions>
      </trkpt>
      <trkpt lat="-15.74730379" lon="130.61070334">
        <ele>202.62</ele>
        <time>2026-09-13T00:14:20Z</time>
        <extensions>
          <geotracker:meta c="5.16" s="19.93" />
        </extensions>
      </trkpt>
      <trkpt lat="-15.74629207" lon="130.60669395">
        <ele>197.75</ele>
        <time>2026-09-13T00:14:40Z</time>
        <extensions>
          <geotracker:meta c="5.04" s="23.46" />
        </extensions>
      </trkpt>
      <trkpt lat="-15.74318603" lon="130.59866466">
        <ele>189.19</ele>
        <time>2026-09-13T00:15:20Z</time>
        <extensions>
          <geotracker:meta c="5.02" s="21.97" />
        </extensions>
      </trkpt>
      <trkpt lat="-15.74086665" lon="130.59056079">
        <ele>176.8</ele>
        <time>2026-09-13T00:16:00Z</time>
        <extensions>
          <geotracker:meta c="5.3" s="23.22" />
        </extensions>
      </trkpt>
      <trkpt lat="-15.73661136" lon="130.58567458">
        <ele>168.45</ele>
        <time>2026-09-13T00:16:30Z</time>
        <extensions>
          <geotracker:meta c="5.22" s="23.85" />
        </extensions>
      </trkpt>
      <trkpt lat="-15.73559865" lon="130.58133722">
        <ele>161.51</ele>
        <time>2026-09-13T00:16:50Z</time>
        <extensions>
          <geotracker:meta c="4.7" s="24.13" />
        </extensions>
      </trkpt>
      <trkpt lat="-15.73563958" lon="130.57909211">
        <ele>158.6</ele>
        <time>2026-09-13T00:17:00Z</time>
        <extensions>
          <geotracker:meta c="4.7" s="24.12" />
        </extensions>
      </trkpt>
      <trkpt lat="-15.73558431" lon="130.57684331">
        <ele>151.6</ele>
        <time>2026-09-13T00:17:10Z</time>
        <extensions>
          <geotracker:meta c="4.82" s="24.46" />
        </extensions>
      </trkpt>
      <trkpt lat="-15.73532374" lon="130.57459282">
        <ele>154.6</ele>
        <time>2026-09-13T00:17:20Z</time>
        <extensions>
          <geotracker:meta c="4.83" s="23.48" />
        </extensions>
      </trkpt>
      <trkpt lat="-15.73483333" lon="130.57016439">
        <ele>140.78</ele>
        <time>2026-09-13T00:17:40Z</time>
        <extensions>
          <geotracker:meta c="4.83" s="24.17" />
        </extensions>
      </trkpt>
      <trkpt lat="-15.73457937" lon="130.56791055">
        <ele>141.74</ele>
        <time>2026-09-13T00:17:50Z</time>
        <extensions>
          <geotracker:meta c="4.83" s="24.7" />
        </extensions>
      </trkpt>
      <trkpt lat="-15.73434571" lon="130.5659028">
        <ele>137.92</ele>
        <time>2026-09-13T00:17:59Z</time>
        <extensions>
          <geotracker:meta c="4.83" s="24.04" />
        </extensions>
      </trkpt>
      <trkpt lat="-15.73404984" lon="130.56322984">
        <ele>134.41</ele>
        <time>2026-09-13T00:18:11Z</time>
        <extensions>
          <geotracker:meta c="4.83" s="23.99" />
        </extensions>
      </trkpt>
      <trkpt lat="-15.73375032" lon="130.56057723">
        <ele>130.09</ele>
        <time>2026-09-13T00:18:23Z</time>
        <extensions>
          <geotracker:meta c="4.82" s="23.69" />
        </extensions>
      </trkpt>
      <trkpt lat="-15.73366786" lon="130.55652358">
        <ele>130.11</ele>
        <time>2026-09-13T00:18:43Z</time>
        <extensions>
          <geotracker:meta c="4.5" s="21.3" />
        </extensions>
      </trkpt>
      <trkpt lat="-15.73863938" lon="130.54976147">
        <ele>126.64</ele>
        <time>2026-09-13T00:19:23Z</time>
        <extensions>
          <geotracker:meta c="3.98" s="24.52" />
        </extensions>
      </trkpt>
      <trkpt lat="-15.74160604" lon="130.54628721">
        <ele>118.2</ele>
        <time>2026-09-13T00:19:43Z</time>
        <extensions>
          <geotracker:meta c="3.99" s="25.51" />
        </extensions>
      </trkpt>
      <trkpt lat="-15.74311375" lon="130.54453184">
        <ele>116.01</ele>
        <time>2026-09-13T00:19:53Z</time>
        <extensions>
          <geotracker:meta c="3.99" s="24.45" />
        </extensions>
      </trkpt>
      <trkpt lat="-15.74457944" lon="130.54283287">
        <ele>110.89</ele>
        <time>2026-09-13T00:20:03Z</time>
        <extensions>
          <geotracker:meta c="3.99" s="23.79" />
        </extensions>
      </trkpt>
      <trkpt lat="-15.74589384" lon="130.54111395">
        <ele>111.09</ele>
        <time>2026-09-13T00:20:13Z</time>
        <extensions>
          <geotracker:meta c="4.19" s="23.84" />
        </extensions>
      </trkpt>
      <trkpt lat="-15.74617923" lon="130.53461113">
        <ele>101.48</ele>
        <time>2026-09-13T00:20:43Z</time>
        <extensions>
          <geotracker:meta c="4.8" s="23.23" />
        </extensions>
      </trkpt>
      <trkpt lat="-15.74483395" lon="130.52818695">
        <ele>104.59</ele>
        <time>2026-09-13T00:21:13Z</time>
        <extensions>
          <geotracker:meta c="5.43" s="24.55" />
        </extensions>
      </trkpt>
    </trkseg>
    <trkseg>
      <trkpt lat="-15.73737978" lon="130.50708901">
        <ele>94.97</ele>
        <time>2026-09-13T00:23:13Z</time>
        <extensions>
          <geotracker:meta c="5.33" s="17.21" />
        </extensions>
      </trkpt>
      <trkpt lat="-15.7362102" lon="130.50579845">
        <ele>91.44</ele>
        <time>2026-09-13T00:23:23Z</time>
        <extensions>
          <geotracker:meta c="5.52" s="19.93" />
        </extensions>
      </trkpt>
      <trkpt lat="-15.7337004" lon="130.5029977">
        <ele>89.26</ele>
        <time>2026-09-13T00:23:43Z</time>
        <extensions>
          <geotracker:meta c="5.45" s="20.9" />
        </extensions>
      </trkpt>
      <trkpt lat="-15.72821107" lon="130.4970372">
        <ele>88.87</ele>
        <time>2026-09-13T00:24:23Z</time>
        <extensions>
          <geotracker:meta c="5.15" s="23.18" />
        </extensions>
      </trkpt>
      <trkpt lat="-15.72723515" lon="130.49029306">
        <ele>87.49</ele>
        <time>2026-09-13T00:24:53Z</time>
        <extensions>
          <geotracker:meta c="4.92" s="23.96" />
        </extensions>
      </trkpt>
      <trkpt lat="-15.72645194" lon="130.48819335">
        <ele>84.65</ele>
        <time>2026-09-13T00:25:03Z</time>
        <extensions>
          <geotracker:meta c="5.24" s="24.72" />
        </extensions>
      </trkpt>
      <trkpt lat="-15.72330877" lon="130.48502597">
        <ele>81.88</ele>
        <time>2026-09-13T00:25:23Z</time>
        <extensions>
          <geotracker:meta c="5.68" s="24.43" />
        </extensions>
      </trkpt>
      <trkpt lat="-15.7216633" lon="130.48382811">
        <ele>83.57</ele>
        <time>2026-09-13T00:25:33Z</time>
        <extensions>
          <geotracker:meta c="5.66" s="22.6" />
        </extensions>
      </trkpt>
      <trkpt lat="-15.72003668" lon="130.4826187">
        <ele>81.18</ele>
        <time>2026-09-13T00:25:43Z</time>
        <extensions>
          <geotracker:meta c="5.66" s="21.98" />
        </extensions>
      </trkpt>
      <trkpt lat="-15.71641992" lon="130.48077926">
        <ele>84.13</ele>
        <time>2026-09-13T00:26:03Z</time>
        <extensions>
          <geotracker:meta c="5.99" s="22.77" />
        </extensions>
      </trkpt>
      <trkpt lat="-15.71247143" lon="130.47959041">
        <ele>79.52</ele>
        <time>2026-09-13T00:26:23Z</time>
        <extensions>
          <geotracker:meta c="5.99" s="23.05" />
        </extensions>
      </trkpt>
      <trkpt lat="-15.7085081" lon="130.47919069">
        <ele>74.28</ele>
        <time>2026-09-13T00:26:43Z</time>
        <extensions>
          <geotracker:meta c="0.11" s="22.4" />
        </extensions>
      </trkpt>
      <trkpt lat="-15.70645801" lon="130.47943014">
        <ele>76.57</ele>
        <time>2026-09-13T00:26:53Z</time>
        <extensions>
          <geotracker:meta c="0.11" s="23.1" />
        </extensions>
      </trkpt>
      <trkpt lat="-15.702206" lon="130.479901">
        <ele>75.22</ele>
        <time>2026-09-13T00:27:13Z</time>
        <extensions>
          <geotracker:meta c="0.1" s="23.48" />
        </extensions>
      </trkpt>
      <trkpt lat="-15.70018166" lon="130.48035204">
        <ele>73.53</ele>
        <time>2026-09-13T00:27:23Z</time>
        <extensions>
          <geotracker:meta c="0.37" s="23.27" />
        </extensions>
      </trkpt>
      <trkpt lat="-15.69822174" lon="130.48117851">
        <ele>74.26</ele>
        <time>2026-09-13T00:27:33Z</time>
        <extensions>
          <geotracker:meta c="0.39" s="23.2" />
        </extensions>
      </trkpt>
      <trkpt lat="-15.69625195" lon="130.48191492">
        <ele>74.19</ele>
        <time>2026-09-13T00:27:43Z</time>
        <extensions>
          <geotracker:meta c="0.23" s="22.71" />
        </extensions>
      </trkpt>
      <trkpt lat="-15.69207532" lon="130.48191814">
        <ele>76.49</ele>
        <time>2026-09-13T00:28:03Z</time>
        <extensions>
          <geotracker:meta c="6.24" s="23.64" />
        </extensions>
      </trkpt>
      <trkpt lat="-15.68553243" lon="130.48162918">
        <ele>73.96</ele>
        <time>2026-09-13T00:28:33Z</time>
        <extensions>
          <geotracker:meta c="6.24" s="24.16" />
        </extensions>
      </trkpt>
      <trkpt lat="-15.67939099" lon="130.4816286">
        <ele>71.28</ele>
        <time>2026-09-13T00:29:03Z</time>
        <extensions>
          <geotracker:meta c="0.28" s="20.94" />
        </extensions>
      </trkpt>
      <trkpt lat="-15.67592669" lon="130.48331011">
        <ele>65.79</ele>
        <time>2026-09-13T00:29:23Z</time>
        <extensions>
          <geotracker:meta c="0.36" s="20.9" />
        </extensions>
      </trkpt>
      <trkpt lat="-15.67223135" lon="130.48344281">
        <ele>68.44</ele>
        <time>2026-09-13T00:29:43Z</time>
        <extensions>
          <geotracker:meta c="6.01" s="20.46" />
        </extensions>
      </trkpt>
      <trkpt lat="-15.6704678" lon="130.48274009">
        <ele>69.14</ele>
        <time>2026-09-13T00:29:53Z</time>
        <extensions>
          <geotracker:meta c="5.88" s="20.44" />
        </extensions>
      </trkpt>
      <trkpt lat="-15.66878283" lon="130.48205833">
        <ele>66.89</ele>
        <time>2026-09-13T00:30:03Z</time>
        <extensions>
          <geotracker:meta c="5.96" s="20" />
        </extensions>
      </trkpt>
      <trkpt lat="-15.66711368" lon="130.48153143">
        <ele>63.78</ele>
        <time>2026-09-13T00:30:13Z</time>
        <extensions>
          <geotracker:meta c="6.02" s="18.35" />
        </extensions>
      </trkpt>
      <trkpt lat="-15.66567688" lon="130.4811403">
        <ele>65.31</ele>
        <time>2026-09-13T00:30:23Z</time>
        <extensions>
          <geotracker:meta c="6.01" s="16.25" />
        </extensions>
      </trkpt>
      <trkpt lat="-15.66440517" lon="130.48073637">
        <ele>67.37</ele>
        <time>2026-09-13T00:30:33Z</time>
        <extensions>
          <geotracker:meta c="5.97" s="10.86" />
        </extensions>
      </trkpt>
      <trkpt lat="-15.66377385" lon="130.48086027">
        <ele>64.37</ele>
        <time>2026-09-13T00:30:43Z</time>
        <extensions>
          <geotracker:meta c="0.16" s="5.92" />
        </extensions>
      </trkpt>
      <trkpt lat="-15.66332762" lon="130.48094507">
        <ele>65.59</ele>
        <time>2026-09-13T00:30:53Z</time>
        <extensions>
          <geotracker:meta c="6.24" s="5.72" />
        </extensions>
      </trkpt>
      <trkpt lat="-15.66296737" lon="130.4808442">
        <ele>61.45</ele>
        <time>2026-09-13T00:38:23Z</time>
        <extensions>
          <geotracker:meta c="6.04" s="2.31" />
        </extensions>
      </trkpt>
      <trkpt lat="-15.66243132" lon="130.48042398">
        <ele>68.11</ele>
        <time>2026-09-13T00:38:43Z</time>
        <extensions>
          <geotracker:meta c="6.2" s="4.07" />
        </extensions>
      </trkpt>
      <trkpt lat="-15.66193538" lon="130.48061146">
        <ele>71.6</ele>
        <time>2026-09-13T01:07:04Z</time>
        <extensions>
          <geotracker:meta c="0.43" s="1.05" />
        </extensions>
      </trkpt>
      <trkpt lat="-15.66180204" lon="130.48066865">
        <ele>69.44</ele>
        <time>2026-09-13T01:15:44Z</time>
        <extensions>
          <geotracker:meta c="0.38" s="0.89" />
        </extensions>
      </trkpt>
      <trkpt lat="-15.66201208" lon="130.48050138">
        <ele>68.8</ele>
        <time>2026-09-13T01:21:02Z</time>
        <extensions>
          <geotracker:meta c="3.46" s="0.64" />
        </extensions>
      </trkpt>
      <trkpt lat="-15.66100724" lon="130.48002161">
        <ele>66.86</ele>
        <time>2026-09-13T01:24:26Z</time>
        <extensions>
          <geotracker:meta c="5.97" s="5.53" />
        </extensions>
      </trkpt>
      <trkpt lat="-15.66018316" lon="130.47993555">
        <ele>66.36</ele>
        <time>2026-09-13T01:24:36Z</time>
        <extensions>
          <geotracker:meta c="6.16" s="11.29" />
        </extensions>
      </trkpt>
      <trkpt lat="-15.659107" lon="130.47983454">
        <ele>65.93</ele>
        <time>2026-09-13T01:24:46Z</time>
        <extensions>
          <geotracker:meta c="6.19" s="12.74" />
        </extensions>
      </trkpt>
      <trkpt lat="-15.65801109" lon="130.47972435">
        <ele>65.97</ele>
        <time>2026-09-13T01:24:55Z</time>
        <extensions>
          <geotracker:meta c="6.19" s="14.24" />
        </extensions>
      </trkpt>
      <trkpt lat="-15.65668688" lon="130.47960084">
        <ele>65.79</ele>
        <time>2026-09-13T01:25:05Z</time>
        <extensions>
          <geotracker:meta c="6.21" s="15" />
        </extensions>
      </trkpt>
      <trkpt lat="-15.6554489" lon="130.47946565">
        <ele>65.31</ele>
        <time>2026-09-13T01:25:14Z</time>
        <extensions>
          <geotracker:meta c="6.14" s="16.01" />
        </extensions>
      </trkpt>
      <trkpt lat="-15.65408746" lon="130.47918005">
        <ele>64.68</ele>
        <time>2026-09-13T01:25:23Z</time>
        <extensions>
          <geotracker:meta c="6.05" s="17.67" />
        </extensions>
      </trkpt>
      <trkpt lat="-15.65122751" lon="130.47817508">
        <ele>63.1</ele>
        <time>2026-09-13T01:25:42Z</time>
        <extensions>
          <geotracker:meta c="5.87" s="17.2" />
        </extensions>
      </trkpt>
      <trkpt lat="-15.64998764" lon="130.47753353">
        <ele>62.67</ele>
        <time>2026-09-13T01:25:51Z</time>
        <extensions>
          <geotracker:meta c="5.75" s="16.66" />
        </extensions>
      </trkpt>
      <trkpt lat="-15.64885085" lon="130.47679238">
        <ele>61.91</ele>
        <time>2026-09-13T01:26:00Z</time>
        <extensions>
          <geotracker:meta c="5.68" s="16.89" />
        </extensions>
      </trkpt>
      <trkpt lat="-15.64769789" lon="130.47588987">
        <ele>62.13</ele>
        <time>2026-09-13T01:26:09Z</time>
        <extensions>
          <geotracker:meta c="5.58" s="17.89" />
        </extensions>
      </trkpt>
      <trkpt lat="-15.646668" lon="130.47492496">
        <ele>63.83</ele>
        <time>2026-09-13T01:26:18Z</time>
        <extensions>
          <geotracker:meta c="5.52" s="16.39" />
        </extensions>
      </trkpt>
      <trkpt lat="-15.64574858" lon="130.47391962">
        <ele>62.23</ele>
        <time>2026-09-13T01:26:27Z</time>
        <extensions>
          <geotracker:meta c="5.41" s="17.37" />
        </extensions>
      </trkpt>
      <trkpt lat="-15.64481946" lon="130.47269854">
        <ele>59.99</ele>
        <time>2026-09-13T01:26:36Z</time>
        <extensions>
          <geotracker:meta c="5.34" s="19.11" />
        </extensions>
      </trkpt>
      <trkpt lat="-15.64386809" lon="130.47137587">
        <ele>62.97</ele>
        <time>2026-09-13T01:26:45Z</time>
        <extensions>
          <geotracker:meta c="5.39" s="19.88" />
        </extensions>
      </trkpt>
      <trkpt lat="-15.64289354" lon="130.47025311">
        <ele>65.66</ele>
        <time>2026-09-13T01:26:54Z</time>
        <extensions>
          <geotracker:meta c="5.49" s="16.57" />
        </extensions>
      </trkpt>
      <trkpt lat="-15.64068811" lon="130.46839315">
        <ele>63.51</ele>
        <time>2026-09-13T01:27:12Z</time>
        <extensions>
          <geotracker:meta c="5.68" s="18.14" />
        </extensions>
      </trkpt>
      <trkpt lat="-15.63945487" lon="130.46752888">
        <ele>64.42</ele>
        <time>2026-09-13T01:27:21Z</time>
        <extensions>
          <geotracker:meta c="5.7" s="17.94" />
        </extensions>
      </trkpt>
      <trkpt lat="-15.63825528" lon="130.46669698">
        <ele>64.5</ele>
        <time>2026-09-13T01:27:30Z</time>
        <extensions>
          <geotracker:meta c="5.69" s="17.97" />
        </extensions>
      </trkpt>
      <trkpt lat="-15.63695698" lon="130.46578441">
        <ele>64.09</ele>
        <time>2026-09-13T01:27:39Z</time>
        <extensions>
          <geotracker:meta c="5.68" s="20.48" />
        </extensions>
      </trkpt>
      <trkpt lat="-15.63554724" lon="130.46478598">
        <ele>63.86</ele>
        <time>2026-09-13T01:27:48Z</time>
        <extensions>
          <geotracker:meta c="5.69" s="21.11" />
        </extensions>
      </trkpt>
      <trkpt lat="-15.6341218" lon="130.46377919">
        <ele>64.37</ele>
        <time>2026-09-13T01:27:57Z</time>
        <extensions>
          <geotracker:meta c="5.69" s="21.54" />
        </extensions>
      </trkpt>
      <trkpt lat="-15.63285492" lon="130.46288998">
        <ele>64.53</ele>
        <time>2026-09-13T01:28:06Z</time>
        <extensions>
          <geotracker:meta c="5.7" s="18.55" />
        </extensions>
      </trkpt>
      <trkpt lat="-15.63156326" lon="130.46197379">
        <ele>63.83</ele>
        <time>2026-09-13T01:28:15Z</time>
        <extensions>
          <geotracker:meta c="5.68" s="19.19" />
        </extensions>
      </trkpt>
      <trkpt lat="-15.63021824" lon="130.46099585">
        <ele>63.55</ele>
        <time>2026-09-13T01:28:24Z</time>
        <extensions>
          <geotracker:meta c="5.63" s="20.56" />
        </extensions>
      </trkpt>
      <trkpt lat="-15.62768108" lon="130.45838483">
        <ele>63.04</ele>
        <time>2026-09-13T01:28:42Z</time>
        <extensions>
          <geotracker:meta c="5.39" s="22.95" />
        </extensions>
      </trkpt>
      <trkpt lat="-15.62654656" lon="130.45691406">
        <ele>62.48</ele>
        <time>2026-09-13T01:28:51Z</time>
        <extensions>
          <geotracker:meta c="5.38" s="22.35" />
        </extensions>
      </trkpt>
      <trkpt lat="-15.62544437" lon="130.45548767">
        <ele>62.14</ele>
        <time>2026-09-13T01:29:00Z</time>
        <extensions>
          <geotracker:meta c="5.38" s="21.17" />
        </extensions>
      </trkpt>
      <trkpt lat="-15.62436052" lon="130.45403651">
        <ele>61.15</ele>
        <time>2026-09-13T01:29:09Z</time>
        <extensions>
          <geotracker:meta c="5.32" s="22.43" />
        </extensions>
      </trkpt>
      <trkpt lat="-15.623468" lon="130.45240134">
        <ele>60.54</ele>
        <time>2026-09-13T01:29:18Z</time>
        <extensions>
          <geotracker:meta c="5.13" s="22.06" />
        </extensions>
      </trkpt>
      <trkpt lat="-15.62289901" lon="130.45062478">
        <ele>60.94</ele>
        <time>2026-09-13T01:29:27Z</time>
        <extensions>
          <geotracker:meta c="4.93" s="22.4" />
        </extensions>
      </trkpt>
      <trkpt lat="-15.62268337" lon="130.44871224">
        <ele>60.85</ele>
        <time>2026-09-13T01:29:36Z</time>
        <extensions>
          <geotracker:meta c="4.73" s="23.32" />
        </extensions>
      </trkpt>
      <trkpt lat="-15.62282469" lon="130.44677549">
        <ele>60.63</ele>
        <time>2026-09-13T01:29:45Z</time>
        <extensions>
          <geotracker:meta c="4.56" s="22.9" />
        </extensions>
      </trkpt>
      <trkpt lat="-15.62310836" lon="130.44487901">
        <ele>62.31</ele>
        <time>2026-09-13T01:29:54Z</time>
        <extensions>
          <geotracker:meta c="4.56" s="22.31" />
        </extensions>
      </trkpt>
      <trkpt lat="-15.62360776" lon="130.44157098">
        <ele>62.75</ele>
        <time>2026-09-13T01:30:12Z</time>
        <extensions>
          <geotracker:meta c="4.54" s="19.3" />
        </extensions>
      </trkpt>
      <trkpt lat="-15.62386509" lon="130.43988727">
        <ele>62.79</ele>
        <time>2026-09-13T01:30:21Z</time>
        <extensions>
          <geotracker:meta c="4.56" s="20.99" />
        </extensions>
      </trkpt>
      <trkpt lat="-15.62411333" lon="130.43811422">
        <ele>62.97</ele>
        <time>2026-09-13T01:30:30Z</time>
        <extensions>
          <geotracker:meta c="4.6" s="21.51" />
        </extensions>
      </trkpt>
      <trkpt lat="-15.62419146" lon="130.43635242">
        <ele>62.99</ele>
        <time>2026-09-13T01:30:39Z</time>
        <extensions>
          <geotracker:meta c="4.74" s="20.26" />
        </extensions>
      </trkpt>
      <trkpt lat="-15.62404251" lon="130.43455287">
        <ele>59.76</ele>
        <time>2026-09-13T01:30:48Z</time>
        <extensions>
          <geotracker:meta c="4.86" s="22.32" />
        </extensions>
      </trkpt>
      <trkpt lat="-15.62366272" lon="130.43274938">
        <ele>58.58</ele>
        <time>2026-09-13T01:30:57Z</time>
        <extensions>
          <geotracker:meta c="4.99" s="21.92" />
        </extensions>
      </trkpt>
      <trkpt lat="-15.62306841" lon="130.43102073">
        <ele>58.32</ele>
        <time>2026-09-13T01:31:06Z</time>
        <extensions>
          <geotracker:meta c="5.1" s="21.89" />
        </extensions>
      </trkpt>
      <trkpt lat="-15.62236143" lon="130.42927384">
        <ele>59.79</ele>
        <time>2026-09-13T01:31:15Z</time>
        <extensions>
          <geotracker:meta c="5.07" s="22.87" />
        </extensions>
      </trkpt>
      <trkpt lat="-15.62187125" lon="130.42741635">
        <ele>59.13</ele>
        <time>2026-09-13T01:31:24Z</time>
        <extensions>
          <geotracker:meta c="4.91" s="23.38" />
        </extensions>
      </trkpt>
      <trkpt lat="-15.62100025" lon="130.42373613">
        <ele>59.32</ele>
        <time>2026-09-13T01:31:42Z</time>
        <extensions>
          <geotracker:meta c="5.1" s="21.29" />
        </extensions>
      </trkpt>
      <trkpt lat="-15.62034821" lon="130.42215811">
        <ele>59.69</ele>
        <time>2026-09-13T01:31:51Z</time>
        <extensions>
          <geotracker:meta c="5.12" s="20.67" />
        </extensions>
      </trkpt>
      <trkpt lat="-15.61965925" lon="130.42049356">
        <ele>59.69</ele>
        <time>2026-09-13T01:32:00Z</time>
        <extensions>
          <geotracker:meta c="5.13" s="22.1" />
        </extensions>
      </trkpt>
      <trkpt lat="-15.61886982" lon="130.41879406">
        <ele>59.16</ele>
        <time>2026-09-13T01:32:09Z</time>
        <extensions>
          <geotracker:meta c="5.18" s="21.82" />
        </extensions>
      </trkpt>
      <trkpt lat="-15.61808484" lon="130.41715913">
        <ele>58.48</ele>
        <time>2026-09-13T01:32:18Z</time>
        <extensions>
          <geotracker:meta c="5.18" s="21.75" />
        </extensions>
      </trkpt>
      <trkpt lat="-15.61729612" lon="130.41549365">
        <ele>61.02</ele>
        <time>2026-09-13T01:32:27Z</time>
        <extensions>
          <geotracker:meta c="5.13" s="21" />
        </extensions>
      </trkpt>
      <trkpt lat="-15.61669926" lon="130.4140099">
        <ele>62.67</ele>
        <time>2026-09-13T01:32:36Z</time>
        <extensions>
          <geotracker:meta c="5.1" s="18.18" />
        </extensions>
      </trkpt>
      <trkpt lat="-15.6161714" lon="130.41269412">
        <ele>61.9</ele>
        <time>2026-09-13T01:32:45Z</time>
        <extensions>
          <geotracker:meta c="5.1" s="16.72" />
        </extensions>
      </trkpt>
      <trkpt lat="-15.61567718" lon="130.41145625">
        <ele>60.41</ele>
        <time>2026-09-13T01:32:54Z</time>
        <extensions>
          <geotracker:meta c="5.1" s="15.17" />
        </extensions>
      </trkpt>
      <trkpt lat="-15.61488909" lon="130.40868855">
        <ele>56.85</ele>
        <time>2026-09-13T01:33:12Z</time>
        <extensions>
          <geotracker:meta c="4.8" s="17.45" />
        </extensions>
      </trkpt>
      <trkpt lat="-15.61479047" lon="130.40735872">
        <ele>57.15</ele>
        <time>2026-09-13T01:33:21Z</time>
        <extensions>
          <geotracker:meta c="4.78" s="14.68" />
        </extensions>
      </trkpt>
      <trkpt lat="-15.61468993" lon="130.40613138">
        <ele>57.23</ele>
        <time>2026-09-13T01:33:30Z</time>
        <extensions>
          <geotracker:meta c="4.78" s="15.58" />
        </extensions>
      </trkpt>
      <trkpt lat="-15.61457663" lon="130.40469921">
        <ele>58</ele>
        <time>2026-09-13T01:33:39Z</time>
        <extensions>
          <geotracker:meta c="4.82" s="17.25" />
        </extensions>
      </trkpt>
      <trkpt lat="-15.61453309" lon="130.40327532">
        <ele>58.36</ele>
        <time>2026-09-13T01:33:48Z</time>
        <extensions>
          <geotracker:meta c="4.67" s="15.61" />
        </extensions>
      </trkpt>
      <trkpt lat="-15.6145796" lon="130.40227333">
        <ele>59.07</ele>
        <time>2026-09-13T01:33:57Z</time>
        <extensions>
          <geotracker:meta c="4.83" s="7.48" />
        </extensions>
      </trkpt>
      <trkpt lat="-15.61408954" lon="130.40203243">
        <ele>60.37</ele>
        <time>2026-09-13T01:34:06Z</time>
        <extensions>
          <geotracker:meta c="5.65" s="6.76" />
        </extensions>
      </trkpt>
      <trkpt lat="-15.61322613" lon="130.40200415">
        <ele>59.75</ele>
        <time>2026-09-13T01:34:24Z</time>
        <extensions>
          <geotracker:meta c="0.25" s="5.05" />
        </extensions>
      </trkpt>
      <trkpt lat="-15.61266178" lon="130.40166224">
        <ele>59.73</ele>
        <time>2026-09-13T01:34:42Z</time>
        <extensions>
          <geotracker:meta c="5.34" s="4.49" />
        </extensions>
      </trkpt>
      <trkpt lat="-15.61187588" lon="130.40130055">
        <ele>57.07</ele>
        <time>2026-09-13T01:35:00Z</time>
        <extensions>
          <geotracker:meta c="6.01" s="5.18" />
        </extensions>
      </trkpt>
      <trkpt lat="-15.61093267" lon="130.40116739">
        <ele>55.9</ele>
        <time>2026-09-13T01:35:18Z</time>
        <extensions>
          <geotracker:meta c="6.25" s="6" />
        </extensions>
      </trkpt>
      <trkpt lat="-15.61457629" lon="130.40212818">
        <ele>60.11</ele>
        <time>2026-09-13T02:33:06Z</time>
        <extensions>
          <geotracker:meta c="4.3" s="4.13" />
        </extensions>
      </trkpt>
      <trkpt lat="-15.61465409" lon="130.3985827">
        <ele>56.87</ele>
        <time>2026-09-13T02:33:36Z</time>
        <extensions>
          <geotracker:meta c="4.8" s="17.75" />
        </extensions>
      </trkpt>
      <trkpt lat="-15.61408539" lon="130.39506179">
        <ele>55.29</ele>
        <time>2026-09-13T02:33:56Z</time>
        <extensions>
          <geotracker:meta c="4.9" s="20.02" />
        </extensions>
      </trkpt>
      <trkpt lat="-15.6137742" lon="130.39338898">
        <ele>56.04</ele>
        <time>2026-09-13T02:34:05Z</time>
        <extensions>
          <geotracker:meta c="4.93" s="20.7" />
        </extensions>
      </trkpt>
      <trkpt lat="-15.61330086" lon="130.39166638">
        <ele>56.39</ele>
        <time>2026-09-13T02:34:14Z</time>
        <extensions>
          <geotracker:meta c="5.04" s="21.88" />
        </extensions>
      </trkpt>
      <trkpt lat="-15.61200372" lon="130.38886103">
        <ele>56.08</ele>
        <time>2026-09-13T02:34:29Z</time>
        <extensions>
          <geotracker:meta c="5.24" s="22.19" />
        </extensions>
      </trkpt>
      <trkpt lat="-15.61085706" lon="130.38713684">
        <ele>58.06</ele>
        <time>2026-09-13T02:34:39Z</time>
        <extensions>
          <geotracker:meta c="5.38" s="22.72" />
        </extensions>
      </trkpt>
      <trkpt lat="-15.60793098" lon="130.38423093">
        <ele>60.62</ele>
        <time>2026-09-13T02:34:59Z</time>
        <extensions>
          <geotracker:meta c="5.57" s="21.57" />
        </extensions>
      </trkpt>
      <trkpt lat="-15.60661556" lon="130.38282026">
        <ele>62.35</ele>
        <time>2026-09-13T02:35:09Z</time>
        <extensions>
          <geotracker:meta c="5.41" s="21.47" />
        </extensions>
      </trkpt>
      <trkpt lat="-15.60538781" lon="130.38118407">
        <ele>58.08</ele>
        <time>2026-09-13T02:35:19Z</time>
        <extensions>
          <geotracker:meta c="5.38" s="22.54" />
        </extensions>
      </trkpt>
      <trkpt lat="-15.60411928" lon="130.37949973">
        <ele>63.81</ele>
        <time>2026-09-13T02:35:29Z</time>
        <extensions>
          <geotracker:meta c="5.37" s="23.45" />
        </extensions>
      </trkpt>
      <trkpt lat="-15.60278671" lon="130.37774697">
        <ele>61.99</ele>
        <time>2026-09-13T02:35:39Z</time>
        <extensions>
          <geotracker:meta c="5.37" s="24.25" />
        </extensions>
      </trkpt>
      <trkpt lat="-15.60141609" lon="130.37589837">
        <ele>64.53</ele>
        <time>2026-09-13T02:35:49Z</time>
        <extensions>
          <geotracker:meta c="5.36" s="25.32" />
        </extensions>
      </trkpt>
      <trkpt lat="-15.60019064" lon="130.37390801">
        <ele>65</ele>
        <time>2026-09-13T02:35:59Z</time>
        <extensions>
          <geotracker:meta c="5.21" s="25.39" />
        </extensions>
      </trkpt>
      <trkpt lat="-15.59928793" lon="130.37170372">
        <ele>66.67</ele>
        <time>2026-09-13T02:36:09Z</time>
        <extensions>
          <geotracker:meta c="5.03" s="26.26" />
        </extensions>
      </trkpt>
      <trkpt lat="-15.5987286" lon="130.36929593">
        <ele>68.72</ele>
        <time>2026-09-13T02:36:19Z</time>
        <extensions>
          <geotracker:meta c="4.86" s="26.18" />
        </extensions>
      </trkpt>
      <trkpt lat="-15.59850715" lon="130.36692789">
        <ele>70.16</ele>
        <time>2026-09-13T02:36:29Z</time>
        <extensions>
          <geotracker:meta c="4.8" s="24.96" />
        </extensions>
      </trkpt>
      <trkpt lat="-15.59812016" lon="130.36229422">
        <ele>70.58</ele>
        <time>2026-09-13T02:36:49Z</time>
        <extensions>
          <geotracker:meta c="4.8" s="24.71" />
        </extensions>
      </trkpt>
      <trkpt lat="-15.59793348" lon="130.36004036">
        <ele>70.77</ele>
        <time>2026-09-13T02:36:59Z</time>
        <extensions>
          <geotracker:meta c="4.8" s="23.91" />
        </extensions>
      </trkpt>
      <trkpt lat="-15.59761857" lon="130.35636163">
        <ele>70.94</ele>
        <time>2026-09-13T02:37:19Z</time>
        <extensions>
          <geotracker:meta c="4.79" s="14.33" />
        </extensions>
      </trkpt>
      <trkpt lat="-15.59700218" lon="130.35570717">
        <ele>74.81</ele>
        <time>2026-09-13T02:37:39Z</time>
        <extensions>
          <geotracker:meta c="6.02" s="6.9" />
        </extensions>
      </trkpt>
      <trkpt lat="-15.59633303" lon="130.35541312">
        <ele>73.4</ele>
        <time>2026-09-13T02:37:49Z</time>
        <extensions>
          <geotracker:meta c="5.92" s="8.68" />
        </extensions>
      </trkpt>
      <trkpt lat="-15.59464127" lon="130.35563034">
        <ele>69.11</ele>
        <time>2026-09-13T02:38:09Z</time>
        <extensions>
          <geotracker:meta c="0.24" s="10.34" />
        </extensions>
      </trkpt>
      <trkpt lat="-15.59273353" lon="130.35617752">
        <ele>71.34</ele>
        <time>2026-09-13T02:38:28Z</time>
        <extensions>
          <geotracker:meta c="0.23" s="11.95" />
        </extensions>
      </trkpt>
      <trkpt lat="-15.59181571" lon="130.35645083">
        <ele>72.77</ele>
        <time>2026-09-13T02:38:37Z</time>
        <extensions>
          <geotracker:meta c="0.21" s="11.83" />
        </extensions>
      </trkpt>
      <trkpt lat="-15.59042005" lon="130.3568549">
        <ele>74.68</ele>
        <time>2026-09-13T02:38:51Z</time>
        <extensions>
          <geotracker:meta c="0.29" s="10.09" />
        </extensions>
      </trkpt>
      <trkpt lat="-15.58847851" lon="130.35742306">
        <ele>79.63</ele>
        <time>2026-09-13T02:39:11Z</time>
        <extensions>
          <geotracker:meta c="0.27" s="11.18" />
        </extensions>
      </trkpt>
      <trkpt lat="-15.58693753" lon="130.35787155">
        <ele>78.5</ele>
        <time>2026-09-13T02:39:31Z</time>
        <extensions>
          <geotracker:meta c="0.31" s="4.75" />
        </extensions>
      </trkpt>
      <trkpt lat="-15.58606342" lon="130.35813042">
        <ele>77.9</ele>
        <time>2026-09-13T02:39:51Z</time>
        <extensions>
          <geotracker:meta c="0.26" s="5.82" />
        </extensions>
      </trkpt>
      <trkpt lat="-15.58507856" lon="130.35840634">
        <ele>78.87</ele>
        <time>2026-09-13T02:40:11Z</time>
        <extensions>
          <geotracker:meta c="0.25" s="5.98" />
        </extensions>
      </trkpt>
      <trkpt lat="-15.58366663" lon="130.35883059">
        <ele>76.32</ele>
        <time>2026-09-13T02:40:31Z</time>
        <extensions>
          <geotracker:meta c="0.25" s="8.25" />
        </extensions>
      </trkpt>
      <trkpt lat="-15.58298314" lon="130.35901226">
        <ele>74.64</ele>
        <time>2026-09-13T02:40:41Z</time>
        <extensions>
          <geotracker:meta c="0.25" s="8.09" />
        </extensions>
      </trkpt>
      <trkpt lat="-15.58235827" lon="130.35920238">
        <ele>71.35</ele>
        <time>2026-09-13T02:40:51Z</time>
        <extensions>
          <geotracker:meta c="0.29" s="6.23" />
        </extensions>
      </trkpt>
      <trkpt lat="-15.5817828" lon="130.35937757">
        <ele>68.36</ele>
        <time>2026-09-13T02:41:01Z</time>
        <extensions>
          <geotracker:meta c="0.25" s="7.88" />
        </extensions>
      </trkpt>
      <trkpt lat="-15.58098673" lon="130.35961208">
        <ele>68.03</ele>
        <time>2026-09-13T02:41:11Z</time>
        <extensions>
          <geotracker:meta c="0.32" s="9.74" />
        </extensions>
      </trkpt>
      <trkpt lat="-15.58020815" lon="130.35985718">
        <ele>66.39</ele>
        <time>2026-09-13T02:41:21Z</time>
        <extensions>
          <geotracker:meta c="0.26" s="8.4" />
        </extensions>
      </trkpt>
      <trkpt lat="-15.57956197" lon="130.36005614">
        <ele>65.98</ele>
        <time>2026-09-13T02:41:31Z</time>
        <extensions>
          <geotracker:meta c="0.24" s="7.11" />
        </extensions>
      </trkpt>
      <trkpt lat="-15.57899125" lon="130.36022259">
        <ele>62.38</ele>
        <time>2026-09-13T02:41:41Z</time>
        <extensions>
          <geotracker:meta c="0.33" s="5.82" />
        </extensions>
      </trkpt>
      <trkpt lat="-15.57843891" lon="130.36038025">
        <ele>61.57</ele>
        <time>2026-09-13T02:41:51Z</time>
        <extensions>
          <geotracker:meta c="0.24" s="7.15" />
        </extensions>
      </trkpt>
      <trkpt lat="-15.57776052" lon="130.36059345">
        <ele>62.65</ele>
        <time>2026-09-13T02:42:01Z</time>
        <extensions>
          <geotracker:meta c="0.35" s="8.02" />
        </extensions>
      </trkpt>
      <trkpt lat="-15.57717957" lon="130.36086838">
        <ele>61.26</ele>
        <time>2026-09-13T02:42:11Z</time>
        <extensions>
          <geotracker:meta c="0.59" s="6.43" />
        </extensions>
      </trkpt>
      <trkpt lat="-15.57670108" lon="130.36116001">
        <ele>60.88</ele>
        <time>2026-09-13T02:42:21Z</time>
        <extensions>
          <geotracker:meta c="0.57" s="6.47" />
        </extensions>
      </trkpt>
      <trkpt lat="-15.57624218" lon="130.36143573">
        <ele>61.92</ele>
        <time>2026-09-13T02:42:31Z</time>
        <extensions>
          <geotracker:meta c="0.52" s="6.13" />
        </extensions>
      </trkpt>
      <trkpt lat="-15.57583177" lon="130.361724">
        <ele>61.75</ele>
        <time>2026-09-13T02:42:41Z</time>
        <extensions>
          <geotracker:meta c="0.77" s="5.48" />
        </extensions>
      </trkpt>
      <trkpt lat="-15.57497129" lon="130.36219868">
        <ele>63.05</ele>
        <time>2026-09-13T02:42:57Z</time>
        <extensions>
          <geotracker:meta c="0.49" s="7.9" />
        </extensions>
      </trkpt>
      <trkpt lat="-15.57442947" lon="130.36258677">
        <ele>62.49</ele>
        <time>2026-09-13T02:43:07Z</time>
        <extensions>
          <geotracker:meta c="0.54" s="6.79" />
        </extensions>
      </trkpt>
      <trkpt lat="-15.57395076" lon="130.36290066">
        <ele>62.45</ele>
        <time>2026-09-13T02:43:17Z</time>
        <extensions>
          <geotracker:meta c="0.56" s="6.41" />
        </extensions>
      </trkpt>
      <trkpt lat="-15.57338646" lon="130.36326049">
        <ele>54.59</ele>
        <time>2026-09-13T02:43:27Z</time>
        <extensions>
          <geotracker:meta c="0.54" s="8.38" />
        </extensions>
      </trkpt>
      <trkpt lat="-15.57267829" lon="130.36369888">
        <ele>57.67</ele>
        <time>2026-09-13T02:43:37Z</time>
        <extensions>
          <geotracker:meta c="0.54" s="9.41" />
        </extensions>
      </trkpt>
      <trkpt lat="-15.57196164" lon="130.36414913">
        <ele>57.97</ele>
        <time>2026-09-13T02:43:47Z</time>
        <extensions>
          <geotracker:meta c="0.51" s="9.32" />
        </extensions>
      </trkpt>
      <trkpt lat="-15.57117113" lon="130.36449639">
        <ele>60.02</ele>
        <time>2026-09-13T02:43:57Z</time>
        <extensions>
          <geotracker:meta c="0.33" s="8.74" />
        </extensions>
      </trkpt>
      <trkpt lat="-15.57058874" lon="130.36493606">
        <ele>61.24</ele>
        <time>2026-09-13T02:44:07Z</time>
        <extensions>
          <geotracker:meta c="0.62" s="7.54" />
        </extensions>
      </trkpt>
      <trkpt lat="-15.56992952" lon="130.36531553">
        <ele>62.05</ele>
        <time>2026-09-13T02:44:17Z</time>
        <extensions>
          <geotracker:meta c="0.51" s="9.13" />
        </extensions>
      </trkpt>
      <trkpt lat="-15.56926022" lon="130.36574121">
        <ele>61.12</ele>
        <time>2026-09-13T02:44:27Z</time>
        <extensions>
          <geotracker:meta c="0.54" s="8.48" />
        </extensions>
      </trkpt>
      <trkpt lat="-15.56860404" lon="130.36614003">
        <ele>59.29</ele>
        <time>2026-09-13T02:44:37Z</time>
        <extensions>
          <geotracker:meta c="0.55" s="8.36" />
        </extensions>
      </trkpt>
      <trkpt lat="-15.56798921" lon="130.36650961">
        <ele>63.76</ele>
        <time>2026-09-13T02:44:47Z</time>
        <extensions>
          <geotracker:meta c="0.5" s="7.11" />
        </extensions>
      </trkpt>
      <trkpt lat="-15.56769916" lon="130.36667719">
        <ele>57.66</ele>
        <time>2026-09-13T02:46:59Z</time>
        <extensions>
          <geotracker:meta c="2.15" s="0.8" />
        </extensions>
      </trkpt>
      <trkpt lat="-15.56742041" lon="130.36684994">
        <ele>63.49</ele>
        <time>2026-09-13T02:49:01Z</time>
        <extensions>
          <geotracker:meta c="0.55" s="1.44" />
        </extensions>
      </trkpt>
      <trkpt lat="-15.56701275" lon="130.36716798">
        <ele>61.79</ele>
        <time>2026-09-13T02:49:42Z</time>
        <extensions>
          <geotracker:meta c="2.73" s="1.78" />
        </extensions>
      </trkpt>
      <trkpt lat="-15.56684473" lon="130.36761971">
        <ele>57.56</ele>
        <time>2026-09-13T02:50:19Z</time>
        <extensions>
          <geotracker:meta c="1.18" s="1.24" />
        </extensions>
      </trkpt>
      <trkpt lat="-15.56639008" lon="130.36787328">
        <ele>60.2</ele>
        <time>2026-09-13T02:51:10Z</time>
        <extensions>
          <geotracker:meta c="0.66" s="1.1" />
        </extensions>
      </trkpt>
      <trkpt lat="-15.56593108" lon="130.36793133">
        <ele>53.89</ele>
        <time>2026-09-13T02:53:19Z</time>
        <extensions>
          <geotracker:meta c="5.78" s="0.45" />
        </extensions>
      </trkpt>
      <trkpt lat="-15.56598074" lon="130.36810799">
        <ele>52.28</ele>
        <time>2026-09-13T02:55:50Z</time>
        <extensions>
          <geotracker:meta c="1.17" s="4.39" />
        </extensions>
      </trkpt>
      <trkpt lat="-15.56677171" lon="130.36771958">
        <ele>57.96</ele>
        <time>2026-09-13T02:58:00Z</time>
        <extensions>
          <geotracker:meta c="3.39" s="1.21" />
        </extensions>
      </trkpt>
      <trkpt lat="-15.56689071" lon="130.3672082">
        <ele>65.11</ele>
        <time>2026-09-13T02:58:41Z</time>
        <extensions>
          <geotracker:meta c="4.43" s="1.25" />
        </extensions>
      </trkpt>
      <trkpt lat="-15.56730319" lon="130.36691863">
        <ele>61.49</ele>
        <time>2026-09-13T02:59:10Z</time>
        <extensions>
          <geotracker:meta c="3.62" s="1.33" />
        </extensions>
      </trkpt>
      <trkpt lat="-15.56774216" lon="130.36665966">
        <ele>60.93</ele>
        <time>2026-09-13T02:59:50Z</time>
        <extensions>
          <geotracker:meta c="3.76" s="1.21" />
        </extensions>
      </trkpt>
      <trkpt lat="-15.57070764" lon="130.36485656">
        <ele>60.16</ele>
        <time>2026-09-13T03:02:52Z</time>
        <extensions>
          <geotracker:meta c="3.79" s="11.51" />
        </extensions>
      </trkpt>
      <trkpt lat="-15.57245644" lon="130.36385341">
        <ele>59.42</ele>
        <time>2026-09-13T03:03:11Z</time>
        <extensions>
          <geotracker:meta c="3.71" s="13.31" />
        </extensions>
      </trkpt>
      <trkpt lat="-15.5734917" lon="130.36315916">
        <ele>59.45</ele>
        <time>2026-09-13T03:03:21Z</time>
        <extensions>
          <geotracker:meta c="3.69" s="13.85" />
        </extensions>
      </trkpt>
      <trkpt lat="-15.5745594" lon="130.36250903">
        <ele>59.88</ele>
        <time>2026-09-13T03:03:31Z</time>
        <extensions>
          <geotracker:meta c="3.65" s="13.67" />
        </extensions>
      </trkpt>
      <trkpt lat="-15.57564748" lon="130.36185381">
        <ele>60.28</ele>
        <time>2026-09-13T03:03:41Z</time>
        <extensions>
          <geotracker:meta c="3.68" s="13.96" />
        </extensions>
      </trkpt>
      <trkpt lat="-15.57670642" lon="130.36120982">
        <ele>59.07</ele>
        <time>2026-09-13T03:03:51Z</time>
        <extensions>
          <geotracker:meta c="3.67" s="12.62" />
        </extensions>
      </trkpt>
      <trkpt lat="-15.5774497" lon="130.36077775">
        <ele>55.9</ele>
        <time>2026-09-13T03:04:01Z</time>
        <extensions>
          <geotracker:meta c="3.64" s="6.59" />
        </extensions>
      </trkpt>
      <trkpt lat="-15.57788477" lon="130.36058411">
        <ele>60.22</ele>
        <time>2026-09-13T03:04:11Z</time>
        <extensions>
          <geotracker:meta c="3.48" s="4.55" />
        </extensions>
      </trkpt>
      <trkpt lat="-15.5783985" lon="130.36043653">
        <ele>62.31</ele>
        <time>2026-09-13T03:04:21Z</time>
        <extensions>
          <geotracker:meta c="3.42" s="7.16" />
        </extensions>
      </trkpt>
      <trkpt lat="-15.57905694" lon="130.36024608">
        <ele>60.78</ele>
        <time>2026-09-13T03:04:31Z</time>
        <extensions>
          <geotracker:meta c="3.42" s="8.28" />
        </extensions>
      </trkpt>
      <trkpt lat="-15.57981795" lon="130.36000509">
        <ele>63.48</ele>
        <time>2026-09-13T03:04:41Z</time>
        <extensions>
          <geotracker:meta c="3.41" s="7.97" />
        </extensions>
      </trkpt>
      <trkpt lat="-15.58058172" lon="130.35980863">
        <ele>65.04</ele>
        <time>2026-09-13T03:04:51Z</time>
        <extensions>
          <geotracker:meta c="3.43" s="9.79" />
        </extensions>
      </trkpt>
      <trkpt lat="-15.58149269" lon="130.35952336">
        <ele>67.59</ele>
        <time>2026-09-13T03:05:01Z</time>
        <extensions>
          <geotracker:meta c="3.4" s="10.44" />
        </extensions>
      </trkpt>
      <trkpt lat="-15.58227378" lon="130.35928177">
        <ele>66.66</ele>
        <time>2026-09-13T03:05:11Z</time>
        <extensions>
          <geotracker:meta c="3.4" s="5.64" />
        </extensions>
      </trkpt>
      <trkpt lat="-15.58300277" lon="130.35904274">
        <ele>65.78</ele>
        <time>2026-09-13T03:05:31Z</time>
        <extensions>
          <geotracker:meta c="3.49" s="4.39" />
        </extensions>
      </trkpt>
      <trkpt lat="-15.58377868" lon="130.35882041">
        <ele>73.97</ele>
        <time>2026-09-13T03:05:51Z</time>
        <extensions>
          <geotracker:meta c="3.39" s="5.21" />
        </extensions>
      </trkpt>
      <trkpt lat="-15.58470957" lon="130.35856229">
        <ele>72.53</ele>
        <time>2026-09-13T03:06:10Z</time>
        <extensions>
          <geotracker:meta c="3.38" s="6.34" />
        </extensions>
      </trkpt>
      <trkpt lat="-15.5852372" lon="130.35841373">
        <ele>72.84</ele>
        <time>2026-09-13T03:06:19Z</time>
        <extensions>
          <geotracker:meta c="3.44" s="6.68" />
        </extensions>
      </trkpt>
      <trkpt lat="-15.58583053" lon="130.35824405">
        <ele>73.39</ele>
        <time>2026-09-13T03:06:28Z</time>
        <extensions>
          <geotracker:meta c="3.15" s="8.1" />
        </extensions>
      </trkpt>
      <trkpt lat="-15.58644393" lon="130.35808069">
        <ele>74.38</ele>
        <time>2026-09-13T03:06:38Z</time>
        <extensions>
          <geotracker:meta c="3.39" s="6.41" />
        </extensions>
      </trkpt>
      <trkpt lat="-15.58764656" lon="130.35773078">
        <ele>75.26</ele>
        <time>2026-09-13T03:06:57Z</time>
        <extensions>
          <geotracker:meta c="3.41" s="6.31" />
        </extensions>
      </trkpt>
      <trkpt lat="-15.58814198" lon="130.35758533">
        <ele>75.34</ele>
        <time>2026-09-13T03:07:06Z</time>
        <extensions>
          <geotracker:meta c="3.44" s="6.71" />
        </extensions>
      </trkpt>
      <trkpt lat="-15.58874352" lon="130.35740748">
        <ele>74.06</ele>
        <time>2026-09-13T03:07:15Z</time>
        <extensions>
          <geotracker:meta c="3.42" s="8.19" />
        </extensions>
      </trkpt>
      <trkpt lat="-15.58935121" lon="130.35721909">
        <ele>72.58</ele>
        <time>2026-09-13T03:07:24Z</time>
        <extensions>
          <geotracker:meta c="3.45" s="7.72" />
        </extensions>
      </trkpt>
      <trkpt lat="-15.58993319" lon="130.35703109">
        <ele>70.53</ele>
        <time>2026-09-13T03:07:34Z</time>
        <extensions>
          <geotracker:meta c="3.41" s="6.35" />
        </extensions>
      </trkpt>
      <trkpt lat="-15.59045274" lon="130.35687782">
        <ele>69.65</ele>
        <time>2026-09-13T03:07:44Z</time>
        <extensions>
          <geotracker:meta c="3.43" s="5.87" />
        </extensions>
      </trkpt>
      <trkpt lat="-15.59095466" lon="130.35675584">
        <ele>68.54</ele>
        <time>2026-09-13T03:07:53Z</time>
        <extensions>
          <geotracker:meta c="3.38" s="6.65" />
        </extensions>
      </trkpt>
      <trkpt lat="-15.59149519" lon="130.35659691">
        <ele>68.17</ele>
        <time>2026-09-13T03:08:02Z</time>
        <extensions>
          <geotracker:meta c="3.43" s="7.32" />
        </extensions>
      </trkpt>
      <trkpt lat="-15.59212612" lon="130.35641045">
        <ele>67.01</ele>
        <time>2026-09-13T03:08:11Z</time>
        <extensions>
          <geotracker:meta c="3.44" s="8.47" />
        </extensions>
      </trkpt>
      <trkpt lat="-15.59278329" lon="130.35621585">
        <ele>66.46</ele>
        <time>2026-09-13T03:08:20Z</time>
        <extensions>
          <geotracker:meta c="3.42" s="8.19" />
        </extensions>
      </trkpt>
      <trkpt lat="-15.59345605" lon="130.35602185">
        <ele>66.25</ele>
        <time>2026-09-13T03:08:29Z</time>
        <extensions>
          <geotracker:meta c="3.4" s="8.67" />
        </extensions>
      </trkpt>
      <trkpt lat="-15.59478596" lon="130.35563312">
        <ele>64.18</ele>
        <time>2026-09-13T03:08:47Z</time>
        <extensions>
          <geotracker:meta c="3.41" s="8.18" />
        </extensions>
      </trkpt>
      <trkpt lat="-15.59539567" lon="130.35544033">
        <ele>63.65</ele>
        <time>2026-09-13T03:08:57Z</time>
        <extensions>
          <geotracker:meta c="3.39" s="6.75" />
        </extensions>
      </trkpt>
      <trkpt lat="-15.59640119" lon="130.35551511">
        <ele>65.21</ele>
        <time>2026-09-13T03:09:16Z</time>
        <extensions>
          <geotracker:meta c="2.71" s="5.44" />
        </extensions>
      </trkpt>
      <trkpt lat="-15.59735457" lon="130.35576274">
        <ele>66.05</ele>
        <time>2026-09-13T03:09:35Z</time>
        <extensions>
          <geotracker:meta c="3.37" s="4.78" />
        </extensions>
      </trkpt>
      <trkpt lat="-15.59748304" lon="130.35471339">
        <ele>68.85</ele>
        <time>2026-09-13T03:09:54Z</time>
        <extensions>
          <geotracker:meta c="4.83" s="13.21" />
        </extensions>
      </trkpt>
      <trkpt lat="-15.59736893" lon="130.35336778">
        <ele>68.64</ele>
        <time>2026-09-13T03:10:03Z</time>
        <extensions>
          <geotracker:meta c="4.81" s="18.22" />
        </extensions>
      </trkpt>
      <trkpt lat="-15.59720633" lon="130.35148503">
        <ele>68.08</ele>
        <time>2026-09-13T03:10:13Z</time>
        <extensions>
          <geotracker:meta c="4.81" s="21.6" />
        </extensions>
      </trkpt>
      <trkpt lat="-15.59701551" lon="130.34933879">
        <ele>68.92</ele>
        <time>2026-09-13T03:10:23Z</time>
        <extensions>
          <geotracker:meta c="4.81" s="24.28" />
        </extensions>
      </trkpt>
      <trkpt lat="-15.59681677" lon="130.34697708">
        <ele>66.91</ele>
        <time>2026-09-13T03:10:33Z</time>
        <extensions>
          <geotracker:meta c="4.8" s="26.2" />
        </extensions>
      </trkpt>
      <trkpt lat="-15.59663325" lon="130.34475456">
        <ele>66.19</ele>
        <time>2026-09-13T03:10:42Z</time>
        <extensions>
          <geotracker:meta c="4.8" s="26.94" />
        </extensions>
      </trkpt>
      <trkpt lat="-15.59643309" lon="130.34231318">
        <ele>66.93</ele>
        <time>2026-09-13T03:10:52Z</time>
        <extensions>
          <geotracker:meta c="4.8" s="25.14" />
        </extensions>
      </trkpt>
      <trkpt lat="-15.59625458" lon="130.34022548">
        <ele>67.85</ele>
        <time>2026-09-13T03:11:01Z</time>
        <extensions>
          <geotracker:meta c="4.79" s="25.06" />
        </extensions>
      </trkpt>
      <trkpt lat="-15.59605789" lon="130.3378751">
        <ele>69.23</ele>
        <time>2026-09-13T03:11:11Z</time>
        <extensions>
          <geotracker:meta c="4.79" s="25.55" />
        </extensions>
      </trkpt>
      <trkpt lat="-15.59587901" lon="130.33573366">
        <ele>71.74</ele>
        <time>2026-09-13T03:11:20Z</time>
        <extensions>
          <geotracker:meta c="4.83" s="25.81" />
        </extensions>
      </trkpt>
      <trkpt lat="-15.59567405" lon="130.33334059">
        <ele>73.86</ele>
        <time>2026-09-13T03:11:30Z</time>
        <extensions>
          <geotracker:meta c="4.8" s="25.9" />
        </extensions>
      </trkpt>
      <trkpt lat="-15.59530414" lon="130.32902269">
        <ele>76.35</ele>
        <time>2026-09-13T03:11:48Z</time>
        <extensions>
          <geotracker:meta c="4.79" s="25.98" />
        </extensions>
      </trkpt>
      <trkpt lat="-15.59512104" lon="130.32684863">
        <ele>77.03</ele>
        <time>2026-09-13T03:11:57Z</time>
        <extensions>
          <geotracker:meta c="4.8" s="25.93" />
        </extensions>
      </trkpt>
      <trkpt lat="-15.59493925" lon="130.3246921">
        <ele>76.93</ele>
        <time>2026-09-13T03:12:06Z</time>
        <extensions>
          <geotracker:meta c="4.78" s="25.88" />
        </extensions>
      </trkpt>
      <trkpt lat="-15.59475686" lon="130.32254318">
        <ele>76.59</ele>
        <time>2026-09-13T03:12:15Z</time>
        <extensions>
          <geotracker:meta c="4.89" s="24.96" />
        </extensions>
      </trkpt>
      <trkpt lat="-15.59456292" lon="130.32021855">
        <ele>75.37</ele>
        <time>2026-09-13T03:12:25Z</time>
        <extensions>
          <geotracker:meta c="4.8" s="25.22" />
        </extensions>
      </trkpt>
      <trkpt lat="-15.59437332" lon="130.3180661">
        <ele>75.17</ele>
        <time>2026-09-13T03:12:34Z</time>
        <extensions>
          <geotracker:meta c="4.8" s="26.16" />
        </extensions>
      </trkpt>
      <trkpt lat="-15.59418494" lon="130.31588395">
        <ele>73.75</ele>
        <time>2026-09-13T03:12:43Z</time>
        <extensions>
          <geotracker:meta c="4.77" s="26.06" />
        </extensions>
      </trkpt>
      <trkpt lat="-15.59397608" lon="130.31344612">
        <ele>71.6</ele>
        <time>2026-09-13T03:12:53Z</time>
        <extensions>
          <geotracker:meta c="4.83" s="26.25" />
        </extensions>
      </trkpt>
      <trkpt lat="-15.59377351" lon="130.31103558">
        <ele>69</ele>
        <time>2026-09-13T03:13:03Z</time>
        <extensions>
          <geotracker:meta c="4.86" s="25.42" />
        </extensions>
      </trkpt>
      <trkpt lat="-15.59359847" lon="130.3089433">
        <ele>67.47</ele>
        <time>2026-09-13T03:13:12Z</time>
        <extensions>
          <geotracker:meta c="4.85" s="24.72" />
        </extensions>
      </trkpt>
      <trkpt lat="-15.59345948" lon="130.30662035">
        <ele>65.45</ele>
        <time>2026-09-13T03:13:22Z</time>
        <extensions>
          <geotracker:meta c="4.74" s="25.36" />
        </extensions>
      </trkpt>
      <trkpt lat="-15.59366146" lon="130.30447789">
        <ele>64.53</ele>
        <time>2026-09-13T03:13:31Z</time>
        <extensions>
          <geotracker:meta c="4.56" s="25.48" />
        </extensions>
      </trkpt>
      <trkpt lat="-15.59424309" lon="130.30218376">
        <ele>62.84</ele>
        <time>2026-09-13T03:13:41Z</time>
        <extensions>
          <geotracker:meta c="4.38" s="25.54" />
        </extensions>
      </trkpt>
      <trkpt lat="-15.59509189" lon="130.30021115">
        <ele>61.96</ele>
        <time>2026-09-13T03:13:50Z</time>
        <extensions>
          <geotracker:meta c="4.23" s="25.84" />
        </extensions>
      </trkpt>
      <trkpt lat="-15.59753824" lon="130.29685132">
        <ele>60.55</ele>
        <time>2026-09-13T03:14:08Z</time>
        <extensions>
          <geotracker:meta c="3.91" s="24.82" />
        </extensions>
      </trkpt>
      <trkpt lat="-15.59904114" lon="130.29542087">
        <ele>60.24</ele>
        <time>2026-09-13T03:14:17Z</time>
        <extensions>
          <geotracker:meta c="3.89" s="25.37" />
        </extensions>
      </trkpt>
      <trkpt lat="-15.60056159" lon="130.29398031">
        <ele>60.01</ele>
        <time>2026-09-13T03:14:26Z</time>
        <extensions>
          <geotracker:meta c="3.89" s="25.48" />
        </extensions>
      </trkpt>
      <trkpt lat="-15.60209421" lon="130.29253316">
        <ele>59.65</ele>
        <time>2026-09-13T03:14:35Z</time>
        <extensions>
          <geotracker:meta c="3.86" s="25.22" />
        </extensions>
      </trkpt>
      <trkpt lat="-15.60396896" lon="130.29115769">
        <ele>59.21</ele>
        <time>2026-09-13T03:14:45Z</time>
        <extensions>
          <geotracker:meta c="3.68" s="25.7" />
        </extensions>
      </trkpt>
      <trkpt lat="-15.60578153" lon="130.29006957">
        <ele>61.32</ele>
        <time>2026-09-13T03:14:54Z</time>
        <extensions>
          <geotracker:meta c="3.65" s="25.65" />
        </extensions>
      </trkpt>
      <trkpt lat="-15.60778477" lon="130.28886337">
        <ele>64</ele>
        <time>2026-09-13T03:15:04Z</time>
        <extensions>
          <geotracker:meta c="3.68" s="25.38" />
        </extensions>
      </trkpt>
      <trkpt lat="-15.60958294" lon="130.28780248">
        <ele>64.2</ele>
        <time>2026-09-13T03:15:13Z</time>
        <extensions>
          <geotracker:meta c="3.67" s="25.48" />
        </extensions>
      </trkpt>
      <trkpt lat="-15.61134914" lon="130.28674887">
        <ele>64.11</ele>
        <time>2026-09-13T03:15:22Z</time>
        <extensions>
          <geotracker:meta c="3.65" s="24.61" />
        </extensions>
      </trkpt>
      <trkpt lat="-15.61304416" lon="130.28573645">
        <ele>64.33</ele>
        <time>2026-09-13T03:15:31Z</time>
        <extensions>
          <geotracker:meta c="3.65" s="24.31" />
        </extensions>
      </trkpt>
      <trkpt lat="-15.61496962" lon="130.28458332">
        <ele>64.92</ele>
        <time>2026-09-13T03:15:41Z</time>
        <extensions>
          <geotracker:meta c="3.67" s="25" />
        </extensions>
      </trkpt>
      <trkpt lat="-15.61694866" lon="130.28340671">
        <ele>66.14</ele>
        <time>2026-09-13T03:15:51Z</time>
        <extensions>
          <geotracker:meta c="3.64" s="25.39" />
        </extensions>
      </trkpt>
      <trkpt lat="-15.61873975" lon="130.28234189">
        <ele>66.99</ele>
        <time>2026-09-13T03:16:00Z</time>
        <extensions>
          <geotracker:meta c="3.66" s="25.54" />
        </extensions>
      </trkpt>
      <trkpt lat="-15.62056288" lon="130.28126052">
        <ele>66.73</ele>
        <time>2026-09-13T03:16:09Z</time>
        <extensions>
          <geotracker:meta c="3.67" s="26.01" />
        </extensions>
      </trkpt>
      <trkpt lat="-15.62433482" lon="130.27899332">
        <ele>66.29</ele>
        <time>2026-09-13T03:16:28Z</time>
        <extensions>
          <geotracker:meta c="3.69" s="25.66" />
        </extensions>
      </trkpt>
      <trkpt lat="-15.62601824" lon="130.27767981">
        <ele>64.72</ele>
        <time>2026-09-13T03:16:37Z</time>
        <extensions>
          <geotracker:meta c="3.86" s="26.62" />
        </extensions>
      </trkpt>
      <trkpt lat="-15.62749396" lon="130.27610491">
        <ele>64.32</ele>
        <time>2026-09-13T03:16:46Z</time>
        <extensions>
          <geotracker:meta c="4.01" s="25.51" />
        </extensions>
      </trkpt>
      <trkpt lat="-15.62880617" lon="130.27420619">
        <ele>64.09</ele>
        <time>2026-09-13T03:16:56Z</time>
        <extensions>
          <geotracker:meta c="4.18" s="25.03" />
        </extensions>
      </trkpt>
      <trkpt lat="-15.62969777" lon="130.2722981">
        <ele>65.14</ele>
        <time>2026-09-13T03:17:05Z</time>
        <extensions>
          <geotracker:meta c="4.32" s="24.81" />
        </extensions>
      </trkpt>
      <trkpt lat="-15.63044601" lon="130.270308">
        <ele>65.35</ele>
        <time>2026-09-13T03:17:14Z</time>
        <extensions>
          <geotracker:meta c="4.34" s="25.45" />
        </extensions>
      </trkpt>
      <trkpt lat="-15.63129552" lon="130.26802127">
        <ele>66.16</ele>
        <time>2026-09-13T03:17:24Z</time>
        <extensions>
          <geotracker:meta c="4.35" s="26.76" />
        </extensions>
      </trkpt>
      <trkpt lat="-15.63205951" lon="130.26594203">
        <ele>66.71</ele>
        <time>2026-09-13T03:17:33Z</time>
        <extensions>
          <geotracker:meta c="4.35" s="26.52" />
        </extensions>
      </trkpt>
      <trkpt lat="-15.63279643" lon="130.26395002">
        <ele>66.06</ele>
        <time>2026-09-13T03:17:42Z</time>
        <extensions>
          <geotracker:meta c="4.35" s="25" />
        </extensions>
      </trkpt>
      <trkpt lat="-15.63353946" lon="130.26198247">
        <ele>66.99</ele>
        <time>2026-09-13T03:17:51Z</time>
        <extensions>
          <geotracker:meta c="4.35" s="25.31" />
        </extensions>
      </trkpt>
      <trkpt lat="-15.63425424" lon="130.25998386">
        <ele>65.66</ele>
        <time>2026-09-13T03:18:00Z</time>
        <extensions>
          <geotracker:meta c="4.33" s="25.53" />
        </extensions>
      </trkpt>
      <trkpt lat="-15.6351227" lon="130.25775646">
        <ele>65.37</ele>
        <time>2026-09-13T03:18:10Z</time>
        <extensions>
          <geotracker:meta c="4.24" s="25.91" />
        </extensions>
      </trkpt>
      <trkpt lat="-15.63719937" lon="130.25399018">
        <ele>67.02</ele>
        <time>2026-09-13T03:18:28Z</time>
        <extensions>
          <geotracker:meta c="4.18" s="26.48" />
        </extensions>
      </trkpt>
      <trkpt lat="-15.63823894" lon="130.25210924">
        <ele>65.78</ele>
        <time>2026-09-13T03:18:37Z</time>
        <extensions>
          <geotracker:meta c="4.19" s="25.46" />
        </extensions>
      </trkpt>
      <trkpt lat="-15.63926984" lon="130.25024203">
        <ele>66.05</ele>
        <time>2026-09-13T03:18:46Z</time>
        <extensions>
          <geotracker:meta c="4.19" s="25.66" />
        </extensions>
      </trkpt>
      <trkpt lat="-15.64043595" lon="130.24816745">
        <ele>67.77</ele>
        <time>2026-09-13T03:18:56Z</time>
        <extensions>
          <geotracker:meta c="4.19" s="25.53" />
        </extensions>
      </trkpt>
      <trkpt lat="-15.64145762" lon="130.24633575">
        <ele>68.46</ele>
        <time>2026-09-13T03:19:05Z</time>
        <extensions>
          <geotracker:meta c="4.19" s="24.7" />
        </extensions>
      </trkpt>
      <trkpt lat="-15.64257817" lon="130.244331">
        <ele>68.81</ele>
        <time>2026-09-13T03:19:15Z</time>
        <extensions>
          <geotracker:meta c="4.2" s="25.3" />
        </extensions>
      </trkpt>
      <trkpt lat="-15.64359927" lon="130.24248809">
        <ele>70.21</ele>
        <time>2026-09-13T03:19:24Z</time>
        <extensions>
          <geotracker:meta c="4.19" s="25.25" />
        </extensions>
      </trkpt>
      <trkpt lat="-15.64470505" lon="130.2404935">
        <ele>70.73</ele>
        <time>2026-09-13T03:19:34Z</time>
        <extensions>
          <geotracker:meta c="4.19" s="24.7" />
        </extensions>
      </trkpt>
      <trkpt lat="-15.64574044" lon="130.23866308">
        <ele>72.18</ele>
        <time>2026-09-13T03:19:43Z</time>
        <extensions>
          <geotracker:meta c="4.19" s="25.51" />
        </extensions>
      </trkpt>
      <trkpt lat="-15.64676092" lon="130.23680582">
        <ele>70.98</ele>
        <time>2026-09-13T03:19:52Z</time>
        <extensions>
          <geotracker:meta c="4.2" s="25.33" />
        </extensions>
      </trkpt>
      <trkpt lat="-15.64799937" lon="130.23480033">
        <ele>70.75</ele>
        <time>2026-09-13T03:20:02Z</time>
        <extensions>
          <geotracker:meta c="4.05" s="25.49" />
        </extensions>
      </trkpt>
      <trkpt lat="-15.64937708" lon="130.23319314">
        <ele>71.01</ele>
        <time>2026-09-13T03:20:11Z</time>
        <extensions>
          <geotracker:meta c="3.91" s="25.42" />
        </extensions>
      </trkpt>
      <trkpt lat="-15.65097559" lon="130.2318338">
        <ele>70.99</ele>
        <time>2026-09-13T03:20:20Z</time>
        <extensions>
          <geotracker:meta c="3.75" s="25.7" />
        </extensions>
      </trkpt>
      <trkpt lat="-15.65449741" lon="130.2294278">
        <ele>72.08</ele>
        <time>2026-09-13T03:20:38Z</time>
        <extensions>
          <geotracker:meta c="3.84" s="26.52" />
        </extensions>
      </trkpt>
      <trkpt lat="-15.65604239" lon="130.22786776">
        <ele>70.52</ele>
        <time>2026-09-13T03:20:47Z</time>
        <extensions>
          <geotracker:meta c="4" s="26.6" />
        </extensions>
      </trkpt>
      <trkpt lat="-15.65729636" lon="130.22612811">
        <ele>67.14</ele>
        <time>2026-09-13T03:20:56Z</time>
        <extensions>
          <geotracker:meta c="4.15" s="25.5" />
        </extensions>
      </trkpt>
      <trkpt lat="-15.65837009" lon="130.22404494">
        <ele>68.06</ele>
        <time>2026-09-13T03:21:06Z</time>
        <extensions>
          <geotracker:meta c="4.27" s="25.49" />
        </extensions>
      </trkpt>
      <trkpt lat="-15.65927571" lon="130.22212078">
        <ele>67.59</ele>
        <time>2026-09-13T03:21:15Z</time>
        <extensions>
          <geotracker:meta c="4.26" s="25.56" />
        </extensions>
      </trkpt>
      <trkpt lat="-15.66028466" lon="130.21995701">
        <ele>66.78</ele>
        <time>2026-09-13T03:21:25Z</time>
        <extensions>
          <geotracker:meta c="4.26" s="25.68" />
        </extensions>
      </trkpt>
      <trkpt lat="-15.66119314" lon="130.21801041">
        <ele>66.21</ele>
        <time>2026-09-13T03:21:34Z</time>
        <extensions>
          <geotracker:meta c="4.26" s="25.87" />
        </extensions>
      </trkpt>
      <trkpt lat="-15.66221935" lon="130.21583532">
        <ele>67.11</ele>
        <time>2026-09-13T03:21:44Z</time>
        <extensions>
          <geotracker:meta c="4.25" s="25.78" />
        </extensions>
      </trkpt>
      <trkpt lat="-15.66325014" lon="130.21362897">
        <ele>65.98</ele>
        <time>2026-09-13T03:21:54Z</time>
        <extensions>
          <geotracker:meta c="4.26" s="26.67" />
        </extensions>
      </trkpt>
      <trkpt lat="-15.66431658" lon="130.211368">
        <ele>66.11</ele>
        <time>2026-09-13T03:22:04Z</time>
        <extensions>
          <geotracker:meta c="4.27" s="26.55" />
        </extensions>
      </trkpt>
      <trkpt lat="-15.66534131" lon="130.2091666">
        <ele>65.58</ele>
        <time>2026-09-13T03:22:14Z</time>
        <extensions>
          <geotracker:meta c="4.26" s="25.89" />
        </extensions>
      </trkpt>
      <trkpt lat="-15.66625554" lon="130.20721476">
        <ele>66.37</ele>
        <time>2026-09-13T03:22:23Z</time>
        <extensions>
          <geotracker:meta c="4.26" s="25.8" />
        </extensions>
      </trkpt>
      <trkpt lat="-15.66715011" lon="130.20531539">
        <ele>66.72</ele>
        <time>2026-09-13T03:22:32Z</time>
        <extensions>
          <geotracker:meta c="4.26" s="24.01" />
        </extensions>
      </trkpt>
      <trkpt lat="-15.66798418" lon="130.203552">
        <ele>67.6</ele>
        <time>2026-09-13T03:22:41Z</time>
        <extensions>
          <geotracker:meta c="4.26" s="23.49" />
        </extensions>
      </trkpt>
      <trkpt lat="-15.66883437" lon="130.20173942">
        <ele>67.65</ele>
        <time>2026-09-13T03:22:50Z</time>
        <extensions>
          <geotracker:meta c="4.26" s="24.46" />
        </extensions>
      </trkpt>
      <trkpt lat="-15.66980819" lon="130.19966687">
        <ele>67.1</ele>
        <time>2026-09-13T03:23:00Z</time>
        <extensions>
          <geotracker:meta c="4.26" s="24.49" />
        </extensions>
      </trkpt>
      <trkpt lat="-15.6706899" lon="130.19779547">
        <ele>66.31</ele>
        <time>2026-09-13T03:23:09Z</time>
        <extensions>
          <geotracker:meta c="4.26" s="25.06" />
        </extensions>
      </trkpt>
      <trkpt lat="-15.67259051" lon="130.19374849">
        <ele>65.13</ele>
        <time>2026-09-13T03:23:28Z</time>
        <extensions>
          <geotracker:meta c="4.26" s="25.58" />
        </extensions>
      </trkpt>
      <trkpt lat="-15.6735069" lon="130.19182252">
        <ele>65.09</ele>
        <time>2026-09-13T03:23:37Z</time>
        <extensions>
          <geotracker:meta c="4.26" s="25.58" />
        </extensions>
      </trkpt>
      <trkpt lat="-15.67452834" lon="130.1896376">
        <ele>64.17</ele>
        <time>2026-09-13T03:23:47Z</time>
        <extensions>
          <geotracker:meta c="4.26" s="26.57" />
        </extensions>
      </trkpt>
      <trkpt lat="-15.67548821" lon="130.18761103">
        <ele>65.42</ele>
        <time>2026-09-13T03:23:56Z</time>
        <extensions>
          <geotracker:meta c="4.27" s="26.9" />
        </extensions>
      </trkpt>
      <trkpt lat="-15.67653618" lon="130.18537643">
        <ele>64.51</ele>
        <time>2026-09-13T03:24:06Z</time>
        <extensions>
          <geotracker:meta c="4.26" s="26.43" />
        </extensions>
      </trkpt>
      <trkpt lat="-15.67747114" lon="130.18338165">
        <ele>65.12</ele>
        <time>2026-09-13T03:24:15Z</time>
        <extensions>
          <geotracker:meta c="4.26" s="26.64" />
        </extensions>
      </trkpt>
      <trkpt lat="-15.67841938" lon="130.18136191">
        <ele>65.86</ele>
        <time>2026-09-13T03:24:24Z</time>
        <extensions>
          <geotracker:meta c="4.26" s="26.87" />
        </extensions>
      </trkpt>
      <trkpt lat="-15.67936455" lon="130.17934731">
        <ele>66.98</ele>
        <time>2026-09-13T03:24:33Z</time>
        <extensions>
          <geotracker:meta c="4.26" s="26.39" />
        </extensions>
      </trkpt>
      <trkpt lat="-15.68029565" lon="130.177353">
        <ele>68.37</ele>
        <time>2026-09-13T03:24:42Z</time>
        <extensions>
          <geotracker:meta c="4.26" s="26.45" />
        </extensions>
      </trkpt>
      <trkpt lat="-15.68123666" lon="130.17537218">
        <ele>68.5</ele>
        <time>2026-09-13T03:24:51Z</time>
        <extensions>
          <geotracker:meta c="4.26" s="26.2" />
        </extensions>
      </trkpt>
      <trkpt lat="-15.68228005" lon="130.17316201">
        <ele>68.55</ele>
        <time>2026-09-13T03:25:01Z</time>
        <extensions>
          <geotracker:meta c="4.26" s="26.7" />
        </extensions>
      </trkpt>
      <trkpt lat="-15.68321597" lon="130.17117053">
        <ele>68.24</ele>
        <time>2026-09-13T03:25:10Z</time>
        <extensions>
          <geotracker:meta c="4.26" s="26.36" />
        </extensions>
      </trkpt>
      <trkpt lat="-15.68507979" lon="130.16720523">
        <ele>68.31</ele>
        <time>2026-09-13T03:25:28Z</time>
        <extensions>
          <geotracker:meta c="4.26" s="25.77" />
        </extensions>
      </trkpt>
      <trkpt lat="-15.68600139" lon="130.16527104">
        <ele>66.89</ele>
        <time>2026-09-13T03:25:37Z</time>
        <extensions>
          <geotracker:meta c="4.23" s="25.46" />
        </extensions>
      </trkpt>
      <trkpt lat="-15.68706386" lon="130.16348507">
        <ele>65.99</ele>
        <time>2026-09-13T03:25:46Z</time>
        <extensions>
          <geotracker:meta c="4.09" s="24.31" />
        </extensions>
      </trkpt>
      <trkpt lat="-15.68850331" lon="130.16174274">
        <ele>64.91</ele>
        <time>2026-09-13T03:25:56Z</time>
        <extensions>
          <geotracker:meta c="3.97" s="24.83" />
        </extensions>
      </trkpt>
      <trkpt lat="-15.69003504" lon="130.16000596">
        <ele>63.96</ele>
        <time>2026-09-13T03:26:06Z</time>
        <extensions>
          <geotracker:meta c="3.97" s="25.38" />
        </extensions>
      </trkpt>
      <trkpt lat="-15.69145036" lon="130.15842019">
        <ele>62.69</ele>
        <time>2026-09-13T03:26:15Z</time>
        <extensions>
          <geotracker:meta c="3.97" s="25.8" />
        </extensions>
      </trkpt>
      <trkpt lat="-15.6930489" lon="130.15664237">
        <ele>62.22</ele>
        <time>2026-09-13T03:26:25Z</time>
        <extensions>
          <geotracker:meta c="3.96" s="25.78" />
        </extensions>
      </trkpt>
      <trkpt lat="-15.69444589" lon="130.15509641">
        <ele>63.05</ele>
        <time>2026-09-13T03:26:34Z</time>
        <extensions>
          <geotracker:meta c="3.97" s="24.8" />
        </extensions>
      </trkpt>
      <trkpt lat="-15.69583137" lon="130.15354748">
        <ele>62.04</ele>
        <time>2026-09-13T03:26:43Z</time>
        <extensions>
          <geotracker:meta c="3.97" s="25.49" />
        </extensions>
      </trkpt>
      <trkpt lat="-15.6972326" lon="130.15199436">
        <ele>60.7</ele>
        <time>2026-09-13T03:26:52Z</time>
        <extensions>
          <geotracker:meta c="3.96" s="25.25" />
        </extensions>
      </trkpt>
      <trkpt lat="-15.69860819" lon="130.15045643">
        <ele>58.97</ele>
        <time>2026-09-13T03:27:01Z</time>
        <extensions>
          <geotracker:meta c="3.95" s="24.78" />
        </extensions>
      </trkpt>
      <trkpt lat="-15.70017559" lon="130.14871867">
        <ele>59.2</ele>
        <time>2026-09-13T03:27:11Z</time>
        <extensions>
          <geotracker:meta c="3.97" s="25.99" />
        </extensions>
      </trkpt>
      <trkpt lat="-15.70163116" lon="130.14709315">
        <ele>60.77</ele>
        <time>2026-09-13T03:27:20Z</time>
        <extensions>
          <geotracker:meta c="3.96" s="26.37" />
        </extensions>
      </trkpt>
      <trkpt lat="-15.70307809" lon="130.14547618">
        <ele>60.96</ele>
        <time>2026-09-13T03:27:29Z</time>
        <extensions>
          <geotracker:meta c="3.96" s="25.86" />
        </extensions>
      </trkpt>
      <trkpt lat="-15.70605054" lon="130.14215502">
        <ele>59.89</ele>
        <time>2026-09-13T03:27:48Z</time>
        <extensions>
          <geotracker:meta c="3.97" s="24.93" />
        </extensions>
      </trkpt>
      <trkpt lat="-15.7074473" lon="130.14029628">
        <ele>59.72</ele>
        <time>2026-09-13T03:27:58Z</time>
        <extensions>
          <geotracker:meta c="4.14" s="25.6" />
        </extensions>
      </trkpt>
      <trkpt lat="-15.70844593" lon="130.13842648">
        <ele>58.47</ele>
        <time>2026-09-13T03:28:07Z</time>
        <extensions>
          <geotracker:meta c="4.29" s="25.44" />
        </extensions>
      </trkpt>
      <trkpt lat="-15.70918303" lon="130.13623152">
        <ele>58.49</ele>
        <time>2026-09-13T03:28:17Z</time>
        <extensions>
          <geotracker:meta c="4.43" s="24.67" />
        </extensions>
      </trkpt>
      <trkpt lat="-15.70973717" lon="130.13420867">
        <ele>58.24</ele>
        <time>2026-09-13T03:28:26Z</time>
        <extensions>
          <geotracker:meta c="4.43" s="25.65" />
        </extensions>
      </trkpt>
      <trkpt lat="-15.71037522" lon="130.13185174">
        <ele>58.61</ele>
        <time>2026-09-13T03:28:36Z</time>
        <extensions>
          <geotracker:meta c="4.44" s="26.59" />
        </extensions>
      </trkpt>
      <trkpt lat="-15.71095598" lon="130.12972918">
        <ele>58.68</ele>
        <time>2026-09-13T03:28:45Z</time>
        <extensions>
          <geotracker:meta c="4.43" s="25.7" />
        </extensions>
      </trkpt>
      <trkpt lat="-15.71158067" lon="130.12746379">
        <ele>58.57</ele>
        <time>2026-09-13T03:28:55Z</time>
        <extensions>
          <geotracker:meta c="4.43" s="25.24" />
        </extensions>
      </trkpt>
      <trkpt lat="-15.71214252" lon="130.12541155">
        <ele>58.74</ele>
        <time>2026-09-13T03:29:04Z</time>
        <extensions>
          <geotracker:meta c="4.44" s="25.41" />
        </extensions>
      </trkpt>
      <trkpt lat="-15.71278296" lon="130.1231034">
        <ele>58.54</ele>
        <time>2026-09-13T03:29:14Z</time>
        <extensions>
          <geotracker:meta c="4.44" s="25.71" />
        </extensions>
      </trkpt>
      <trkpt lat="-15.71338379" lon="130.12085634">
        <ele>58.68</ele>
        <time>2026-09-13T03:29:24Z</time>
        <extensions>
          <geotracker:meta c="4.44" s="24.68" />
        </extensions>
      </trkpt>
      <trkpt lat="-15.7139343" lon="130.11883672">
        <ele>57.88</ele>
        <time>2026-09-13T03:29:33Z</time>
        <extensions>
          <geotracker:meta c="4.44" s="25.3" />
        </extensions>
      </trkpt>
      <trkpt lat="-15.71450264" lon="130.11678833">
        <ele>56.53</ele>
        <time>2026-09-13T03:29:42Z</time>
        <extensions>
          <geotracker:meta c="4.44" s="25.13" />
        </extensions>
      </trkpt>
      <trkpt lat="-15.71505177" lon="130.11473906">
        <ele>56.37</ele>
        <time>2026-09-13T03:29:51Z</time>
        <extensions>
          <geotracker:meta c="4.43" s="25.67" />
        </extensions>
      </trkpt>
      <trkpt lat="-15.71562512" lon="130.11264727">
        <ele>57.43</ele>
        <time>2026-09-13T03:30:00Z</time>
        <extensions>
          <geotracker:meta c="4.44" s="26.24" />
        </extensions>
      </trkpt>
      <trkpt lat="-15.71621222" lon="130.11052641">
        <ele>58.5</ele>
        <time>2026-09-13T03:30:09Z</time>
        <extensions>
          <geotracker:meta c="4.43" s="25.81" />
        </extensions>
      </trkpt>
      <trkpt lat="-15.7174846" lon="130.10610264">
        <ele>58.37</ele>
        <time>2026-09-13T03:30:28Z</time>
        <extensions>
          <geotracker:meta c="4.41" s="25.39" />
        </extensions>
      </trkpt>
      <trkpt lat="-15.71816373" lon="130.1038693">
        <ele>56.78</ele>
        <time>2026-09-13T03:30:38Z</time>
        <extensions>
          <geotracker:meta c="4.39" s="24.87" />
        </extensions>
      </trkpt>
      <trkpt lat="-15.71881126" lon="130.10191916">
        <ele>56</ele>
        <time>2026-09-13T03:30:47Z</time>
        <extensions>
          <geotracker:meta c="4.38" s="24.36" />
        </extensions>
      </trkpt>
      <trkpt lat="-15.71946098" lon="130.09996149">
        <ele>56.41</ele>
        <time>2026-09-13T03:30:56Z</time>
        <extensions>
          <geotracker:meta c="4.4" s="24.86" />
        </extensions>
      </trkpt>
      <trkpt lat="-15.72009476" lon="130.09794791">
        <ele>57.76</ele>
        <time>2026-09-13T03:31:05Z</time>
        <extensions>
          <geotracker:meta c="4.39" s="25.32" />
        </extensions>
      </trkpt>
      <trkpt lat="-15.72079812" lon="130.09565672">
        <ele>58.19</ele>
        <time>2026-09-13T03:31:15Z</time>
        <extensions>
          <geotracker:meta c="4.4" s="26.49" />
        </extensions>
      </trkpt>
      <trkpt lat="-15.72154125" lon="130.09329998">
        <ele>59.61</ele>
        <time>2026-09-13T03:31:25Z</time>
        <extensions>
          <geotracker:meta c="4.41" s="26.37" />
        </extensions>
      </trkpt>
      <trkpt lat="-15.72225145" lon="130.09101829">
        <ele>61.99</ele>
        <time>2026-09-13T03:31:35Z</time>
        <extensions>
          <geotracker:meta c="4.4" s="24.89" />
        </extensions>
      </trkpt>
      <trkpt lat="-15.72286676" lon="130.08902421">
        <ele>64.95</ele>
        <time>2026-09-13T03:31:44Z</time>
        <extensions>
          <geotracker:meta c="4.4" s="24.82" />
        </extensions>
      </trkpt>
      <trkpt lat="-15.72354686" lon="130.08682603">
        <ele>66.58</ele>
        <time>2026-09-13T03:31:54Z</time>
        <extensions>
          <geotracker:meta c="4.4" s="24.57" />
        </extensions>
      </trkpt>
      <trkpt lat="-15.72421733" lon="130.0846613">
        <ele>69.32</ele>
        <time>2026-09-13T03:32:04Z</time>
        <extensions>
          <geotracker:meta c="4.41" s="24.2" />
        </extensions>
      </trkpt>
      <trkpt lat="-15.7248225" lon="130.08271667">
        <ele>71.12</ele>
        <time>2026-09-13T03:32:13Z</time>
        <extensions>
          <geotracker:meta c="4.4" s="24.2" />
        </extensions>
      </trkpt>
      <trkpt lat="-15.72542634" lon="130.08077215">
        <ele>73.34</ele>
        <time>2026-09-13T03:32:22Z</time>
        <extensions>
          <geotracker:meta c="4.4" s="24.25" />
        </extensions>
      </trkpt>
      <trkpt lat="-15.72616404" lon="130.07884224">
        <ele>73.99</ele>
        <time>2026-09-13T03:32:31Z</time>
        <extensions>
          <geotracker:meta c="4.28" s="25.36" />
        </extensions>
      </trkpt>
      <trkpt lat="-15.72736555" lon="130.07673953">
        <ele>69.78</ele>
        <time>2026-09-13T03:32:41Z</time>
        <extensions>
          <geotracker:meta c="4.1" s="26.61" />
        </extensions>
      </trkpt>
      <trkpt lat="-15.72869702" lon="130.07498059">
        <ele>68.62</ele>
        <time>2026-09-13T03:32:50Z</time>
        <extensions>
          <geotracker:meta c="4.04" s="25.88" />
        </extensions>
      </trkpt>
      <trkpt lat="-15.73126195" lon="130.0716877">
        <ele>73.34</ele>
        <time>2026-09-13T03:33:08Z</time>
        <extensions>
          <geotracker:meta c="4.04" s="24.73" />
        </extensions>
      </trkpt>
      <trkpt lat="-15.73268209" lon="130.06987429">
        <ele>76.55</ele>
        <time>2026-09-13T03:33:18Z</time>
        <extensions>
          <geotracker:meta c="4.03" s="25.27" />
        </extensions>
      </trkpt>
      <trkpt lat="-15.7339859" lon="130.06820824">
        <ele>77.32</ele>
        <time>2026-09-13T03:33:27Z</time>
        <extensions>
          <geotracker:meta c="4.03" s="25.43" />
        </extensions>
      </trkpt>
      <trkpt lat="-15.73526077" lon="130.066555">
        <ele>79.86</ele>
        <time>2026-09-13T03:33:36Z</time>
        <extensions>
          <geotracker:meta c="4.04" s="24.86" />
        </extensions>
      </trkpt>
      <trkpt lat="-15.73666719" lon="130.06475098">
        <ele>78.18</ele>
        <time>2026-09-13T03:33:46Z</time>
        <extensions>
          <geotracker:meta c="4.04" s="25.19" />
        </extensions>
      </trkpt>
      <trkpt lat="-15.73797337" lon="130.06308251">
        <ele>78.1</ele>
        <time>2026-09-13T03:33:55Z</time>
        <extensions>
          <geotracker:meta c="4.04" s="25.91" />
        </extensions>
      </trkpt>
      <trkpt lat="-15.73929338" lon="130.0613746">
        <ele>77.35</ele>
        <time>2026-09-13T03:34:04Z</time>
        <extensions>
          <geotracker:meta c="4.04" s="25.85" />
        </extensions>
      </trkpt>
      <trkpt lat="-15.74081361" lon="130.05945081">
        <ele>76.44</ele>
        <time>2026-09-13T03:34:14Z</time>
        <extensions>
          <geotracker:meta c="4.03" s="27.06" />
        </extensions>
      </trkpt>
      <trkpt lat="-15.74217047" lon="130.05769716">
        <ele>76.52</ele>
        <time>2026-09-13T03:34:23Z</time>
        <extensions>
          <geotracker:meta c="4.04" s="26.44" />
        </extensions>
      </trkpt>
      <trkpt lat="-15.7435248" lon="130.05596217">
        <ele>78.55</ele>
        <time>2026-09-13T03:34:32Z</time>
        <extensions>
          <geotracker:meta c="4.04" s="26.46" />
        </extensions>
      </trkpt>
      <trkpt lat="-15.74487064" lon="130.05424752">
        <ele>78.63</ele>
        <time>2026-09-13T03:34:41Z</time>
        <extensions>
          <geotracker:meta c="4.04" s="26.26" />
        </extensions>
      </trkpt>
      <trkpt lat="-15.74618671" lon="130.05251329">
        <ele>76.89</ele>
        <time>2026-09-13T03:34:50Z</time>
        <extensions>
          <geotracker:meta c="4.04" s="26.18" />
        </extensions>
      </trkpt>
      <trkpt lat="-15.74886808" lon="130.04909792">
        <ele>73.31</ele>
        <time>2026-09-13T03:35:08Z</time>
        <extensions>
          <geotracker:meta c="4.04" s="26.73" />
        </extensions>
      </trkpt>
      <trkpt lat="-15.75021571" lon="130.04732611">
        <ele>71.32</ele>
        <time>2026-09-13T03:35:17Z</time>
        <extensions>
          <geotracker:meta c="4.09" s="26.84" />
        </extensions>
      </trkpt>
      <trkpt lat="-15.75124887" lon="130.04540053">
        <ele>68.24</ele>
        <time>2026-09-13T03:35:26Z</time>
        <extensions>
          <geotracker:meta c="4.3" s="25.86" />
        </extensions>
      </trkpt>
      <trkpt lat="-15.75193084" lon="130.04313953">
        <ele>67.21</ele>
        <time>2026-09-13T03:35:36Z</time>
        <extensions>
          <geotracker:meta c="4.52" s="25.05" />
        </extensions>
      </trkpt>
      <trkpt lat="-15.7521921" lon="130.04107449">
        <ele>66.36</ele>
        <time>2026-09-13T03:35:45Z</time>
        <extensions>
          <geotracker:meta c="4.59" s="25.11" />
        </extensions>
      </trkpt>
      <trkpt lat="-15.75271638" lon="130.03878545">
        <ele>66.2</ele>
        <time>2026-09-13T03:35:55Z</time>
        <extensions>
          <geotracker:meta c="4.37" s="24.99" />
        </extensions>
      </trkpt>
      <trkpt lat="-15.75357635" lon="130.03688172">
        <ele>65.06</ele>
        <time>2026-09-13T03:36:04Z</time>
        <extensions>
          <geotracker:meta c="4.18" s="25.13" />
        </extensions>
      </trkpt>
      <trkpt lat="-15.75497705" lon="130.03497422">
        <ele>66.1</ele>
        <time>2026-09-13T03:36:14Z</time>
        <extensions>
          <geotracker:meta c="3.95" s="25.63" />
        </extensions>
      </trkpt>
      <trkpt lat="-15.75653607" lon="130.03359329">
        <ele>67.8</ele>
        <time>2026-09-13T03:36:23Z</time>
        <extensions>
          <geotracker:meta c="3.77" s="25.09" />
        </extensions>
      </trkpt>
      <trkpt lat="-15.75824957" lon="130.03237545">
        <ele>71.27</ele>
        <time>2026-09-13T03:36:32Z</time>
        <extensions>
          <geotracker:meta c="3.75" s="25.75" />
        </extensions>
      </trkpt>
      <trkpt lat="-15.76016479" lon="130.03100567">
        <ele>70.66</ele>
        <time>2026-09-13T03:36:42Z</time>
        <extensions>
          <geotracker:meta c="3.75" s="25.73" />
        </extensions>
      </trkpt>
      <trkpt lat="-15.76184265" lon="130.0298046">
        <ele>70.69</ele>
        <time>2026-09-13T03:36:51Z</time>
        <extensions>
          <geotracker:meta c="3.75" s="24.07" />
        </extensions>
      </trkpt>
      <trkpt lat="-15.7634158" lon="130.02868975">
        <ele>70.78</ele>
        <time>2026-09-13T03:37:01Z</time>
        <extensions>
          <geotracker:meta c="3.74" s="19.05" />
        </extensions>
      </trkpt>
      <trkpt lat="-15.76455743" lon="130.02787368">
        <ele>71.24</ele>
        <time>2026-09-13T03:37:10Z</time>
        <extensions>
          <geotracker:meta c="3.75" s="15.38" />
        </extensions>
      </trkpt>
      <trkpt lat="-15.76555038" lon="130.02716312">
        <ele>71.99</ele>
        <time>2026-09-13T03:37:20Z</time>
        <extensions>
          <geotracker:meta c="3.76" s="12.85" />
        </extensions>
      </trkpt>
      <trkpt lat="-15.76642031" lon="130.0265402">
        <ele>72.43</ele>
        <time>2026-09-13T03:37:29Z</time>
        <extensions>
          <geotracker:meta c="3.75" s="12.69" />
        </extensions>
      </trkpt>
      <trkpt lat="-15.76725528" lon="130.02658595">
        <ele>70.57</ele>
        <time>2026-09-13T03:37:48Z</time>
        <extensions>
          <geotracker:meta c="2.88" s="6.92" />
        </extensions>
      </trkpt>
      <trkpt lat="-15.76768908" lon="130.02641503">
        <ele>67.68</ele>
        <time>2026-09-13T03:38:06Z</time>
        <extensions>
          <geotracker:meta c="5.01" s="2.15" />
        </extensions>
      </trkpt>
      <trkpt lat="-15.76767849" lon="130.02635154">
        <ele>66.97</ele>
        <time>2026-09-13T04:01:47Z</time>
        <extensions>
          <geotracker:meta c="1.91" s="0.68" />
        </extensions>
      </trkpt>
      <trkpt lat="-15.77238252" lon="130.02204279">
        <ele>70.23</ele>
        <time>2026-09-13T04:03:09Z</time>
        <extensions>
          <geotracker:meta c="3.87" s="22.65" />
        </extensions>
      </trkpt>
      <trkpt lat="-15.77375333" lon="130.02066546">
        <ele>69.68</ele>
        <time>2026-09-13T04:03:18Z</time>
        <extensions>
          <geotracker:meta c="3.95" s="23.63" />
        </extensions>
      </trkpt>
      <trkpt lat="-15.77506639" lon="130.01927618">
        <ele>70.29</ele>
        <time>2026-09-13T04:03:27Z</time>
        <extensions>
          <geotracker:meta c="3.93" s="23.06" />
        </extensions>
      </trkpt>
      <trkpt lat="-15.77638813" lon="130.0178793">
        <ele>69.76</ele>
        <time>2026-09-13T04:03:36Z</time>
        <extensions>
          <geotracker:meta c="3.94" s="23.78" />
        </extensions>
      </trkpt>
      <trkpt lat="-15.77770708" lon="130.01648217">
        <ele>68.93</ele>
        <time>2026-09-13T04:03:45Z</time>
        <extensions>
          <geotracker:meta c="3.94" s="22.32" />
        </extensions>
      </trkpt>
      <trkpt lat="-15.77893555" lon="130.01517949">
        <ele>69.01</ele>
        <time>2026-09-13T04:03:54Z</time>
        <extensions>
          <geotracker:meta c="3.95" s="21.17" />
        </extensions>
      </trkpt>
      <trkpt lat="-15.78010837" lon="130.01394277">
        <ele>68.76</ele>
        <time>2026-09-13T04:04:03Z</time>
        <extensions>
          <geotracker:meta c="3.93" s="20.74" />
        </extensions>
      </trkpt>
      <trkpt lat="-15.78129596" lon="130.01268411">
        <ele>68.34</ele>
        <time>2026-09-13T04:04:12Z</time>
        <extensions>
          <geotracker:meta c="3.94" s="21.14" />
        </extensions>
      </trkpt>
      <trkpt lat="-15.78252258" lon="130.01139272">
        <ele>68.23</ele>
        <time>2026-09-13T04:04:21Z</time>
        <extensions>
          <geotracker:meta c="3.93" s="22.22" />
        </extensions>
      </trkpt>
      <trkpt lat="-15.78527016" lon="130.00848811">
        <ele>68.06</ele>
        <time>2026-09-13T04:04:39Z</time>
        <extensions>
          <geotracker:meta c="3.93" s="25.93" />
        </extensions>
      </trkpt>
      <trkpt lat="-15.78676089" lon="130.0069118">
        <ele>67.96</ele>
        <time>2026-09-13T04:04:48Z</time>
        <extensions>
          <geotracker:meta c="3.93" s="26.28" />
        </extensions>
      </trkpt>
      <trkpt lat="-15.78827611" lon="130.00530685">
        <ele>67.88</ele>
        <time>2026-09-13T04:04:57Z</time>
        <extensions>
          <geotracker:meta c="3.94" s="26.63" />
        </extensions>
      </trkpt>
      <trkpt lat="-15.78978793" lon="130.00370825">
        <ele>67.34</ele>
        <time>2026-09-13T04:05:06Z</time>
        <extensions>
          <geotracker:meta c="3.94" s="26.57" />
        </extensions>
      </trkpt>
      <trkpt lat="-15.7912596" lon="130.00208744">
        <ele>66.98</ele>
        <time>2026-09-13T04:05:15Z</time>
        <extensions>
          <geotracker:meta c="4.01" s="26.19" />
        </extensions>
      </trkpt>
      <trkpt lat="-15.79250462" lon="130.00029257">
        <ele>67.02</ele>
        <time>2026-09-13T04:05:24Z</time>
        <extensions>
          <geotracker:meta c="4.16" s="26.43" />
        </extensions>
      </trkpt>
      <trkpt lat="-15.79346312" lon="129.99832759">
        <ele>66.64</ele>
        <time>2026-09-13T04:05:33Z</time>
        <extensions>
          <geotracker:meta c="4.32" s="25.95" />
        </extensions>
      </trkpt>
      <trkpt lat="-15.79411029" lon="129.99625162">
        <ele>67.33</ele>
        <time>2026-09-13T04:05:42Z</time>
        <extensions>
          <geotracker:meta c="4.47" s="25.79" />
        </extensions>
      </trkpt>
      <trkpt lat="-15.7945928" lon="129.99414704">
        <ele>66.94</ele>
        <time>2026-09-13T04:05:51Z</time>
        <extensions>
          <geotracker:meta c="4.48" s="26.09" />
        </extensions>
      </trkpt>
      <trkpt lat="-15.79555674" lon="129.98991659">
        <ele>67.06</ele>
        <time>2026-09-13T04:06:09Z</time>
        <extensions>
          <geotracker:meta c="4.47" s="25.95" />
        </extensions>
      </trkpt>
      <trkpt lat="-15.79604712" lon="129.98775388">
        <ele>67.26</ele>
        <time>2026-09-13T04:06:18Z</time>
        <extensions>
          <geotracker:meta c="4.48" s="26.98" />
        </extensions>
      </trkpt>
      <trkpt lat="-15.79656211" lon="129.98552877">
        <ele>66.86</ele>
        <time>2026-09-13T04:06:27Z</time>
        <extensions>
          <geotracker:meta c="4.48" s="26.75" />
        </extensions>
      </trkpt>
      <trkpt lat="-15.79706331" lon="129.98334703">
        <ele>66.39</ele>
        <time>2026-09-13T04:06:36Z</time>
        <extensions>
          <geotracker:meta c="4.48" s="26.68" />
        </extensions>
      </trkpt>
      <trkpt lat="-15.79755292" lon="129.98120001">
        <ele>65.6</ele>
        <time>2026-09-13T04:06:45Z</time>
        <extensions>
          <geotracker:meta c="4.47" s="25.79" />
        </extensions>
      </trkpt>
      <trkpt lat="-15.79803874" lon="129.97907671">
        <ele>64.9</ele>
        <time>2026-09-13T04:06:54Z</time>
        <extensions>
          <geotracker:meta c="4.48" s="26.16" />
        </extensions>
      </trkpt>
      <trkpt lat="-15.79852429" lon="129.97695787">
        <ele>64.53</ele>
        <time>2026-09-13T04:07:03Z</time>
        <extensions>
          <geotracker:meta c="4.48" s="25.81" />
        </extensions>
      </trkpt>
      <trkpt lat="-15.79901766" lon="129.9748107">
        <ele>63.94</ele>
        <time>2026-09-13T04:07:12Z</time>
        <extensions>
          <geotracker:meta c="4.48" s="26.72" />
        </extensions>
      </trkpt>
      <trkpt lat="-15.79950821" lon="129.97266133">
        <ele>63.23</ele>
        <time>2026-09-13T04:07:21Z</time>
        <extensions>
          <geotracker:meta c="4.49" s="25.77" />
        </extensions>
      </trkpt>
      <trkpt lat="-15.80047149" lon="129.96846848">
        <ele>62.14</ele>
        <time>2026-09-13T04:07:39Z</time>
        <extensions>
          <geotracker:meta c="4.48" s="26.34" />
        </extensions>
      </trkpt>
      <trkpt lat="-15.80096084" lon="129.96635516">
        <ele>61.55</ele>
        <time>2026-09-13T04:07:48Z</time>
        <extensions>
          <geotracker:meta c="4.49" s="25.97" />
        </extensions>
      </trkpt>
      <trkpt lat="-15.8014471" lon="129.96422681">
        <ele>61.05</ele>
        <time>2026-09-13T04:07:57Z</time>
        <extensions>
          <geotracker:meta c="4.48" s="25.78" />
        </extensions>
      </trkpt>
      <trkpt lat="-15.80192627" lon="129.96213907">
        <ele>60.75</ele>
        <time>2026-09-13T04:08:06Z</time>
        <extensions>
          <geotracker:meta c="4.48" s="25.37" />
        </extensions>
      </trkpt>
      <trkpt lat="-15.80239513" lon="129.96010045">
        <ele>60.24</ele>
        <time>2026-09-13T04:08:15Z</time>
        <extensions>
          <geotracker:meta c="4.48" s="24.71" />
        </extensions>
      </trkpt>
      <trkpt lat="-15.8028694" lon="129.95805519">
        <ele>60.35</ele>
        <time>2026-09-13T04:08:24Z</time>
        <extensions>
          <geotracker:meta c="4.48" s="25.64" />
        </extensions>
      </trkpt>
      <trkpt lat="-15.80334718" lon="129.95593269">
        <ele>60.17</ele>
        <time>2026-09-13T04:08:33Z</time>
        <extensions>
          <geotracker:meta c="4.48" s="26.21" />
        </extensions>
      </trkpt>
      <trkpt lat="-15.80384481" lon="129.95378745">
        <ele>60.06</ele>
        <time>2026-09-13T04:08:42Z</time>
        <extensions>
          <geotracker:meta c="4.49" s="26.24" />
        </extensions>
      </trkpt>
      <trkpt lat="-15.80434333" lon="129.9516117">
        <ele>59.71</ele>
        <time>2026-09-13T04:08:51Z</time>
        <extensions>
          <geotracker:meta c="4.48" s="26.93" />
        </extensions>
      </trkpt>
      <trkpt lat="-15.80534411" lon="129.94724316">
        <ele>59.21</ele>
        <time>2026-09-13T04:09:09Z</time>
        <extensions>
          <geotracker:meta c="4.48" s="25.55" />
        </extensions>
      </trkpt>
      <trkpt lat="-15.80581564" lon="129.94519099">
        <ele>58.8</ele>
        <time>2026-09-13T04:09:18Z</time>
        <extensions>
          <geotracker:meta c="4.48" s="24.62" />
        </extensions>
      </trkpt>
      <trkpt lat="-15.80630801" lon="129.94315531">
        <ele>58.37</ele>
        <time>2026-09-13T04:09:27Z</time>
        <extensions>
          <geotracker:meta c="4.43" s="25.38" />
        </extensions>
      </trkpt>
      <trkpt lat="-15.80704363" lon="129.94112362">
        <ele>58.56</ele>
        <time>2026-09-13T04:09:36Z</time>
        <extensions>
          <geotracker:meta c="4.28" s="26.03" />
        </extensions>
      </trkpt>
      <trkpt lat="-15.80807302" lon="129.9392249">
        <ele>59.84</ele>
        <time>2026-09-13T04:09:45Z</time>
        <extensions>
          <geotracker:meta c="4.13" s="25.81" />
        </extensions>
      </trkpt>
      <trkpt lat="-15.809386" lon="129.93750931">
        <ele>59.13</ele>
        <time>2026-09-13T04:09:54Z</time>
        <extensions>
          <geotracker:meta c="3.97" s="26.4" />
        </extensions>
      </trkpt>
      <trkpt lat="-15.81095195" lon="129.93600331">
        <ele>59.81</ele>
        <time>2026-09-13T04:10:03Z</time>
        <extensions>
          <geotracker:meta c="3.81" s="26.42" />
        </extensions>
      </trkpt>
      <trkpt lat="-15.81267253" lon="129.93466023">
        <ele>60.78</ele>
        <time>2026-09-13T04:10:12Z</time>
        <extensions>
          <geotracker:meta c="3.79" s="26.72" />
        </extensions>
      </trkpt>
      <trkpt lat="-15.81441206" lon="129.93331471">
        <ele>61.34</ele>
        <time>2026-09-13T04:10:21Z</time>
        <extensions>
          <geotracker:meta c="3.78" s="25.92" />
        </extensions>
      </trkpt>
      <trkpt lat="-15.81780386" lon="129.93070041">
        <ele>61.35</ele>
        <time>2026-09-13T04:10:39Z</time>
        <extensions>
          <geotracker:meta c="3.78" s="25.96" />
        </extensions>
      </trkpt>
      <trkpt lat="-15.81950171" lon="129.92938971">
        <ele>61.63</ele>
        <time>2026-09-13T04:10:48Z</time>
        <extensions>
          <geotracker:meta c="3.78" s="26.26" />
        </extensions>
      </trkpt>
      <trkpt lat="-15.82123733" lon="129.92805666">
        <ele>61.44</ele>
        <time>2026-09-13T04:10:57Z</time>
        <extensions>
          <geotracker:meta c="3.78" s="26.23" />
        </extensions>
      </trkpt>
      <trkpt lat="-15.82290691" lon="129.9267723">
        <ele>60.99</ele>
        <time>2026-09-13T04:11:06Z</time>
        <extensions>
          <geotracker:meta c="3.78" s="25.4" />
        </extensions>
      </trkpt>
      <trkpt lat="-15.82454422" lon="129.92548531">
        <ele>61.4</ele>
        <time>2026-09-13T04:11:15Z</time>
        <extensions>
          <geotracker:meta c="3.82" s="25.25" />
        </extensions>
      </trkpt>
      <trkpt lat="-15.82611061" lon="129.92409732">
        <ele>61.17</ele>
        <time>2026-09-13T04:11:24Z</time>
        <extensions>
          <geotracker:meta c="3.82" s="25.4" />
        </extensions>
      </trkpt>
      <trkpt lat="-15.82773773" lon="129.92282154">
        <ele>60.79</ele>
        <time>2026-09-13T04:11:33Z</time>
        <extensions>
          <geotracker:meta c="3.79" s="24.21" />
        </extensions>
      </trkpt>
      <trkpt lat="-15.82929754" lon="129.92163063">
        <ele>60.57</ele>
        <time>2026-09-13T04:11:42Z</time>
        <extensions>
          <geotracker:meta c="3.74" s="24.09" />
        </extensions>
      </trkpt>
      <trkpt lat="-15.83099037" lon="129.92051601">
        <ele>60.19</ele>
        <time>2026-09-13T04:11:51Z</time>
        <extensions>
          <geotracker:meta c="3.74" s="25.43" />
        </extensions>
      </trkpt>
      <trkpt lat="-15.83436237" lon="129.9179403">
        <ele>60.84</ele>
        <time>2026-09-13T04:12:09Z</time>
        <extensions>
          <geotracker:meta c="3.78" s="26.28" />
        </extensions>
      </trkpt>
      <trkpt lat="-15.83608117" lon="129.91662186">
        <ele>60.95</ele>
        <time>2026-09-13T04:12:18Z</time>
        <extensions>
          <geotracker:meta c="3.78" s="26.51" />
        </extensions>
      </trkpt>
      <trkpt lat="-15.83780978" lon="129.91528429">
        <ele>61.6</ele>
        <time>2026-09-13T04:12:27Z</time>
        <extensions>
          <geotracker:meta c="3.78" s="26.7" />
        </extensions>
      </trkpt>
      <trkpt lat="-15.83952878" lon="129.91395612">
        <ele>61.22</ele>
        <time>2026-09-13T04:12:36Z</time>
        <extensions>
          <geotracker:meta c="3.79" s="25.82" />
        </extensions>
      </trkpt>
      <trkpt lat="-15.84122017" lon="129.9126517">
        <ele>61.68</ele>
        <time>2026-09-13T04:12:45Z</time>
        <extensions>
          <geotracker:meta c="3.79" s="25.89" />
        </extensions>
      </trkpt>
      <trkpt lat="-15.84293193" lon="129.91133197">
        <ele>61.35</ele>
        <time>2026-09-13T04:12:54Z</time>
        <extensions>
          <geotracker:meta c="3.78" s="26.8" />
        </extensions>
      </trkpt>
      <trkpt lat="-15.84463934" lon="129.91002081">
        <ele>61.59</ele>
        <time>2026-09-13T04:13:03Z</time>
        <extensions>
          <geotracker:meta c="3.78" s="25.7" />
        </extensions>
      </trkpt>
      <trkpt lat="-15.8463291" lon="129.9087154">
        <ele>62.03</ele>
        <time>2026-09-13T04:13:12Z</time>
        <extensions>
          <geotracker:meta c="3.78" s="25.73" />
        </extensions>
      </trkpt>
      <trkpt lat="-15.84797916" lon="129.90744959">
        <ele>62.02</ele>
        <time>2026-09-13T04:13:21Z</time>
        <extensions>
          <geotracker:meta c="3.78" s="24.99" />
        </extensions>
      </trkpt>
      <trkpt lat="-15.85078986" lon="129.90427718">
        <ele>61.55</ele>
        <time>2026-09-13T04:13:39Z</time>
        <extensions>
          <geotracker:meta c="4.18" s="25.84" />
        </extensions>
      </trkpt>
      <trkpt lat="-15.85164876" lon="129.90231345">
        <ele>61.85</ele>
        <time>2026-09-13T04:13:48Z</time>
        <extensions>
          <geotracker:meta c="4.38" s="25.26" />
        </extensions>
      </trkpt>
      <trkpt lat="-15.85231314" lon="129.90031023">
        <ele>61.7</ele>
        <time>2026-09-13T04:13:57Z</time>
        <extensions>
          <geotracker:meta c="4.38" s="25.33" />
        </extensions>
      </trkpt>
      <trkpt lat="-15.85308251" lon="129.89830426">
        <ele>62.76</ele>
        <time>2026-09-13T04:14:06Z</time>
        <extensions>
          <geotracker:meta c="4.26" s="25.97" />
        </extensions>
      </trkpt>
      <trkpt lat="-15.8541554" lon="129.89640727">
        <ele>64.06</ele>
        <time>2026-09-13T04:14:15Z</time>
        <extensions>
          <geotracker:meta c="4.09" s="26.45" />
        </extensions>
      </trkpt>
      <trkpt lat="-15.85550447" lon="129.8946811">
        <ele>64.91</ele>
        <time>2026-09-13T04:14:24Z</time>
        <extensions>
          <geotracker:meta c="4" s="26.31" />
        </extensions>
      </trkpt>
      <trkpt lat="-15.85691565" lon="129.893023">
        <ele>64.85</ele>
        <time>2026-09-13T04:14:33Z</time>
        <extensions>
          <geotracker:meta c="3.99" s="26.66" />
        </extensions>
      </trkpt>
      <trkpt lat="-15.8583425" lon="129.89134996">
        <ele>64.53</ele>
        <time>2026-09-13T04:14:42Z</time>
        <extensions>
          <geotracker:meta c="3.99" s="26.2" />
        </extensions>
      </trkpt>
      <trkpt lat="-15.85969674" lon="129.88975632">
        <ele>64.03</ele>
        <time>2026-09-13T04:14:51Z</time>
        <extensions>
          <geotracker:meta c="3.99" s="24.22" />
        </extensions>
      </trkpt>
      <trkpt lat="-15.8623831" lon="129.88659809">
        <ele>63.05</ele>
        <time>2026-09-13T04:15:09Z</time>
        <extensions>
          <geotracker:meta c="3.99" s="25.74" />
        </extensions>
      </trkpt>
      <trkpt lat="-15.86379811" lon="129.88493715">
        <ele>62.96</ele>
        <time>2026-09-13T04:15:18Z</time>
        <extensions>
          <geotracker:meta c="3.99" s="26.57" />
        </extensions>
      </trkpt>
      <trkpt lat="-15.86524788" lon="129.88323438">
        <ele>63.2</ele>
        <time>2026-09-13T04:15:27Z</time>
        <extensions>
          <geotracker:meta c="3.99" s="26.95" />
        </extensions>
      </trkpt>
      <trkpt lat="-15.8666855" lon="129.88154449">
        <ele>63.6</ele>
        <time>2026-09-13T04:15:36Z</time>
        <extensions>
          <geotracker:meta c="3.99" s="26.37" />
        </extensions>
      </trkpt>
      <trkpt lat="-15.86807355" lon="129.87990725">
        <ele>64.13</ele>
        <time>2026-09-13T04:15:45Z</time>
        <extensions>
          <geotracker:meta c="3.99" s="25.45" />
        </extensions>
      </trkpt>
      <trkpt lat="-15.86941112" lon="129.87833827">
        <ele>64.04</ele>
        <time>2026-09-13T04:15:54Z</time>
        <extensions>
          <geotracker:meta c="3.99" s="24.22" />
        </extensions>
      </trkpt>
      <trkpt lat="-15.87070384" lon="129.8768153">
        <ele>64.18</ele>
        <time>2026-09-13T04:16:03Z</time>
        <extensions>
          <geotracker:meta c="3.99" s="24" />
        </extensions>
      </trkpt>
      <trkpt lat="-15.87202508" lon="129.87526505">
        <ele>63.91</ele>
        <time>2026-09-13T04:16:12Z</time>
        <extensions>
          <geotracker:meta c="3.99" s="25.24" />
        </extensions>
      </trkpt>
      <trkpt lat="-15.87339311" lon="129.87365847">
        <ele>64.52</ele>
        <time>2026-09-13T04:16:21Z</time>
        <extensions>
          <geotracker:meta c="3.99" s="25.66" />
        </extensions>
      </trkpt>
      <trkpt lat="-15.87618221" lon="129.87036715">
        <ele>64.47</ele>
        <time>2026-09-13T04:16:39Z</time>
        <extensions>
          <geotracker:meta c="3.99" s="26.36" />
        </extensions>
      </trkpt>
      <trkpt lat="-15.87760159" lon="129.86869744">
        <ele>64.59</ele>
        <time>2026-09-13T04:16:48Z</time>
        <extensions>
          <geotracker:meta c="3.99" s="26.58" />
        </extensions>
      </trkpt>
      <trkpt lat="-15.87901393" lon="129.86696306">
        <ele>64.57</ele>
        <time>2026-09-13T04:16:57Z</time>
        <extensions>
          <geotracker:meta c="4.07" s="27.35" />
        </extensions>
      </trkpt>
      <trkpt lat="-15.8801892" lon="129.86503061">
        <ele>64.46</ele>
        <time>2026-09-13T04:17:06Z</time>
        <extensions>
          <geotracker:meta c="4.22" s="27.39" />
        </extensions>
      </trkpt>
      <trkpt lat="-15.88104968" lon="129.8629195">
        <ele>64.23</ele>
        <time>2026-09-13T04:17:15Z</time>
        <extensions>
          <geotracker:meta c="4.39" s="27.17" />
        </extensions>
      </trkpt>
      <trkpt lat="-15.88168046" lon="129.86073056">
        <ele>63.62</ele>
        <time>2026-09-13T04:17:24Z</time>
        <extensions>
          <geotracker:meta c="4.42" s="26.97" />
        </extensions>
      </trkpt>
      <trkpt lat="-15.88229946" lon="129.85854854">
        <ele>62.47</ele>
        <time>2026-09-13T04:17:33Z</time>
        <extensions>
          <geotracker:meta c="4.43" s="26.89" />
        </extensions>
      </trkpt>
      <trkpt lat="-15.88291269" lon="129.85638435">
        <ele>61.51</ele>
        <time>2026-09-13T04:17:42Z</time>
        <extensions>
          <geotracker:meta c="4.43" s="26.85" />
        </extensions>
      </trkpt>
      <trkpt lat="-15.88352103" lon="129.85421616">
        <ele>61.24</ele>
        <time>2026-09-13T04:17:51Z</time>
        <extensions>
          <geotracker:meta c="4.43" s="26.56" />
        </extensions>
      </trkpt>
      <trkpt lat="-15.88472169" lon="129.84997212">
        <ele>61.33</ele>
        <time>2026-09-13T04:18:09Z</time>
        <extensions>
          <geotracker:meta c="4.43" s="26.22" />
        </extensions>
      </trkpt>
      <trkpt lat="-15.8853244" lon="129.84783626">
        <ele>61.02</ele>
        <time>2026-09-13T04:18:18Z</time>
        <extensions>
          <geotracker:meta c="4.43" s="26.44" />
        </extensions>
      </trkpt>
      <trkpt lat="-15.88592312" lon="129.84570879">
        <ele>60.62</ele>
        <time>2026-09-13T04:18:27Z</time>
        <extensions>
          <geotracker:meta c="4.43" s="26.46" />
        </extensions>
      </trkpt>
      <trkpt lat="-15.88653484" lon="129.84354651">
        <ele>60.15</ele>
        <time>2026-09-13T04:18:36Z</time>
        <extensions>
          <geotracker:meta c="4.43" s="27.31" />
        </extensions>
      </trkpt>
      <trkpt lat="-15.88715324" lon="129.84135991">
        <ele>60.18</ele>
        <time>2026-09-13T04:18:45Z</time>
        <extensions>
          <geotracker:meta c="4.42" s="26.67" />
        </extensions>
      </trkpt>
      <trkpt lat="-15.88774992" lon="129.8392496">
        <ele>60.08</ele>
        <time>2026-09-13T04:18:54Z</time>
        <extensions>
          <geotracker:meta c="4.43" s="25.62" />
        </extensions>
      </trkpt>
      <trkpt lat="-15.88832582" lon="129.83721121">
        <ele>59.91</ele>
        <time>2026-09-13T04:19:03Z</time>
        <extensions>
          <geotracker:meta c="4.43" s="25.09" />
        </extensions>
      </trkpt>
      <trkpt lat="-15.88889742" lon="129.83518846">
        <ele>60.35</ele>
        <time>2026-09-13T04:19:12Z</time>
        <extensions>
          <geotracker:meta c="4.42" s="24.99" />
        </extensions>
      </trkpt>
      <trkpt lat="-15.88946775" lon="129.83317394">
        <ele>60.55</ele>
        <time>2026-09-13T04:19:21Z</time>
        <extensions>
          <geotracker:meta c="4.43" s="24.81" />
        </extensions>
      </trkpt>
      <trkpt lat="-15.89059923" lon="129.82915163">
        <ele>60.39</ele>
        <time>2026-09-13T04:19:39Z</time>
        <extensions>
          <geotracker:meta c="4.44" s="25.11" />
        </extensions>
      </trkpt>
      <trkpt lat="-15.89116191" lon="129.82715202">
        <ele>60.13</ele>
        <time>2026-09-13T04:19:48Z</time>
        <extensions>
          <geotracker:meta c="4.43" s="24.66" />
        </extensions>
      </trkpt>
      <trkpt lat="-15.89180144" lon="129.82517572">
        <ele>60.52</ele>
        <time>2026-09-13T04:19:57Z</time>
        <extensions>
          <geotracker:meta c="4.32" s="25" />
        </extensions>
      </trkpt>
      <trkpt lat="-15.89273334" lon="129.8232587">
        <ele>60.9</ele>
        <time>2026-09-13T04:20:06Z</time>
        <extensions>
          <geotracker:meta c="4.17" s="25.76" />
        </extensions>
      </trkpt>
      <trkpt lat="-15.89395184" lon="129.82152091">
        <ele>61.75</ele>
        <time>2026-09-13T04:20:15Z</time>
        <extensions>
          <geotracker:meta c="4.01" s="25.41" />
        </extensions>
      </trkpt>
      <trkpt lat="-15.89539073" lon="129.82001013">
        <ele>61.71</ele>
        <time>2026-09-13T04:20:24Z</time>
        <extensions>
          <geotracker:meta c="3.88" s="25.4" />
        </extensions>
      </trkpt>
      <trkpt lat="-15.89685083" lon="129.81847407">
        <ele>62.06</ele>
        <time>2026-09-13T04:20:33Z</time>
        <extensions>
          <geotracker:meta c="4" s="26.07" />
        </extensions>
      </trkpt>
      <trkpt lat="-15.89811374" lon="129.81669469">
        <ele>62.11</ele>
        <time>2026-09-13T04:20:42Z</time>
        <extensions>
          <geotracker:meta c="4.16" s="26.47" />
        </extensions>
      </trkpt>
      <trkpt lat="-15.89909063" lon="129.81471796">
        <ele>62.89</ele>
        <time>2026-09-13T04:20:51Z</time>
        <extensions>
          <geotracker:meta c="4.32" s="25.96" />
        </extensions>
      </trkpt>
      <trkpt lat="-15.90022276" lon="129.81054563">
        <ele>62.83</ele>
        <time>2026-09-13T04:21:09Z</time>
        <extensions>
          <geotracker:meta c="4.49" s="25.9" />
        </extensions>
      </trkpt>
      <trkpt lat="-15.90069958" lon="129.8083984">
        <ele>63.35</ele>
        <time>2026-09-13T04:21:18Z</time>
        <extensions>
          <geotracker:meta c="4.49" s="26.67" />
        </extensions>
      </trkpt>
      <trkpt lat="-15.90118274" lon="129.80621972">
        <ele>63.21</ele>
        <time>2026-09-13T04:21:27Z</time>
        <extensions>
          <geotracker:meta c="4.48" s="26.47" />
        </extensions>
      </trkpt>
      <trkpt lat="-15.90167024" lon="129.80404428">
        <ele>63.37</ele>
        <time>2026-09-13T04:21:36Z</time>
        <extensions>
          <geotracker:meta c="4.49" s="26.43" />
        </extensions>
      </trkpt>
      <trkpt lat="-15.90214763" lon="129.80189751">
        <ele>63.82</ele>
        <time>2026-09-13T04:21:45Z</time>
        <extensions>
          <geotracker:meta c="4.49" s="26.18" />
        </extensions>
      </trkpt>
      <trkpt lat="-15.9026245" lon="129.79976166">
        <ele>64.28</ele>
        <time>2026-09-13T04:21:54Z</time>
        <extensions>
          <geotracker:meta c="4.48" s="25.96" />
        </extensions>
      </trkpt>
      <trkpt lat="-15.90310035" lon="129.79762808">
        <ele>64.51</ele>
        <time>2026-09-13T04:22:03Z</time>
        <extensions>
          <geotracker:meta c="4.48" s="26" />
        </extensions>
      </trkpt>
      <trkpt lat="-15.90358415" lon="129.7954711">
        <ele>64.48</ele>
        <time>2026-09-13T04:22:12Z</time>
        <extensions>
          <geotracker:meta c="4.48" s="26.5" />
        </extensions>
      </trkpt>
      <trkpt lat="-15.90406072" lon="129.79330892">
        <ele>64.2</ele>
        <time>2026-09-13T04:22:21Z</time>
        <extensions>
          <geotracker:meta c="4.5" s="26.38" />
        </extensions>
      </trkpt>
      <trkpt lat="-15.90479229" lon="129.78934349">
        <ele>63.68</ele>
        <time>2026-09-13T04:22:39Z</time>
        <extensions>
          <geotracker:meta c="4.52" s="20.51" />
        </extensions>
      </trkpt>
      <trkpt lat="-15.90513584" lon="129.78769946">
        <ele>63.66</ele>
        <time>2026-09-13T04:22:48Z</time>
        <extensions>
          <geotracker:meta c="4.49" s="19.81" />
        </extensions>
      </trkpt>
      <trkpt lat="-15.90548016" lon="129.78614501">
        <ele>64.11</ele>
        <time>2026-09-13T04:22:57Z</time>
        <extensions>
          <geotracker:meta c="4.49" s="18.17" />
        </extensions>
      </trkpt>
      <trkpt lat="-15.90584199" lon="129.78454675">
        <ele>63.78</ele>
        <time>2026-09-13T04:23:06Z</time>
        <extensions>
          <geotracker:meta c="4.49" s="21.12" />
        </extensions>
      </trkpt>
      <trkpt lat="-15.90623576" lon="129.78274219">
        <ele>64.39</ele>
        <time>2026-09-13T04:23:15Z</time>
        <extensions>
          <geotracker:meta c="4.48" s="22.61" />
        </extensions>
      </trkpt>
      <trkpt lat="-15.90665293" lon="129.7808821">
        <ele>64.59</ele>
        <time>2026-09-13T04:23:24Z</time>
        <extensions>
          <geotracker:meta c="4.49" s="22.86" />
        </extensions>
      </trkpt>
      <trkpt lat="-15.90707518" lon="129.77900562">
        <ele>64.93</ele>
        <time>2026-09-13T04:23:33Z</time>
        <extensions>
          <geotracker:meta c="4.51" s="23.34" />
        </extensions>
      </trkpt>
      <trkpt lat="-15.90750368" lon="129.77707746">
        <ele>64.97</ele>
        <time>2026-09-13T04:23:42Z</time>
        <extensions>
          <geotracker:meta c="4.48" s="23.34" />
        </extensions>
      </trkpt>
      <trkpt lat="-15.90792715" lon="129.7751762">
        <ele>65.61</ele>
        <time>2026-09-13T04:23:51Z</time>
        <extensions>
          <geotracker:meta c="4.47" s="23.03" />
        </extensions>
      </trkpt>
      <trkpt lat="-15.9091022" lon="129.77140703">
        <ele>66.69</ele>
        <time>2026-09-13T04:24:09Z</time>
        <extensions>
          <geotracker:meta c="4.24" s="24.22" />
        </extensions>
      </trkpt>
      <trkpt lat="-15.91013534" lon="129.76971992">
        <ele>67.13</ele>
        <time>2026-09-13T04:24:18Z</time>
        <extensions>
          <geotracker:meta c="4.06" s="23.57" />
        </extensions>
      </trkpt>
      <trkpt lat="-15.91144433" lon="129.76825623">
        <ele>67.71</ele>
        <time>2026-09-13T04:24:27Z</time>
        <extensions>
          <geotracker:meta c="3.89" s="23.82" />
        </extensions>
      </trkpt>
      <trkpt lat="-15.91299531" lon="129.76702336">
        <ele>67.95</ele>
        <time>2026-09-13T04:24:36Z</time>
        <extensions>
          <geotracker:meta c="3.75" s="24.44" />
        </extensions>
      </trkpt>
      <trkpt lat="-15.91463107" lon="129.76585603">
        <ele>67.04</ele>
        <time>2026-09-13T04:24:45Z</time>
        <extensions>
          <geotracker:meta c="3.75" s="24.67" />
        </extensions>
      </trkpt>
      <trkpt lat="-15.91627847" lon="129.76466921">
        <ele>67.41</ele>
        <time>2026-09-13T04:24:54Z</time>
        <extensions>
          <geotracker:meta c="3.74" s="24.77" />
        </extensions>
      </trkpt>
      <trkpt lat="-15.91794572" lon="129.76347857">
        <ele>67.56</ele>
        <time>2026-09-13T04:25:03Z</time>
        <extensions>
          <geotracker:meta c="3.75" s="25.01" />
        </extensions>
      </trkpt>
      <trkpt lat="-15.91961713" lon="129.76227541">
        <ele>67.13</ele>
        <time>2026-09-13T04:25:12Z</time>
        <extensions>
          <geotracker:meta c="3.75" s="24.98" />
        </extensions>
      </trkpt>
      <trkpt lat="-15.9212947" lon="129.7610806">
        <ele>66.85</ele>
        <time>2026-09-13T04:25:21Z</time>
        <extensions>
          <geotracker:meta c="3.75" s="25.34" />
        </extensions>
      </trkpt>
      <trkpt lat="-15.92460348" lon="129.75871402">
        <ele>66.97</ele>
        <time>2026-09-13T04:25:39Z</time>
        <extensions>
          <geotracker:meta c="3.75" s="24.65" />
        </extensions>
      </trkpt>
      <trkpt lat="-15.92628305" lon="129.75751463">
        <ele>67.16</ele>
        <time>2026-09-13T04:25:48Z</time>
        <extensions>
          <geotracker:meta c="3.74" s="25.65" />
        </extensions>
      </trkpt>
      <trkpt lat="-15.92802441" lon="129.75626626">
        <ele>67.31</ele>
        <time>2026-09-13T04:25:57Z</time>
        <extensions>
          <geotracker:meta c="3.75" s="26.1" />
        </extensions>
      </trkpt>
      <trkpt lat="-15.92963365" lon="129.75489688">
        <ele>67.78</ele>
        <time>2026-09-13T04:26:06Z</time>
        <extensions>
          <geotracker:meta c="3.92" s="25.38" />
        </extensions>
      </trkpt>
      <trkpt lat="-15.93095301" lon="129.7532733">
        <ele>67.83</ele>
        <time>2026-09-13T04:26:15Z</time>
        <extensions>
          <geotracker:meta c="4.11" s="25.21" />
        </extensions>
      </trkpt>
      <trkpt lat="-15.93194881" lon="129.75142332">
        <ele>67.49</ele>
        <time>2026-09-13T04:26:24Z</time>
        <extensions>
          <geotracker:meta c="4.3" s="25.46" />
        </extensions>
      </trkpt>
      <trkpt lat="-15.93260537" lon="129.74940501">
        <ele>67.77</ele>
        <time>2026-09-13T04:26:33Z</time>
        <extensions>
          <geotracker:meta c="4.48" s="25.13" />
        </extensions>
      </trkpt>
      <trkpt lat="-15.9328896" lon="129.74731072">
        <ele>67.89</ele>
        <time>2026-09-13T04:26:42Z</time>
        <extensions>
          <geotracker:meta c="4.65" s="25.02" />
        </extensions>
      </trkpt>
      <trkpt lat="-15.93280634" lon="129.74524339">
        <ele>67.69</ele>
        <time>2026-09-13T04:26:51Z</time>
        <extensions>
          <geotracker:meta c="4.83" s="24.18" />
        </extensions>
      </trkpt>
      <trkpt lat="-15.93232014" lon="129.74126829">
        <ele>67.4</ele>
        <time>2026-09-13T04:27:09Z</time>
        <extensions>
          <geotracker:meta c="4.83" s="24.18" />
        </extensions>
      </trkpt>
      <trkpt lat="-15.93205715" lon="129.73923512">
        <ele>67.56</ele>
        <time>2026-09-13T04:27:18Z</time>
        <extensions>
          <geotracker:meta c="4.85" s="24.05" />
        </extensions>
      </trkpt>
      <trkpt lat="-15.93180392" lon="129.73722623">
        <ele>67.24</ele>
        <time>2026-09-13T04:27:27Z</time>
        <extensions>
          <geotracker:meta c="4.84" s="24" />
        </extensions>
      </trkpt>
      <trkpt lat="-15.93155849" lon="129.7352368">
        <ele>67.07</ele>
        <time>2026-09-13T04:27:36Z</time>
        <extensions>
          <geotracker:meta c="4.83" s="24.22" />
        </extensions>
      </trkpt>
      <trkpt lat="-15.93131189" lon="129.73319721">
        <ele>67.43</ele>
        <time>2026-09-13T04:27:45Z</time>
        <extensions>
          <geotracker:meta c="4.83" s="24.53" />
        </extensions>
      </trkpt>
      <trkpt lat="-15.93105338" lon="129.73112734">
        <ele>69.53</ele>
        <time>2026-09-13T04:27:54Z</time>
        <extensions>
          <geotracker:meta c="4.83" s="25.17" />
        </extensions>
      </trkpt>
      <trkpt lat="-15.93089897" lon="129.72897478">
        <ele>70.21</ele>
        <time>2026-09-13T04:28:03Z</time>
        <extensions>
          <geotracker:meta c="4.71" s="26.1" />
        </extensions>
      </trkpt>
      <trkpt lat="-15.93105239" lon="129.72678176">
        <ele>70.72</ele>
        <time>2026-09-13T04:28:12Z</time>
        <extensions>
          <geotracker:meta c="4.58" s="26" />
        </extensions>
      </trkpt>
      <trkpt lat="-15.93150837" lon="129.72464352">
        <ele>70.97</ele>
        <time>2026-09-13T04:28:21Z</time>
        <extensions>
          <geotracker:meta c="4.43" s="26.02" />
        </extensions>
      </trkpt>
      <trkpt lat="-15.93275912" lon="129.72046445">
        <ele>71.32</ele>
        <time>2026-09-13T04:28:39Z</time>
        <extensions>
          <geotracker:meta c="4.41" s="26.16" />
        </extensions>
      </trkpt>
      <trkpt lat="-15.93338405" lon="129.71838117">
        <ele>71.73</ele>
        <time>2026-09-13T04:28:48Z</time>
        <extensions>
          <geotracker:meta c="4.4" s="25.75" />
        </extensions>
      </trkpt>
      <trkpt lat="-15.93401012" lon="129.7162919">
        <ele>72.2</ele>
        <time>2026-09-13T04:28:57Z</time>
        <extensions>
          <geotracker:meta c="4.41" s="26.31" />
        </extensions>
      </trkpt>
      <trkpt lat="-15.93465104" lon="129.71415201">
        <ele>72.94</ele>
        <time>2026-09-13T04:29:06Z</time>
        <extensions>
          <geotracker:meta c="4.41" s="26.67" />
        </extensions>
      </trkpt>
      <trkpt lat="-15.93529475" lon="129.71201604">
        <ele>73.27</ele>
        <time>2026-09-13T04:29:15Z</time>
        <extensions>
          <geotracker:meta c="4.42" s="26.33" />
        </extensions>
      </trkpt>
      <trkpt lat="-15.93592968" lon="129.70990316">
        <ele>73.79</ele>
        <time>2026-09-13T04:29:24Z</time>
        <extensions>
          <geotracker:meta c="4.41" s="26.28" />
        </extensions>
      </trkpt>
      <trkpt lat="-15.93655966" lon="129.70780447">
        <ele>74.15</ele>
        <time>2026-09-13T04:29:33Z</time>
        <extensions>
          <geotracker:meta c="4.41" s="26.2" />
        </extensions>
      </trkpt>
      <trkpt lat="-15.93719065" lon="129.70568804">
        <ele>74.6</ele>
        <time>2026-09-13T04:29:42Z</time>
        <extensions>
          <geotracker:meta c="4.41" s="26.44" />
        </extensions>
      </trkpt>
      <trkpt lat="-15.93781509" lon="129.70358936">
        <ele>74.8</ele>
        <time>2026-09-13T04:29:51Z</time>
        <extensions>
          <geotracker:meta c="4.42" s="25.86" />
        </extensions>
      </trkpt>
      <trkpt lat="-15.93907112" lon="129.69939856">
        <ele>75.28</ele>
        <time>2026-09-13T04:30:09Z</time>
        <extensions>
          <geotracker:meta c="4.41" s="25.94" />
        </extensions>
      </trkpt>
      <trkpt lat="-15.93967352" lon="129.69738173">
        <ele>75.53</ele>
        <time>2026-09-13T04:30:18Z</time>
        <extensions>
          <geotracker:meta c="4.41" s="24.61" />
        </extensions>
      </trkpt>
      <trkpt lat="-15.94025646" lon="129.69539529">
        <ele>75.46</ele>
        <time>2026-09-13T04:30:27Z</time>
        <extensions>
          <geotracker:meta c="4.45" s="24.86" />
        </extensions>
      </trkpt>
      <trkpt lat="-15.94061613" lon="129.69332779">
        <ele>75.08</ele>
        <time>2026-09-13T04:30:36Z</time>
        <extensions>
          <geotracker:meta c="4.61" s="24.86" />
        </extensions>
      </trkpt>
      <trkpt lat="-15.94068541" lon="129.69125259">
        <ele>75.42</ele>
        <time>2026-09-13T04:30:45Z</time>
        <extensions>
          <geotracker:meta c="4.75" s="24.87" />
        </extensions>
      </trkpt>
      <trkpt lat="-15.9405844" lon="129.68917142">
        <ele>75.87</ele>
        <time>2026-09-13T04:30:54Z</time>
        <extensions>
          <geotracker:meta c="4.77" s="24.51" />
        </extensions>
      </trkpt>
      <trkpt lat="-15.94048103" lon="129.68711083">
        <ele>76.12</ele>
        <time>2026-09-13T04:31:03Z</time>
        <extensions>
          <geotracker:meta c="4.76" s="24.81" />
        </extensions>
      </trkpt>
      <trkpt lat="-15.94038171" lon="129.68499676">
        <ele>76.08</ele>
        <time>2026-09-13T04:31:12Z</time>
        <extensions>
          <geotracker:meta c="4.76" s="25.46" />
        </extensions>
      </trkpt>
      <trkpt lat="-15.94029498" lon="129.68283644">
        <ele>76.64</ele>
        <time>2026-09-13T04:31:21Z</time>
        <extensions>
          <geotracker:meta c="4.71" s="25.87" />
        </extensions>
      </trkpt>
      <trkpt lat="-15.94075965" lon="129.67846136">
        <ele>76.9</ele>
        <time>2026-09-13T04:31:39Z</time>
        <extensions>
          <geotracker:meta c="4.59" s="25.99" />
        </extensions>
      </trkpt>
      <trkpt lat="-15.94102506" lon="129.67628621">
        <ele>77.59</ele>
        <time>2026-09-13T04:31:48Z</time>
        <extensions>
          <geotracker:meta c="4.59" s="26.46" />
        </extensions>
      </trkpt>
      <trkpt lat="-15.94130337" lon="129.67405893">
        <ele>77.07</ele>
        <time>2026-09-13T04:31:57Z</time>
        <extensions>
          <geotracker:meta c="4.58" s="26.82" />
        </extensions>
      </trkpt>
      <trkpt lat="-15.9415719" lon="129.67183787">
        <ele>77.67</ele>
        <time>2026-09-13T04:32:06Z</time>
        <extensions>
          <geotracker:meta c="4.58" s="26.64" />
        </extensions>
      </trkpt>
      <trkpt lat="-15.94184079" lon="129.66963448">
        <ele>78.21</ele>
        <time>2026-09-13T04:32:15Z</time>
        <extensions>
          <geotracker:meta c="4.59" s="25.89" />
        </extensions>
      </trkpt>
      <trkpt lat="-15.94208551" lon="129.66743896">
        <ele>79.08</ele>
        <time>2026-09-13T04:32:24Z</time>
        <extensions>
          <geotracker:meta c="4.63" s="26.68" />
        </extensions>
      </trkpt>
      <trkpt lat="-15.94204904" lon="129.66518503">
        <ele>79.64</ele>
        <time>2026-09-13T04:32:33Z</time>
        <extensions>
          <geotracker:meta c="4.82" s="26.59" />
        </extensions>
      </trkpt>
      <trkpt lat="-15.94176745" lon="129.66299091">
        <ele>79.67</ele>
        <time>2026-09-13T04:32:42Z</time>
        <extensions>
          <geotracker:meta c="4.85" s="26.42" />
        </extensions>
      </trkpt>
      <trkpt lat="-15.94147799" lon="129.66079296">
        <ele>80.2</ele>
        <time>2026-09-13T04:32:51Z</time>
        <extensions>
          <geotracker:meta c="4.85" s="26.23" />
        </extensions>
      </trkpt>
      <trkpt lat="-15.94101993" lon="129.65644965">
        <ele>80.69</ele>
        <time>2026-09-13T04:33:09Z</time>
        <extensions>
          <geotracker:meta c="4.72" s="25.77" />
        </extensions>
      </trkpt>
      <trkpt lat="-15.94117645" lon="129.65429287">
        <ele>81.36</ele>
        <time>2026-09-13T04:33:18Z</time>
        <extensions>
          <geotracker:meta c="4.56" s="25.96" />
        </extensions>
      </trkpt>
      <trkpt lat="-15.94165649" lon="129.65217195">
        <ele>80.73</ele>
        <time>2026-09-13T04:33:27Z</time>
        <extensions>
          <geotracker:meta c="4.41" s="26.04" />
        </extensions>
      </trkpt>
      <trkpt lat="-15.94244291" lon="129.65014051">
        <ele>80.17</ele>
        <time>2026-09-13T04:33:36Z</time>
        <extensions>
          <geotracker:meta c="4.29" s="26.14" />
        </extensions>
      </trkpt>
      <trkpt lat="-15.94330493" lon="129.64812008">
        <ele>80.39</ele>
        <time>2026-09-13T04:33:45Z</time>
        <extensions>
          <geotracker:meta c="4.31" s="26.34" />
        </extensions>
      </trkpt>
      <trkpt lat="-15.9439895" lon="129.64601578">
        <ele>81.05</ele>
        <time>2026-09-13T04:33:54Z</time>
        <extensions>
          <geotracker:meta c="4.46" s="26.45" />
        </extensions>
      </trkpt>
      <trkpt lat="-15.94435176" lon="129.64383636">
        <ele>81.81</ele>
        <time>2026-09-13T04:34:03Z</time>
        <extensions>
          <geotracker:meta c="4.61" s="26.09" />
        </extensions>
      </trkpt>
      <trkpt lat="-15.94443057" lon="129.64163385">
        <ele>81.85</ele>
        <time>2026-09-13T04:34:12Z</time>
        <extensions>
          <geotracker:meta c="4.69" s="26.55" />
        </extensions>
      </trkpt>
      <trkpt lat="-15.94447132" lon="129.6393744">
        <ele>81.84</ele>
        <time>2026-09-13T04:34:21Z</time>
        <extensions>
          <geotracker:meta c="4.69" s="26.96" />
        </extensions>
      </trkpt>
      <trkpt lat="-15.94455922" lon="129.63486798">
        <ele>83.27</ele>
        <time>2026-09-13T04:34:39Z</time>
        <extensions>
          <geotracker:meta c="4.69" s="26.38" />
        </extensions>
      </trkpt>
      <trkpt lat="-15.94460419" lon="129.6326952">
        <ele>83.36</ele>
        <time>2026-09-13T04:34:48Z</time>
        <extensions>
          <geotracker:meta c="4.69" s="25.37" />
        </extensions>
      </trkpt>
      <trkpt lat="-15.94464557" lon="129.63054322">
        <ele>83.99</ele>
        <time>2026-09-13T04:34:57Z</time>
        <extensions>
          <geotracker:meta c="4.69" s="26.04" />
        </extensions>
      </trkpt>
      <trkpt lat="-15.94469606" lon="129.62833335">
        <ele>84.57</ele>
        <time>2026-09-13T04:35:06Z</time>
        <extensions>
          <geotracker:meta c="4.69" s="26.21" />
        </extensions>
      </trkpt>
      <trkpt lat="-15.94473949" lon="129.62614184">
        <ele>85.17</ele>
        <time>2026-09-13T04:35:15Z</time>
        <extensions>
          <geotracker:meta c="4.69" s="26.06" />
        </extensions>
      </trkpt>
      <trkpt lat="-15.94467097" lon="129.62393134">
        <ele>85.91</ele>
        <time>2026-09-13T04:35:24Z</time>
        <extensions>
          <geotracker:meta c="4.82" s="26.77" />
        </extensions>
      </trkpt>
      <trkpt lat="-15.94426888" lon="129.62172236">
        <ele>86.38</ele>
        <time>2026-09-13T04:35:33Z</time>
        <extensions>
          <geotracker:meta c="4.98" s="26.41" />
        </extensions>
      </trkpt>
      <trkpt lat="-15.9435754" lon="129.61967465">
        <ele>87.04</ele>
        <time>2026-09-13T04:35:42Z</time>
        <extensions>
          <geotracker:meta c="5.12" s="25.48" />
        </extensions>
      </trkpt>
      <trkpt lat="-15.94258423" lon="129.61775103">
        <ele>87.74</ele>
        <time>2026-09-13T04:35:51Z</time>
        <extensions>
          <geotracker:meta c="5.28" s="26.31" />
        </extensions>
      </trkpt>
      <trkpt lat="-15.93986976" lon="129.61448039">
        <ele>91.82</ele>
        <time>2026-09-13T04:36:09Z</time>
        <extensions>
          <geotracker:meta c="5.51" s="24.95" />
        </extensions>
      </trkpt>
      <trkpt lat="-15.93840648" lon="129.61299074">
        <ele>93.03</ele>
        <time>2026-09-13T04:36:18Z</time>
        <extensions>
          <geotracker:meta c="5.5" s="25.54" />
        </extensions>
      </trkpt>
      <trkpt lat="-15.93686865" lon="129.61148857">
        <ele>92.43</ele>
        <time>2026-09-13T04:36:27Z</time>
        <extensions>
          <geotracker:meta c="5.58" s="26.6" />
        </extensions>
      </trkpt>
      <trkpt lat="-15.93513371" lon="129.61025124">
        <ele>93.89</ele>
        <time>2026-09-13T04:36:36Z</time>
        <extensions>
          <geotracker:meta c="5.76" s="25.24" />
        </extensions>
      </trkpt>
      <trkpt lat="-15.93333439" lon="129.6092634">
        <ele>96.6</ele>
        <time>2026-09-13T04:36:45Z</time>
        <extensions>
          <geotracker:meta c="5.8" s="25.09" />
        </extensions>
      </trkpt>
      <trkpt lat="-15.93165095" lon="129.60811711">
        <ele>97.92</ele>
        <time>2026-09-13T04:36:54Z</time>
        <extensions>
          <geotracker:meta c="5.55" s="24.76" />
        </extensions>
      </trkpt>
      <trkpt lat="-15.93045287" lon="129.60651043">
        <ele>99.35</ele>
        <time>2026-09-13T04:37:03Z</time>
        <extensions>
          <geotracker:meta c="5.21" s="24.06" />
        </extensions>
      </trkpt>
      <trkpt lat="-15.92983476" lon="129.60459565">
        <ele>99.75</ele>
        <time>2026-09-13T04:37:12Z</time>
        <extensions>
          <geotracker:meta c="4.86" s="24.03" />
        </extensions>
      </trkpt>
      <trkpt lat="-15.92986561" lon="129.60256852">
        <ele>100.02</ele>
        <time>2026-09-13T04:37:21Z</time>
        <extensions>
          <geotracker:meta c="4.54" s="24.31" />
        </extensions>
      </trkpt>
      <trkpt lat="-15.93152543" lon="129.59874668">
        <ele>98.75</ele>
        <time>2026-09-13T04:37:39Z</time>
        <extensions>
          <geotracker:meta c="4.22" s="25.93" />
        </extensions>
      </trkpt>
      <trkpt lat="-15.93251415" lon="129.59681481">
        <ele>95.77</ele>
        <time>2026-09-13T04:37:48Z</time>
        <extensions>
          <geotracker:meta c="4.22" s="25.94" />
        </extensions>
      </trkpt>
      <trkpt lat="-15.93351065" lon="129.59487846">
        <ele>92.48</ele>
        <time>2026-09-13T04:37:57Z</time>
        <extensions>
          <geotracker:meta c="4.23" s="25.95" />
        </extensions>
      </trkpt>
      <trkpt lat="-15.93449732" lon="129.59295769">
        <ele>92.27</ele>
        <time>2026-09-13T04:38:06Z</time>
        <extensions>
          <geotracker:meta c="4.23" s="25.99" />
        </extensions>
      </trkpt>
      <trkpt lat="-15.93548552" lon="129.59103592">
        <ele>92.19</ele>
        <time>2026-09-13T04:38:15Z</time>
        <extensions>
          <geotracker:meta c="4.22" s="25.48" />
        </extensions>
      </trkpt>
      <trkpt lat="-15.9364673" lon="129.58913475">
        <ele>92.18</ele>
        <time>2026-09-13T04:38:24Z</time>
        <extensions>
          <geotracker:meta c="4.23" s="25.64" />
        </extensions>
      </trkpt>
      <trkpt lat="-15.93730166" lon="129.58717285">
        <ele>93.54</ele>
        <time>2026-09-13T04:38:33Z</time>
        <extensions>
          <geotracker:meta c="4.37" s="25.49" />
        </extensions>
      </trkpt>
      <trkpt lat="-15.93784469" lon="129.58509999">
        <ele>93.9</ele>
        <time>2026-09-13T04:38:42Z</time>
        <extensions>
          <geotracker:meta c="4.52" s="25.59" />
        </extensions>
      </trkpt>
      <trkpt lat="-15.93808199" lon="129.58299873">
        <ele>94.44</ele>
        <time>2026-09-13T04:38:51Z</time>
        <extensions>
          <geotracker:meta c="4.66" s="24.87" />
        </extensions>
      </trkpt>
      <trkpt lat="-15.93814932" lon="129.57880473">
        <ele>94.84</ele>
        <time>2026-09-13T04:39:09Z</time>
        <extensions>
          <geotracker:meta c="4.64" s="25.29" />
        </extensions>
      </trkpt>
      <trkpt lat="-15.93847029" lon="129.57670567">
        <ele>95.8</ele>
        <time>2026-09-13T04:39:18Z</time>
        <extensions>
          <geotracker:meta c="4.48" s="25.17" />
        </extensions>
      </trkpt>
      <trkpt lat="-15.9390901" lon="129.57468956">
        <ele>96.35</ele>
        <time>2026-09-13T04:39:27Z</time>
        <extensions>
          <geotracker:meta c="4.34" s="25.16" />
        </extensions>
      </trkpt>
      <trkpt lat="-15.93999806" lon="129.57277775">
        <ele>96.74</ele>
        <time>2026-09-13T04:39:36Z</time>
        <extensions>
          <geotracker:meta c="4.18" s="25.86" />
        </extensions>
      </trkpt>
      <trkpt lat="-15.94122142" lon="129.57096251">
        <ele>96.32</ele>
        <time>2026-09-13T04:39:45Z</time>
        <extensions>
          <geotracker:meta c="4.02" s="26.62" />
        </extensions>
      </trkpt>
      <trkpt lat="-15.94259873" lon="129.56927972">
        <ele>96.13</ele>
        <time>2026-09-13T04:39:54Z</time>
        <extensions>
          <geotracker:meta c="4.01" s="25.88" />
        </extensions>
      </trkpt>
      <trkpt lat="-15.94397649" lon="129.56762741">
        <ele>96.37</ele>
        <time>2026-09-13T04:40:03Z</time>
        <extensions>
          <geotracker:meta c="3.96" s="25.74" />
        </extensions>
      </trkpt>
      <trkpt lat="-15.94552376" lon="129.56614696">
        <ele>97.27</ele>
        <time>2026-09-13T04:40:12Z</time>
        <extensions>
          <geotracker:meta c="3.81" s="25.76" />
        </extensions>
      </trkpt>
      <trkpt lat="-15.94722316" lon="129.56495741">
        <ele>99.41</ele>
        <time>2026-09-13T04:40:21Z</time>
        <extensions>
          <geotracker:meta c="3.67" s="24.83" />
        </extensions>
      </trkpt>
      <trkpt lat="-15.95090852" lon="129.56341879">
        <ele>102.69</ele>
        <time>2026-09-13T04:40:39Z</time>
        <extensions>
          <geotracker:meta c="3.44" s="24.67" />
        </extensions>
      </trkpt>
      <trkpt lat="-15.95281938" lon="129.5628148">
        <ele>106.38</ele>
        <time>2026-09-13T04:40:48Z</time>
        <extensions>
          <geotracker:meta c="3.45" s="24.57" />
        </extensions>
      </trkpt>
      <trkpt lat="-15.95468229" lon="129.56203544">
        <ele>109.48</ele>
        <time>2026-09-13T04:40:57Z</time>
        <extensions>
          <geotracker:meta c="3.61" s="25.08" />
        </extensions>
      </trkpt>
      <trkpt lat="-15.95643633" lon="129.56095048">
        <ele>110.96</ele>
        <time>2026-09-13T04:41:06Z</time>
        <extensions>
          <geotracker:meta c="3.75" s="25.06" />
        </extensions>
      </trkpt>
      <trkpt lat="-15.95803598" lon="129.55965181">
        <ele>107.26</ele>
        <time>2026-09-13T04:41:15Z</time>
        <extensions>
          <geotracker:meta c="3.82" s="25.08" />
        </extensions>
      </trkpt>
      <trkpt lat="-15.95964092" lon="129.55829329">
        <ele>105.44</ele>
        <time>2026-09-13T04:41:24Z</time>
        <extensions>
          <geotracker:meta c="3.83" s="25.72" />
        </extensions>
      </trkpt>
      <trkpt lat="-15.96125763" lon="129.55691705">
        <ele>107.08</ele>
        <time>2026-09-13T04:41:33Z</time>
        <extensions>
          <geotracker:meta c="3.84" s="26.03" />
        </extensions>
      </trkpt>
      <trkpt lat="-15.96290697" lon="129.5555127">
        <ele>104.59</ele>
        <time>2026-09-13T04:41:42Z</time>
        <extensions>
          <geotracker:meta c="3.84" s="26.61" />
        </extensions>
      </trkpt>
      <trkpt lat="-15.96443517" lon="129.55399325">
        <ele>107.25</ele>
        <time>2026-09-13T04:41:51Z</time>
        <extensions>
          <geotracker:meta c="3.99" s="25.92" />
        </extensions>
      </trkpt>
      <trkpt lat="-15.96680801" lon="129.55054858">
        <ele>105.17</ele>
        <time>2026-09-13T04:42:09Z</time>
        <extensions>
          <geotracker:meta c="4.12" s="25.75" />
        </extensions>
      </trkpt>
      <trkpt lat="-15.96797433" lon="129.54877914">
        <ele>104.8</ele>
        <time>2026-09-13T04:42:18Z</time>
        <extensions>
          <geotracker:meta c="4.12" s="25.45" />
        </extensions>
      </trkpt>
      <trkpt lat="-15.96909339" lon="129.54691978">
        <ele>104.47</ele>
        <time>2026-09-13T04:42:27Z</time>
        <extensions>
          <geotracker:meta c="4.22" s="26.62" />
        </extensions>
      </trkpt>
      <trkpt lat="-15.96997206" lon="129.54488136">
        <ele>105.51</ele>
        <time>2026-09-13T04:42:36Z</time>
        <extensions>
          <geotracker:meta c="4.34" s="26.42" />
        </extensions>
      </trkpt>
      <trkpt lat="-15.97074892" lon="129.54281572">
        <ele>105.73</ele>
        <time>2026-09-13T04:42:45Z</time>
        <extensions>
          <geotracker:meta c="4.35" s="26.13" />
        </extensions>
      </trkpt>
      <trkpt lat="-15.97149887" lon="129.54080052">
        <ele>106.86</ele>
        <time>2026-09-13T04:42:54Z</time>
        <extensions>
          <geotracker:meta c="4.33" s="25.22" />
        </extensions>
      </trkpt>
      <trkpt lat="-15.97223619" lon="129.53882476">
        <ele>107.58</ele>
        <time>2026-09-13T04:43:03Z</time>
        <extensions>
          <geotracker:meta c="4.35" s="25.46" />
        </extensions>
      </trkpt>
      <trkpt lat="-15.97305807" lon="129.53660265">
        <ele>106.1</ele>
        <time>2026-09-13T04:43:13Z</time>
        <extensions>
          <geotracker:meta c="4.35" s="25.6" />
        </extensions>
      </trkpt>
      <trkpt lat="-15.97389529" lon="129.53434895">
        <ele>105.65</ele>
        <time>2026-09-13T04:43:23Z</time>
        <extensions>
          <geotracker:meta c="4.35" s="25.77" />
        </extensions>
      </trkpt>
      <trkpt lat="-15.97464547" lon="129.53233437">
        <ele>104.4</ele>
        <time>2026-09-13T04:43:32Z</time>
        <extensions>
          <geotracker:meta c="4.35" s="25.74" />
        </extensions>
      </trkpt>
      <trkpt lat="-15.97538189" lon="129.53031834">
        <ele>103.88</ele>
        <time>2026-09-13T04:43:41Z</time>
        <extensions>
          <geotracker:meta c="4.37" s="25.8" />
        </extensions>
      </trkpt>
      <trkpt lat="-15.97702459" lon="129.52592194">
        <ele>100.36</ele>
        <time>2026-09-13T04:44:00Z</time>
        <extensions>
          <geotracker:meta c="4.34" s="26.49" />
        </extensions>
      </trkpt>
      <trkpt lat="-15.97779852" lon="129.5238583">
        <ele>100.51</ele>
        <time>2026-09-13T04:44:09Z</time>
        <extensions>
          <geotracker:meta c="4.28" s="26.22" />
        </extensions>
      </trkpt>
      <trkpt lat="-15.97882539" lon="129.5219276">
        <ele>100.94</ele>
        <time>2026-09-13T04:44:18Z</time>
        <extensions>
          <geotracker:meta c="4.14" s="26.14" />
        </extensions>
      </trkpt>
      <trkpt lat="-15.98009671" lon="129.52019028">
        <ele>102.03</ele>
        <time>2026-09-13T04:44:27Z</time>
        <extensions>
          <geotracker:meta c="4.01" s="25.79" />
        </extensions>
      </trkpt>
      <trkpt lat="-15.9814333" lon="129.51854622">
        <ele>103.75</ele>
        <time>2026-09-13T04:44:36Z</time>
        <extensions>
          <geotracker:meta c="4.03" s="25.28" />
        </extensions>
      </trkpt>
      <trkpt lat="-15.98286596" lon="129.51673643">
        <ele>105.09</ele>
        <time>2026-09-13T04:44:46Z</time>
        <extensions>
          <geotracker:meta c="4.02" s="24.85" />
        </extensions>
      </trkpt>
      <trkpt lat="-15.98414594" lon="129.51513135">
        <ele>106.31</ele>
        <time>2026-09-13T04:44:55Z</time>
        <extensions>
          <geotracker:meta c="4.02" s="24.82" />
        </extensions>
      </trkpt>
      <trkpt lat="-15.98535326" lon="129.51348975">
        <ele>106.43</ele>
        <time>2026-09-13T04:45:04Z</time>
        <extensions>
          <geotracker:meta c="4.11" s="24.89" />
        </extensions>
      </trkpt>
      <trkpt lat="-15.98664659" lon="129.51151133">
        <ele>106.75</ele>
        <time>2026-09-13T04:45:14Z</time>
        <extensions>
          <geotracker:meta c="4.12" s="25.73" />
        </extensions>
      </trkpt>
      <trkpt lat="-15.98781918" lon="129.50972813">
        <ele>105.94</ele>
        <time>2026-09-13T04:45:23Z</time>
        <extensions>
          <geotracker:meta c="4.12" s="25.73" />
        </extensions>
      </trkpt>
      <trkpt lat="-15.98900651" lon="129.50793678">
        <ele>105.09</ele>
        <time>2026-09-13T04:45:32Z</time>
        <extensions>
          <geotracker:meta c="4.12" s="26.05" />
        </extensions>
      </trkpt>
      <trkpt lat="-15.99032538" lon="129.50591096">
        <ele>106.97</ele>
        <time>2026-09-13T04:45:42Z</time>
        <extensions>
          <geotracker:meta c="4.12" s="25.87" />
        </extensions>
      </trkpt>
      <trkpt lat="-15.99162636" lon="129.50392543">
        <ele>108.38</ele>
        <time>2026-09-13T04:45:52Z</time>
        <extensions>
          <geotracker:meta c="4.12" s="25.6" />
        </extensions>
      </trkpt>
      <trkpt lat="-15.99280336" lon="129.50212492">
        <ele>107.97</ele>
        <time>2026-09-13T04:46:01Z</time>
        <extensions>
          <geotracker:meta c="4.12" s="26.01" />
        </extensions>
      </trkpt>
      <trkpt lat="-15.99543777" lon="129.49832308">
        <ele>109.39</ele>
        <time>2026-09-13T04:46:20Z</time>
        <extensions>
          <geotracker:meta c="4.08" s="25.85" />
        </extensions>
      </trkpt>
      <trkpt lat="-15.99662421" lon="129.49664134">
        <ele>111.04</ele>
        <time>2026-09-13T04:46:29Z</time>
        <extensions>
          <geotracker:meta c="4.09" s="24.04" />
        </extensions>
      </trkpt>
      <trkpt lat="-15.9979178" lon="129.49480441">
        <ele>111.79</ele>
        <time>2026-09-13T04:46:39Z</time>
        <extensions>
          <geotracker:meta c="4.08" s="24.59" />
        </extensions>
      </trkpt>
      <trkpt lat="-15.99909383" lon="129.4931317">
        <ele>112.01</ele>
        <time>2026-09-13T04:46:48Z</time>
        <extensions>
          <geotracker:meta c="4.08" s="24.51" />
        </extensions>
      </trkpt>
      <trkpt lat="-16.00025059" lon="129.49148898">
        <ele>114.45</ele>
        <time>2026-09-13T04:46:57Z</time>
        <extensions>
          <geotracker:meta c="4.09" s="23.94" />
        </extensions>
      </trkpt>
      <trkpt lat="-16.00138738" lon="129.48981781">
        <ele>115.16</ele>
        <time>2026-09-13T04:47:06Z</time>
        <extensions>
          <geotracker:meta c="4.15" s="24.86" />
        </extensions>
      </trkpt>
      <trkpt lat="-16.00237357" lon="129.4879119">
        <ele>115.75</ele>
        <time>2026-09-13T04:47:15Z</time>
        <extensions>
          <geotracker:meta c="4.3" s="25.96" />
        </extensions>
      </trkpt>
      <trkpt lat="-16.00309721" lon="129.48581725">
        <ele>116.36</ele>
        <time>2026-09-13T04:47:24Z</time>
        <extensions>
          <geotracker:meta c="4.46" s="26.75" />
        </extensions>
      </trkpt>
      <trkpt lat="-16.00348839" lon="129.48359542">
        <ele>116.61</ele>
        <time>2026-09-13T04:47:33Z</time>
        <extensions>
          <geotracker:meta c="4.61" s="27.13" />
        </extensions>
      </trkpt>
      <trkpt lat="-16.00357569" lon="129.48134233">
        <ele>117.59</ele>
        <time>2026-09-13T04:47:42Z</time>
        <extensions>
          <geotracker:meta c="4.69" s="26.2" />
        </extensions>
      </trkpt>
      <trkpt lat="-16.0036197" lon="129.47919829">
        <ele>119.73</ele>
        <time>2026-09-13T04:47:51Z</time>
        <extensions>
          <geotracker:meta c="4.69" s="25.16" />
        </extensions>
      </trkpt>
      <trkpt lat="-16.00371572" lon="129.47459022">
        <ele>120.13</ele>
        <time>2026-09-13T04:48:10Z</time>
        <extensions>
          <geotracker:meta c="4.69" s="26.18" />
        </extensions>
      </trkpt>
      <trkpt lat="-16.00375961" lon="129.4723739">
        <ele>118.97</ele>
        <time>2026-09-13T04:48:19Z</time>
        <extensions>
          <geotracker:meta c="4.69" s="26.78" />
        </extensions>
      </trkpt>
      <trkpt lat="-16.00381139" lon="129.4698367">
        <ele>118.53</ele>
        <time>2026-09-13T04:48:29Z</time>
        <extensions>
          <geotracker:meta c="4.69" s="27.33" />
        </extensions>
      </trkpt>
      <trkpt lat="-16.00386048" lon="129.46755951">
        <ele>120.28</ele>
        <time>2026-09-13T04:48:38Z</time>
        <extensions>
          <geotracker:meta c="4.69" s="26.35" />
        </extensions>
      </trkpt>
      <trkpt lat="-16.00389755" lon="129.46536004">
        <ele>120.83</ele>
        <time>2026-09-13T04:48:47Z</time>
        <extensions>
          <geotracker:meta c="4.7" s="26.11" />
        </extensions>
      </trkpt>
      <trkpt lat="-16.00394328" lon="129.46319919">
        <ele>121.33</ele>
        <time>2026-09-13T04:48:56Z</time>
        <extensions>
          <geotracker:meta c="4.69" s="25.54" />
        </extensions>
      </trkpt>
      <trkpt lat="-16.00399023" lon="129.46081488">
        <ele>123.54</ele>
        <time>2026-09-13T04:49:06Z</time>
        <extensions>
          <geotracker:meta c="4.69" s="25.51" />
        </extensions>
      </trkpt>
      <trkpt lat="-16.00403822" lon="129.45861974">
        <ele>125.31</ele>
        <time>2026-09-13T04:49:15Z</time>
        <extensions>
          <geotracker:meta c="4.69" s="26.45" />
        </extensions>
      </trkpt>
      <trkpt lat="-16.00408608" lon="129.45616873">
        <ele>125.56</ele>
        <time>2026-09-13T04:49:25Z</time>
        <extensions>
          <geotracker:meta c="4.69" s="26.43" />
        </extensions>
      </trkpt>
      <trkpt lat="-16.00399519" lon="129.45394619">
        <ele>126.32</ele>
        <time>2026-09-13T04:49:34Z</time>
        <extensions>
          <geotracker:meta c="4.83" s="26.38" />
        </extensions>
      </trkpt>
      <trkpt lat="-16.00353953" lon="129.45156132">
        <ele>129.51</ele>
        <time>2026-09-13T04:49:44Z</time>
        <extensions>
          <geotracker:meta c="4.99" s="25.71" />
        </extensions>
      </trkpt>
      <trkpt lat="-16.00272738" lon="129.44934282">
        <ele>132.45</ele>
        <time>2026-09-13T04:49:54Z</time>
        <extensions>
          <geotracker:meta c="5.16" s="25.71" />
        </extensions>
      </trkpt>
      <trkpt lat="-16.00165135" lon="129.44716799">
        <ele>135.18</ele>
        <time>2026-09-13T04:50:04Z</time>
        <extensions>
          <geotracker:meta c="5.19" s="26.12" />
        </extensions>
      </trkpt>
      <trkpt lat="-16.00067081" lon="129.44524655">
        <ele>137.38</ele>
        <time>2026-09-13T04:50:13Z</time>
        <extensions>
          <geotracker:meta c="5.19" s="25.76" />
        </extensions>
      </trkpt>
      <trkpt lat="-15.99968649" lon="129.44331028">
        <ele>136.76</ele>
        <time>2026-09-13T04:50:22Z</time>
        <extensions>
          <geotracker:meta c="5.18" s="26.34" />
        </extensions>
      </trkpt>
      <trkpt lat="-15.99883764" lon="129.44124184">
        <ele>135.89</ele>
        <time>2026-09-13T04:50:31Z</time>
        <extensions>
          <geotracker:meta c="5.04" s="26.66" />
        </extensions>
      </trkpt>
      <trkpt lat="-15.99811742" lon="129.43671599">
        <ele>134.44</ele>
        <time>2026-09-13T04:50:50Z</time>
        <extensions>
          <geotracker:meta c="4.71" s="26.06" />
        </extensions>
      </trkpt>
      <trkpt lat="-15.99828442" lon="129.43453081">
        <ele>133.99</ele>
        <time>2026-09-13T04:50:59Z</time>
        <extensions>
          <geotracker:meta c="4.55" s="26.05" />
        </extensions>
      </trkpt>
      <trkpt lat="-15.99885438" lon="129.43212919">
        <ele>135.89</ele>
        <time>2026-09-13T04:51:09Z</time>
        <extensions>
          <geotracker:meta c="4.39" s="26.78" />
        </extensions>
      </trkpt>
      <trkpt lat="-15.99973413" lon="129.43005115">
        <ele>134.57</ele>
        <time>2026-09-13T04:51:18Z</time>
        <extensions>
          <geotracker:meta c="4.23" s="27.37" />
        </extensions>
      </trkpt>
      <trkpt lat="-16.00087547" lon="129.42808748">
        <ele>132</ele>
        <time>2026-09-13T04:51:27Z</time>
        <extensions>
          <geotracker:meta c="4.15" s="26.79" />
        </extensions>
      </trkpt>
      <trkpt lat="-16.00200299" lon="129.42623184">
        <ele>134.89</ele>
        <time>2026-09-13T04:51:36Z</time>
        <extensions>
          <geotracker:meta c="4.16" s="25.54" />
        </extensions>
      </trkpt>
      <trkpt lat="-16.00309923" lon="129.42444698">
        <ele>138.32</ele>
        <time>2026-09-13T04:51:45Z</time>
        <extensions>
          <geotracker:meta c="4.15" s="24.83" />
        </extensions>
      </trkpt>
      <trkpt lat="-16.00427049" lon="129.42251465">
        <ele>142.48</ele>
        <time>2026-09-13T04:51:55Z</time>
        <extensions>
          <geotracker:meta c="4.15" s="24.36" />
        </extensions>
      </trkpt>
      <trkpt lat="-16.00534402" lon="129.42076197">
        <ele>144.08</ele>
        <time>2026-09-13T04:52:04Z</time>
        <extensions>
          <geotracker:meta c="4.16" s="24.5" />
        </extensions>
      </trkpt>
      <trkpt lat="-16.00635407" lon="129.41874172">
        <ele>144.85</ele>
        <time>2026-09-13T04:52:14Z</time>
        <extensions>
          <geotracker:meta c="4.32" s="24.73" />
        </extensions>
      </trkpt>
      <trkpt lat="-16.00699392" lon="129.41675769">
        <ele>145.54</ele>
        <time>2026-09-13T04:52:23Z</time>
        <extensions>
          <geotracker:meta c="4.46" s="25.07" />
        </extensions>
      </trkpt>
      <trkpt lat="-16.00735262" lon="129.41463604">
        <ele>144.08</ele>
        <time>2026-09-13T04:52:32Z</time>
        <extensions>
          <geotracker:meta c="4.61" s="25.6" />
        </extensions>
      </trkpt>
      <trkpt lat="-16.00747632" lon="129.41220496">
        <ele>140.93</ele>
        <time>2026-09-13T04:52:42Z</time>
        <extensions>
          <geotracker:meta c="4.68" s="26.32" />
        </extensions>
      </trkpt>
      <trkpt lat="-16.00756982" lon="129.40976829">
        <ele>140.36</ele>
        <time>2026-09-13T04:52:52Z</time>
        <extensions>
          <geotracker:meta c="4.68" s="25.82" />
        </extensions>
      </trkpt>
      <trkpt lat="-16.00772637" lon="129.40538453">
        <ele>138.87</ele>
        <time>2026-09-13T04:53:10Z</time>
        <extensions>
          <geotracker:meta c="4.68" s="26.34" />
        </extensions>
      </trkpt>
      <trkpt lat="-16.00781683" lon="129.40291973">
        <ele>138.44</ele>
        <time>2026-09-13T04:53:20Z</time>
        <extensions>
          <geotracker:meta c="4.67" s="26.54" />
        </extensions>
      </trkpt>
      <trkpt lat="-16.00789581" lon="129.40069294">
        <ele>137.65</ele>
        <time>2026-09-13T04:53:29Z</time>
        <extensions>
          <geotracker:meta c="4.68" s="26.26" />
        </extensions>
      </trkpt>
      <trkpt lat="-16.00798134" lon="129.39826362">
        <ele>140.88</ele>
        <time>2026-09-13T04:53:39Z</time>
        <extensions>
          <geotracker:meta c="4.67" s="25.99" />
        </extensions>
      </trkpt>
      <trkpt lat="-16.0080577" lon="129.39583083">
        <ele>142.97</ele>
        <time>2026-09-13T04:53:49Z</time>
        <extensions>
          <geotracker:meta c="4.68" s="26.51" />
        </extensions>
      </trkpt>
      <trkpt lat="-16.00814669" lon="129.39356079">
        <ele>144.75</ele>
        <time>2026-09-13T04:53:58Z</time>
        <extensions>
          <geotracker:meta c="4.68" s="27.14" />
        </extensions>
      </trkpt>
      <trkpt lat="-16.00823256" lon="129.39106146">
        <ele>145.23</ele>
        <time>2026-09-13T04:54:08Z</time>
        <extensions>
          <geotracker:meta c="4.67" s="26.48" />
        </extensions>
      </trkpt>
      <trkpt lat="-16.00831547" lon="129.38884176">
        <ele>148.71</ele>
        <time>2026-09-13T04:54:17Z</time>
        <extensions>
          <geotracker:meta c="4.68" s="26.43" />
        </extensions>
      </trkpt>
      <trkpt lat="-16.00839197" lon="129.3866692">
        <ele>150.03</ele>
        <time>2026-09-13T04:54:26Z</time>
        <extensions>
          <geotracker:meta c="4.68" s="25.58" />
        </extensions>
      </trkpt>
      <trkpt lat="-16.00847791" lon="129.38427794">
        <ele>149.31</ele>
        <time>2026-09-13T04:54:36Z</time>
        <extensions>
          <geotracker:meta c="4.68" s="25.98" />
        </extensions>
      </trkpt>
      <trkpt lat="-16.00856114" lon="129.38205823">
        <ele>146.99</ele>
        <time>2026-09-13T04:54:45Z</time>
        <extensions>
          <geotracker:meta c="4.67" s="26.48" />
        </extensions>
      </trkpt>
      <trkpt lat="-16.00864295" lon="129.37986241">
        <ele>147.52</ele>
        <time>2026-09-13T04:54:54Z</time>
        <extensions>
          <geotracker:meta c="4.68" s="26.16" />
        </extensions>
      </trkpt>
      <trkpt lat="-16.00872545" lon="129.37766835">
        <ele>148.67</ele>
        <time>2026-09-13T04:55:03Z</time>
        <extensions>
          <geotracker:meta c="4.67" s="25.63" />
        </extensions>
      </trkpt>
      <trkpt lat="-16.00880799" lon="129.37526256">
        <ele>148.32</ele>
        <time>2026-09-13T04:55:13Z</time>
        <extensions>
          <geotracker:meta c="4.68" s="26.18" />
        </extensions>
      </trkpt>
      <trkpt lat="-16.00888059" lon="129.37303246">
        <ele>148.76</ele>
        <time>2026-09-13T04:55:22Z</time>
        <extensions>
          <geotracker:meta c="4.67" s="26.88" />
        </extensions>
      </trkpt>
      <trkpt lat="-16.0089593" lon="129.37073649">
        <ele>146.07</ele>
        <time>2026-09-13T04:55:31Z</time>
        <extensions>
          <geotracker:meta c="4.67" s="27.44" />
        </extensions>
      </trkpt>
      <trkpt lat="-16.00912757" lon="129.36596633">
        <ele>140.4</ele>
        <time>2026-09-13T04:55:50Z</time>
        <extensions>
          <geotracker:meta c="4.67" s="26.31" />
        </extensions>
      </trkpt>
      <trkpt lat="-16.009346" lon="129.36355237">
        <ele>138.95</ele>
        <time>2026-09-13T04:56:00Z</time>
        <extensions>
          <geotracker:meta c="4.54" s="26.05" />
        </extensions>
      </trkpt>
      <trkpt lat="-16.00987136" lon="129.3614343">
        <ele>140.15</ele>
        <time>2026-09-13T04:56:09Z</time>
        <extensions>
          <geotracker:meta c="4.39" s="26.05" />
        </extensions>
      </trkpt>
      <trkpt lat="-16.01053777" lon="129.35938372">
        <ele>138.78</ele>
        <time>2026-09-13T04:56:18Z</time>
        <extensions>
          <geotracker:meta c="4.39" s="25" />
        </extensions>
      </trkpt>
      <trkpt lat="-16.01115283" lon="129.35747464">
        <ele>137.75</ele>
        <time>2026-09-13T04:56:27Z</time>
        <extensions>
          <geotracker:meta c="4.39" s="23.75" />
        </extensions>
      </trkpt>
      <trkpt lat="-16.01189519" lon="129.35533294">
        <ele>139.39</ele>
        <time>2026-09-13T04:56:37Z</time>
        <extensions>
          <geotracker:meta c="4.3" s="24.78" />
        </extensions>
      </trkpt>
      <trkpt lat="-16.01297394" lon="129.35327313">
        <ele>141.12</ele>
        <time>2026-09-13T04:56:47Z</time>
        <extensions>
          <geotracker:meta c="4.14" s="25.45" />
        </extensions>
      </trkpt>
      <trkpt lat="-16.01417192" lon="129.35156193">
        <ele>141.04</ele>
        <time>2026-09-13T04:56:56Z</time>
        <extensions>
          <geotracker:meta c="4.08" s="24.98" />
        </extensions>
      </trkpt>
      <trkpt lat="-16.01548676" lon="129.34967588">
        <ele>141.33</ele>
        <time>2026-09-13T04:57:06Z</time>
        <extensions>
          <geotracker:meta c="4.08" s="24.5" />
        </extensions>
      </trkpt>
      <trkpt lat="-16.01665153" lon="129.34804459">
        <ele>144.02</ele>
        <time>2026-09-13T04:57:15Z</time>
        <extensions>
          <geotracker:meta c="4.08" s="24.33" />
        </extensions>
      </trkpt>
      <trkpt lat="-16.01783836" lon="129.34636372">
        <ele>143.01</ele>
        <time>2026-09-13T04:57:24Z</time>
        <extensions>
          <geotracker:meta c="4.08" s="25.37" />
        </extensions>
      </trkpt>
      <trkpt lat="-16.01905859" lon="129.34463301">
        <ele>144.08</ele>
        <time>2026-09-13T04:57:33Z</time>
        <extensions>
          <geotracker:meta c="4.08" s="25.19" />
        </extensions>
      </trkpt>
      <trkpt lat="-16.02026618" lon="129.34292122">
        <ele>145.89</ele>
        <time>2026-09-13T04:57:42Z</time>
        <extensions>
          <geotracker:meta c="4.09" s="25.17" />
        </extensions>
      </trkpt>
      <trkpt lat="-16.0221261" lon="129.33913633">
        <ele>149.27</ele>
        <time>2026-09-13T04:58:00Z</time>
        <extensions>
          <geotracker:meta c="4.39" s="26.1" />
        </extensions>
      </trkpt>
      <trkpt lat="-16.02266232" lon="129.33676819">
        <ele>146.32</ele>
        <time>2026-09-13T04:58:10Z</time>
        <extensions>
          <geotracker:meta c="4.56" s="26.2" />
        </extensions>
      </trkpt>
      <trkpt lat="-16.02292945" lon="129.33457408">
        <ele>146.14</ele>
        <time>2026-09-13T04:58:19Z</time>
        <extensions>
          <geotracker:meta c="4.59" s="26.39" />
        </extensions>
      </trkpt>
      <trkpt lat="-16.0231895" lon="129.3323772">
        <ele>145.23</ele>
        <time>2026-09-13T04:58:28Z</time>
        <extensions>
          <geotracker:meta c="4.59" s="26.28" />
        </extensions>
      </trkpt>
      <trkpt lat="-16.02345252" lon="129.33018111">
        <ele>144.68</ele>
        <time>2026-09-13T04:58:37Z</time>
        <extensions>
          <geotracker:meta c="4.59" s="26.49" />
        </extensions>
      </trkpt>
      <trkpt lat="-16.02382231" lon="129.32771791">
        <ele>144.73</ele>
        <time>2026-09-13T04:58:47Z</time>
        <extensions>
          <geotracker:meta c="4.49" s="26.68" />
        </extensions>
      </trkpt>
      <trkpt lat="-16.02446835" lon="129.32560041">
        <ele>142.93</ele>
        <time>2026-09-13T04:58:56Z</time>
        <extensions>
          <geotracker:meta c="4.34" s="26.11" />
        </extensions>
      </trkpt>
      <trkpt lat="-16.02539842" lon="129.32362619">
        <ele>143.18</ele>
        <time>2026-09-13T04:59:05Z</time>
        <extensions>
          <geotracker:meta c="4.23" s="26" />
        </extensions>
      </trkpt>
      <trkpt lat="-16.02648069" lon="129.32150751">
        <ele>141.49</ele>
        <time>2026-09-13T04:59:15Z</time>
        <extensions>
          <geotracker:meta c="4.23" s="25.49" />
        </extensions>
      </trkpt>
      <trkpt lat="-16.02747454" lon="129.31956616">
        <ele>135.63</ele>
        <time>2026-09-13T04:59:24Z</time>
        <extensions>
          <geotracker:meta c="4.24" s="27.05" />
        </extensions>
      </trkpt>
      <trkpt lat="-16.02848423" lon="129.31759145">
        <ele>134.66</ele>
        <time>2026-09-13T04:59:33Z</time>
        <extensions>
          <geotracker:meta c="4.23" s="25.72" />
        </extensions>
      </trkpt>
      <trkpt lat="-16.02946227" lon="129.31566823">
        <ele>132.13</ele>
        <time>2026-09-13T04:59:42Z</time>
        <extensions>
          <geotracker:meta c="4.23" s="26.22" />
        </extensions>
      </trkpt>
      <trkpt lat="-16.0304796" lon="129.31366932">
        <ele>131.09</ele>
        <time>2026-09-13T04:59:51Z</time>
        <extensions>
          <geotracker:meta c="4.23" s="26.9" />
        </extensions>
      </trkpt>
      <trkpt lat="-16.03257088" lon="129.30957673">
        <ele>129.44</ele>
        <time>2026-09-13T05:00:10Z</time>
        <extensions>
          <geotracker:meta c="4.23" s="25.78" />
        </extensions>
      </trkpt>
      <trkpt lat="-16.03368944" lon="129.30743065">
        <ele>129.79</ele>
        <time>2026-09-13T05:00:20Z</time>
        <extensions>
          <geotracker:meta c="4.17" s="26.08" />
        </extensions>
      </trkpt>
      <trkpt lat="-16.03494936" lon="129.30568597">
        <ele>132.87</ele>
        <time>2026-09-13T05:00:29Z</time>
        <extensions>
          <geotracker:meta c="4.01" s="25.92" />
        </extensions>
      </trkpt>
      <trkpt lat="-16.03646031" lon="129.30384263">
        <ele>137.58</ele>
        <time>2026-09-13T05:00:39Z</time>
        <extensions>
          <geotracker:meta c="4.01" s="25.76" />
        </extensions>
      </trkpt>
      <trkpt lat="-16.03779755" lon="129.30220517">
        <ele>135.02</ele>
        <time>2026-09-13T05:00:48Z</time>
        <extensions>
          <geotracker:meta c="4.01" s="25.74" />
        </extensions>
      </trkpt>
      <trkpt lat="-16.03916142" lon="129.30054131">
        <ele>132.7</ele>
        <time>2026-09-13T05:00:57Z</time>
        <extensions>
          <geotracker:meta c="4.01" s="25.58" />
        </extensions>
      </trkpt>
      <trkpt lat="-16.04066538" lon="129.29868037">
        <ele>133.84</ele>
        <time>2026-09-13T05:01:07Z</time>
        <extensions>
          <geotracker:meta c="4.02" s="25.57" />
        </extensions>
      </trkpt>
      <trkpt lat="-16.04217569" lon="129.29684913">
        <ele>134.92</ele>
        <time>2026-09-13T05:01:17Z</time>
        <extensions>
          <geotracker:meta c="4.01" s="26.4" />
        </extensions>
      </trkpt>
      <trkpt lat="-16.04371995" lon="129.29495507">
        <ele>133.97</ele>
        <time>2026-09-13T05:01:27Z</time>
        <extensions>
          <geotracker:meta c="4.01" s="26.79" />
        </extensions>
      </trkpt>
      <trkpt lat="-16.04509746" lon="129.29321048">
        <ele>132.96</ele>
        <time>2026-09-13T05:01:36Z</time>
        <extensions>
          <geotracker:meta c="4.09" s="26.89" />
        </extensions>
      </trkpt>
      <trkpt lat="-16.04633994" lon="129.29104424">
        <ele>131.26</ele>
        <time>2026-09-13T05:01:46Z</time>
        <extensions>
          <geotracker:meta c="4.26" s="26.52" />
        </extensions>
      </trkpt>
      <trkpt lat="-16.04717106" lon="129.28898126">
        <ele>131.88</ele>
        <time>2026-09-13T05:01:55Z</time>
        <extensions>
          <geotracker:meta c="4.36" s="26.22" />
        </extensions>
      </trkpt>
      <trkpt lat="-16.04790214" lon="129.28694101">
        <ele>135</ele>
        <time>2026-09-13T05:02:04Z</time>
        <extensions>
          <geotracker:meta c="4.36" s="25.98" />
        </extensions>
      </trkpt>
      <trkpt lat="-16.04857425" lon="129.28506427">
        <ele>133.9</ele>
        <time>2026-09-13T05:02:13Z</time>
        <extensions>
          <geotracker:meta c="4.35" s="21.96" />
        </extensions>
      </trkpt>
      <trkpt lat="-16.04917393" lon="129.28355547">
        <ele>132.44</ele>
        <time>2026-09-13T05:02:23Z</time>
        <extensions>
          <geotracker:meta c="4.26" s="11.21" />
        </extensions>
      </trkpt>
      <trkpt lat="-16.04958901" lon="129.28228317">
        <ele>132.86</ele>
        <time>2026-09-13T05:03:48Z</time>
        <extensions>
          <geotracker:meta c="4.36" s="13.95" />
        </extensions>
      </trkpt>
      <trkpt lat="-16.05011667" lon="129.2808146">
        <ele>131.37</ele>
        <time>2026-09-13T05:03:58Z</time>
        <extensions>
          <geotracker:meta c="4.36" s="19.09" />
        </extensions>
      </trkpt>
      <trkpt lat="-16.05070043" lon="129.2791952">
        <ele>130.18</ele>
        <time>2026-09-13T05:04:07Z</time>
        <extensions>
          <geotracker:meta c="4.36" s="22.14" />
        </extensions>
      </trkpt>
      <trkpt lat="-16.05136892" lon="129.27733961">
        <ele>130.07</ele>
        <time>2026-09-13T05:04:16Z</time>
        <extensions>
          <geotracker:meta c="4.36" s="24.82" />
        </extensions>
      </trkpt>
      <trkpt lat="-16.05208538" lon="129.27536756">
        <ele>131.97</ele>
        <time>2026-09-13T05:04:25Z</time>
        <extensions>
          <geotracker:meta c="4.36" s="24.72" />
        </extensions>
      </trkpt>
      <trkpt lat="-16.05277777" lon="129.27343071">
        <ele>137.26</ele>
        <time>2026-09-13T05:04:34Z</time>
        <extensions>
          <geotracker:meta c="4.36" s="24.7" />
        </extensions>
      </trkpt>
      <trkpt lat="-16.05349366" lon="129.27145124">
        <ele>140.91</ele>
        <time>2026-09-13T05:04:43Z</time>
        <extensions>
          <geotracker:meta c="4.35" s="25.42" />
        </extensions>
      </trkpt>
      <trkpt lat="-16.05419674" lon="129.26949088">
        <ele>142.66</ele>
        <time>2026-09-13T05:04:52Z</time>
        <extensions>
          <geotracker:meta c="4.35" s="23.91" />
        </extensions>
      </trkpt>
      <trkpt lat="-16.05561407" lon="129.26556759">
        <ele>134.05</ele>
        <time>2026-09-13T05:05:10Z</time>
        <extensions>
          <geotracker:meta c="4.35" s="25.79" />
        </extensions>
      </trkpt>
      <trkpt lat="-16.0563242" lon="129.26359732">
        <ele>131.41</ele>
        <time>2026-09-13T05:05:19Z</time>
        <extensions>
          <geotracker:meta c="4.35" s="24.13" />
        </extensions>
      </trkpt>
      <trkpt lat="-16.05699445" lon="129.26173395">
        <ele>132.69</ele>
        <time>2026-09-13T05:05:28Z</time>
        <extensions>
          <geotracker:meta c="4.38" s="23.21" />
        </extensions>
      </trkpt>
      <trkpt lat="-16.05746065" lon="129.25954861">
        <ele>131.75</ele>
        <time>2026-09-13T05:05:38Z</time>
        <extensions>
          <geotracker:meta c="4.6" s="23.54" />
        </extensions>
      </trkpt>
      <trkpt lat="-16.05746156" lon="129.25755301">
        <ele>131.81</ele>
        <time>2026-09-13T05:05:47Z</time>
        <extensions>
          <geotracker:meta c="4.83" s="24.09" />
        </extensions>
      </trkpt>
      <trkpt lat="-16.05716945" lon="129.25557956">
        <ele>136.5</ele>
        <time>2026-09-13T05:05:56Z</time>
        <extensions>
          <geotracker:meta c="4.87" s="23.88" />
        </extensions>
      </trkpt>
      <trkpt lat="-16.05693107" lon="129.25363423">
        <ele>143.65</ele>
        <time>2026-09-13T05:06:05Z</time>
        <extensions>
          <geotracker:meta c="4.78" s="22.31" />
        </extensions>
      </trkpt>
      <trkpt lat="-16.05697028" lon="129.25148928">
        <ele>145.23</ele>
        <time>2026-09-13T05:06:15Z</time>
        <extensions>
          <geotracker:meta c="4.62" s="24.05" />
        </extensions>
      </trkpt>
      <trkpt lat="-16.05791319" lon="129.24746147">
        <ele>140.43</ele>
        <time>2026-09-13T05:06:33Z</time>
        <extensions>
          <geotracker:meta c="4.33" s="25.28" />
        </extensions>
      </trkpt>
      <trkpt lat="-16.05882147" lon="129.245229">
        <ele>141.51</ele>
        <time>2026-09-13T05:06:43Z</time>
        <extensions>
          <geotracker:meta c="4.3" s="26" />
        </extensions>
      </trkpt>
      <trkpt lat="-16.05964745" lon="129.24322995">
        <ele>139.64</ele>
        <time>2026-09-13T05:06:52Z</time>
        <extensions>
          <geotracker:meta c="4.31" s="25.92" />
        </extensions>
      </trkpt>
      <trkpt lat="-16.06046599" lon="129.24124994">
        <ele>140.82</ele>
        <time>2026-09-13T05:07:01Z</time>
        <extensions>
          <geotracker:meta c="4.3" s="25.69" />
        </extensions>
      </trkpt>
      <trkpt lat="-16.06221335" lon="129.23704049">
        <ele>146.02</ele>
        <time>2026-09-13T05:07:20Z</time>
        <extensions>
          <geotracker:meta c="4.31" s="25.24" />
        </extensions>
      </trkpt>
      <trkpt lat="-16.06387955" lon="129.23308706">
        <ele>144.5</ele>
        <time>2026-09-13T05:07:38Z</time>
        <extensions>
          <geotracker:meta c="4.24" s="25.68" />
        </extensions>
      </trkpt>
      <trkpt lat="-16.06509458" lon="129.23100299">
        <ele>143.42</ele>
        <time>2026-09-13T05:07:48Z</time>
        <extensions>
          <geotracker:meta c="4.15" s="26.15" />
        </extensions>
      </trkpt>
      <trkpt lat="-16.0680823" lon="129.22527158">
        <ele>143.51</ele>
        <time>2026-09-13T05:08:15Z</time>
        <extensions>
          <geotracker:meta c="4.4" s="26" />
        </extensions>
      </trkpt>
      <trkpt lat="-16.06877" lon="129.22104938">
        <ele>138.35</ele>
        <time>2026-09-13T05:08:33Z</time>
        <extensions>
          <geotracker:meta c="4.69" s="24.59" />
        </extensions>
      </trkpt>
      <trkpt lat="-16.06821146" lon="129.21685061">
        <ele>139.06</ele>
        <time>2026-09-13T05:08:51Z</time>
        <extensions>
          <geotracker:meta c="4.99" s="25.52" />
        </extensions>
      </trkpt>
      <trkpt lat="-16.06633177" lon="129.21266166">
        <ele>141.42</ele>
        <time>2026-09-13T05:09:10Z</time>
        <extensions>
          <geotracker:meta c="5.23" s="26.52" />
        </extensions>
      </trkpt>
      <trkpt lat="-16.06407802" lon="129.20862935">
        <ele>146.9</ele>
        <time>2026-09-13T05:09:29Z</time>
        <extensions>
          <geotracker:meta c="5.23" s="26.49" />
        </extensions>
      </trkpt>
      <trkpt lat="-16.06310178" lon="129.20662328">
        <ele>147.06</ele>
        <time>2026-09-13T05:09:38Z</time>
        <extensions>
          <geotracker:meta c="5.11" s="26.99" />
        </extensions>
      </trkpt>
      <trkpt lat="-16.06210229" lon="129.20199632">
        <ele>143.21</ele>
        <time>2026-09-13T05:09:57Z</time>
        <extensions>
          <geotracker:meta c="4.77" s="26.69" />
        </extensions>
      </trkpt>
      <trkpt lat="-16.06250613" lon="129.19755219">
        <ele>135.8</ele>
        <time>2026-09-13T05:10:15Z</time>
        <extensions>
          <geotracker:meta c="4.54" s="27.13" />
        </extensions>
      </trkpt>
      <trkpt lat="-16.06328556" lon="129.19292545">
        <ele>135.62</ele>
        <time>2026-09-13T05:10:34Z</time>
        <extensions>
          <geotracker:meta c="4.54" s="26.47" />
        </extensions>
      </trkpt>
      <trkpt lat="-16.06400767" lon="129.18865038">
        <ele>136.16</ele>
        <time>2026-09-13T05:10:52Z</time>
        <extensions>
          <geotracker:meta c="4.55" s="25.07" />
        </extensions>
      </trkpt>
      <trkpt lat="-16.06393468" lon="129.18445418">
        <ele>135.42</ele>
        <time>2026-09-13T05:11:10Z</time>
        <extensions>
          <geotracker:meta c="4.9" s="25.7" />
        </extensions>
      </trkpt>
      <trkpt lat="-16.06342905" lon="129.18233799">
        <ele>135.46</ele>
        <time>2026-09-13T05:11:19Z</time>
        <extensions>
          <geotracker:meta c="4.95" s="25.72" />
        </extensions>
      </trkpt>
      <trkpt lat="-16.06219961" lon="129.17793463">
        <ele>138.01</ele>
        <time>2026-09-13T05:11:38Z</time>
        <extensions>
          <geotracker:meta c="5.11" s="26" />
        </extensions>
      </trkpt>
      <trkpt lat="-16.06122724" lon="129.17596267">
        <ele>138.56</ele>
        <time>2026-09-13T05:11:47Z</time>
        <extensions>
          <geotracker:meta c="5.25" s="26.42" />
        </extensions>
      </trkpt>
      <trkpt lat="-16.05859182" lon="129.17249413">
        <ele>145.17</ele>
        <time>2026-09-13T05:12:05Z</time>
        <extensions>
          <geotracker:meta c="5.37" s="26.41" />
        </extensions>
      </trkpt>
      <trkpt lat="-16.05655536" lon="129.16866366">
        <ele>144.81</ele>
        <time>2026-09-13T05:12:23Z</time>
        <extensions>
          <geotracker:meta c="5.06" s="26.13" />
        </extensions>
      </trkpt>
      <trkpt lat="-16.05574921" lon="129.16403504">
        <ele>146.06</ele>
        <time>2026-09-13T05:12:42Z</time>
        <extensions>
          <geotracker:meta c="4.74" s="26.66" />
        </extensions>
      </trkpt>
      <trkpt lat="-16.05583183" lon="129.16181229">
        <ele>145.47</ele>
        <time>2026-09-13T05:12:51Z</time>
        <extensions>
          <geotracker:meta c="4.67" s="26.54" />
        </extensions>
      </trkpt>
      <trkpt lat="-16.05617978" lon="129.15495273">
        <ele>143.4</ele>
        <time>2026-09-13T05:13:19Z</time>
        <extensions>
          <geotracker:meta c="4.67" s="26.25" />
        </extensions>
      </trkpt>
      <trkpt lat="-16.05641662" lon="129.15043884">
        <ele>143.71</ele>
        <time>2026-09-13T05:13:37Z</time>
        <extensions>
          <geotracker:meta c="4.66" s="27.37" />
        </extensions>
      </trkpt>
      <trkpt lat="-16.05664839" lon="129.14572611">
        <ele>146.54</ele>
        <time>2026-09-13T05:13:56Z</time>
        <extensions>
          <geotracker:meta c="4.66" s="25.96" />
        </extensions>
      </trkpt>
      <trkpt lat="-16.05688328" lon="129.14107609">
        <ele>145.02</ele>
        <time>2026-09-13T05:14:15Z</time>
        <extensions>
          <geotracker:meta c="4.66" s="26.74" />
        </extensions>
      </trkpt>
      <trkpt lat="-16.05710896" lon="129.13656679">
        <ele>146.58</ele>
        <time>2026-09-13T05:14:33Z</time>
        <extensions>
          <geotracker:meta c="4.66" s="27.2" />
        </extensions>
      </trkpt>
      <trkpt lat="-16.05723032" lon="129.13428919">
        <ele>146.82</ele>
        <time>2026-09-13T05:14:42Z</time>
        <extensions>
          <geotracker:meta c="4.66" s="27.27" />
        </extensions>
      </trkpt>
      <trkpt lat="-16.05747119" lon="129.1295223">
        <ele>151.22</ele>
        <time>2026-09-13T05:15:01Z</time>
        <extensions>
          <geotracker:meta c="4.66" s="27.13" />
        </extensions>
      </trkpt>
      <trkpt lat="-16.05771042" lon="129.12475747">
        <ele>153.47</ele>
        <time>2026-09-13T05:15:20Z</time>
        <extensions>
          <geotracker:meta c="4.65" s="26.57" />
        </extensions>
      </trkpt>
      <trkpt lat="-16.05794683" lon="129.1202368">
        <ele>154.41</ele>
        <time>2026-09-13T05:15:38Z</time>
        <extensions>
          <geotracker:meta c="4.66" s="26.62" />
        </extensions>
      </trkpt>
      <trkpt lat="-16.05805231" lon="129.11800323">
        <ele>154.14</ele>
        <time>2026-09-13T05:15:47Z</time>
        <extensions>
          <geotracker:meta c="4.65" s="26.63" />
        </extensions>
      </trkpt>
      <trkpt lat="-16.05841105" lon="129.11119546">
        <ele>157.53</ele>
        <time>2026-09-13T05:16:16Z</time>
        <extensions>
          <geotracker:meta c="4.66" s="23.74" />
        </extensions>
      </trkpt>
      <trkpt lat="-16.05851029" lon="129.1091051">
        <ele>155.26</ele>
        <time>2026-09-13T05:16:25Z</time>
        <extensions>
          <geotracker:meta c="4.65" s="25.56" />
        </extensions>
      </trkpt>
      <trkpt lat="-16.05877592" lon="129.10676474">
        <ele>156.16</ele>
        <time>2026-09-13T05:16:35Z</time>
        <extensions>
          <geotracker:meta c="4.5" s="24.87" />
        </extensions>
      </trkpt>
      <trkpt lat="-16.05938451" lon="129.10450997">
        <ele>154.26</ele>
        <time>2026-09-13T05:16:45Z</time>
        <extensions>
          <geotracker:meta c="4.41" s="24.66" />
        </extensions>
      </trkpt>
      <trkpt lat="-16.06043537" lon="129.10052614">
        <ele>143.97</ele>
        <time>2026-09-13T05:17:03Z</time>
        <extensions>
          <geotracker:meta c="4.55" s="24.79" />
        </extensions>
      </trkpt>
      <trkpt lat="-16.06050486" lon="129.09616044">
        <ele>142.11</ele>
        <time>2026-09-13T05:17:22Z</time>
        <extensions>
          <geotracker:meta c="4.82" s="25.07" />
        </extensions>
      </trkpt>
      <trkpt lat="-16.06022583" lon="129.0940529">
        <ele>139.82</ele>
        <time>2026-09-13T05:17:31Z</time>
        <extensions>
          <geotracker:meta c="4.9" s="25.39" />
        </extensions>
      </trkpt>
      <trkpt lat="-16.05842449" lon="129.08982946">
        <ele>134.55</ele>
        <time>2026-09-13T05:17:51Z</time>
        <extensions>
          <geotracker:meta c="5.37" s="24.76" />
        </extensions>
      </trkpt>
      <trkpt lat="-16.05526945" lon="129.08692711">
        <ele>133.89</ele>
        <time>2026-09-13T05:18:10Z</time>
        <extensions>
          <geotracker:meta c="5.64" s="24.51" />
        </extensions>
      </trkpt>
      <trkpt lat="-16.05191746" lon="129.084771">
        <ele>134.57</ele>
        <time>2026-09-13T05:18:29Z</time>
        <extensions>
          <geotracker:meta c="5.92" s="24.01" />
        </extensions>
      </trkpt>
      <trkpt lat="-16.04987647" lon="129.08408011">
        <ele>136.7</ele>
        <time>2026-09-13T05:18:39Z</time>
        <extensions>
          <geotracker:meta c="5.94" s="23.26" />
        </extensions>
      </trkpt>
      <trkpt lat="-16.04455114" lon="129.08047953">
        <ele>133.73</ele>
        <time>2026-09-13T05:19:08Z</time>
        <extensions>
          <geotracker:meta c="5.46" s="24.85" />
        </extensions>
      </trkpt>
      <trkpt lat="-16.04168286" lon="129.07712352">
        <ele>131.03</ele>
        <time>2026-09-13T05:19:27Z</time>
        <extensions>
          <geotracker:meta c="5.43" s="25.04" />
        </extensions>
      </trkpt>
      <trkpt lat="-16.04016816" lon="129.07536945">
        <ele>128.51</ele>
        <time>2026-09-13T05:19:37Z</time>
        <extensions>
          <geotracker:meta c="5.43" s="25.43" />
        </extensions>
      </trkpt>
      <trkpt lat="-16.03858208" lon="129.07369909">
        <ele>127.43</ele>
        <time>2026-09-13T05:19:47Z</time>
        <extensions>
          <geotracker:meta c="5.57" s="24.75" />
        </extensions>
      </trkpt>
      <trkpt lat="-16.03515793" lon="129.0713877">
        <ele>126.83</ele>
        <time>2026-09-13T05:20:05Z</time>
        <extensions>
          <geotracker:meta c="5.78" s="25.67" />
        </extensions>
      </trkpt>
      <trkpt lat="-16.03334412" lon="129.07035152">
        <ele>124.12</ele>
        <time>2026-09-13T05:20:14Z</time>
        <extensions>
          <geotracker:meta c="5.78" s="25.58" />
        </extensions>
      </trkpt>
      <trkpt lat="-16.02951257" lon="129.06814225">
        <ele>125.79</ele>
        <time>2026-09-13T05:20:33Z</time>
        <extensions>
          <geotracker:meta c="5.78" s="25.19" />
        </extensions>
      </trkpt>
      <trkpt lat="-16.02776698" lon="129.06715377">
        <ele>124.93</ele>
        <time>2026-09-13T05:20:42Z</time>
        <extensions>
          <geotracker:meta c="5.78" s="23.99" />
        </extensions>
      </trkpt>
      <trkpt lat="-16.0223633" lon="129.06404668">
        <ele>124.69</ele>
        <time>2026-09-13T05:21:10Z</time>
        <extensions>
          <geotracker:meta c="5.78" s="24.7" />
        </extensions>
      </trkpt>
      <trkpt lat="-16.01867395" lon="129.06193134">
        <ele>124.39</ele>
        <time>2026-09-13T05:21:28Z</time>
        <extensions>
          <geotracker:meta c="5.77" s="26.72" />
        </extensions>
      </trkpt>
      <trkpt lat="-16.01486983" lon="129.05975137">
        <ele>125.24</ele>
        <time>2026-09-13T05:21:46Z</time>
        <extensions>
          <geotracker:meta c="5.78" s="26.77" />
        </extensions>
      </trkpt>
      <trkpt lat="-16.01095408" lon="129.05749962">
        <ele>129.49</ele>
        <time>2026-09-13T05:22:05Z</time>
        <extensions>
          <geotracker:meta c="5.76" s="24.38" />
        </extensions>
      </trkpt>
      <trkpt lat="-16.00779169" lon="129.05505263">
        <ele>126.55</ele>
        <time>2026-09-13T05:22:24Z</time>
        <extensions>
          <geotracker:meta c="5.56" s="24.49" />
        </extensions>
      </trkpt>
      <trkpt lat="-16.00457714" lon="129.05210848">
        <ele>125.23</ele>
        <time>2026-09-13T05:22:43Z</time>
        <extensions>
          <geotracker:meta c="5.56" s="25.22" />
        </extensions>
      </trkpt>
      <trkpt lat="-16.00301814" lon="129.05067344">
        <ele>125.73</ele>
        <time>2026-09-13T05:22:52Z</time>
        <extensions>
          <geotracker:meta c="5.56" s="25.88" />
        </extensions>
      </trkpt>
      <trkpt lat="-15.9998231" lon="129.04774165">
        <ele>125.23</ele>
        <time>2026-09-13T05:23:11Z</time>
        <extensions>
          <geotracker:meta c="5.56" s="24.41" />
        </extensions>
      </trkpt>
      <trkpt lat="-15.99653793" lon="129.04472993">
        <ele>116.79</ele>
        <time>2026-09-13T05:23:30Z</time>
        <extensions>
          <geotracker:meta c="5.54" s="25.46" />
        </extensions>
      </trkpt>
      <trkpt lat="-15.99387691" lon="129.04160491">
        <ele>115.08</ele>
        <time>2026-09-13T05:23:48Z</time>
        <extensions>
          <geotracker:meta c="5.3" s="25.02" />
        </extensions>
      </trkpt>
      <trkpt lat="-15.9921769" lon="129.03783784">
        <ele>112.61</ele>
        <time>2026-09-13T05:24:06Z</time>
        <extensions>
          <geotracker:meta c="5.05" s="24.87" />
        </extensions>
      </trkpt>
      <trkpt lat="-15.99072844" lon="129.03360132">
        <ele>115.51</ele>
        <time>2026-09-13T05:24:25Z</time>
        <extensions>
          <geotracker:meta c="5.04" s="25.3" />
        </extensions>
      </trkpt>
      <trkpt lat="-15.9893932" lon="129.02943044">
        <ele>115.82</ele>
        <time>2026-09-13T05:24:44Z</time>
        <extensions>
          <geotracker:meta c="4.95" s="22.7" />
        </extensions>
      </trkpt>
      <trkpt lat="-15.98906734" lon="129.0276042">
        <ele>113.63</ele>
        <time>2026-09-13T05:24:54Z</time>
        <extensions>
          <geotracker:meta c="4.84" s="15.61" />
        </extensions>
      </trkpt>
      <trkpt lat="-15.98886207" lon="129.02708672">
        <ele>114.79</ele>
        <time>2026-09-13T05:25:03Z</time>
        <extensions>
          <geotracker:meta c="0.21" s="3.58" />
        </extensions>
      </trkpt>
      <trkpt lat="-15.98834319" lon="129.02730928">
        <ele>115.31</ele>
        <time>2026-09-13T05:26:16Z</time>
        <extensions>
          <geotracker:meta c="0.38" s="2.48" />
        </extensions>
      </trkpt>
      <trkpt lat="-15.98824023" lon="129.02740214">
        <ele>116.15</ele>
        <time>2026-09-13T05:32:29Z</time>
        <extensions>
          <geotracker:meta c="0.76" s="1.96" />
        </extensions>
      </trkpt>
      <trkpt lat="-15.98707884" lon="129.02995706">
        <ele>114.3</ele>
        <time>2026-09-13T05:33:07Z</time>
        <extensions>
          <geotracker:meta c="1.26" s="12.27" />
        </extensions>
      </trkpt>
      <trkpt lat="-15.98676632" lon="129.03098206">
        <ele>114.92</ele>
        <time>2026-09-13T05:33:16Z</time>
        <extensions>
          <geotracker:meta c="1.26" s="13.82" />
        </extensions>
      </trkpt>
      <trkpt lat="-15.98585239" lon="129.03300938">
        <ele>114.76</ele>
        <time>2026-09-13T05:33:34Z</time>
        <extensions>
          <geotracker:meta c="0.8" s="14.11" />
        </extensions>
      </trkpt>
      <trkpt lat="-15.98485469" lon="129.03336609">
        <ele>112.75</ele>
        <time>2026-09-13T05:33:43Z</time>
        <extensions>
          <geotracker:meta c="0.01" s="13.91" />
        </extensions>
      </trkpt>
      <trkpt lat="-15.9820427" lon="129.03333406">
        <ele>114.02</ele>
        <time>2026-09-13T05:34:03Z</time>
        <extensions>
          <geotracker:meta c="0.08" s="17.11" />
        </extensions>
      </trkpt>
      <trkpt lat="-15.97922666" lon="129.03429648">
        <ele>113.89</ele>
        <time>2026-09-13T05:34:22Z</time>
        <extensions>
          <geotracker:meta c="0.45" s="18.2" />
        </extensions>
      </trkpt>
      <trkpt lat="-15.97651652" lon="129.03632838">
        <ele>111.98</ele>
        <time>2026-09-13T05:34:42Z</time>
        <extensions>
          <geotracker:meta c="0.47" s="18.96" />
        </extensions>
      </trkpt>
      <trkpt lat="-15.97518364" lon="129.03692119">
        <ele>112.66</ele>
        <time>2026-09-13T05:34:51Z</time>
        <extensions>
          <geotracker:meta c="0.4" s="15.8" />
        </extensions>
      </trkpt>
      <trkpt lat="-15.97379985" lon="129.03711112">
        <ele>115.03</ele>
        <time>2026-09-13T05:35:01Z</time>
        <extensions>
          <geotracker:meta c="0.09" s="15.8" />
        </extensions>
      </trkpt>
      <trkpt lat="-15.97109328" lon="129.03773924">
        <ele>113.44</ele>
        <time>2026-09-13T05:35:19Z</time>
        <extensions>
          <geotracker:meta c="0.57" s="14.83" />
        </extensions>
      </trkpt>
      <trkpt lat="-15.97011697" lon="129.03789281">
        <ele>111.7</ele>
        <time>2026-09-13T05:35:38Z</time>
        <extensions>
          <geotracker:meta c="5.53" s="10.24" />
        </extensions>
      </trkpt>
      <trkpt lat="-15.96857841" lon="129.036768">
        <ele>111.99</ele>
        <time>2026-09-13T05:35:56Z</time>
        <extensions>
          <geotracker:meta c="5.71" s="13.06" />
        </extensions>
      </trkpt>
      <trkpt lat="-15.96731715" lon="129.03496632">
        <ele>112.47</ele>
        <time>2026-09-13T05:36:14Z</time>
        <extensions>
          <geotracker:meta c="5" s="15.19" />
        </extensions>
      </trkpt>
      <trkpt lat="-15.96690633" lon="129.03364223">
        <ele>113.19</ele>
        <time>2026-09-13T05:36:24Z</time>
        <extensions>
          <geotracker:meta c="5.1" s="14.01" />
        </extensions>
      </trkpt>
      <trkpt lat="-15.96638623" lon="129.03257176">
        <ele>117.52</ele>
        <time>2026-09-13T05:36:33Z</time>
        <extensions>
          <geotracker:meta c="5.27" s="14.38" />
        </extensions>
      </trkpt>
      <trkpt lat="-15.96574057" lon="129.03149736">
        <ele>116.28</ele>
        <time>2026-09-13T05:36:42Z</time>
        <extensions>
          <geotracker:meta c="5.32" s="14.96" />
        </extensions>
      </trkpt>
      <trkpt lat="-15.96485055" lon="129.03080674">
        <ele>115.58</ele>
        <time>2026-09-13T05:36:51Z</time>
        <extensions>
          <geotracker:meta c="5.89" s="12.92" />
        </extensions>
      </trkpt>
      <trkpt lat="-15.96382979" lon="129.03057403">
        <ele>116.9</ele>
        <time>2026-09-13T05:37:00Z</time>
        <extensions>
          <geotracker:meta c="6.16" s="12.52" />
        </extensions>
      </trkpt>
      <trkpt lat="-15.96268068" lon="129.03040878">
        <ele>114.48</ele>
        <time>2026-09-13T05:37:10Z</time>
        <extensions>
          <geotracker:meta c="5.89" s="12.88" />
        </extensions>
      </trkpt>
      <trkpt lat="-15.96077011" lon="129.02957939">
        <ele>113.58</ele>
        <time>2026-09-13T05:37:28Z</time>
        <extensions>
          <geotracker:meta c="5.92" s="14.39" />
        </extensions>
      </trkpt>
      <trkpt lat="-15.9594576" lon="129.02903219">
        <ele>112.09</ele>
        <time>2026-09-13T05:37:38Z</time>
        <extensions>
          <geotracker:meta c="5.83" s="16.15" />
        </extensions>
      </trkpt>
      <trkpt lat="-15.95822211" lon="129.02828693">
        <ele>114.01</ele>
        <time>2026-09-13T05:37:48Z</time>
        <extensions>
          <geotracker:meta c="5.74" s="15.01" />
        </extensions>
      </trkpt>
      <trkpt lat="-15.95713927" lon="129.02759681">
        <ele>115.92</ele>
        <time>2026-09-13T05:37:57Z</time>
        <extensions>
          <geotracker:meta c="5.71" s="15.5" />
        </extensions>
      </trkpt>
      <trkpt lat="-15.95583525" lon="129.02711978">
        <ele>121.69</ele>
        <time>2026-09-13T05:38:07Z</time>
        <extensions>
          <geotracker:meta c="0.03" s="16.06" />
        </extensions>
      </trkpt>
      <trkpt lat="-15.95467483" lon="129.02748217">
        <ele>122.85</ele>
        <time>2026-09-13T05:38:16Z</time>
        <extensions>
          <geotracker:meta c="0.53" s="13.34" />
        </extensions>
      </trkpt>
      <trkpt lat="-15.95376305" lon="129.02788287">
        <ele>124.1</ele>
        <time>2026-09-13T05:38:25Z</time>
        <extensions>
          <geotracker:meta c="0.34" s="12.18" />
        </extensions>
      </trkpt>
      <trkpt lat="-15.95271537" lon="129.02844236">
        <ele>124.08</ele>
        <time>2026-09-13T05:38:35Z</time>
        <extensions>
          <geotracker:meta c="0.55" s="14.35" />
        </extensions>
      </trkpt>
      <trkpt lat="-15.95157781" lon="129.02908711">
        <ele>122.47</ele>
        <time>2026-09-13T05:38:44Z</time>
        <extensions>
          <geotracker:meta c="0.57" s="16.51" />
        </extensions>
      </trkpt>
      <trkpt lat="-15.95038643" lon="129.0301229">
        <ele>120.28</ele>
        <time>2026-09-13T05:38:54Z</time>
        <extensions>
          <geotracker:meta c="0.75" s="17.34" />
        </extensions>
      </trkpt>
      <trkpt lat="-15.94939307" lon="129.03102084">
        <ele>119.42</ele>
        <time>2026-09-13T05:39:03Z</time>
        <extensions>
          <geotracker:meta c="0.7" s="15.36" />
        </extensions>
      </trkpt>
      <trkpt lat="-15.94837473" lon="129.03190192">
        <ele>117.95</ele>
        <time>2026-09-13T05:39:12Z</time>
        <extensions>
          <geotracker:meta c="0.59" s="17.18" />
        </extensions>
      </trkpt>
      <trkpt lat="-15.94709275" lon="129.03258729">
        <ele>116.2</ele>
        <time>2026-09-13T05:39:21Z</time>
        <extensions>
          <geotracker:meta c="0.47" s="18.32" />
        </extensions>
      </trkpt>
      <trkpt lat="-15.94566998" lon="129.03309591">
        <ele>113.05</ele>
        <time>2026-09-13T05:39:31Z</time>
        <extensions>
          <geotracker:meta c="0.15" s="13.2" />
        </extensions>
      </trkpt>
      <trkpt lat="-15.94477357" lon="129.03248884">
        <ele>110.94</ele>
        <time>2026-09-13T05:39:40Z</time>
        <extensions>
          <geotracker:meta c="5.63" s="16.69" />
        </extensions>
      </trkpt>
      <trkpt lat="-15.9439816" lon="129.03178924">
        <ele>111.9</ele>
        <time>2026-09-13T05:39:49Z</time>
        <extensions>
          <geotracker:meta c="5.82" s="10.65" />
        </extensions>
      </trkpt>
      <trkpt lat="-15.94284948" lon="129.03274002">
        <ele>110.19</ele>
        <time>2026-09-13T05:40:08Z</time>
        <extensions>
          <geotracker:meta c="1.04" s="13.87" />
        </extensions>
      </trkpt>
      <trkpt lat="-15.94219948" lon="129.03385582">
        <ele>110.21</ele>
        <time>2026-09-13T05:40:17Z</time>
        <extensions>
          <geotracker:meta c="1.03" s="16.25" />
        </extensions>
      </trkpt>
      <trkpt lat="-15.94148605" lon="129.03504086">
        <ele>110.87</ele>
        <time>2026-09-13T05:40:26Z</time>
        <extensions>
          <geotracker:meta c="1.07" s="17.05" />
        </extensions>
      </trkpt>
      <trkpt lat="-15.94081818" lon="129.03615494">
        <ele>114.91</ele>
        <time>2026-09-13T05:40:35Z</time>
        <extensions>
          <geotracker:meta c="0.87" s="15.85" />
        </extensions>
      </trkpt>
      <trkpt lat="-15.93960937" lon="129.03673114">
        <ele>114.39</ele>
        <time>2026-09-13T05:40:45Z</time>
        <extensions>
          <geotracker:meta c="0.14" s="14.52" />
        </extensions>
      </trkpt>
      <trkpt lat="-15.93845538" lon="129.03668314">
        <ele>111.72</ele>
        <time>2026-09-13T05:40:54Z</time>
        <extensions>
          <geotracker:meta c="6.21" s="13.87" />
        </extensions>
      </trkpt>
      <trkpt lat="-15.93739154" lon="129.03705447">
        <ele>110.54</ele>
        <time>2026-09-13T05:41:03Z</time>
        <extensions>
          <geotracker:meta c="0.39" s="13.75" />
        </extensions>
      </trkpt>
      <trkpt lat="-15.93625616" lon="129.03746144">
        <ele>110.55</ele>
        <time>2026-09-13T05:41:12Z</time>
        <extensions>
          <geotracker:meta c="0.25" s="14.65" />
        </extensions>
      </trkpt>
      <trkpt lat="-15.93492268" lon="129.03790762">
        <ele>110.1</ele>
        <time>2026-09-13T05:41:22Z</time>
        <extensions>
          <geotracker:meta c="0.26" s="16.14" />
        </extensions>
      </trkpt>
      <trkpt lat="-15.93350935" lon="129.03822822">
        <ele>110.73</ele>
        <time>2026-09-13T05:41:32Z</time>
        <extensions>
          <geotracker:meta c="0.24" s="15.13" />
        </extensions>
      </trkpt>
      <trkpt lat="-15.9322077" lon="129.03822068">
        <ele>113.84</ele>
        <time>2026-09-13T05:41:42Z</time>
        <extensions>
          <geotracker:meta c="0.1" s="14.8" />
        </extensions>
      </trkpt>
      <trkpt lat="-15.93134425" lon="129.03881978">
        <ele>114.72</ele>
        <time>2026-09-13T05:41:51Z</time>
        <extensions>
          <geotracker:meta c="1.12" s="12.81" />
        </extensions>
      </trkpt>
      <trkpt lat="-15.93102948" lon="129.04001994">
        <ele>115.03</ele>
        <time>2026-09-13T05:42:00Z</time>
        <extensions>
          <geotracker:meta c="1.32" s="14.91" />
        </extensions>
      </trkpt>
      <trkpt lat="-15.93064208" lon="129.04141436">
        <ele>114.12</ele>
        <time>2026-09-13T05:42:10Z</time>
        <extensions>
          <geotracker:meta c="1.11" s="16.75" />
        </extensions>
      </trkpt>
      <trkpt lat="-15.92894734" lon="129.04352233">
        <ele>114.41</ele>
        <time>2026-09-13T05:42:28Z</time>
        <extensions>
          <geotracker:meta c="0.8" s="16.66" />
        </extensions>
      </trkpt>
      <trkpt lat="-15.92776772" lon="129.04422686">
        <ele>116.02</ele>
        <time>2026-09-13T05:42:37Z</time>
        <extensions>
          <geotracker:meta c="0.3" s="16.31" />
        </extensions>
      </trkpt>
      <trkpt lat="-15.92672067" lon="129.04472874">
        <ele>118.5</ele>
        <time>2026-09-13T05:42:46Z</time>
        <extensions>
          <geotracker:meta c="0.83" s="15.38" />
        </extensions>
      </trkpt>
      <trkpt lat="-15.92614897" lon="129.0458478">
        <ele>117.52</ele>
        <time>2026-09-13T05:42:55Z</time>
        <extensions>
          <geotracker:meta c="1.2" s="14.25" />
        </extensions>
      </trkpt>
      <trkpt lat="-15.92605742" lon="129.04700856">
        <ele>117.06</ele>
        <time>2026-09-13T05:43:05Z</time>
        <extensions>
          <geotracker:meta c="1.74" s="12.9" />
        </extensions>
      </trkpt>
      <trkpt lat="-15.92649013" lon="129.0482439">
        <ele>115.79</ele>
        <time>2026-09-13T05:43:15Z</time>
        <extensions>
          <geotracker:meta c="1.9" s="13.22" />
        </extensions>
      </trkpt>
      <trkpt lat="-15.92624935" lon="129.04957944">
        <ele>114.07</ele>
        <time>2026-09-13T05:43:25Z</time>
        <extensions>
          <geotracker:meta c="1.57" s="16.6" />
        </extensions>
      </trkpt>
      <trkpt lat="-15.92575954" lon="129.05087922">
        <ele>112.25</ele>
        <time>2026-09-13T05:43:34Z</time>
        <extensions>
          <geotracker:meta c="1.2" s="15.38" />
        </extensions>
      </trkpt>
      <trkpt lat="-15.92536824" lon="129.05200814">
        <ele>111.35</ele>
        <time>2026-09-13T05:43:43Z</time>
        <extensions>
          <geotracker:meta c="1.31" s="14" />
        </extensions>
      </trkpt>
      <trkpt lat="-15.92504538" lon="129.05300292">
        <ele>112.5</ele>
        <time>2026-09-13T05:43:52Z</time>
        <extensions>
          <geotracker:meta c="0.82" s="11.78" />
        </extensions>
      </trkpt>
      <trkpt lat="-15.92454215" lon="129.0539353">
        <ele>114.75</ele>
        <time>2026-09-13T05:44:01Z</time>
        <extensions>
          <geotracker:meta c="1.23" s="13.03" />
        </extensions>
      </trkpt>
      <trkpt lat="-15.92389385" lon="129.05494971">
        <ele>117.06</ele>
        <time>2026-09-13T05:44:10Z</time>
        <extensions>
          <geotracker:meta c="0.96" s="15.36" />
        </extensions>
      </trkpt>
      <trkpt lat="-15.9226705" lon="129.0567793">
        <ele>120</ele>
        <time>2026-09-13T05:44:28Z</time>
        <extensions>
          <geotracker:meta c="0.66" s="13.03" />
        </extensions>
      </trkpt>
      <trkpt lat="-15.9219388" lon="129.05741392">
        <ele>119.54</ele>
        <time>2026-09-13T05:44:37Z</time>
        <extensions>
          <geotracker:meta c="0.76" s="10.09" />
        </extensions>
      </trkpt>
      <trkpt lat="-15.92145013" lon="129.05805533">
        <ele>117.22</ele>
        <time>2026-09-13T05:44:47Z</time>
        <extensions>
          <geotracker:meta c="1.13" s="8.34" />
        </extensions>
      </trkpt>
      <trkpt lat="-15.92091157" lon="129.05878187">
        <ele>119.05</ele>
        <time>2026-09-13T05:44:56Z</time>
        <extensions>
          <geotracker:meta c="0.66" s="13.12" />
        </extensions>
      </trkpt>
      <trkpt lat="-15.92001578" lon="129.05988646">
        <ele>117.04</ele>
        <time>2026-09-13T05:45:06Z</time>
        <extensions>
          <geotracker:meta c="0.96" s="15.9" />
        </extensions>
      </trkpt>
      <trkpt lat="-15.91931217" lon="129.06092278">
        <ele>112.55</ele>
        <time>2026-09-13T05:45:15Z</time>
        <extensions>
          <geotracker:meta c="1.1" s="15.31" />
        </extensions>
      </trkpt>
      <trkpt lat="-15.91885234" lon="129.06216086">
        <ele>108.51</ele>
        <time>2026-09-13T05:45:24Z</time>
        <extensions>
          <geotracker:meta c="0.94" s="16.07" />
        </extensions>
      </trkpt>
      <trkpt lat="-15.91813853" lon="129.06347527">
        <ele>107.76</ele>
        <time>2026-09-13T05:45:34Z</time>
        <extensions>
          <geotracker:meta c="1.28" s="17.91" />
        </extensions>
      </trkpt>
      <trkpt lat="-15.91763005" lon="129.06497793">
        <ele>107.81</ele>
        <time>2026-09-13T05:45:43Z</time>
        <extensions>
          <geotracker:meta c="1.22" s="19.15" />
        </extensions>
      </trkpt>
      <trkpt lat="-15.91711858" lon="129.06651144">
        <ele>106.53</ele>
        <time>2026-09-13T05:45:52Z</time>
        <extensions>
          <geotracker:meta c="1.2" s="19.6" />
        </extensions>
      </trkpt>
      <trkpt lat="-15.91641994" lon="129.06809403">
        <ele>106.7</ele>
        <time>2026-09-13T05:46:02Z</time>
        <extensions>
          <geotracker:meta c="1.12" s="17.9" />
        </extensions>
      </trkpt>
      <trkpt lat="-15.9157685" lon="129.06943151">
        <ele>106.68</ele>
        <time>2026-09-13T05:46:12Z</time>
        <extensions>
          <geotracker:meta c="1.21" s="12.89" />
        </extensions>
      </trkpt>
      <trkpt lat="-15.9150423" lon="129.07011464">
        <ele>105.96</ele>
        <time>2026-09-13T05:46:21Z</time>
        <extensions>
          <geotracker:meta c="0.45" s="14.23" />
        </extensions>
      </trkpt>
      <trkpt lat="-15.91207309" lon="129.07114516">
        <ele>108.69</ele>
        <time>2026-09-13T05:46:41Z</time>
        <extensions>
          <geotracker:meta c="0.24" s="18.45" />
        </extensions>
      </trkpt>
      <trkpt lat="-15.90899867" lon="129.07181557">
        <ele>109.6</ele>
        <time>2026-09-13T05:47:00Z</time>
        <extensions>
          <geotracker:meta c="0.29" s="20.17" />
        </extensions>
      </trkpt>
      <trkpt lat="-15.90756193" lon="129.07204655">
        <ele>113.38</ele>
        <time>2026-09-13T05:47:09Z</time>
        <extensions>
          <geotracker:meta c="5.97" s="17.24" />
        </extensions>
      </trkpt>
      <trkpt lat="-15.90451354" lon="129.07193021">
        <ele>108.6</ele>
        <time>2026-09-13T05:47:29Z</time>
        <extensions>
          <geotracker:meta c="0.41" s="20.46" />
        </extensions>
      </trkpt>
      <trkpt lat="-15.90314579" lon="129.07265485">
        <ele>106.04</ele>
        <time>2026-09-13T05:47:38Z</time>
        <extensions>
          <geotracker:meta c="0.5" s="17.28" />
        </extensions>
      </trkpt>
      <trkpt lat="-15.90056715" lon="129.07371747">
        <ele>106.66</ele>
        <time>2026-09-13T05:48:05Z</time>
        <extensions>
          <geotracker:meta c="5.87" s="10.44" />
        </extensions>
      </trkpt>
      <trkpt lat="-15.89947082" lon="129.07347697">
        <ele>107.04</ele>
        <time>2026-09-13T05:48:14Z</time>
        <extensions>
          <geotracker:meta c="6.12" s="16.31" />
        </extensions>
      </trkpt>
      <trkpt lat="-15.89650289" lon="129.07313387">
        <ele>113.16</ele>
        <time>2026-09-13T05:48:33Z</time>
        <extensions>
          <geotracker:meta c="6.01" s="18.12" />
        </extensions>
      </trkpt>
      <trkpt lat="-15.89515617" lon="129.07277828">
        <ele>113.24</ele>
        <time>2026-09-13T05:48:42Z</time>
        <extensions>
          <geotracker:meta c="6.08" s="16.17" />
        </extensions>
      </trkpt>
      <trkpt lat="-15.89378707" lon="129.07279851">
        <ele>114.58</ele>
        <time>2026-09-13T05:48:51Z</time>
        <extensions>
          <geotracker:meta c="0.19" s="17.69" />
        </extensions>
      </trkpt>
      <trkpt lat="-15.89120659" lon="129.07357427">
        <ele>118.28</ele>
        <time>2026-09-13T05:49:09Z</time>
        <extensions>
          <geotracker:meta c="0.06" s="14.26" />
        </extensions>
      </trkpt>
      <trkpt lat="-15.88808295" lon="129.07419315">
        <ele>118.36</ele>
        <time>2026-09-13T05:49:28Z</time>
        <extensions>
          <geotracker:meta c="0.36" s="21.06" />
        </extensions>
      </trkpt>
      <trkpt lat="-15.88532519" lon="129.07542581">
        <ele>114.5</ele>
        <time>2026-09-13T05:49:46Z</time>
        <extensions>
          <geotracker:meta c="0.65" s="16.19" />
        </extensions>
      </trkpt>
      <trkpt lat="-15.88315382" lon="129.07631548">
        <ele>112.46</ele>
        <time>2026-09-13T05:50:05Z</time>
        <extensions>
          <geotracker:meta c="0.53" s="13.87" />
        </extensions>
      </trkpt>
      <trkpt lat="-15.88056503" lon="129.07746102">
        <ele>111.23</ele>
        <time>2026-09-13T05:50:23Z</time>
        <extensions>
          <geotracker:meta c="0.38" s="17.43" />
        </extensions>
      </trkpt>
      <trkpt lat="-15.87772761" lon="129.07880383">
        <ele>109.34</ele>
        <time>2026-09-13T05:50:42Z</time>
        <extensions>
          <geotracker:meta c="0.55" s="21" />
        </extensions>
      </trkpt>
      <trkpt lat="-15.87433814" lon="129.08051768">
        <ele>108.79</ele>
        <time>2026-09-13T05:51:01Z</time>
        <extensions>
          <geotracker:meta c="0.45" s="22.64" />
        </extensions>
      </trkpt>
      <trkpt lat="-15.87263142" lon="129.08130356">
        <ele>108</ele>
        <time>2026-09-13T05:51:10Z</time>
        <extensions>
          <geotracker:meta c="0.46" s="22.16" />
        </extensions>
      </trkpt>
      <trkpt lat="-15.8701244" lon="129.08304473">
        <ele>106.48</ele>
        <time>2026-09-13T05:51:28Z</time>
        <extensions>
          <geotracker:meta c="1.02" s="18.71" />
        </extensions>
      </trkpt>
      <trkpt lat="-15.86843547" lon="129.08527107">
        <ele>103.71</ele>
        <time>2026-09-13T05:51:46Z</time>
        <extensions>
          <geotracker:meta c="0.65" s="18" />
        </extensions>
      </trkpt>
      <trkpt lat="-15.86723153" lon="129.08607342">
        <ele>104.57</ele>
        <time>2026-09-13T05:51:55Z</time>
        <extensions>
          <geotracker:meta c="0.58" s="17.18" />
        </extensions>
      </trkpt>
      <trkpt lat="-15.86577149" lon="129.08716452">
        <ele>102.51</ele>
        <time>2026-09-13T05:52:05Z</time>
        <extensions>
          <geotracker:meta c="0.57" s="22.46" />
        </extensions>
      </trkpt>
      <trkpt lat="-15.86273183" lon="129.0888785">
        <ele>101.48</ele>
        <time>2026-09-13T05:52:23Z</time>
        <extensions>
          <geotracker:meta c="0.36" s="20.8" />
        </extensions>
      </trkpt>
      <trkpt lat="-15.86115907" lon="129.08961261">
        <ele>103.51</ele>
        <time>2026-09-13T05:52:32Z</time>
        <extensions>
          <geotracker:meta c="0.42" s="22.18" />
        </extensions>
      </trkpt>
      <trkpt lat="-15.85769601" lon="129.09049885">
        <ele>102.46</ele>
        <time>2026-09-13T05:52:51Z</time>
        <extensions>
          <geotracker:meta c="6.13" s="18.9" />
        </extensions>
      </trkpt>
      <trkpt lat="-15.85476933" lon="129.09036664">
        <ele>102.11</ele>
        <time>2026-09-13T05:53:10Z</time>
        <extensions>
          <geotracker:meta c="0.56" s="16.11" />
        </extensions>
      </trkpt>
      <trkpt lat="-15.85345355" lon="129.09080238">
        <ele>101.85</ele>
        <time>2026-09-13T05:53:19Z</time>
        <extensions>
          <geotracker:meta c="0.27" s="17.74" />
        </extensions>
      </trkpt>
      <trkpt lat="-15.85191674" lon="129.09133995">
        <ele>101.92</ele>
        <time>2026-09-13T05:53:29Z</time>
        <extensions>
          <geotracker:meta c="0.25" s="19.44" />
        </extensions>
      </trkpt>
      <trkpt lat="-15.848438" lon="129.09315279">
        <ele>106.71</ele>
        <time>2026-09-13T05:53:57Z</time>
        <extensions>
          <geotracker:meta c="1.39" s="13.9" />
        </extensions>
      </trkpt>
      <trkpt lat="-15.84805761" lon="129.09605369">
        <ele>107.24</ele>
        <time>2026-09-13T05:54:16Z</time>
        <extensions>
          <geotracker:meta c="1.15" s="15.31" />
        </extensions>
      </trkpt>
      <trkpt lat="-15.84731869" lon="129.09712778">
        <ele>106.77</ele>
        <time>2026-09-13T05:54:25Z</time>
        <extensions>
          <geotracker:meta c="0.79" s="15.49" />
        </extensions>
      </trkpt>
      <trkpt lat="-15.84507908" lon="129.09932358">
        <ele>101.8</ele>
        <time>2026-09-13T05:54:43Z</time>
        <extensions>
          <geotracker:meta c="0.77" s="17.31" />
        </extensions>
      </trkpt>
      <trkpt lat="-15.84311244" lon="129.10203005">
        <ele>98.34</ele>
        <time>2026-09-13T05:55:02Z</time>
        <extensions>
          <geotracker:meta c="1.02" s="19.34" />
        </extensions>
      </trkpt>
      <trkpt lat="-15.84051914" lon="129.10418787">
        <ele>96.63</ele>
        <time>2026-09-13T05:55:21Z</time>
        <extensions>
          <geotracker:meta c="0.47" s="21.2" />
        </extensions>
      </trkpt>
      <trkpt lat="-15.83876653" lon="129.10479037">
        <ele>95.46</ele>
        <time>2026-09-13T05:55:31Z</time>
        <extensions>
          <geotracker:meta c="0.15" s="20.49" />
        </extensions>
      </trkpt>
      <trkpt lat="-15.83500821" lon="129.10480545">
        <ele>93.85</ele>
        <time>2026-09-13T05:55:50Z</time>
        <extensions>
          <geotracker:meta c="6.23" s="21.89" />
        </extensions>
      </trkpt>
      <trkpt lat="-15.83201963" lon="129.10492196">
        <ele>93.26</ele>
        <time>2026-09-13T05:56:09Z</time>
        <extensions>
          <geotracker:meta c="0.09" s="19.38" />
        </extensions>
      </trkpt>
      <trkpt lat="-15.82822275" lon="129.10530231">
        <ele>94.47</ele>
        <time>2026-09-13T05:56:28Z</time>
        <extensions>
          <geotracker:meta c="0.1" s="23.32" />
        </extensions>
      </trkpt>
      <trkpt lat="-15.82475453" lon="129.10578797">
        <ele>94.91</ele>
        <time>2026-09-13T05:56:46Z</time>
        <extensions>
          <geotracker:meta c="0.3" s="18.73" />
        </extensions>
      </trkpt>
      <trkpt lat="-15.82142618" lon="129.10602081">
        <ele>92.79</ele>
        <time>2026-09-13T05:57:05Z</time>
        <extensions>
          <geotracker:meta c="0.07" s="20.86" />
        </extensions>
      </trkpt>
      <trkpt lat="-15.81982296" lon="129.10599533">
        <ele>92.39</ele>
        <time>2026-09-13T05:57:14Z</time>
        <extensions>
          <geotracker:meta c="6.14" s="19.12" />
        </extensions>
      </trkpt>
      <trkpt lat="-15.81687694" lon="129.10603905">
        <ele>93.4</ele>
        <time>2026-09-13T05:57:33Z</time>
        <extensions>
          <geotracker:meta c="0.05" s="19.12" />
        </extensions>
      </trkpt>
      <trkpt lat="-15.81306685" lon="129.1065088">
        <ele>93.17</ele>
        <time>2026-09-13T05:57:52Z</time>
        <extensions>
          <geotracker:meta c="0.16" s="23.97" />
        </extensions>
      </trkpt>
      <trkpt lat="-15.81096864" lon="129.10689415">
        <ele>93.19</ele>
        <time>2026-09-13T05:58:02Z</time>
        <extensions>
          <geotracker:meta c="0.2" s="23.14" />
        </extensions>
      </trkpt>
      <trkpt lat="-15.8071542" lon="129.10806942">
        <ele>93.85</ele>
        <time>2026-09-13T05:58:22Z</time>
        <extensions>
          <geotracker:meta c="0.41" s="21.59" />
        </extensions>
      </trkpt>
      <trkpt lat="-15.80376611" lon="129.10890327">
        <ele>93.31</ele>
        <time>2026-09-13T05:58:40Z</time>
        <extensions>
          <geotracker:meta c="0.1" s="19.24" />
        </extensions>
      </trkpt>
      <trkpt lat="-15.80074291" lon="129.10862622">
        <ele>93.78</ele>
        <time>2026-09-13T05:58:58Z</time>
        <extensions>
          <geotracker:meta c="0.12" s="19.28" />
        </extensions>
      </trkpt>
      <trkpt lat="-15.79717742" lon="129.10852372">
        <ele>91.39</ele>
        <time>2026-09-13T05:59:17Z</time>
        <extensions>
          <geotracker:meta c="6.14" s="19.16" />
        </extensions>
      </trkpt>
      <trkpt lat="-15.79606296" lon="129.10809162">
        <ele>89.64</ele>
        <time>2026-09-13T05:59:35Z</time>
        <extensions>
          <geotracker:meta c="5.75" s="7.52" />
        </extensions>
      </trkpt>
      <trkpt lat="-15.79530241" lon="129.1077342">
        <ele>92.37</ele>
        <time>2026-09-13T05:59:45Z</time>
        <extensions>
          <geotracker:meta c="6.13" s="9.05" />
        </extensions>
      </trkpt>
      <trkpt lat="-15.79368882" lon="129.10826551">
        <ele>90.95</ele>
        <time>2026-09-13T06:00:03Z</time>
        <extensions>
          <geotracker:meta c="0.4" s="12.79" />
        </extensions>
      </trkpt>
      <trkpt lat="-15.79251561" lon="129.1082785">
        <ele>91.06</ele>
        <time>2026-09-13T06:00:13Z</time>
        <extensions>
          <geotracker:meta c="5.94" s="13.76" />
        </extensions>
      </trkpt>
      <trkpt lat="-15.79014881" lon="129.10874819">
        <ele>90.19</ele>
        <time>2026-09-13T06:00:31Z</time>
        <extensions>
          <geotracker:meta c="0.31" s="16.12" />
        </extensions>
      </trkpt>
      <trkpt lat="-15.78881346" lon="129.10911859">
        <ele>88.97</ele>
        <time>2026-09-13T06:00:40Z</time>
        <extensions>
          <geotracker:meta c="0.16" s="18.01" />
        </extensions>
      </trkpt>
      <trkpt lat="-15.7855494" lon="129.10962506">
        <ele>89.05</ele>
        <time>2026-09-13T06:00:59Z</time>
        <extensions>
          <geotracker:meta c="0.17" s="20.2" />
        </extensions>
      </trkpt>
      <trkpt lat="-15.78399484" lon="129.10990983">
        <ele>89.3</ele>
        <time>2026-09-13T06:01:08Z</time>
        <extensions>
          <geotracker:meta c="0.26" s="19.69" />
        </extensions>
      </trkpt>
      <trkpt lat="-15.78045765" lon="129.11077169">
        <ele>87.59</ele>
        <time>2026-09-13T06:01:28Z</time>
        <extensions>
          <geotracker:meta c="0.02" s="18.68" />
        </extensions>
      </trkpt>
      <trkpt lat="-15.77830825" lon="129.10979242">
        <ele>89.04</ele>
        <time>2026-09-13T06:01:46Z</time>
        <extensions>
          <geotracker:meta c="5.5" s="15.68" />
        </extensions>
      </trkpt>
      <trkpt lat="-15.77690339" lon="129.10890095">
        <ele>89.3</ele>
        <time>2026-09-13T06:01:56Z</time>
        <extensions>
          <geotracker:meta c="5.81" s="19.47" />
        </extensions>
      </trkpt>
      <trkpt lat="-15.77376855" lon="129.1073607">
        <ele>88.3</ele>
        <time>2026-09-13T06:02:14Z</time>
        <extensions>
          <geotracker:meta c="5.83" s="19.56" />
        </extensions>
      </trkpt>
      <trkpt lat="-15.77050303" lon="129.1064132">
        <ele>88.69</ele>
        <time>2026-09-13T06:02:33Z</time>
        <extensions>
          <geotracker:meta c="6.09" s="21.93" />
        </extensions>
      </trkpt>
      <trkpt lat="-15.76715518" lon="129.10592341">
        <ele>89.09</ele>
        <time>2026-09-13T06:02:51Z</time>
        <extensions>
          <geotracker:meta c="6.27" s="19.38" />
        </extensions>
      </trkpt>
      <trkpt lat="-15.76577103" lon="129.10591683">
        <ele>88.16</ele>
        <time>2026-09-13T06:03:01Z</time>
        <extensions>
          <geotracker:meta c="6.16" s="13.86" />
        </extensions>
      </trkpt>
      <trkpt lat="-15.76347808" lon="129.1051636">
        <ele>88.86</ele>
        <time>2026-09-13T06:03:20Z</time>
        <extensions>
          <geotracker:meta c="5.39" s="14.6" />
        </extensions>
      </trkpt>
      <trkpt lat="-15.76277199" lon="129.10237123">
        <ele>89.49</ele>
        <time>2026-09-13T06:03:38Z</time>
        <extensions>
          <geotracker:meta c="4.64" s="16.19" />
        </extensions>
      </trkpt>
      <trkpt lat="-15.76252776" lon="129.10013385">
        <ele>88.85</ele>
        <time>2026-09-13T06:03:56Z</time>
        <extensions>
          <geotracker:meta c="4.94" s="8.02" />
        </extensions>
      </trkpt>
      <trkpt lat="-15.76280146" lon="129.09940126">
        <ele>91.74</ele>
        <time>2026-09-13T06:04:23Z</time>
        <extensions>
          <geotracker:meta c="3.23" s="4.12" />
        </extensions>
      </trkpt>
      <trkpt lat="-15.76315585" lon="129.09882177">
        <ele>93.91</ele>
        <time>2026-09-13T06:05:03Z</time>
        <extensions>
          <geotracker:meta c="0.64" s="2.47" />
        </extensions>
      </trkpt>
    </trkseg>
  </trk>
</gpx>