<?xml version='1.0' encoding='UTF-8' standalone='yes' ?>
<gpx xmlns="http://www.topografix.com/GPX/1/1" xmlns:geotracker="http://ilyabogdanovich.com/gpx/extensions/geotracker" xmlns:xsi="http://www.w3.org/2001/XMLSchema-instance" xsi:schemaLocation="http://www.topografix.com/GPX/1/1 http://www.topografix.com/GPX/1/1/gpx.xsd" version="1.1" creator="Recorded in Geo Tracker for Android from Ilya Bogdanovich">
  <metadata>
    <name>Exmouth </name>
    <author>
      <name>Recorded in Geo Tracker for Android from Ilya Bogdanovich</name>
      <link href="https://play.google.com/store/apps/details?id=com.ilyabogdanovich.geotracker" />
    </author>
    <link href="https://play.google.com/store/apps/details?id=com.ilyabogdanovich.geotracker" />
    <time>2026-10-02T23:13:51Z</time>
  </metadata>
  <wpt lat="-22.10789168" lon="114.00862994">
    <ele>292.53</ele>
    <time>2026-10-03T06:01:39Z</time>
    <name>Stop for ~16 min</name>
    <desc>Elevation: 293 m
Time from start: 06:47:47
Distance from start: 159 km</desc>
    <extensions>
      <geotracker:meta emoji="⏱️" />
    </extensions>
  </wpt>
  <wpt lat="-21.94030818" lon="114.13043203">
    <ele>-0.36</ele>
    <time>2026-10-03T07:23:57Z</time>
    <name>Stop for ~30 min</name>
    <desc>Elevation: 0 m
Time from start: 08:10:05
Distance from start: 182 km</desc>
    <extensions>
      <geotracker:meta emoji="⏱️" />
    </extensions>
  </wpt>
  <wpt lat="-21.80917504" lon="114.10958113">
    <ele>48.43</ele>
    <time>2026-10-03T10:09:08Z</time>
    <name>Stop for ~38 min</name>
    <desc>Elevation: 48 m
Time from start: 10:55:16
Distance from start: 200 km</desc>
    <extensions>
      <geotracker:meta emoji="⏱️" />
    </extensions>
  </wpt>
  <wpt lat="-21.84027963" lon="114.04808799">
    <ele>-9.69</ele>
    <time>2026-10-03T10:56:29Z</time>
    <name>Stop for ~1 h 15 min</name>
    <desc>Elevation: -10 m
Time from start: 11:42:37
Distance from start: 208 km</desc>
    <extensions>
      <geotracker:meta emoji="⏱️" />
    </extensions>
  </wpt>
  <trk>
    <name>Exmouth </name>
    <src>Recorded in Geo Tracker for Android from Ilya Bogdanovich</src>
    <link href="https://play.google.com/store/apps/details?id=com.ilyabogdanovich.geotracker" />
    <extensions>
      <geotracker:meta>
        <geotracker:length>209807.23</geotracker:length>
        <geotracker:duration>47464460</geotracker:duration>
        <geotracker:creationtime>2026-10-02T23:13:51Z</geotracker:creationtime>
        <geotracker:activity>0</geotracker:activity>
      </geotracker:meta>
    </extensions>
    <trkseg>
      <trkpt lat="-22.93401179" lon="116.93835403">
        <ele>277.05</ele>
        <time>2026-10-02T23:15:38Z</time>
        <extensions>
          <geotracker:meta c="5.01" s="26.56" />
        </extensions>
      </trkpt>
      <trkpt lat="-22.93314239" lon="116.93462772">
        <ele>279.7</ele>
        <time>2026-10-02T23:15:53Z</time>
        <extensions>
          <geotracker:meta c="4.96" s="26.17" />
        </extensions>
      </trkpt>
      <trkpt lat="-22.93223287" lon="116.93104057">
        <ele>280.46</ele>
        <time>2026-10-02T23:16:08Z</time>
        <extensions>
          <geotracker:meta c="5.07" s="25.62" />
        </extensions>
      </trkpt>
      <trkpt lat="-22.93072839" lon="116.92762624">
        <ele>277.7</ele>
        <time>2026-10-02T23:16:23Z</time>
        <extensions>
          <geotracker:meta c="4.98" s="25.6" />
        </extensions>
      </trkpt>
      <trkpt lat="-22.92757494" lon="116.9219888">
        <ele>271.96</ele>
        <time>2026-10-02T23:16:49Z</time>
        <extensions>
          <geotracker:meta c="5.36" s="26.29" />
        </extensions>
      </trkpt>
      <trkpt lat="-22.92563341" lon="116.91773137">
        <ele>277.27</ele>
        <time>2026-10-02T23:17:08Z</time>
        <extensions>
          <geotracker:meta c="5" s="25.74" />
        </extensions>
      </trkpt>
      <trkpt lat="-22.92458094" lon="116.91403048">
        <ele>274.85</ele>
        <time>2026-10-02T23:17:23Z</time>
        <extensions>
          <geotracker:meta c="5" s="26.71" />
        </extensions>
      </trkpt>
      <trkpt lat="-22.92356647" lon="116.91034578">
        <ele>265.69</ele>
        <time>2026-10-02T23:17:38Z</time>
        <extensions>
          <geotracker:meta c="4.99" s="25.98" />
        </extensions>
      </trkpt>
      <trkpt lat="-22.92224857" lon="116.90672443">
        <ele>267.12</ele>
        <time>2026-10-02T23:17:53Z</time>
        <extensions>
          <geotracker:meta c="5.17" s="26.77" />
        </extensions>
      </trkpt>
      <trkpt lat="-22.92057479" lon="116.90325425">
        <ele>260.59</ele>
        <time>2026-10-02T23:18:08Z</time>
        <extensions>
          <geotracker:meta c="5.2" s="26.06" />
        </extensions>
      </trkpt>
      <trkpt lat="-22.91902025" lon="116.89995265">
        <ele>266.76</ele>
        <time>2026-10-02T23:18:23Z</time>
        <extensions>
          <geotracker:meta c="5.17" s="24.41" />
        </extensions>
      </trkpt>
      <trkpt lat="-22.91758757" lon="116.89680779">
        <ele>262.07</ele>
        <time>2026-10-02T23:18:38Z</time>
        <extensions>
          <geotracker:meta c="5.17" s="24.76" />
        </extensions>
      </trkpt>
      <trkpt lat="-22.91602863" lon="116.89344989">
        <ele>265.13</ele>
        <time>2026-10-02T23:18:53Z</time>
        <extensions>
          <geotracker:meta c="5.18" s="25.84" />
        </extensions>
      </trkpt>
      <trkpt lat="-22.91425053" lon="116.89017924">
        <ele>267.77</ele>
        <time>2026-10-02T23:19:08Z</time>
        <extensions>
          <geotracker:meta c="5.26" s="26.7" />
        </extensions>
      </trkpt>
      <trkpt lat="-22.91234529" lon="116.88676411">
        <ele>271.67</ele>
        <time>2026-10-02T23:19:23Z</time>
        <extensions>
          <geotracker:meta c="5.25" s="27.19" />
        </extensions>
      </trkpt>
      <trkpt lat="-22.91046189" lon="116.88346325">
        <ele>268.47</ele>
        <time>2026-10-02T23:19:38Z</time>
        <extensions>
          <geotracker:meta c="5.26" s="25.87" />
        </extensions>
      </trkpt>
      <trkpt lat="-22.90862619" lon="116.88026617">
        <ele>269.12</ele>
        <time>2026-10-02T23:19:53Z</time>
        <extensions>
          <geotracker:meta c="5.27" s="25.83" />
        </extensions>
      </trkpt>
      <trkpt lat="-22.90681739" lon="116.87696876">
        <ele>270.61</ele>
        <time>2026-10-02T23:20:08Z</time>
        <extensions>
          <geotracker:meta c="5.25" s="26.34" />
        </extensions>
      </trkpt>
      <trkpt lat="-22.9049817" lon="116.87374062">
        <ele>267.77</ele>
        <time>2026-10-02T23:20:23Z</time>
        <extensions>
          <geotracker:meta c="5.26" s="25.78" />
        </extensions>
      </trkpt>
      <trkpt lat="-22.90317627" lon="116.87054946">
        <ele>268.08</ele>
        <time>2026-10-02T23:20:38Z</time>
        <extensions>
          <geotracker:meta c="5.28" s="25.41" />
        </extensions>
      </trkpt>
      <trkpt lat="-22.90130454" lon="116.86741109">
        <ele>268.98</ele>
        <time>2026-10-02T23:20:53Z</time>
        <extensions>
          <geotracker:meta c="5.29" s="24.95" />
        </extensions>
      </trkpt>
      <trkpt lat="-22.89942325" lon="116.86428412">
        <ele>266.66</ele>
        <time>2026-10-02T23:21:08Z</time>
        <extensions>
          <geotracker:meta c="5.29" s="25.67" />
        </extensions>
      </trkpt>
      <trkpt lat="-22.89769725" lon="116.86138651">
        <ele>269.69</ele>
        <time>2026-10-02T23:21:22Z</time>
        <extensions>
          <geotracker:meta c="5.28" s="25.78" />
        </extensions>
      </trkpt>
      <trkpt lat="-22.89582861" lon="116.85825079">
        <ele>270.39</ele>
        <time>2026-10-02T23:21:37Z</time>
        <extensions>
          <geotracker:meta c="5.28" s="25.73" />
        </extensions>
      </trkpt>
      <trkpt lat="-22.89236452" lon="116.85245651">
        <ele>271.71</ele>
        <time>2026-10-02T23:22:04Z</time>
        <extensions>
          <geotracker:meta c="5.28" s="26.22" />
        </extensions>
      </trkpt>
      <trkpt lat="-22.89076063" lon="116.84920924">
        <ele>269.17</ele>
        <time>2026-10-02T23:22:19Z</time>
        <extensions>
          <geotracker:meta c="5.12" s="25.5" />
        </extensions>
      </trkpt>
      <trkpt lat="-22.88937022" lon="116.8456649">
        <ele>270.48</ele>
        <time>2026-10-02T23:22:34Z</time>
        <extensions>
          <geotracker:meta c="5.09" s="27.03" />
        </extensions>
      </trkpt>
      <trkpt lat="-22.88795169" lon="116.84207231">
        <ele>274.3</ele>
        <time>2026-10-02T23:22:49Z</time>
        <extensions>
          <geotracker:meta c="5.11" s="26.55" />
        </extensions>
      </trkpt>
      <trkpt lat="-22.88655546" lon="116.83855341">
        <ele>268.42</ele>
        <time>2026-10-02T23:23:03Z</time>
        <extensions>
          <geotracker:meta c="5.13" s="26.35" />
        </extensions>
      </trkpt>
      <trkpt lat="-22.88505613" lon="116.83518558">
        <ele>270.02</ele>
        <time>2026-10-02T23:23:18Z</time>
        <extensions>
          <geotracker:meta c="5.33" s="25.27" />
        </extensions>
      </trkpt>
      <trkpt lat="-22.88295549" lon="116.83218999">
        <ele>268.92</ele>
        <time>2026-10-02T23:23:33Z</time>
        <extensions>
          <geotracker:meta c="5.36" s="25.36" />
        </extensions>
      </trkpt>
      <trkpt lat="-22.88091112" lon="116.82926087">
        <ele>269.39</ele>
        <time>2026-10-02T23:23:48Z</time>
        <extensions>
          <geotracker:meta c="5.36" s="24.94" />
        </extensions>
      </trkpt>
      <trkpt lat="-22.87904849" lon="116.82635492">
        <ele>271.83</ele>
        <time>2026-10-02T23:24:03Z</time>
        <extensions>
          <geotracker:meta c="5.28" s="26.04" />
        </extensions>
      </trkpt>
      <trkpt lat="-22.87723089" lon="116.82332792">
        <ele>273.39</ele>
        <time>2026-10-02T23:24:17Z</time>
        <extensions>
          <geotracker:meta c="5.28" s="26.25" />
        </extensions>
      </trkpt>
      <trkpt lat="-22.87542103" lon="116.82029185">
        <ele>275.09</ele>
        <time>2026-10-02T23:24:31Z</time>
        <extensions>
          <geotracker:meta c="5.29" s="26.65" />
        </extensions>
      </trkpt>
      <trkpt lat="-22.87399064" lon="116.81708479">
        <ele>273.84</ele>
        <time>2026-10-02T23:24:45Z</time>
        <extensions>
          <geotracker:meta c="5.03" s="26.33" />
        </extensions>
      </trkpt>
      <trkpt lat="-22.87290819" lon="116.81361419">
        <ele>272.5</ele>
        <time>2026-10-02T23:24:59Z</time>
        <extensions>
          <geotracker:meta c="5.04" s="27.27" />
        </extensions>
      </trkpt>
      <trkpt lat="-22.87184013" lon="116.81017591">
        <ele>272.73</ele>
        <time>2026-10-02T23:25:13Z</time>
        <extensions>
          <geotracker:meta c="5.04" s="25.48" />
        </extensions>
      </trkpt>
      <trkpt lat="-22.87080596" lon="116.80689706">
        <ele>272.23</ele>
        <time>2026-10-02T23:25:27Z</time>
        <extensions>
          <geotracker:meta c="5.04" s="25.82" />
        </extensions>
      </trkpt>
      <trkpt lat="-22.86977546" lon="116.80353301">
        <ele>271.8</ele>
        <time>2026-10-02T23:25:41Z</time>
        <extensions>
          <geotracker:meta c="4.99" s="25.91" />
        </extensions>
      </trkpt>
      <trkpt lat="-22.8693509" lon="116.7999078">
        <ele>272.97</ele>
        <time>2026-10-02T23:25:55Z</time>
        <extensions>
          <geotracker:meta c="4.8" s="27.28" />
        </extensions>
      </trkpt>
      <trkpt lat="-22.86901236" lon="116.79551863">
        <ele>269.44</ele>
        <time>2026-10-02T23:26:12Z</time>
        <extensions>
          <geotracker:meta c="4.79" s="26.59" />
        </extensions>
      </trkpt>
      <trkpt lat="-22.86847696" lon="116.79164779">
        <ele>269.19</ele>
        <time>2026-10-02T23:26:27Z</time>
        <extensions>
          <geotracker:meta c="4.99" s="27.12" />
        </extensions>
      </trkpt>
      <trkpt lat="-22.86708597" lon="116.78797702">
        <ele>259.96</ele>
        <time>2026-10-02T23:26:42Z</time>
        <extensions>
          <geotracker:meta c="5.12" s="27.49" />
        </extensions>
      </trkpt>
      <trkpt lat="-22.86571746" lon="116.7844465">
        <ele>254.06</ele>
        <time>2026-10-02T23:26:57Z</time>
        <extensions>
          <geotracker:meta c="5.1" s="25.71" />
        </extensions>
      </trkpt>
      <trkpt lat="-22.86440904" lon="116.78097257">
        <ele>255.93</ele>
        <time>2026-10-02T23:27:11Z</time>
        <extensions>
          <geotracker:meta c="5.11" s="25.79" />
        </extensions>
      </trkpt>
      <trkpt lat="-22.8630193" lon="116.77748091">
        <ele>259.9</ele>
        <time>2026-10-02T23:27:26Z</time>
        <extensions>
          <geotracker:meta c="5.11" s="26.39" />
        </extensions>
      </trkpt>
      <trkpt lat="-22.86162522" lon="116.77390414">
        <ele>257.38</ele>
        <time>2026-10-02T23:27:41Z</time>
        <extensions>
          <geotracker:meta c="5.11" s="26.03" />
        </extensions>
      </trkpt>
      <trkpt lat="-22.86027574" lon="116.77040257">
        <ele>254.68</ele>
        <time>2026-10-02T23:27:56Z</time>
        <extensions>
          <geotracker:meta c="5.09" s="26.04" />
        </extensions>
      </trkpt>
      <trkpt lat="-22.85918685" lon="116.76702611">
        <ele>257.35</ele>
        <time>2026-10-02T23:28:11Z</time>
        <extensions>
          <geotracker:meta c="5.03" s="25.68" />
        </extensions>
      </trkpt>
      <trkpt lat="-22.8575284" lon="116.76159159">
        <ele>257.09</ele>
        <time>2026-10-02T23:28:34Z</time>
        <extensions>
          <geotracker:meta c="5.03" s="26.66" />
        </extensions>
      </trkpt>
      <trkpt lat="-22.85638212" lon="116.75785511">
        <ele>254.94</ele>
        <time>2026-10-02T23:28:49Z</time>
        <extensions>
          <geotracker:meta c="5.03" s="26.74" />
        </extensions>
      </trkpt>
      <trkpt lat="-22.85520104" lon="116.75411082">
        <ele>251.88</ele>
        <time>2026-10-02T23:29:04Z</time>
        <extensions>
          <geotracker:meta c="5.04" s="27.14" />
        </extensions>
      </trkpt>
      <trkpt lat="-22.85405009" lon="116.75030776">
        <ele>252.56</ele>
        <time>2026-10-02T23:29:19Z</time>
        <extensions>
          <geotracker:meta c="5.04" s="27.29" />
        </extensions>
      </trkpt>
      <trkpt lat="-22.85288582" lon="116.74642177">
        <ele>248.85</ele>
        <time>2026-10-02T23:29:34Z</time>
        <extensions>
          <geotracker:meta c="5.04" s="26.39" />
        </extensions>
      </trkpt>
      <trkpt lat="-22.85174018" lon="116.74283954">
        <ele>245.73</ele>
        <time>2026-10-02T23:29:49Z</time>
        <extensions>
          <geotracker:meta c="5.03" s="25.52" />
        </extensions>
      </trkpt>
      <trkpt lat="-22.85069315" lon="116.73938419">
        <ele>246.52</ele>
        <time>2026-10-02T23:30:04Z</time>
        <extensions>
          <geotracker:meta c="5.03" s="24.61" />
        </extensions>
      </trkpt>
      <trkpt lat="-22.84960164" lon="116.73591882">
        <ele>247.09</ele>
        <time>2026-10-02T23:30:19Z</time>
        <extensions>
          <geotracker:meta c="5.03" s="24.63" />
        </extensions>
      </trkpt>
      <trkpt lat="-22.84851197" lon="116.73236028">
        <ele>247.81</ele>
        <time>2026-10-02T23:30:34Z</time>
        <extensions>
          <geotracker:meta c="5.04" s="26.14" />
        </extensions>
      </trkpt>
      <trkpt lat="-22.84736632" lon="116.72870493">
        <ele>250.36</ele>
        <time>2026-10-02T23:30:49Z</time>
        <extensions>
          <geotracker:meta c="5.04" s="26.59" />
        </extensions>
      </trkpt>
      <trkpt lat="-22.8468306" lon="116.72649032">
        <ele>245.24</ele>
        <time>2026-10-02T23:30:58Z</time>
        <extensions>
          <geotracker:meta c="4.88" s="26.97" />
        </extensions>
      </trkpt>
      <trkpt lat="-22.84625677" lon="116.72263729">
        <ele>245.13</ele>
        <time>2026-10-02T23:31:13Z</time>
        <extensions>
          <geotracker:meta c="4.88" s="26.04" />
        </extensions>
      </trkpt>
      <trkpt lat="-22.84569272" lon="116.7188666">
        <ele>242.43</ele>
        <time>2026-10-02T23:31:28Z</time>
        <extensions>
          <geotracker:meta c="4.87" s="26.07" />
        </extensions>
      </trkpt>
      <trkpt lat="-22.84510415" lon="116.7150056">
        <ele>244.1</ele>
        <time>2026-10-02T23:31:43Z</time>
        <extensions>
          <geotracker:meta c="4.89" s="26.57" />
        </extensions>
      </trkpt>
      <trkpt lat="-22.84448429" lon="116.71112598">
        <ele>247.79</ele>
        <time>2026-10-02T23:31:58Z</time>
        <extensions>
          <geotracker:meta c="4.88" s="26.79" />
        </extensions>
      </trkpt>
      <trkpt lat="-22.84388323" lon="116.70729947">
        <ele>247.73</ele>
        <time>2026-10-02T23:32:13Z</time>
        <extensions>
          <geotracker:meta c="4.88" s="26.32" />
        </extensions>
      </trkpt>
      <trkpt lat="-22.84329677" lon="116.7035984">
        <ele>247.91</ele>
        <time>2026-10-02T23:32:28Z</time>
        <extensions>
          <geotracker:meta c="4.88" s="24.96" />
        </extensions>
      </trkpt>
      <trkpt lat="-22.84279057" lon="116.70009137">
        <ele>247.3</ele>
        <time>2026-10-02T23:32:43Z</time>
        <extensions>
          <geotracker:meta c="4.88" s="24.15" />
        </extensions>
      </trkpt>
      <trkpt lat="-22.84222279" lon="116.69652385">
        <ele>244.52</ele>
        <time>2026-10-02T23:32:58Z</time>
        <extensions>
          <geotracker:meta c="4.89" s="25.3" />
        </extensions>
      </trkpt>
      <trkpt lat="-22.84166614" lon="116.69275848">
        <ele>245.9</ele>
        <time>2026-10-02T23:33:13Z</time>
        <extensions>
          <geotracker:meta c="4.88" s="26.59" />
        </extensions>
      </trkpt>
      <trkpt lat="-22.84106079" lon="116.68893729">
        <ele>250.66</ele>
        <time>2026-10-02T23:33:28Z</time>
        <extensions>
          <geotracker:meta c="4.88" s="27.43" />
        </extensions>
      </trkpt>
      <trkpt lat="-22.84044593" lon="116.68495057">
        <ele>246.28</ele>
        <time>2026-10-02T23:33:43Z</time>
        <extensions>
          <geotracker:meta c="4.87" s="26.71" />
        </extensions>
      </trkpt>
      <trkpt lat="-22.83986079" lon="116.68107459">
        <ele>237.91</ele>
        <time>2026-10-02T23:33:58Z</time>
        <extensions>
          <geotracker:meta c="4.88" s="26.64" />
        </extensions>
      </trkpt>
      <trkpt lat="-22.83924041" lon="116.67730369">
        <ele>242.98</ele>
        <time>2026-10-02T23:34:13Z</time>
        <extensions>
          <geotracker:meta c="4.87" s="26.38" />
        </extensions>
      </trkpt>
      <trkpt lat="-22.83872125" lon="116.67346135">
        <ele>234.49</ele>
        <time>2026-10-02T23:34:28Z</time>
        <extensions>
          <geotracker:meta c="4.84" s="26.68" />
        </extensions>
      </trkpt>
      <trkpt lat="-22.83828372" lon="116.66958644">
        <ele>236.29</ele>
        <time>2026-10-02T23:34:43Z</time>
        <extensions>
          <geotracker:meta c="4.84" s="26.71" />
        </extensions>
      </trkpt>
      <trkpt lat="-22.83781574" lon="116.66574067">
        <ele>239.58</ele>
        <time>2026-10-02T23:34:58Z</time>
        <extensions>
          <geotracker:meta c="4.83" s="26.01" />
        </extensions>
      </trkpt>
      <trkpt lat="-22.83740217" lon="116.66214625">
        <ele>240.02</ele>
        <time>2026-10-02T23:35:13Z</time>
        <extensions>
          <geotracker:meta c="4.84" s="23.54" />
        </extensions>
      </trkpt>
      <trkpt lat="-22.83699458" lon="116.65859815">
        <ele>240.48</ele>
        <time>2026-10-02T23:35:28Z</time>
        <extensions>
          <geotracker:meta c="4.83" s="25.19" />
        </extensions>
      </trkpt>
      <trkpt lat="-22.83655509" lon="116.65481158">
        <ele>241.87</ele>
        <time>2026-10-02T23:35:43Z</time>
        <extensions>
          <geotracker:meta c="4.84" s="26.76" />
        </extensions>
      </trkpt>
      <trkpt lat="-22.83611697" lon="116.65093602">
        <ele>237.85</ele>
        <time>2026-10-02T23:35:58Z</time>
        <extensions>
          <geotracker:meta c="4.84" s="26.35" />
        </extensions>
      </trkpt>
      <trkpt lat="-22.83541272" lon="116.64723784">
        <ele>239.49</ele>
        <time>2026-10-02T23:36:13Z</time>
        <extensions>
          <geotracker:meta c="5.02" s="26.08" />
        </extensions>
      </trkpt>
      <trkpt lat="-22.83431503" lon="116.64354148">
        <ele>237.95</ele>
        <time>2026-10-02T23:36:28Z</time>
        <extensions>
          <geotracker:meta c="5.02" s="26.86" />
        </extensions>
      </trkpt>
      <trkpt lat="-22.83319452" lon="116.63978441">
        <ele>238.84</ele>
        <time>2026-10-02T23:36:43Z</time>
        <extensions>
          <geotracker:meta c="5.02" s="26.66" />
        </extensions>
      </trkpt>
      <trkpt lat="-22.83208021" lon="116.63608645">
        <ele>235.6</ele>
        <time>2026-10-02T23:36:58Z</time>
        <extensions>
          <geotracker:meta c="5.04" s="26.68" />
        </extensions>
      </trkpt>
      <trkpt lat="-22.83053979" lon="116.63251362">
        <ele>238.78</ele>
        <time>2026-10-02T23:37:13Z</time>
        <extensions>
          <geotracker:meta c="5.19" s="25.89" />
        </extensions>
      </trkpt>
      <trkpt lat="-22.82890271" lon="116.62918145">
        <ele>240.98</ele>
        <time>2026-10-02T23:37:28Z</time>
        <extensions>
          <geotracker:meta c="5.19" s="26.25" />
        </extensions>
      </trkpt>
      <trkpt lat="-22.82722674" lon="116.62572641">
        <ele>243.22</ele>
        <time>2026-10-02T23:37:43Z</time>
        <extensions>
          <geotracker:meta c="5.2" s="27.06" />
        </extensions>
      </trkpt>
      <trkpt lat="-22.82553685" lon="116.62227897">
        <ele>247.14</ele>
        <time>2026-10-02T23:37:58Z</time>
        <extensions>
          <geotracker:meta c="5.2" s="26.63" />
        </extensions>
      </trkpt>
      <trkpt lat="-22.82387938" lon="116.61883728">
        <ele>242.13</ele>
        <time>2026-10-02T23:38:13Z</time>
        <extensions>
          <geotracker:meta c="5.19" s="26.47" />
        </extensions>
      </trkpt>
      <trkpt lat="-22.82223457" lon="116.61546415">
        <ele>241.33</ele>
        <time>2026-10-02T23:38:28Z</time>
        <extensions>
          <geotracker:meta c="5.2" s="25.74" />
        </extensions>
      </trkpt>
      <trkpt lat="-22.82061071" lon="116.61217743">
        <ele>239.63</ele>
        <time>2026-10-02T23:38:43Z</time>
        <extensions>
          <geotracker:meta c="5.2" s="25.27" />
        </extensions>
      </trkpt>
      <trkpt lat="-22.81903017" lon="116.60892409">
        <ele>242.95</ele>
        <time>2026-10-02T23:38:58Z</time>
        <extensions>
          <geotracker:meta c="5.2" s="25.58" />
        </extensions>
      </trkpt>
      <trkpt lat="-22.81737107" lon="116.6055295">
        <ele>239.34</ele>
        <time>2026-10-02T23:39:13Z</time>
        <extensions>
          <geotracker:meta c="5.2" s="26.2" />
        </extensions>
      </trkpt>
      <trkpt lat="-22.81568337" lon="116.60208395">
        <ele>246.22</ele>
        <time>2026-10-02T23:39:28Z</time>
        <extensions>
          <geotracker:meta c="5.19" s="27.27" />
        </extensions>
      </trkpt>
      <trkpt lat="-22.81437389" lon="116.59851739">
        <ele>246.38</ele>
        <time>2026-10-02T23:39:43Z</time>
        <extensions>
          <geotracker:meta c="5.05" s="25.84" />
        </extensions>
      </trkpt>
      <trkpt lat="-22.8132396" lon="116.59499239">
        <ele>251.78</ele>
        <time>2026-10-02T23:39:58Z</time>
        <extensions>
          <geotracker:meta c="5.05" s="25.7" />
        </extensions>
      </trkpt>
      <trkpt lat="-22.81208135" lon="116.59136921">
        <ele>249.25</ele>
        <time>2026-10-02T23:40:13Z</time>
        <extensions>
          <geotracker:meta c="5.05" s="26.34" />
        </extensions>
      </trkpt>
      <trkpt lat="-22.81090464" lon="116.58768623">
        <ele>251.19</ele>
        <time>2026-10-02T23:40:28Z</time>
        <extensions>
          <geotracker:meta c="5.04" s="26.69" />
        </extensions>
      </trkpt>
      <trkpt lat="-22.80975045" lon="116.58406213">
        <ele>253.76</ele>
        <time>2026-10-02T23:40:43Z</time>
        <extensions>
          <geotracker:meta c="5.05" s="26.28" />
        </extensions>
      </trkpt>
      <trkpt lat="-22.8085889" lon="116.58043632">
        <ele>254.58</ele>
        <time>2026-10-02T23:40:58Z</time>
        <extensions>
          <geotracker:meta c="5.05" s="26.63" />
        </extensions>
      </trkpt>
      <trkpt lat="-22.80741558" lon="116.57672405">
        <ele>261.91</ele>
        <time>2026-10-02T23:41:13Z</time>
        <extensions>
          <geotracker:meta c="5.04" s="26.85" />
        </extensions>
      </trkpt>
      <trkpt lat="-22.80623235" lon="116.57304209">
        <ele>257.85</ele>
        <time>2026-10-02T23:41:28Z</time>
        <extensions>
          <geotracker:meta c="5.04" s="26.62" />
        </extensions>
      </trkpt>
      <trkpt lat="-22.80506404" lon="116.56941495">
        <ele>261.2</ele>
        <time>2026-10-02T23:41:43Z</time>
        <extensions>
          <geotracker:meta c="5.05" s="25.78" />
        </extensions>
      </trkpt>
      <trkpt lat="-22.80387373" lon="116.56585766">
        <ele>258.32</ele>
        <time>2026-10-02T23:41:58Z</time>
        <extensions>
          <geotracker:meta c="5.06" s="25.88" />
        </extensions>
      </trkpt>
      <trkpt lat="-22.80267393" lon="116.56222336">
        <ele>257.44</ele>
        <time>2026-10-02T23:42:13Z</time>
        <extensions>
          <geotracker:meta c="5.05" s="26.79" />
        </extensions>
      </trkpt>
      <trkpt lat="-22.80143045" lon="116.55848692">
        <ele>250.98</ele>
        <time>2026-10-02T23:42:28Z</time>
        <extensions>
          <geotracker:meta c="5.06" s="27.03" />
        </extensions>
      </trkpt>
      <trkpt lat="-22.80019249" lon="116.55478085">
        <ele>249.86</ele>
        <time>2026-10-02T23:42:43Z</time>
        <extensions>
          <geotracker:meta c="5.06" s="26.67" />
        </extensions>
      </trkpt>
      <trkpt lat="-22.79899056" lon="116.55117452">
        <ele>247.09</ele>
        <time>2026-10-02T23:42:58Z</time>
        <extensions>
          <geotracker:meta c="5.05" s="26.25" />
        </extensions>
      </trkpt>
      <trkpt lat="-22.79781298" lon="116.54760897">
        <ele>245.36</ele>
        <time>2026-10-02T23:43:13Z</time>
        <extensions>
          <geotracker:meta c="5.05" s="25.94" />
        </extensions>
      </trkpt>
      <trkpt lat="-22.79621292" lon="116.54426336">
        <ele>248.85</ele>
        <time>2026-10-02T23:43:28Z</time>
        <extensions>
          <geotracker:meta c="5.38" s="25.92" />
        </extensions>
      </trkpt>
      <trkpt lat="-22.79370328" lon="116.54159664">
        <ele>254.56</ele>
        <time>2026-10-02T23:43:43Z</time>
        <extensions>
          <geotracker:meta c="5.53" s="25.97" />
        </extensions>
      </trkpt>
      <trkpt lat="-22.79112198" lon="116.53897995">
        <ele>251.2</ele>
        <time>2026-10-02T23:43:58Z</time>
        <extensions>
          <geotracker:meta c="5.53" s="26.47" />
        </extensions>
      </trkpt>
      <trkpt lat="-22.78846404" lon="116.53629804">
        <ele>249.34</ele>
        <time>2026-10-02T23:44:13Z</time>
        <extensions>
          <geotracker:meta c="5.52" s="26.98" />
        </extensions>
      </trkpt>
      <trkpt lat="-22.78582298" lon="116.5336055">
        <ele>256</ele>
        <time>2026-10-02T23:44:28Z</time>
        <extensions>
          <geotracker:meta c="5.53" s="26.07" />
        </extensions>
      </trkpt>
      <trkpt lat="-22.78325756" lon="116.53102764">
        <ele>253.49</ele>
        <time>2026-10-02T23:44:43Z</time>
        <extensions>
          <geotracker:meta c="5.53" s="26.1" />
        </extensions>
      </trkpt>
      <trkpt lat="-22.78061772" lon="116.52835952">
        <ele>249.73</ele>
        <time>2026-10-02T23:44:58Z</time>
        <extensions>
          <geotracker:meta c="5.52" s="27" />
        </extensions>
      </trkpt>
      <trkpt lat="-22.77812325" lon="116.52551827">
        <ele>246.42</ele>
        <time>2026-10-02T23:45:13Z</time>
        <extensions>
          <geotracker:meta c="5.44" s="26.24" />
        </extensions>
      </trkpt>
      <trkpt lat="-22.77581838" lon="116.52269467">
        <ele>243.06</ele>
        <time>2026-10-02T23:45:28Z</time>
        <extensions>
          <geotracker:meta c="5.37" s="25.5" />
        </extensions>
      </trkpt>
      <trkpt lat="-22.77400995" lon="116.51945525">
        <ele>238.03</ele>
        <time>2026-10-02T23:45:43Z</time>
        <extensions>
          <geotracker:meta c="5.23" s="26.66" />
        </extensions>
      </trkpt>
      <trkpt lat="-22.77223203" lon="116.51610106">
        <ele>243.39</ele>
        <time>2026-10-02T23:45:58Z</time>
        <extensions>
          <geotracker:meta c="5.24" s="26.31" />
        </extensions>
      </trkpt>
      <trkpt lat="-22.77025064" lon="116.51241098">
        <ele>242.85</ele>
        <time>2026-10-02T23:46:14Z</time>
        <extensions>
          <geotracker:meta c="5.24" s="27.22" />
        </extensions>
      </trkpt>
      <trkpt lat="-22.76879828" lon="116.50909879">
        <ele>235.15</ele>
        <time>2026-10-02T23:46:29Z</time>
        <extensions>
          <geotracker:meta c="5.1" s="24.87" />
        </extensions>
      </trkpt>
      <trkpt lat="-22.76747356" lon="116.50560705">
        <ele>236.56</ele>
        <time>2026-10-02T23:46:44Z</time>
        <extensions>
          <geotracker:meta c="5.09" s="25.93" />
        </extensions>
      </trkpt>
      <trkpt lat="-22.76615002" lon="116.50213057">
        <ele>232.68</ele>
        <time>2026-10-02T23:46:59Z</time>
        <extensions>
          <geotracker:meta c="5.17" s="26.01" />
        </extensions>
      </trkpt>
      <trkpt lat="-22.76413158" lon="116.49895955">
        <ele>237.49</ele>
        <time>2026-10-02T23:47:14Z</time>
        <extensions>
          <geotracker:meta c="5.47" s="26.2" />
        </extensions>
      </trkpt>
      <trkpt lat="-22.76148381" lon="116.4964633">
        <ele>238.39</ele>
        <time>2026-10-02T23:47:29Z</time>
        <extensions>
          <geotracker:meta c="5.6" s="26.16" />
        </extensions>
      </trkpt>
      <trkpt lat="-22.75894128" lon="116.49375405">
        <ele>236.49</ele>
        <time>2026-10-02T23:47:44Z</time>
        <extensions>
          <geotracker:meta c="5.32" s="26.98" />
        </extensions>
      </trkpt>
      <trkpt lat="-22.75687412" lon="116.49051377">
        <ele>231.86</ele>
        <time>2026-10-02T23:47:59Z</time>
        <extensions>
          <geotracker:meta c="5.32" s="26.65" />
        </extensions>
      </trkpt>
      <trkpt lat="-22.75481014" lon="116.48726709">
        <ele>227.68</ele>
        <time>2026-10-02T23:48:14Z</time>
        <extensions>
          <geotracker:meta c="5.31" s="27.45" />
        </extensions>
      </trkpt>
      <trkpt lat="-22.75270142" lon="116.48398676">
        <ele>222.68</ele>
        <time>2026-10-02T23:48:29Z</time>
        <extensions>
          <geotracker:meta c="5.31" s="27.1" />
        </extensions>
      </trkpt>
      <trkpt lat="-22.75065975" lon="116.48076995">
        <ele>223.14</ele>
        <time>2026-10-02T23:48:44Z</time>
        <extensions>
          <geotracker:meta c="5.32" s="26.54" />
        </extensions>
      </trkpt>
      <trkpt lat="-22.74862755" lon="116.47758586">
        <ele>221.91</ele>
        <time>2026-10-02T23:48:59Z</time>
        <extensions>
          <geotracker:meta c="5.31" s="25.94" />
        </extensions>
      </trkpt>
      <trkpt lat="-22.74661205" lon="116.47448612">
        <ele>223.17</ele>
        <time>2026-10-02T23:49:14Z</time>
        <extensions>
          <geotracker:meta c="5.31" s="26.04" />
        </extensions>
      </trkpt>
      <trkpt lat="-22.74463077" lon="116.47136537">
        <ele>225.61</ele>
        <time>2026-10-02T23:49:29Z</time>
        <extensions>
          <geotracker:meta c="5.32" s="26.33" />
        </extensions>
      </trkpt>
      <trkpt lat="-22.742574" lon="116.46813096">
        <ele>226.65</ele>
        <time>2026-10-02T23:49:44Z</time>
        <extensions>
          <geotracker:meta c="5.32" s="27.22" />
        </extensions>
      </trkpt>
      <trkpt lat="-22.74053843" lon="116.46488452">
        <ele>226.41</ele>
        <time>2026-10-02T23:49:59Z</time>
        <extensions>
          <geotracker:meta c="5.31" s="26.54" />
        </extensions>
      </trkpt>
      <trkpt lat="-22.73847251" lon="116.46172054">
        <ele>232.36</ele>
        <time>2026-10-02T23:50:14Z</time>
        <extensions>
          <geotracker:meta c="5.34" s="25.81" />
        </extensions>
      </trkpt>
      <trkpt lat="-22.7362742" lon="116.45863164">
        <ele>223.72</ele>
        <time>2026-10-02T23:50:29Z</time>
        <extensions>
          <geotracker:meta c="5.38" s="26.73" />
        </extensions>
      </trkpt>
      <trkpt lat="-22.73446045" lon="116.45524033">
        <ele>224.75</ele>
        <time>2026-10-02T23:50:44Z</time>
        <extensions>
          <geotracker:meta c="5.06" s="26.92" />
        </extensions>
      </trkpt>
      <trkpt lat="-22.73271222" lon="116.45009502">
        <ele>225.26</ele>
        <time>2026-10-02T23:51:06Z</time>
        <extensions>
          <geotracker:meta c="5.1" s="25.44" />
        </extensions>
      </trkpt>
      <trkpt lat="-22.73133434" lon="116.4459722">
        <ele>214.06</ele>
        <time>2026-10-02T23:51:23Z</time>
        <extensions>
          <geotracker:meta c="5.06" s="27.39" />
        </extensions>
      </trkpt>
      <trkpt lat="-22.72841959" lon="116.43880632">
        <ele>214.3</ele>
        <time>2026-10-02T23:51:53Z</time>
        <extensions>
          <geotracker:meta c="5.25" s="27.11" />
        </extensions>
      </trkpt>
    </trkseg>
    <trkseg>
      <trkpt lat="-22.69144757" lon="116.33559938">
        <ele>173.98</ele>
        <time>2026-10-02T23:59:04Z</time>
        <extensions>
          <geotracker:meta c="4.95" s="24.92" />
        </extensions>
      </trkpt>
      <trkpt lat="-22.69094424" lon="116.33184099">
        <ele>175.15</ele>
        <time>2026-10-02T23:59:19Z</time>
        <extensions>
          <geotracker:meta c="4.7" s="27.33" />
        </extensions>
      </trkpt>
      <trkpt lat="-22.69098668" lon="116.32788611">
        <ele>173.27</ele>
        <time>2026-10-02T23:59:34Z</time>
        <extensions>
          <geotracker:meta c="4.7" s="26.83" />
        </extensions>
      </trkpt>
    </trkseg>
    <trkseg>
      <trkpt lat="-22.64833968" lon="116.20508729">
        <ele>177.7</ele>
        <time>2026-10-03T00:08:49Z</time>
        <extensions>
          <geotracker:meta c="5.86" s="25.49" />
        </extensions>
      </trkpt>
      <trkpt lat="-22.6452252" lon="116.20344304">
        <ele>182.94</ele>
        <time>2026-10-03T00:09:04Z</time>
        <extensions>
          <geotracker:meta c="5.73" s="26.21" />
        </extensions>
      </trkpt>
      <trkpt lat="-22.64228822" lon="116.20142409">
        <ele>182.86</ele>
        <time>2026-10-03T00:09:19Z</time>
        <extensions>
          <geotracker:meta c="5.71" s="25.33" />
        </extensions>
      </trkpt>
      <trkpt lat="-22.63929261" lon="116.1993615">
        <ele>179.29</ele>
        <time>2026-10-03T00:09:34Z</time>
        <extensions>
          <geotracker:meta c="5.71" s="27.3" />
        </extensions>
      </trkpt>
      <trkpt lat="-22.63650296" lon="116.19690431">
        <ele>184.03</ele>
        <time>2026-10-03T00:09:49Z</time>
        <extensions>
          <geotracker:meta c="5.42" s="26.24" />
        </extensions>
      </trkpt>
      <trkpt lat="-22.63427186" lon="116.19406917">
        <ele>182.01</ele>
        <time>2026-10-03T00:10:04Z</time>
        <extensions>
          <geotracker:meta c="5.41" s="25.6" />
        </extensions>
      </trkpt>
      <trkpt lat="-22.63197084" lon="116.19108906">
        <ele>181.48</ele>
        <time>2026-10-03T00:10:19Z</time>
        <extensions>
          <geotracker:meta c="5.41" s="27" />
        </extensions>
      </trkpt>
      <trkpt lat="-22.6295233" lon="116.18815916">
        <ele>187.44</ele>
        <time>2026-10-03T00:10:34Z</time>
        <extensions>
          <geotracker:meta c="5.59" s="26.77" />
        </extensions>
      </trkpt>
      <trkpt lat="-22.62620924" lon="116.18636541">
        <ele>186.8</ele>
        <time>2026-10-03T00:10:49Z</time>
        <extensions>
          <geotracker:meta c="6.04" s="28.47" />
        </extensions>
      </trkpt>
      <trkpt lat="-22.62253927" lon="116.18553964">
        <ele>186.32</ele>
        <time>2026-10-03T00:11:04Z</time>
        <extensions>
          <geotracker:meta c="6.09" s="26.9" />
        </extensions>
      </trkpt>
      <trkpt lat="-22.61895058" lon="116.18474737">
        <ele>185.35</ele>
        <time>2026-10-03T00:11:19Z</time>
        <extensions>
          <geotracker:meta c="6.08" s="26.55" />
        </extensions>
      </trkpt>
      <trkpt lat="-22.61548236" lon="116.1839089">
        <ele>184.42</ele>
        <time>2026-10-03T00:11:34Z</time>
        <extensions>
          <geotracker:meta c="5.96" s="25.79" />
        </extensions>
      </trkpt>
    </trkseg>
    <trkseg>
      <trkpt lat="-22.59273107" lon="116.16551108">
        <ele>173.49</ele>
        <time>2026-10-03T00:13:34Z</time>
        <extensions>
          <geotracker:meta c="5.55" s="27.13" />
        </extensions>
      </trkpt>
      <trkpt lat="-22.59002715" lon="116.16283409">
        <ele>169.16</ele>
        <time>2026-10-03T00:13:49Z</time>
        <extensions>
          <geotracker:meta c="5.55" s="27.45" />
        </extensions>
      </trkpt>
      <trkpt lat="-22.58728023" lon="116.16020888">
        <ele>172.24</ele>
        <time>2026-10-03T00:14:04Z</time>
        <extensions>
          <geotracker:meta c="5.61" s="26.65" />
        </extensions>
      </trkpt>
      <trkpt lat="-22.58411196" lon="116.15831667">
        <ele>168.7</ele>
        <time>2026-10-03T00:14:19Z</time>
        <extensions>
          <geotracker:meta c="5.82" s="26.45" />
        </extensions>
      </trkpt>
    </trkseg>
    <trkseg>
      <trkpt lat="-22.44684679" lon="115.98957378">
        <ele>127.67</ele>
        <time>2026-10-03T01:14:50Z</time>
        <extensions>
          <geotracker:meta c="4.85" s="25.93" />
        </extensions>
      </trkpt>
      <trkpt lat="-22.44637835" lon="115.9873225">
        <ele>126.59</ele>
        <time>2026-10-03T01:14:59Z</time>
        <extensions>
          <geotracker:meta c="4.97" s="26.64" />
        </extensions>
      </trkpt>
      <trkpt lat="-22.44548414" lon="115.98368295">
        <ele>126.6</ele>
        <time>2026-10-03T01:15:14Z</time>
        <extensions>
          <geotracker:meta c="4.97" s="25.21" />
        </extensions>
      </trkpt>
    </trkseg>
    <trkseg>
      <trkpt lat="-22.49205847" lon="115.57174345">
        <ele>85.82</ele>
        <time>2026-10-03T01:45:29Z</time>
        <extensions>
          <geotracker:meta c="4.39" s="25.47" />
        </extensions>
      </trkpt>
    </trkseg>
    <trkseg>
      <trkpt lat="-22.70599473" lon="115.32610993">
        <ele>83.87</ele>
        <time>2026-10-03T02:48:58Z</time>
        <extensions>
          <geotracker:meta c="4.41" s="29.07" />
        </extensions>
      </trkpt>
    </trkseg>
    <trkseg>
      <trkpt lat="-22.75832248" lon="115.23773106">
        <ele>105.07</ele>
        <time>2026-10-03T02:56:06Z</time>
        <extensions>
          <geotracker:meta c="5.05" s="25.92" />
        </extensions>
      </trkpt>
      <trkpt lat="-22.7570764" lon="115.23411219">
        <ele>99.3</ele>
        <time>2026-10-03T02:56:21Z</time>
        <extensions>
          <geotracker:meta c="5.06" s="26.82" />
        </extensions>
      </trkpt>
      <trkpt lat="-22.75480707" lon="115.22692379">
        <ele>93.89</ele>
        <time>2026-10-03T02:56:51Z</time>
        <extensions>
          <geotracker:meta c="4.94" s="26.66" />
        </extensions>
      </trkpt>
    </trkseg>
    <trkseg>
      <trkpt lat="-22.66060137" lon="114.23605918">
        <ele>78.2</ele>
        <time>2026-10-03T04:20:14Z</time>
        <extensions>
          <geotracker:meta c="4.73" s="23.34" />
        </extensions>
      </trkpt>
    </trkseg>
    <trkseg>
      <trkpt lat="-22.65481877" lon="114.18273638">
        <ele>50.79</ele>
        <time>2026-10-03T04:36:01Z</time>
        <extensions>
          <geotracker:meta c="5" s="22.28" />
        </extensions>
      </trkpt>
    </trkseg>
    <trkseg>
      <trkpt lat="-22.65977277" lon="114.15414711">
        <ele>35.78</ele>
        <time>2026-10-03T04:37:56Z</time>
        <extensions>
          <geotracker:meta c="4.46" s="26.63" />
        </extensions>
      </trkpt>
      <trkpt lat="-22.66095854" lon="114.14938534">
        <ele>31.31</ele>
        <time>2026-10-03T04:38:15Z</time>
        <extensions>
          <geotracker:meta c="4.43" s="26.88" />
        </extensions>
      </trkpt>
      <trkpt lat="-22.66168636" lon="114.1468788">
        <ele>30.29</ele>
        <time>2026-10-03T04:38:25Z</time>
        <extensions>
          <geotracker:meta c="4.42" s="27.16" />
        </extensions>
      </trkpt>
      <trkpt lat="-22.66249837" lon="114.14410121">
        <ele>30.37</ele>
        <time>2026-10-03T04:38:36Z</time>
        <extensions>
          <geotracker:meta c="4.41" s="27.11" />
        </extensions>
      </trkpt>
      <trkpt lat="-22.66322018" lon="114.14161489">
        <ele>27.4</ele>
        <time>2026-10-03T04:38:46Z</time>
        <extensions>
          <geotracker:meta c="4.41" s="26.71" />
        </extensions>
      </trkpt>
      <trkpt lat="-22.66457801" lon="114.13695005">
        <ele>24.63</ele>
        <time>2026-10-03T04:39:05Z</time>
        <extensions>
          <geotracker:meta c="4.4" s="26.09" />
        </extensions>
      </trkpt>
      <trkpt lat="-22.66534891" lon="114.13432309">
        <ele>24.57</ele>
        <time>2026-10-03T04:39:16Z</time>
        <extensions>
          <geotracker:meta c="4.41" s="25.89" />
        </extensions>
      </trkpt>
      <trkpt lat="-22.66604081" lon="114.13191416">
        <ele>22</ele>
        <time>2026-10-03T04:39:26Z</time>
        <extensions>
          <geotracker:meta c="4.4" s="25.58" />
        </extensions>
      </trkpt>
      <trkpt lat="-22.66674115" lon="114.12949475">
        <ele>20.77</ele>
        <time>2026-10-03T04:39:36Z</time>
        <extensions>
          <geotracker:meta c="4.41" s="26.05" />
        </extensions>
      </trkpt>
      <trkpt lat="-22.66744855" lon="114.12710137">
        <ele>19.99</ele>
        <time>2026-10-03T04:39:46Z</time>
        <extensions>
          <geotracker:meta c="4.41" s="25.9" />
        </extensions>
      </trkpt>
      <trkpt lat="-22.66854038" lon="114.12265775">
        <ele>9.66</ele>
        <time>2026-10-03T04:40:04Z</time>
        <extensions>
          <geotracker:meta c="4.42" s="26.41" />
        </extensions>
      </trkpt>
      <trkpt lat="-22.66950289" lon="114.12004072">
        <ele>16.88</ele>
        <time>2026-10-03T04:40:15Z</time>
        <extensions>
          <geotracker:meta c="4.4" s="25.22" />
        </extensions>
      </trkpt>
      <trkpt lat="-22.67020135" lon="114.11763376">
        <ele>18.46</ele>
        <time>2026-10-03T04:40:25Z</time>
        <extensions>
          <geotracker:meta c="4.4" s="25.95" />
        </extensions>
      </trkpt>
      <trkpt lat="-22.67087366" lon="114.11516864">
        <ele>18.57</ele>
        <time>2026-10-03T04:40:35Z</time>
        <extensions>
          <geotracker:meta c="4.45" s="26.9" />
        </extensions>
      </trkpt>
      <trkpt lat="-22.67142126" lon="114.11262677">
        <ele>17.11</ele>
        <time>2026-10-03T04:40:45Z</time>
        <extensions>
          <geotracker:meta c="4.49" s="26.54" />
        </extensions>
      </trkpt>
      <trkpt lat="-22.67194332" lon="114.11011306">
        <ele>15.97</ele>
        <time>2026-10-03T04:40:55Z</time>
        <extensions>
          <geotracker:meta c="4.49" s="26.74" />
        </extensions>
      </trkpt>
      <trkpt lat="-22.67247016" lon="114.1075672">
        <ele>16.73</ele>
        <time>2026-10-03T04:41:05Z</time>
        <extensions>
          <geotracker:meta c="4.5" s="26.96" />
        </extensions>
      </trkpt>
      <trkpt lat="-22.67295159" lon="114.10497962">
        <ele>16.62</ele>
        <time>2026-10-03T04:41:15Z</time>
        <extensions>
          <geotracker:meta c="4.52" s="26.95" />
        </extensions>
      </trkpt>
      <trkpt lat="-22.67339984" lon="114.10216671">
        <ele>14.86</ele>
        <time>2026-10-03T04:41:26Z</time>
        <extensions>
          <geotracker:meta c="4.58" s="26.94" />
        </extensions>
      </trkpt>
      <trkpt lat="-22.67365962" lon="114.0995533">
        <ele>13.62</ele>
        <time>2026-10-03T04:41:36Z</time>
        <extensions>
          <geotracker:meta c="4.62" s="27.04" />
        </extensions>
      </trkpt>
      <trkpt lat="-22.67382716" lon="114.0971806">
        <ele>12.78</ele>
        <time>2026-10-03T04:41:45Z</time>
        <extensions>
          <geotracker:meta c="4.63" s="26.6" />
        </extensions>
      </trkpt>
      <trkpt lat="-22.67405467" lon="114.09436078">
        <ele>11.47</ele>
        <time>2026-10-03T04:41:56Z</time>
        <extensions>
          <geotracker:meta c="4.63" s="26.74" />
        </extensions>
      </trkpt>
      <trkpt lat="-22.6742404" lon="114.09203695">
        <ele>9.19</ele>
        <time>2026-10-03T04:42:05Z</time>
        <extensions>
          <geotracker:meta c="4.63" s="26.43" />
        </extensions>
      </trkpt>
      <trkpt lat="-22.67442308" lon="114.08950619">
        <ele>7.78</ele>
        <time>2026-10-03T04:42:15Z</time>
        <extensions>
          <geotracker:meta c="4.63" s="26.2" />
        </extensions>
      </trkpt>
      <trkpt lat="-22.6746125" lon="114.08695578">
        <ele>7.98</ele>
        <time>2026-10-03T04:42:25Z</time>
        <extensions>
          <geotracker:meta c="4.63" s="26.1" />
        </extensions>
      </trkpt>
      <trkpt lat="-22.67482826" lon="114.0844063">
        <ele>5.56</ele>
        <time>2026-10-03T04:42:35Z</time>
        <extensions>
          <geotracker:meta c="4.64" s="25.99" />
        </extensions>
      </trkpt>
      <trkpt lat="-22.67500832" lon="114.08187761">
        <ele>6.71</ele>
        <time>2026-10-03T04:42:45Z</time>
        <extensions>
          <geotracker:meta c="4.63" s="25.99" />
        </extensions>
      </trkpt>
      <trkpt lat="-22.67521327" lon="114.07937689">
        <ele>2.69</ele>
        <time>2026-10-03T04:42:55Z</time>
        <extensions>
          <geotracker:meta c="4.63" s="25.5" />
        </extensions>
      </trkpt>
      <trkpt lat="-22.67540107" lon="114.07692275">
        <ele>-4.01</ele>
        <time>2026-10-03T04:43:05Z</time>
        <extensions>
          <geotracker:meta c="4.64" s="25.88" />
        </extensions>
      </trkpt>
      <trkpt lat="-22.67557428" lon="114.07442356">
        <ele>2.49</ele>
        <time>2026-10-03T04:43:15Z</time>
        <extensions>
          <geotracker:meta c="4.64" s="25.27" />
        </extensions>
      </trkpt>
      <trkpt lat="-22.67576253" lon="114.07192588">
        <ele>2.75</ele>
        <time>2026-10-03T04:43:25Z</time>
        <extensions>
          <geotracker:meta c="4.64" s="26.32" />
        </extensions>
      </trkpt>
      <trkpt lat="-22.67595293" lon="114.06932413">
        <ele>3.21</ele>
        <time>2026-10-03T04:43:35Z</time>
        <extensions>
          <geotracker:meta c="4.62" s="27.14" />
        </extensions>
      </trkpt>
      <trkpt lat="-22.67616277" lon="114.06665331">
        <ele>2.98</ele>
        <time>2026-10-03T04:43:45Z</time>
        <extensions>
          <geotracker:meta c="4.63" s="27.14" />
        </extensions>
      </trkpt>
      <trkpt lat="-22.6763691" lon="114.06382326">
        <ele>1.01</ele>
        <time>2026-10-03T04:43:56Z</time>
        <extensions>
          <geotracker:meta c="4.63" s="26.18" />
        </extensions>
      </trkpt>
      <trkpt lat="-22.67672964" lon="114.05903494">
        <ele>-0.6</ele>
        <time>2026-10-03T04:44:15Z</time>
        <extensions>
          <geotracker:meta c="4.63" s="26.1" />
        </extensions>
      </trkpt>
      <trkpt lat="-22.67711007" lon="114.05408314">
        <ele>1.7</ele>
        <time>2026-10-03T04:44:35Z</time>
        <extensions>
          <geotracker:meta c="4.63" s="24.5" />
        </extensions>
      </trkpt>
      <trkpt lat="-22.67700316" lon="114.0489489">
        <ele>3.46</ele>
        <time>2026-10-03T04:44:56Z</time>
        <extensions>
          <geotracker:meta c="4.89" s="25.86" />
        </extensions>
      </trkpt>
      <trkpt lat="-22.676493" lon="114.04672255">
        <ele>0.5</ele>
        <time>2026-10-03T04:45:05Z</time>
        <extensions>
          <geotracker:meta c="4.97" s="25.79" />
        </extensions>
      </trkpt>
      <trkpt lat="-22.67591717" lon="114.04432805">
        <ele>2.31</ele>
        <time>2026-10-03T04:45:15Z</time>
        <extensions>
          <geotracker:meta c="4.97" s="25.89" />
        </extensions>
      </trkpt>
      <trkpt lat="-22.67529307" lon="114.04179104">
        <ele>0.63</ele>
        <time>2026-10-03T04:45:25Z</time>
        <extensions>
          <geotracker:meta c="4.96" s="27.54" />
        </extensions>
      </trkpt>
      <trkpt lat="-22.67487634" lon="114.03920526">
        <ele>5.61</ele>
        <time>2026-10-03T04:45:35Z</time>
        <extensions>
          <geotracker:meta c="4.79" s="26.66" />
        </extensions>
      </trkpt>
      <trkpt lat="-22.67487767" lon="114.03660941">
        <ele>3.46</ele>
        <time>2026-10-03T04:45:45Z</time>
        <extensions>
          <geotracker:meta c="4.69" s="26.93" />
        </extensions>
      </trkpt>
      <trkpt lat="-22.67495656" lon="114.03405227">
        <ele>7.73</ele>
        <time>2026-10-03T04:45:55Z</time>
        <extensions>
          <geotracker:meta c="4.68" s="25.45" />
        </extensions>
      </trkpt>
      <trkpt lat="-22.67502207" lon="114.03158151">
        <ele>5.07</ele>
        <time>2026-10-03T04:46:05Z</time>
        <extensions>
          <geotracker:meta c="4.68" s="26" />
        </extensions>
      </trkpt>
      <trkpt lat="-22.67510964" lon="114.02858824">
        <ele>10.28</ele>
        <time>2026-10-03T04:46:17Z</time>
        <extensions>
          <geotracker:meta c="4.69" s="25.58" />
        </extensions>
      </trkpt>
      <trkpt lat="-22.67499234" lon="114.02608616">
        <ele>10.4</ele>
        <time>2026-10-03T04:46:27Z</time>
        <extensions>
          <geotracker:meta c="4.84" s="26.48" />
        </extensions>
      </trkpt>
      <trkpt lat="-22.67463788" lon="114.0235702">
        <ele>16.49</ele>
        <time>2026-10-03T04:46:37Z</time>
        <extensions>
          <geotracker:meta c="4.86" s="25.44" />
        </extensions>
      </trkpt>
      <trkpt lat="-22.674304" lon="114.0211621">
        <ele>22.32</ele>
        <time>2026-10-03T04:46:47Z</time>
        <extensions>
          <geotracker:meta c="4.86" s="25.45" />
        </extensions>
      </trkpt>
      <trkpt lat="-22.67393719" lon="114.01863575">
        <ele>20.92</ele>
        <time>2026-10-03T04:46:57Z</time>
        <extensions>
          <geotracker:meta c="4.87" s="26.53" />
        </extensions>
      </trkpt>
      <trkpt lat="-22.6728156" lon="114.01546482">
        <ele>24.02</ele>
        <time>2026-10-03T04:47:10Z</time>
        <extensions>
          <geotracker:meta c="5.19" s="26.96" />
        </extensions>
      </trkpt>
      <trkpt lat="-22.67167774" lon="114.01314534">
        <ele>22.12</ele>
        <time>2026-10-03T04:47:20Z</time>
        <extensions>
          <geotracker:meta c="5.19" s="26.78" />
        </extensions>
      </trkpt>
      <trkpt lat="-22.67055436" lon="114.01082621">
        <ele>19.53</ele>
        <time>2026-10-03T04:47:30Z</time>
        <extensions>
          <geotracker:meta c="5.19" s="26.91" />
        </extensions>
      </trkpt>
      <trkpt lat="-22.66910295" lon="114.00899622">
        <ele>19.64</ele>
        <time>2026-10-03T04:47:42Z</time>
        <extensions>
          <geotracker:meta c="5.43" s="18.28" />
        </extensions>
      </trkpt>
      <trkpt lat="-22.66810997" lon="114.00831395">
        <ele>18.37</ele>
        <time>2026-10-03T04:48:02Z</time>
        <extensions>
          <geotracker:meta c="0.48" s="8.76" />
        </extensions>
      </trkpt>
      <trkpt lat="-22.66701402" lon="114.0088792">
        <ele>22.46</ele>
        <time>2026-10-03T04:48:12Z</time>
        <extensions>
          <geotracker:meta c="0.47" s="16.85" />
        </extensions>
      </trkpt>
      <trkpt lat="-22.66530943" lon="114.00979163">
        <ele>22.26</ele>
        <time>2026-10-03T04:48:22Z</time>
        <extensions>
          <geotracker:meta c="0.48" s="23.96" />
        </extensions>
      </trkpt>
      <trkpt lat="-22.66321074" lon="114.01090766">
        <ele>20.88</ele>
        <time>2026-10-03T04:48:32Z</time>
        <extensions>
          <geotracker:meta c="0.46" s="26.59" />
        </extensions>
      </trkpt>
      <trkpt lat="-22.66102167" lon="114.01204259">
        <ele>21.87</ele>
        <time>2026-10-03T04:48:42Z</time>
        <extensions>
          <geotracker:meta c="0.45" s="27.04" />
        </extensions>
      </trkpt>
      <trkpt lat="-22.65883094" lon="114.01304426">
        <ele>18.71</ele>
        <time>2026-10-03T04:48:52Z</time>
        <extensions>
          <geotracker:meta c="0.39" s="26.58" />
        </extensions>
      </trkpt>
      <trkpt lat="-22.65655499" lon="114.01397277">
        <ele>15.69</ele>
        <time>2026-10-03T04:49:02Z</time>
        <extensions>
          <geotracker:meta c="0.4" s="26.89" />
        </extensions>
      </trkpt>
      <trkpt lat="-22.65425162" lon="114.01488223">
        <ele>21.09</ele>
        <time>2026-10-03T04:49:12Z</time>
        <extensions>
          <geotracker:meta c="0.46" s="26.96" />
        </extensions>
      </trkpt>
      <trkpt lat="-22.65201671" lon="114.0157056">
        <ele>23.96</ele>
        <time>2026-10-03T04:49:22Z</time>
        <extensions>
          <geotracker:meta c="0.31" s="26.44" />
        </extensions>
      </trkpt>
      <trkpt lat="-22.64966511" lon="114.0164988">
        <ele>24.77</ele>
        <time>2026-10-03T04:49:32Z</time>
        <extensions>
          <geotracker:meta c="0.3" s="27.09" />
        </extensions>
      </trkpt>
      <trkpt lat="-22.64733579" lon="114.01726192">
        <ele>25.81</ele>
        <time>2026-10-03T04:49:42Z</time>
        <extensions>
          <geotracker:meta c="0.3" s="27.03" />
        </extensions>
      </trkpt>
      <trkpt lat="-22.64403607" lon="114.01833048">
        <ele>28.64</ele>
        <time>2026-10-03T04:49:56Z</time>
        <extensions>
          <geotracker:meta c="0.28" s="27.02" />
        </extensions>
      </trkpt>
      <trkpt lat="-22.64171089" lon="114.01908348">
        <ele>32.02</ele>
        <time>2026-10-03T04:50:06Z</time>
        <extensions>
          <geotracker:meta c="0.34" s="26.95" />
        </extensions>
      </trkpt>
      <trkpt lat="-22.63959036" lon="114.01976864">
        <ele>34.86</ele>
        <time>2026-10-03T04:50:15Z</time>
        <extensions>
          <geotracker:meta c="0.27" s="27.18" />
        </extensions>
      </trkpt>
      <trkpt lat="-22.63586532" lon="114.0216686">
        <ele>28.93</ele>
        <time>2026-10-03T04:50:32Z</time>
        <extensions>
          <geotracker:meta c="0.54" s="27.13" />
        </extensions>
      </trkpt>
      <trkpt lat="-22.63329158" lon="114.02321965">
        <ele>25.75</ele>
        <time>2026-10-03T04:50:44Z</time>
        <extensions>
          <geotracker:meta c="0.5" s="27.13" />
        </extensions>
      </trkpt>
      <trkpt lat="-22.62938297" lon="114.02535654">
        <ele>27.3</ele>
        <time>2026-10-03T04:51:02Z</time>
        <extensions>
          <geotracker:meta c="0.28" s="26.68" />
        </extensions>
      </trkpt>
      <trkpt lat="-22.62724895" lon="114.02579279">
        <ele>26.49</ele>
        <time>2026-10-03T04:51:11Z</time>
        <extensions>
          <geotracker:meta c="0.05" s="26.85" />
        </extensions>
      </trkpt>
      <trkpt lat="-22.62460359" lon="114.0255275">
        <ele>29.68</ele>
        <time>2026-10-03T04:51:22Z</time>
        <extensions>
          <geotracker:meta c="6.15" s="26.74" />
        </extensions>
      </trkpt>
      <trkpt lat="-22.62222873" lon="114.02516858">
        <ele>28.22</ele>
        <time>2026-10-03T04:51:32Z</time>
        <extensions>
          <geotracker:meta c="6.13" s="26.44" />
        </extensions>
      </trkpt>
      <trkpt lat="-22.62006062" lon="114.02484132">
        <ele>25.85</ele>
        <time>2026-10-03T04:51:41Z</time>
        <extensions>
          <geotracker:meta c="6.14" s="26.9" />
        </extensions>
      </trkpt>
      <trkpt lat="-22.61765916" lon="114.02448941">
        <ele>24.98</ele>
        <time>2026-10-03T04:51:51Z</time>
        <extensions>
          <geotracker:meta c="6.15" s="26.96" />
        </extensions>
      </trkpt>
      <trkpt lat="-22.61509707" lon="114.02409391">
        <ele>32.52</ele>
        <time>2026-10-03T04:52:02Z</time>
        <extensions>
          <geotracker:meta c="6.15" s="25.55" />
        </extensions>
      </trkpt>
      <trkpt lat="-22.61275999" lon="114.02374823">
        <ele>30.49</ele>
        <time>2026-10-03T04:52:12Z</time>
        <extensions>
          <geotracker:meta c="6.13" s="26.34" />
        </extensions>
      </trkpt>
      <trkpt lat="-22.60828332" lon="114.02310536">
        <ele>30.8</ele>
        <time>2026-10-03T04:52:31Z</time>
        <extensions>
          <geotracker:meta c="6.16" s="26.65" />
        </extensions>
      </trkpt>
      <trkpt lat="-22.6058516" lon="114.02272967">
        <ele>31.45</ele>
        <time>2026-10-03T04:52:41Z</time>
        <extensions>
          <geotracker:meta c="6.15" s="27.27" />
        </extensions>
      </trkpt>
      <trkpt lat="-22.6034567" lon="114.02239815">
        <ele>34.67</ele>
        <time>2026-10-03T04:52:51Z</time>
        <extensions>
          <geotracker:meta c="6.2" s="26.2" />
        </extensions>
      </trkpt>
      <trkpt lat="-22.60087918" lon="114.02235">
        <ele>29.29</ele>
        <time>2026-10-03T04:53:02Z</time>
        <extensions>
          <geotracker:meta c="6.27" s="26.26" />
        </extensions>
      </trkpt>
      <trkpt lat="-22.59875477" lon="114.02231516">
        <ele>28.48</ele>
        <time>2026-10-03T04:53:11Z</time>
        <extensions>
          <geotracker:meta c="6.26" s="26.08" />
        </extensions>
      </trkpt>
      <trkpt lat="-22.59617164" lon="114.02226732">
        <ele>25.09</ele>
        <time>2026-10-03T04:53:22Z</time>
        <extensions>
          <geotracker:meta c="6.27" s="26.63" />
        </extensions>
      </trkpt>
      <trkpt lat="-22.59400545" lon="114.02224133">
        <ele>24.71</ele>
        <time>2026-10-03T04:53:31Z</time>
        <extensions>
          <geotracker:meta c="6.27" s="26.75" />
        </extensions>
      </trkpt>
      <trkpt lat="-22.5916139" lon="114.02220258">
        <ele>32.81</ele>
        <time>2026-10-03T04:53:41Z</time>
        <extensions>
          <geotracker:meta c="6.26" s="26.29" />
        </extensions>
      </trkpt>
      <trkpt lat="-22.58933326" lon="114.02204753">
        <ele>36.62</ele>
        <time>2026-10-03T04:53:51Z</time>
        <extensions>
          <geotracker:meta c="6.2" s="24.74" />
        </extensions>
      </trkpt>
      <trkpt lat="-22.58710695" lon="114.0218063">
        <ele>33.2</ele>
        <time>2026-10-03T04:54:01Z</time>
        <extensions>
          <geotracker:meta c="6.12" s="25.28" />
        </extensions>
      </trkpt>
      <trkpt lat="-22.58300347" lon="114.01992419">
        <ele>30.45</ele>
        <time>2026-10-03T04:54:20Z</time>
        <extensions>
          <geotracker:meta c="5.77" s="26.47" />
        </extensions>
      </trkpt>
      <trkpt lat="-22.58112865" lon="114.01902832">
        <ele>37.32</ele>
        <time>2026-10-03T04:54:29Z</time>
        <extensions>
          <geotracker:meta c="5.97" s="25.38" />
        </extensions>
      </trkpt>
      <trkpt lat="-22.57906073" lon="114.0184906">
        <ele>34.94</ele>
        <time>2026-10-03T04:54:38Z</time>
        <extensions>
          <geotracker:meta c="6.08" s="26.5" />
        </extensions>
      </trkpt>
      <trkpt lat="-22.57677442" lon="114.01792298">
        <ele>35.98</ele>
        <time>2026-10-03T04:54:48Z</time>
        <extensions>
          <geotracker:meta c="6.03" s="25.71" />
        </extensions>
      </trkpt>
      <trkpt lat="-22.57336019" lon="114.01708356">
        <ele>38.68</ele>
        <time>2026-10-03T04:55:03Z</time>
        <extensions>
          <geotracker:meta c="6.02" s="26.15" />
        </extensions>
      </trkpt>
      <trkpt lat="-22.57129036" lon="114.01657538">
        <ele>36.72</ele>
        <time>2026-10-03T04:55:12Z</time>
        <extensions>
          <geotracker:meta c="6.01" s="25.72" />
        </extensions>
      </trkpt>
      <trkpt lat="-22.56920018" lon="114.01559936">
        <ele>38.31</ele>
        <time>2026-10-03T04:55:22Z</time>
        <extensions>
          <geotracker:meta c="5.83" s="24.93" />
        </extensions>
      </trkpt>
      <trkpt lat="-22.56692909" lon="114.01439668">
        <ele>40.1</ele>
        <time>2026-10-03T04:55:33Z</time>
        <extensions>
          <geotracker:meta c="5.81" s="26.11" />
        </extensions>
      </trkpt>
      <trkpt lat="-22.56502174" lon="114.01343356">
        <ele>44.27</ele>
        <time>2026-10-03T04:55:42Z</time>
        <extensions>
          <geotracker:meta c="5.91" s="25.47" />
        </extensions>
      </trkpt>
      <trkpt lat="-22.56278847" lon="114.01287492">
        <ele>48.18</ele>
        <time>2026-10-03T04:55:52Z</time>
        <extensions>
          <geotracker:meta c="6.19" s="25.72" />
        </extensions>
      </trkpt>
      <trkpt lat="-22.56047261" lon="114.01300169">
        <ele>56.55</ele>
        <time>2026-10-03T04:56:02Z</time>
        <extensions>
          <geotracker:meta c="0.28" s="25.58" />
        </extensions>
      </trkpt>
      <trkpt lat="-22.55819591" lon="114.01356031">
        <ele>59.32</ele>
        <time>2026-10-03T04:56:12Z</time>
        <extensions>
          <geotracker:meta c="0.22" s="26.02" />
        </extensions>
      </trkpt>
      <trkpt lat="-22.5558908" lon="114.01414056">
        <ele>61.73</ele>
        <time>2026-10-03T04:56:22Z</time>
        <extensions>
          <geotracker:meta c="0.25" s="26.38" />
        </extensions>
      </trkpt>
      <trkpt lat="-22.55351844" lon="114.0147468">
        <ele>61.75</ele>
        <time>2026-10-03T04:56:32Z</time>
        <extensions>
          <geotracker:meta c="0.25" s="27.28" />
        </extensions>
      </trkpt>
      <trkpt lat="-22.5514343" lon="114.0152714">
        <ele>67.88</ele>
        <time>2026-10-03T04:56:41Z</time>
        <extensions>
          <geotracker:meta c="0.23" s="25.71" />
        </extensions>
      </trkpt>
      <trkpt lat="-22.54725113" lon="114.01570921">
        <ele>73.28</ele>
        <time>2026-10-03T04:56:59Z</time>
        <extensions>
          <geotracker:meta c="6.15" s="25.94" />
        </extensions>
      </trkpt>
      <trkpt lat="-22.54454496" lon="114.01494099">
        <ele>78.15</ele>
        <time>2026-10-03T04:57:11Z</time>
        <extensions>
          <geotracker:meta c="5.95" s="25.55" />
        </extensions>
      </trkpt>
      <trkpt lat="-22.54054138" lon="114.01346772">
        <ele>82.76</ele>
        <time>2026-10-03T04:57:29Z</time>
        <extensions>
          <geotracker:meta c="5.79" s="26.53" />
        </extensions>
      </trkpt>
      <trkpt lat="-22.53855233" lon="114.01210441">
        <ele>86.17</ele>
        <time>2026-10-03T04:57:39Z</time>
        <extensions>
          <geotracker:meta c="5.73" s="26.04" />
        </extensions>
      </trkpt>
      <trkpt lat="-22.53654636" lon="114.0106811">
        <ele>90.04</ele>
        <time>2026-10-03T04:57:49Z</time>
        <extensions>
          <geotracker:meta c="5.69" s="26.84" />
        </extensions>
      </trkpt>
      <trkpt lat="-22.53452686" lon="114.00926151">
        <ele>93.08</ele>
        <time>2026-10-03T04:57:59Z</time>
        <extensions>
          <geotracker:meta c="5.71" s="26.79" />
        </extensions>
      </trkpt>
      <trkpt lat="-22.53252884" lon="114.00788886">
        <ele>96.72</ele>
        <time>2026-10-03T04:58:09Z</time>
        <extensions>
          <geotracker:meta c="5.77" s="26.64" />
        </extensions>
      </trkpt>
      <trkpt lat="-22.52978533" lon="114.00672955">
        <ele>96.91</ele>
        <time>2026-10-03T04:58:21Z</time>
        <extensions>
          <geotracker:meta c="5.96" s="26.7" />
        </extensions>
      </trkpt>
      <trkpt lat="-22.52559936" lon="114.00510537">
        <ele>95.52</ele>
        <time>2026-10-03T04:58:40Z</time>
        <extensions>
          <geotracker:meta c="5.94" s="26.1" />
        </extensions>
      </trkpt>
      <trkpt lat="-22.52352212" lon="114.00430677">
        <ele>91.64</ele>
        <time>2026-10-03T04:58:49Z</time>
        <extensions>
          <geotracker:meta c="5.94" s="27.33" />
        </extensions>
      </trkpt>
      <trkpt lat="-22.52123823" lon="114.00342746">
        <ele>90.8</ele>
        <time>2026-10-03T04:58:59Z</time>
        <extensions>
          <geotracker:meta c="5.96" s="27.02" />
        </extensions>
      </trkpt>
      <trkpt lat="-22.51916767" lon="114.00263029">
        <ele>89.31</ele>
        <time>2026-10-03T04:59:08Z</time>
        <extensions>
          <geotracker:meta c="5.94" s="26.74" />
        </extensions>
      </trkpt>
      <trkpt lat="-22.51629534" lon="114.00152101">
        <ele>85.7</ele>
        <time>2026-10-03T04:59:21Z</time>
        <extensions>
          <geotracker:meta c="6.04" s="25.86" />
        </extensions>
      </trkpt>
      <trkpt lat="-22.51409982" lon="114.00066371">
        <ele>84.81</ele>
        <time>2026-10-03T04:59:31Z</time>
        <extensions>
          <geotracker:meta c="5.94" s="26.24" />
        </extensions>
      </trkpt>
      <trkpt lat="-22.51182554" lon="113.99988706">
        <ele>83.97</ele>
        <time>2026-10-03T04:59:41Z</time>
        <extensions>
          <geotracker:meta c="6.07" s="26.31" />
        </extensions>
      </trkpt>
      <trkpt lat="-22.50943779" lon="113.99976069">
        <ele>84.64</ele>
        <time>2026-10-03T04:59:51Z</time>
        <extensions>
          <geotracker:meta c="0.13" s="26.72" />
        </extensions>
      </trkpt>
      <trkpt lat="-22.50659273" lon="114.00046236">
        <ele>85.99</ele>
        <time>2026-10-03T05:00:03Z</time>
        <extensions>
          <geotracker:meta c="0.3" s="27.53" />
        </extensions>
      </trkpt>
      <trkpt lat="-22.50357231" lon="114.00134591">
        <ele>87.38</ele>
        <time>2026-10-03T05:00:16Z</time>
        <extensions>
          <geotracker:meta c="0.29" s="26.48" />
        </extensions>
      </trkpt>
      <trkpt lat="-22.50127226" lon="114.00205848">
        <ele>81.66</ele>
        <time>2026-10-03T05:00:26Z</time>
        <extensions>
          <geotracker:meta c="0.28" s="26.89" />
        </extensions>
      </trkpt>
      <trkpt lat="-22.49891254" lon="114.00274418">
        <ele>81.7</ele>
        <time>2026-10-03T05:00:36Z</time>
        <extensions>
          <geotracker:meta c="0.27" s="27.06" />
        </extensions>
      </trkpt>
      <trkpt lat="-22.49656831" lon="114.00344659">
        <ele>75.2</ele>
        <time>2026-10-03T05:00:46Z</time>
        <extensions>
          <geotracker:meta c="0.22" s="26.34" />
        </extensions>
      </trkpt>
      <trkpt lat="-22.49429934" lon="114.00413401">
        <ele>73.65</ele>
        <time>2026-10-03T05:00:56Z</time>
        <extensions>
          <geotracker:meta c="0.27" s="26.57" />
        </extensions>
      </trkpt>
      <trkpt lat="-22.49196776" lon="114.00482915">
        <ele>71.33</ele>
        <time>2026-10-03T05:01:06Z</time>
        <extensions>
          <geotracker:meta c="0.28" s="26.73" />
        </extensions>
      </trkpt>
      <trkpt lat="-22.48962533" lon="114.00552031">
        <ele>68.2</ele>
        <time>2026-10-03T05:01:16Z</time>
        <extensions>
          <geotracker:meta c="0.25" s="27.12" />
        </extensions>
      </trkpt>
      <trkpt lat="-22.48723819" lon="114.00623481">
        <ele>68.72</ele>
        <time>2026-10-03T05:01:26Z</time>
        <extensions>
          <geotracker:meta c="0.32" s="27.55" />
        </extensions>
      </trkpt>
      <trkpt lat="-22.48484091" lon="114.00692948">
        <ele>70.24</ele>
        <time>2026-10-03T05:01:36Z</time>
        <extensions>
          <geotracker:meta c="0.29" s="27.37" />
        </extensions>
      </trkpt>
      <trkpt lat="-22.48246035" lon="114.00763973">
        <ele>69.9</ele>
        <time>2026-10-03T05:01:46Z</time>
        <extensions>
          <geotracker:meta c="0.11" s="26.87" />
        </extensions>
      </trkpt>
      <trkpt lat="-22.48013232" lon="114.00831883">
        <ele>67.87</ele>
        <time>2026-10-03T05:01:56Z</time>
        <extensions>
          <geotracker:meta c="0.21" s="26.33" />
        </extensions>
      </trkpt>
      <trkpt lat="-22.47783769" lon="114.00883782">
        <ele>63.65</ele>
        <time>2026-10-03T05:02:06Z</time>
        <extensions>
          <geotracker:meta c="0.13" s="25.73" />
        </extensions>
      </trkpt>
      <trkpt lat="-22.47557383" lon="114.0093304">
        <ele>64.04</ele>
        <time>2026-10-03T05:02:16Z</time>
        <extensions>
          <geotracker:meta c="0.2" s="25.28" />
        </extensions>
      </trkpt>
      <trkpt lat="-22.47331479" lon="114.00981606">
        <ele>59.49</ele>
        <time>2026-10-03T05:02:26Z</time>
        <extensions>
          <geotracker:meta c="0.18" s="25.93" />
        </extensions>
      </trkpt>
      <trkpt lat="-22.47101597" lon="114.01031052">
        <ele>54.93</ele>
        <time>2026-10-03T05:02:36Z</time>
        <extensions>
          <geotracker:meta c="0.07" s="25.56" />
        </extensions>
      </trkpt>
      <trkpt lat="-22.46872766" lon="114.01081734">
        <ele>50.08</ele>
        <time>2026-10-03T05:02:46Z</time>
        <extensions>
          <geotracker:meta c="6.28" s="25.94" />
        </extensions>
      </trkpt>
      <trkpt lat="-22.46666369" lon="114.01137807">
        <ele>49.65</ele>
        <time>2026-10-03T05:02:55Z</time>
        <extensions>
          <geotracker:meta c="0.24" s="26.28" />
        </extensions>
      </trkpt>
      <trkpt lat="-22.46444361" lon="114.01233668">
        <ele>49.06</ele>
        <time>2026-10-03T05:03:05Z</time>
        <extensions>
          <geotracker:meta c="0.33" s="26.73" />
        </extensions>
      </trkpt>
      <trkpt lat="-22.46218928" lon="114.0133512">
        <ele>49.21</ele>
        <time>2026-10-03T05:03:15Z</time>
        <extensions>
          <geotracker:meta c="0.46" s="27.45" />
        </extensions>
      </trkpt>
      <trkpt lat="-22.45989415" lon="114.01437751">
        <ele>52.01</ele>
        <time>2026-10-03T05:03:25Z</time>
        <extensions>
          <geotracker:meta c="0.37" s="27.26" />
        </extensions>
      </trkpt>
      <trkpt lat="-22.45784287" lon="114.01529113">
        <ele>48.65</ele>
        <time>2026-10-03T05:03:34Z</time>
        <extensions>
          <geotracker:meta c="0.35" s="27.16" />
        </extensions>
      </trkpt>
      <trkpt lat="-22.45580156" lon="114.01621541">
        <ele>44.66</ele>
        <time>2026-10-03T05:03:43Z</time>
        <extensions>
          <geotracker:meta c="0.55" s="27.5" />
        </extensions>
      </trkpt>
      <trkpt lat="-22.45374015" lon="114.01713702">
        <ele>42.17</ele>
        <time>2026-10-03T05:03:52Z</time>
        <extensions>
          <geotracker:meta c="0.36" s="27.54" />
        </extensions>
      </trkpt>
      <trkpt lat="-22.44973669" lon="114.01892984">
        <ele>38.74</ele>
        <time>2026-10-03T05:04:10Z</time>
        <extensions>
          <geotracker:meta c="0.35" s="26.25" />
        </extensions>
      </trkpt>
      <trkpt lat="-22.44776332" lon="114.01981188">
        <ele>38.87</ele>
        <time>2026-10-03T05:04:19Z</time>
        <extensions>
          <geotracker:meta c="0.35" s="26.41" />
        </extensions>
      </trkpt>
      <trkpt lat="-22.44582177" lon="114.02067963">
        <ele>37.86</ele>
        <time>2026-10-03T05:04:28Z</time>
        <extensions>
          <geotracker:meta c="0.38" s="25.75" />
        </extensions>
      </trkpt>
      <trkpt lat="-22.44366422" lon="114.02164539">
        <ele>35.03</ele>
        <time>2026-10-03T05:04:38Z</time>
        <extensions>
          <geotracker:meta c="0.41" s="25.75" />
        </extensions>
      </trkpt>
      <trkpt lat="-22.44097369" lon="114.02250953">
        <ele>30.79</ele>
        <time>2026-10-03T05:04:50Z</time>
        <extensions>
          <geotracker:meta c="0.31" s="26.21" />
        </extensions>
      </trkpt>
      <trkpt lat="-22.43870252" lon="114.02319701">
        <ele>31.28</ele>
        <time>2026-10-03T05:05:00Z</time>
        <extensions>
          <geotracker:meta c="0.26" s="25.83" />
        </extensions>
      </trkpt>
      <trkpt lat="-22.43638671" lon="114.02385275">
        <ele>32.03</ele>
        <time>2026-10-03T05:05:10Z</time>
        <extensions>
          <geotracker:meta c="0.17" s="27.03" />
        </extensions>
      </trkpt>
      <trkpt lat="-22.43404819" lon="114.0245556">
        <ele>32.71</ele>
        <time>2026-10-03T05:05:20Z</time>
        <extensions>
          <geotracker:meta c="0.41" s="26.46" />
        </extensions>
      </trkpt>
      <trkpt lat="-22.43173051" lon="114.02522728">
        <ele>34.74</ele>
        <time>2026-10-03T05:05:30Z</time>
        <extensions>
          <geotracker:meta c="0.26" s="27.01" />
        </extensions>
      </trkpt>
      <trkpt lat="-22.42938027" lon="114.02593567">
        <ele>31.98</ele>
        <time>2026-10-03T05:05:40Z</time>
        <extensions>
          <geotracker:meta c="0.27" s="26.57" />
        </extensions>
      </trkpt>
      <trkpt lat="-22.42710516" lon="114.02659205">
        <ele>30.75</ele>
        <time>2026-10-03T05:05:50Z</time>
        <extensions>
          <geotracker:meta c="0.26" s="25.86" />
        </extensions>
      </trkpt>
      <trkpt lat="-22.42506318" lon="114.02719801">
        <ele>31.1</ele>
        <time>2026-10-03T05:05:59Z</time>
        <extensions>
          <geotracker:meta c="0.27" s="26.41" />
        </extensions>
      </trkpt>
      <trkpt lat="-22.42184653" lon="114.02813899">
        <ele>32.29</ele>
        <time>2026-10-03T05:06:13Z</time>
        <extensions>
          <geotracker:meta c="0.29" s="25.92" />
        </extensions>
      </trkpt>
      <trkpt lat="-22.41957979" lon="114.02882056">
        <ele>31.31</ele>
        <time>2026-10-03T05:06:23Z</time>
        <extensions>
          <geotracker:meta c="0.27" s="26.08" />
        </extensions>
      </trkpt>
      <trkpt lat="-22.41752742" lon="114.02943085">
        <ele>29.51</ele>
        <time>2026-10-03T05:06:32Z</time>
        <extensions>
          <geotracker:meta c="0.29" s="26.36" />
        </extensions>
      </trkpt>
      <trkpt lat="-22.41497062" lon="114.03016636">
        <ele>26.87</ele>
        <time>2026-10-03T05:06:43Z</time>
        <extensions>
          <geotracker:meta c="0.3" s="26.15" />
        </extensions>
      </trkpt>
      <trkpt lat="-22.411533" lon="114.03117632">
        <ele>29.6</ele>
        <time>2026-10-03T05:06:58Z</time>
        <extensions>
          <geotracker:meta c="0.25" s="27.14" />
        </extensions>
      </trkpt>
      <trkpt lat="-22.40893963" lon="114.03208417">
        <ele>28.57</ele>
        <time>2026-10-03T05:07:09Z</time>
        <extensions>
          <geotracker:meta c="0.39" s="27.17" />
        </extensions>
      </trkpt>
      <trkpt lat="-22.40487133" lon="114.03453069">
        <ele>26.1</ele>
        <time>2026-10-03T05:07:28Z</time>
        <extensions>
          <geotracker:meta c="0.53" s="26.48" />
        </extensions>
      </trkpt>
      <trkpt lat="-22.40261444" lon="114.03591698">
        <ele>26.09</ele>
        <time>2026-10-03T05:07:39Z</time>
        <extensions>
          <geotracker:meta c="0.52" s="25.87" />
        </extensions>
      </trkpt>
      <trkpt lat="-22.40075611" lon="114.03706298">
        <ele>25.16</ele>
        <time>2026-10-03T05:07:48Z</time>
        <extensions>
          <geotracker:meta c="0.51" s="26.52" />
        </extensions>
      </trkpt>
      <trkpt lat="-22.39868395" lon="114.03836961">
        <ele>24.23</ele>
        <time>2026-10-03T05:07:58Z</time>
        <extensions>
          <geotracker:meta c="0.52" s="26.81" />
        </extensions>
      </trkpt>
      <trkpt lat="-22.39639841" lon="114.03976284">
        <ele>29.07</ele>
        <time>2026-10-03T05:08:09Z</time>
        <extensions>
          <geotracker:meta c="0.52" s="26.64" />
        </extensions>
      </trkpt>
      <trkpt lat="-22.39416148" lon="114.04132793">
        <ele>24.53</ele>
        <time>2026-10-03T05:08:20Z</time>
        <extensions>
          <geotracker:meta c="0.68" s="26.87" />
        </extensions>
      </trkpt>
      <trkpt lat="-22.39175114" lon="114.04512016">
        <ele>24.57</ele>
        <time>2026-10-03T05:08:38Z</time>
        <extensions>
          <geotracker:meta c="1.2" s="25.56" />
        </extensions>
      </trkpt>
      <trkpt lat="-22.39094287" lon="114.04746619">
        <ele>19.29</ele>
        <time>2026-10-03T05:08:48Z</time>
        <extensions>
          <geotracker:meta c="1.14" s="25.73" />
        </extensions>
      </trkpt>
      <trkpt lat="-22.38998194" lon="114.05027973">
        <ele>21.29</ele>
        <time>2026-10-03T05:09:00Z</time>
        <extensions>
          <geotracker:meta c="1.22" s="25.45" />
        </extensions>
      </trkpt>
      <trkpt lat="-22.38852336" lon="114.05452926">
        <ele>16.35</ele>
        <time>2026-10-03T05:09:18Z</time>
        <extensions>
          <geotracker:meta c="1.31" s="25.68" />
        </extensions>
      </trkpt>
      <trkpt lat="-22.38763478" lon="114.05681401">
        <ele>16.83</ele>
        <time>2026-10-03T05:09:28Z</time>
        <extensions>
          <geotracker:meta c="1.08" s="25.56" />
        </extensions>
      </trkpt>
      <trkpt lat="-22.38623663" lon="114.05880114">
        <ele>12.05</ele>
        <time>2026-10-03T05:09:38Z</time>
        <extensions>
          <geotracker:meta c="0.77" s="26.1" />
        </extensions>
      </trkpt>
      <trkpt lat="-22.3841299" lon="114.06043173">
        <ele>15.38</ele>
        <time>2026-10-03T05:09:49Z</time>
        <extensions>
          <geotracker:meta c="0.49" s="25.85" />
        </extensions>
      </trkpt>
      <trkpt lat="-22.38192618" lon="114.06175232">
        <ele>15.55</ele>
        <time>2026-10-03T05:10:00Z</time>
        <extensions>
          <geotracker:meta c="0.51" s="25.32" />
        </extensions>
      </trkpt>
      <trkpt lat="-22.3799164" lon="114.06294686">
        <ele>14</ele>
        <time>2026-10-03T05:10:10Z</time>
        <extensions>
          <geotracker:meta c="0.51" s="25.82" />
        </extensions>
      </trkpt>
      <trkpt lat="-22.37628486" lon="114.0651298">
        <ele>14.28</ele>
        <time>2026-10-03T05:10:28Z</time>
        <extensions>
          <geotracker:meta c="0.51" s="26.16" />
        </extensions>
      </trkpt>
      <trkpt lat="-22.3739832" lon="114.06644935">
        <ele>11.72</ele>
        <time>2026-10-03T05:10:39Z</time>
        <extensions>
          <geotracker:meta c="0.43" s="25.95" />
        </extensions>
      </trkpt>
      <trkpt lat="-22.37108058" lon="114.0672028">
        <ele>12.06</ele>
        <time>2026-10-03T05:10:52Z</time>
        <extensions>
          <geotracker:meta c="0.12" s="25.31" />
        </extensions>
      </trkpt>
      <trkpt lat="-22.36830715" lon="114.06757001">
        <ele>9.71</ele>
        <time>2026-10-03T05:11:04Z</time>
        <extensions>
          <geotracker:meta c="0.13" s="26.31" />
        </extensions>
      </trkpt>
      <trkpt lat="-22.36594504" lon="114.06787478">
        <ele>10.26</ele>
        <time>2026-10-03T05:11:14Z</time>
        <extensions>
          <geotracker:meta c="0.12" s="26.37" />
        </extensions>
      </trkpt>
      <trkpt lat="-22.36358027" lon="114.06817106">
        <ele>9.88</ele>
        <time>2026-10-03T05:11:24Z</time>
        <extensions>
          <geotracker:meta c="0.14" s="26.52" />
        </extensions>
      </trkpt>
      <trkpt lat="-22.36126478" lon="114.06847186">
        <ele>10.68</ele>
        <time>2026-10-03T05:11:34Z</time>
        <extensions>
          <geotracker:meta c="0.11" s="25.74" />
        </extensions>
      </trkpt>
      <trkpt lat="-22.35893415" lon="114.06878091">
        <ele>10.6</ele>
        <time>2026-10-03T05:11:44Z</time>
        <extensions>
          <geotracker:meta c="0.13" s="25.43" />
        </extensions>
      </trkpt>
      <trkpt lat="-22.35678404" lon="114.06925962">
        <ele>13.43</ele>
        <time>2026-10-03T05:11:54Z</time>
        <extensions>
          <geotracker:meta c="0.24" s="23.5" />
        </extensions>
      </trkpt>
      <trkpt lat="-22.354303" lon="114.06993699">
        <ele>11.72</ele>
        <time>2026-10-03T05:12:06Z</time>
        <extensions>
          <geotracker:meta c="0.22" s="25.13" />
        </extensions>
      </trkpt>
      <trkpt lat="-22.34944719" lon="114.07118193">
        <ele>9.01</ele>
        <time>2026-10-03T05:12:26Z</time>
        <extensions>
          <geotracker:meta c="0.23" s="27.38" />
        </extensions>
      </trkpt>
      <trkpt lat="-22.34516695" lon="114.07227871">
        <ele>8.23</ele>
        <time>2026-10-03T05:12:44Z</time>
        <extensions>
          <geotracker:meta c="0.23" s="27.02" />
        </extensions>
      </trkpt>
      <trkpt lat="-22.34283386" lon="114.07287727">
        <ele>8.42</ele>
        <time>2026-10-03T05:12:54Z</time>
        <extensions>
          <geotracker:meta c="0.2" s="26.01" />
        </extensions>
      </trkpt>
      <trkpt lat="-22.34051576" lon="114.07279932">
        <ele>9.73</ele>
        <time>2026-10-03T05:13:04Z</time>
        <extensions>
          <geotracker:meta c="6.24" s="26.08" />
        </extensions>
      </trkpt>
      <trkpt lat="-22.33838499" lon="114.07254339">
        <ele>9.57</ele>
        <time>2026-10-03T05:13:13Z</time>
        <extensions>
          <geotracker:meta c="6.15" s="26.27" />
        </extensions>
      </trkpt>
      <trkpt lat="-22.33419188" lon="114.07203162">
        <ele>8.02</ele>
        <time>2026-10-03T05:13:31Z</time>
        <extensions>
          <geotracker:meta c="6.19" s="25.37" />
        </extensions>
      </trkpt>
      <trkpt lat="-22.33209104" lon="114.07178842">
        <ele>7.43</ele>
        <time>2026-10-03T05:13:40Z</time>
        <extensions>
          <geotracker:meta c="6.18" s="25.99" />
        </extensions>
      </trkpt>
      <trkpt lat="-22.32998245" lon="114.0715357">
        <ele>8.52</ele>
        <time>2026-10-03T05:13:49Z</time>
        <extensions>
          <geotracker:meta c="6.18" s="25.77" />
        </extensions>
      </trkpt>
      <trkpt lat="-22.32788822" lon="114.07128162">
        <ele>9.13</ele>
        <time>2026-10-03T05:13:58Z</time>
        <extensions>
          <geotracker:meta c="6.15" s="26.39" />
        </extensions>
      </trkpt>
      <trkpt lat="-22.32575107" lon="114.0712646">
        <ele>7.71</ele>
        <time>2026-10-03T05:14:07Z</time>
        <extensions>
          <geotracker:meta c="0.24" s="26.59" />
        </extensions>
      </trkpt>
      <trkpt lat="-22.32354744" lon="114.07219193">
        <ele>6.53</ele>
        <time>2026-10-03T05:14:17Z</time>
        <extensions>
          <geotracker:meta c="0.24" s="25.86" />
        </extensions>
      </trkpt>
      <trkpt lat="-22.32155777" lon="114.07313387">
        <ele>7.23</ele>
        <time>2026-10-03T05:14:26Z</time>
        <extensions>
          <geotracker:meta c="0.42" s="27.18" />
        </extensions>
      </trkpt>
      <trkpt lat="-22.31952608" lon="114.07409178">
        <ele>7.18</ele>
        <time>2026-10-03T05:14:35Z</time>
        <extensions>
          <geotracker:meta c="0.41" s="27.43" />
        </extensions>
      </trkpt>
      <trkpt lat="-22.3173087" lon="114.07513048">
        <ele>5.78</ele>
        <time>2026-10-03T05:14:45Z</time>
        <extensions>
          <geotracker:meta c="0.38" s="26.19" />
        </extensions>
      </trkpt>
      <trkpt lat="-22.31536549" lon="114.07604377">
        <ele>6.02</ele>
        <time>2026-10-03T05:14:54Z</time>
        <extensions>
          <geotracker:meta c="0.41" s="26.14" />
        </extensions>
      </trkpt>
      <trkpt lat="-22.31320538" lon="114.0770507">
        <ele>6.36</ele>
        <time>2026-10-03T05:15:04Z</time>
        <extensions>
          <geotracker:meta c="0.41" s="25.64" />
        </extensions>
      </trkpt>
      <trkpt lat="-22.31129789" lon="114.07795026">
        <ele>4.89</ele>
        <time>2026-10-03T05:15:13Z</time>
        <extensions>
          <geotracker:meta c="0.43" s="25.74" />
        </extensions>
      </trkpt>
      <trkpt lat="-22.30743146" lon="114.0797725">
        <ele>3.01</ele>
        <time>2026-10-03T05:15:31Z</time>
        <extensions>
          <geotracker:meta c="0.41" s="25.96" />
        </extensions>
      </trkpt>
      <trkpt lat="-22.30553869" lon="114.08065986">
        <ele>2.35</ele>
        <time>2026-10-03T05:15:40Z</time>
        <extensions>
          <geotracker:meta c="0.42" s="25.26" />
        </extensions>
      </trkpt>
      <trkpt lat="-22.30341552" lon="114.08165813">
        <ele>2.05</ele>
        <time>2026-10-03T05:15:50Z</time>
        <extensions>
          <geotracker:meta c="0.4" s="26.2" />
        </extensions>
      </trkpt>
      <trkpt lat="-22.30146034" lon="114.08257489">
        <ele>1.46</ele>
        <time>2026-10-03T05:15:59Z</time>
        <extensions>
          <geotracker:meta c="0.41" s="26.21" />
        </extensions>
      </trkpt>
      <trkpt lat="-22.29954305" lon="114.08347967">
        <ele>0.76</ele>
        <time>2026-10-03T05:16:08Z</time>
        <extensions>
          <geotracker:meta c="0.47" s="25.66" />
        </extensions>
      </trkpt>
      <trkpt lat="-22.29761896" lon="114.0843785">
        <ele>0.53</ele>
        <time>2026-10-03T05:16:17Z</time>
        <extensions>
          <geotracker:meta c="0.39" s="25.99" />
        </extensions>
      </trkpt>
      <trkpt lat="-22.29568422" lon="114.08528999">
        <ele>-0.34</ele>
        <time>2026-10-03T05:16:26Z</time>
        <extensions>
          <geotracker:meta c="0.43" s="25.97" />
        </extensions>
      </trkpt>
      <trkpt lat="-22.29351314" lon="114.08631096">
        <ele>-0.49</ele>
        <time>2026-10-03T05:16:36Z</time>
        <extensions>
          <geotracker:meta c="0.42" s="26.4" />
        </extensions>
      </trkpt>
      <trkpt lat="-22.29154119" lon="114.08724208">
        <ele>-1.04</ele>
        <time>2026-10-03T05:16:45Z</time>
        <extensions>
          <geotracker:meta c="0.43" s="26.64" />
        </extensions>
      </trkpt>
      <trkpt lat="-22.28952988" lon="114.08807905">
        <ele>-2.33</ele>
        <time>2026-10-03T05:16:54Z</time>
        <extensions>
          <geotracker:meta c="0.32" s="26.91" />
        </extensions>
      </trkpt>
      <trkpt lat="-22.28747129" lon="114.08877907">
        <ele>-2.74</ele>
        <time>2026-10-03T05:17:03Z</time>
        <extensions>
          <geotracker:meta c="0.33" s="26.31" />
        </extensions>
      </trkpt>
      <trkpt lat="-22.28544996" lon="114.08947263">
        <ele>-3.99</ele>
        <time>2026-10-03T05:17:12Z</time>
        <extensions>
          <geotracker:meta c="0.25" s="25.89" />
        </extensions>
      </trkpt>
      <trkpt lat="-22.2825674" lon="114.09044274">
        <ele>-3.15</ele>
        <time>2026-10-03T05:17:25Z</time>
        <extensions>
          <geotracker:meta c="0.3" s="25.65" />
        </extensions>
      </trkpt>
      <trkpt lat="-22.27984169" lon="114.09139373">
        <ele>0.12</ele>
        <time>2026-10-03T05:17:37Z</time>
        <extensions>
          <geotracker:meta c="0.32" s="25.85" />
        </extensions>
      </trkpt>
      <trkpt lat="-22.27544459" lon="114.09286772">
        <ele>-3.06</ele>
        <time>2026-10-03T05:17:57Z</time>
        <extensions>
          <geotracker:meta c="0.31" s="25.61" />
        </extensions>
      </trkpt>
      <trkpt lat="-22.27329164" lon="114.09361548">
        <ele>1.11</ele>
        <time>2026-10-03T05:18:07Z</time>
        <extensions>
          <geotracker:meta c="0.31" s="24.89" />
        </extensions>
      </trkpt>
      <trkpt lat="-22.27134652" lon="114.09430047">
        <ele>-1.07</ele>
        <time>2026-10-03T05:18:16Z</time>
        <extensions>
          <geotracker:meta c="0.31" s="25.8" />
        </extensions>
      </trkpt>
      <trkpt lat="-22.26883447" lon="114.09507101">
        <ele>-3.85</ele>
        <time>2026-10-03T05:18:27Z</time>
        <extensions>
          <geotracker:meta c="0.21" s="26.06" />
        </extensions>
      </trkpt>
      <trkpt lat="-22.26608533" lon="114.09562422">
        <ele>-1.98</ele>
        <time>2026-10-03T05:18:39Z</time>
        <extensions>
          <geotracker:meta c="0.19" s="25.64" />
        </extensions>
      </trkpt>
      <trkpt lat="-22.26377728" lon="114.09611483">
        <ele>-3.73</ele>
        <time>2026-10-03T05:18:49Z</time>
        <extensions>
          <geotracker:meta c="0.19" s="26.2" />
        </extensions>
      </trkpt>
      <trkpt lat="-22.26147483" lon="114.09660205">
        <ele>-4.47</ele>
        <time>2026-10-03T05:18:59Z</time>
        <extensions>
          <geotracker:meta c="0.2" s="26.15" />
        </extensions>
      </trkpt>
      <trkpt lat="-22.25909332" lon="114.09709381">
        <ele>-4.96</ele>
        <time>2026-10-03T05:19:09Z</time>
        <extensions>
          <geotracker:meta c="0.19" s="27.26" />
        </extensions>
      </trkpt>
      <trkpt lat="-22.25692755" lon="114.09755011">
        <ele>-8.1</ele>
        <time>2026-10-03T05:19:18Z</time>
        <extensions>
          <geotracker:meta c="0.19" s="26.14" />
        </extensions>
      </trkpt>
      <trkpt lat="-22.25488802" lon="114.0979737">
        <ele>-8.6</ele>
        <time>2026-10-03T05:19:27Z</time>
        <extensions>
          <geotracker:meta c="0.08" s="25.13" />
        </extensions>
      </trkpt>
      <trkpt lat="-22.25287197" lon="114.09840831">
        <ele>-8.79</ele>
        <time>2026-10-03T05:19:36Z</time>
        <extensions>
          <geotracker:meta c="0.13" s="25" />
        </extensions>
      </trkpt>
      <trkpt lat="-22.25098252" lon="114.09881674">
        <ele>-7.47</ele>
        <time>2026-10-03T05:19:45Z</time>
        <extensions>
          <geotracker:meta c="0.17" s="23.03" />
        </extensions>
      </trkpt>
      <trkpt lat="-22.24735773" lon="114.10006003">
        <ele>-7.95</ele>
        <time>2026-10-03T05:20:03Z</time>
        <extensions>
          <geotracker:meta c="0.23" s="23.34" />
        </extensions>
      </trkpt>
      <trkpt lat="-22.24541964" lon="114.09998247">
        <ele>-8.01</ele>
        <time>2026-10-03T05:20:12Z</time>
        <extensions>
          <geotracker:meta c="0.37" s="24.26" />
        </extensions>
      </trkpt>
      <trkpt lat="-22.24321919" lon="114.09959555">
        <ele>-8.21</ele>
        <time>2026-10-03T05:20:22Z</time>
        <extensions>
          <geotracker:meta c="0.24" s="24.51" />
        </extensions>
      </trkpt>
      <trkpt lat="-22.2412243" lon="114.09925285">
        <ele>-7.56</ele>
        <time>2026-10-03T05:20:31Z</time>
        <extensions>
          <geotracker:meta c="6.14" s="24.66" />
        </extensions>
      </trkpt>
      <trkpt lat="-22.23924684" lon="114.09890015">
        <ele>-7.81</ele>
        <time>2026-10-03T05:20:40Z</time>
        <extensions>
          <geotracker:meta c="6.09" s="24.83" />
        </extensions>
      </trkpt>
      <trkpt lat="-22.23720647" lon="114.09853528">
        <ele>-7.3</ele>
        <time>2026-10-03T05:20:49Z</time>
        <extensions>
          <geotracker:meta c="6.09" s="25.75" />
        </extensions>
      </trkpt>
      <trkpt lat="-22.23491702" lon="114.0981404">
        <ele>-8.24</ele>
        <time>2026-10-03T05:20:59Z</time>
        <extensions>
          <geotracker:meta c="6.05" s="25.37" />
        </extensions>
      </trkpt>
      <trkpt lat="-22.23134549" lon="114.09750649">
        <ele>-7.65</ele>
        <time>2026-10-03T05:21:15Z</time>
        <extensions>
          <geotracker:meta c="6.13" s="25.33" />
        </extensions>
      </trkpt>
      <trkpt lat="-22.22881036" lon="114.09707111">
        <ele>-5.9</ele>
        <time>2026-10-03T05:21:26Z</time>
        <extensions>
          <geotracker:meta c="6.12" s="24.96" />
        </extensions>
      </trkpt>
      <trkpt lat="-22.22440287" lon="114.09638439">
        <ele>-4.84</ele>
        <time>2026-10-03T05:21:46Z</time>
        <extensions>
          <geotracker:meta c="6.16" s="25.43" />
        </extensions>
      </trkpt>
      <trkpt lat="-22.22232768" lon="114.0960776">
        <ele>-9.67</ele>
        <time>2026-10-03T05:21:55Z</time>
        <extensions>
          <geotracker:meta c="6.15" s="25.87" />
        </extensions>
      </trkpt>
      <trkpt lat="-22.22009462" lon="114.09576987">
        <ele>-4.76</ele>
        <time>2026-10-03T05:22:05Z</time>
        <extensions>
          <geotracker:meta c="6.15" s="24.4" />
        </extensions>
      </trkpt>
      <trkpt lat="-22.21751926" lon="114.09540719">
        <ele>-3.93</ele>
        <time>2026-10-03T05:22:17Z</time>
        <extensions>
          <geotracker:meta c="6.16" s="24.08" />
        </extensions>
      </trkpt>
      <trkpt lat="-22.21300763" lon="114.09476021">
        <ele>-5.22</ele>
        <time>2026-10-03T05:22:37Z</time>
        <extensions>
          <geotracker:meta c="6.15" s="26.14" />
        </extensions>
      </trkpt>
      <trkpt lat="-22.2109053" lon="114.09445504">
        <ele>-5.38</ele>
        <time>2026-10-03T05:22:46Z</time>
        <extensions>
          <geotracker:meta c="6.14" s="25.65" />
        </extensions>
      </trkpt>
      <trkpt lat="-22.20714642" lon="114.09286594">
        <ele>-6.14</ele>
        <time>2026-10-03T05:23:04Z</time>
        <extensions>
          <geotracker:meta c="5.57" s="25.33" />
        </extensions>
      </trkpt>
      <trkpt lat="-22.20567905" lon="114.09135131">
        <ele>-6.71</ele>
        <time>2026-10-03T05:23:13Z</time>
        <extensions>
          <geotracker:meta c="5.51" s="25.3" />
        </extensions>
      </trkpt>
      <trkpt lat="-22.20417376" lon="114.0897894">
        <ele>-6.59</ele>
        <time>2026-10-03T05:23:22Z</time>
        <extensions>
          <geotracker:meta c="5.47" s="25.59" />
        </extensions>
      </trkpt>
      <trkpt lat="-22.20253142" lon="114.08810575">
        <ele>-6.06</ele>
        <time>2026-10-03T05:23:32Z</time>
        <extensions>
          <geotracker:meta c="5.57" s="25.23" />
        </extensions>
      </trkpt>
      <trkpt lat="-22.20055584" lon="114.08683054">
        <ele>-8.41</ele>
        <time>2026-10-03T05:23:42Z</time>
        <extensions>
          <geotracker:meta c="5.8" s="25.86" />
        </extensions>
      </trkpt>
      <trkpt lat="-22.1986786" lon="114.08581704">
        <ele>-8.47</ele>
        <time>2026-10-03T05:23:51Z</time>
        <extensions>
          <geotracker:meta c="5.9" s="25.97" />
        </extensions>
      </trkpt>
      <trkpt lat="-22.1967196" lon="114.08498064">
        <ele>-7.76</ele>
        <time>2026-10-03T05:24:00Z</time>
        <extensions>
          <geotracker:meta c="6" s="25.85" />
        </extensions>
      </trkpt>
      <trkpt lat="-22.19476003" lon="114.08417185">
        <ele>-7.45</ele>
        <time>2026-10-03T05:24:09Z</time>
        <extensions>
          <geotracker:meta c="5.87" s="25.89" />
        </extensions>
      </trkpt>
      <trkpt lat="-22.19278019" lon="114.08335415">
        <ele>-6.56</ele>
        <time>2026-10-03T05:24:18Z</time>
        <extensions>
          <geotracker:meta c="5.83" s="25.96" />
        </extensions>
      </trkpt>
      <trkpt lat="-22.19081335" lon="114.08260961">
        <ele>-7.83</ele>
        <time>2026-10-03T05:24:27Z</time>
        <extensions>
          <geotracker:meta c="6.07" s="25.31" />
        </extensions>
      </trkpt>
      <trkpt lat="-22.18889456" lon="114.08198051">
        <ele>-8.38</ele>
        <time>2026-10-03T05:24:36Z</time>
        <extensions>
          <geotracker:meta c="5.93" s="24.36" />
        </extensions>
      </trkpt>
      <trkpt lat="-22.18513588" lon="114.08075333">
        <ele>-8.52</ele>
        <time>2026-10-03T05:24:54Z</time>
        <extensions>
          <geotracker:meta c="5.93" s="24.09" />
        </extensions>
      </trkpt>
      <trkpt lat="-22.18215184" lon="114.07969695">
        <ele>-8.12</ele>
        <time>2026-10-03T05:25:08Z</time>
        <extensions>
          <geotracker:meta c="6" s="25.47" />
        </extensions>
      </trkpt>
      <trkpt lat="-22.17998736" lon="114.07896664">
        <ele>-10.29</ele>
        <time>2026-10-03T05:25:18Z</time>
        <extensions>
          <geotracker:meta c="6" s="24.8" />
        </extensions>
      </trkpt>
      <trkpt lat="-22.17774334" lon="114.07871235">
        <ele>-6.25</ele>
        <time>2026-10-03T05:25:28Z</time>
        <extensions>
          <geotracker:meta c="0.02" s="25.76" />
        </extensions>
      </trkpt>
      <trkpt lat="-22.17542097" lon="114.07879032">
        <ele>2.86</ele>
        <time>2026-10-03T05:25:38Z</time>
        <extensions>
          <geotracker:meta c="0.02" s="25.82" />
        </extensions>
      </trkpt>
      <trkpt lat="-22.17255409" lon="114.07879709">
        <ele>-5.53</ele>
        <time>2026-10-03T05:25:50Z</time>
        <extensions>
          <geotracker:meta c="6.27" s="26.51" />
        </extensions>
      </trkpt>
      <trkpt lat="-22.16809301" lon="114.07886473">
        <ele>5.45</ele>
        <time>2026-10-03T05:26:09Z</time>
        <extensions>
          <geotracker:meta c="6.27" s="25.83" />
        </extensions>
      </trkpt>
      <trkpt lat="-22.16597781" lon="114.07892395">
        <ele>-4.76</ele>
        <time>2026-10-03T05:26:18Z</time>
        <extensions>
          <geotracker:meta c="0.02" s="25.66" />
        </extensions>
      </trkpt>
      <trkpt lat="-22.1636584" lon="114.07895112">
        <ele>-3.05</ele>
        <time>2026-10-03T05:26:28Z</time>
        <extensions>
          <geotracker:meta c="0.02" s="24.82" />
        </extensions>
      </trkpt>
      <trkpt lat="-22.16095902" lon="114.07900064">
        <ele>-1.55</ele>
        <time>2026-10-03T05:26:40Z</time>
        <extensions>
          <geotracker:meta c="0.01" s="24.25" />
        </extensions>
      </trkpt>
      <trkpt lat="-22.1568583" lon="114.07860659">
        <ele>-1.69</ele>
        <time>2026-10-03T05:26:58Z</time>
        <extensions>
          <geotracker:meta c="6.16" s="26.14" />
        </extensions>
      </trkpt>
      <trkpt lat="-22.15452825" lon="114.07840117">
        <ele>6.05</ele>
        <time>2026-10-03T05:27:08Z</time>
        <extensions>
          <geotracker:meta c="6.23" s="26.18" />
        </extensions>
      </trkpt>
      <trkpt lat="-22.15214912" lon="114.07846042">
        <ele>0.08</ele>
        <time>2026-10-03T05:27:18Z</time>
        <extensions>
          <geotracker:meta c="0.04" s="25.8" />
        </extensions>
      </trkpt>
      <trkpt lat="-22.14980512" lon="114.07868224">
        <ele>2.1</ele>
        <time>2026-10-03T05:27:28Z</time>
        <extensions>
          <geotracker:meta c="0.14" s="26.47" />
        </extensions>
      </trkpt>
      <trkpt lat="-22.14741898" lon="114.07910478">
        <ele>0.35</ele>
        <time>2026-10-03T05:27:38Z</time>
        <extensions>
          <geotracker:meta c="0.15" s="26.66" />
        </extensions>
      </trkpt>
      <trkpt lat="-22.14507681" lon="114.07955197">
        <ele>3.68</ele>
        <time>2026-10-03T05:27:48Z</time>
        <extensions>
          <geotracker:meta c="0.18" s="26.02" />
        </extensions>
      </trkpt>
      <trkpt lat="-22.14233694" lon="114.08008987">
        <ele>-3.39</ele>
        <time>2026-10-03T05:28:00Z</time>
        <extensions>
          <geotracker:meta c="0.18" s="26.45" />
        </extensions>
      </trkpt>
      <trkpt lat="-22.13996745" lon="114.08054933">
        <ele>-1.54</ele>
        <time>2026-10-03T05:28:10Z</time>
        <extensions>
          <geotracker:meta c="0.17" s="25.58" />
        </extensions>
      </trkpt>
      <trkpt lat="-22.1376506" lon="114.08100103">
        <ele>0.96</ele>
        <time>2026-10-03T05:28:20Z</time>
        <extensions>
          <geotracker:meta c="0.19" s="26.09" />
        </extensions>
      </trkpt>
      <trkpt lat="-22.13560878" lon="114.08140366">
        <ele>0.32</ele>
        <time>2026-10-03T05:28:29Z</time>
        <extensions>
          <geotracker:meta c="0.16" s="25.36" />
        </extensions>
      </trkpt>
      <trkpt lat="-22.1331295" lon="114.08190029">
        <ele>0.44</ele>
        <time>2026-10-03T05:28:40Z</time>
        <extensions>
          <geotracker:meta c="0.18" s="25.6" />
        </extensions>
      </trkpt>
      <trkpt lat="-22.13079313" lon="114.08222007">
        <ele>3.65</ele>
        <time>2026-10-03T05:28:50Z</time>
        <extensions>
          <geotracker:meta c="0.05" s="26.16" />
        </extensions>
      </trkpt>
      <trkpt lat="-22.12624316" lon="114.08293218">
        <ele>-5.97</ele>
        <time>2026-10-03T05:29:10Z</time>
        <extensions>
          <geotracker:meta c="0.27" s="25.9" />
        </extensions>
      </trkpt>
      <trkpt lat="-22.12403948" lon="114.08372093">
        <ele>-3.22</ele>
        <time>2026-10-03T05:29:20Z</time>
        <extensions>
          <geotracker:meta c="0.28" s="25.26" />
        </extensions>
      </trkpt>
      <trkpt lat="-22.12007919" lon="114.08520232">
        <ele>-9.6</ele>
        <time>2026-10-03T05:29:38Z</time>
        <extensions>
          <geotracker:meta c="0.31" s="26.37" />
        </extensions>
      </trkpt>
      <trkpt lat="-22.11762851" lon="114.08614563">
        <ele>-2.34</ele>
        <time>2026-10-03T05:29:49Z</time>
        <extensions>
          <geotracker:meta c="0.44" s="26.15" />
        </extensions>
      </trkpt>
      <trkpt lat="-22.11576695" lon="114.08722016">
        <ele>-2.11</ele>
        <time>2026-10-03T05:29:58Z</time>
        <extensions>
          <geotracker:meta c="0.5" s="25.56" />
        </extensions>
      </trkpt>
      <trkpt lat="-22.11373028" lon="114.08843196">
        <ele>0.49</ele>
        <time>2026-10-03T05:30:08Z</time>
        <extensions>
          <geotracker:meta c="0.44" s="26.17" />
        </extensions>
      </trkpt>
      <trkpt lat="-22.11148488" lon="114.08929311">
        <ele>-5.75</ele>
        <time>2026-10-03T05:30:18Z</time>
        <extensions>
          <geotracker:meta c="0.29" s="26.09" />
        </extensions>
      </trkpt>
      <trkpt lat="-22.10888832" lon="114.09019506">
        <ele>4.76</ele>
        <time>2026-10-03T05:30:30Z</time>
        <extensions>
          <geotracker:meta c="0.32" s="24.37" />
        </extensions>
      </trkpt>
      <trkpt lat="-22.10687684" lon="114.0908514">
        <ele>-2.7</ele>
        <time>2026-10-03T05:30:39Z</time>
        <extensions>
          <geotracker:meta c="0.31" s="26.45" />
        </extensions>
      </trkpt>
      <trkpt lat="-22.10485376" lon="114.09153569">
        <ele>-4.71</ele>
        <time>2026-10-03T05:30:48Z</time>
        <extensions>
          <geotracker:meta c="0.26" s="25.35" />
        </extensions>
      </trkpt>
      <trkpt lat="-22.10312978" lon="114.09212333">
        <ele>-5.53</ele>
        <time>2026-10-03T05:30:57Z</time>
        <extensions>
          <geotracker:meta c="0.41" s="19.95" />
        </extensions>
      </trkpt>
      <trkpt lat="-22.10164251" lon="114.09262063">
        <ele>-7.76</ele>
        <time>2026-10-03T05:31:06Z</time>
        <extensions>
          <geotracker:meta c="0.31" s="19.64" />
        </extensions>
      </trkpt>
      <trkpt lat="-22.10016577" lon="114.09317761">
        <ele>-5.39</ele>
        <time>2026-10-03T05:31:24Z</time>
        <extensions>
          <geotracker:meta c="1.81" s="1.06" />
        </extensions>
      </trkpt>
      <trkpt lat="-22.10076056" lon="114.0929718">
        <ele>-5.93</ele>
        <time>2026-10-03T05:31:42Z</time>
        <extensions>
          <geotracker:meta c="3.42" s="12.26" />
        </extensions>
      </trkpt>
      <trkpt lat="-22.10230456" lon="114.09244014">
        <ele>-9.69</ele>
        <time>2026-10-03T05:31:52Z</time>
        <extensions>
          <geotracker:meta c="3.45" s="21.68" />
        </extensions>
      </trkpt>
      <trkpt lat="-22.10431525" lon="114.09176071">
        <ele>-6.25</ele>
        <time>2026-10-03T05:32:02Z</time>
        <extensions>
          <geotracker:meta c="3.45" s="24.24" />
        </extensions>
      </trkpt>
      <trkpt lat="-22.10645878" lon="114.09103935">
        <ele>-5.1</ele>
        <time>2026-10-03T05:32:12Z</time>
        <extensions>
          <geotracker:meta c="3.44" s="25.47" />
        </extensions>
      </trkpt>
      <trkpt lat="-22.1084767" lon="114.09035234">
        <ele>-4.37</ele>
        <time>2026-10-03T05:32:21Z</time>
        <extensions>
          <geotracker:meta c="3.45" s="26.13" />
        </extensions>
      </trkpt>
      <trkpt lat="-22.11049431" lon="114.08966375">
        <ele>-7</ele>
        <time>2026-10-03T05:32:30Z</time>
        <extensions>
          <geotracker:meta c="3.45" s="25.88" />
        </extensions>
      </trkpt>
      <trkpt lat="-22.11250842" lon="114.08898273">
        <ele>-5.1</ele>
        <time>2026-10-03T05:32:39Z</time>
        <extensions>
          <geotracker:meta c="3.46" s="25.25" />
        </extensions>
      </trkpt>
      <trkpt lat="-22.11437646" lon="114.08808947">
        <ele>-4.09</ele>
        <time>2026-10-03T05:32:48Z</time>
        <extensions>
          <geotracker:meta c="3.66" s="25.24" />
        </extensions>
      </trkpt>
      <trkpt lat="-22.11614676" lon="114.0870342">
        <ele>-4.19</ele>
        <time>2026-10-03T05:32:57Z</time>
        <extensions>
          <geotracker:meta c="3.64" s="24.89" />
        </extensions>
      </trkpt>
      <trkpt lat="-22.11794339" lon="114.08601765">
        <ele>-4.08</ele>
        <time>2026-10-03T05:33:06Z</time>
        <extensions>
          <geotracker:meta c="3.57" s="24.99" />
        </extensions>
      </trkpt>
      <trkpt lat="-22.12182889" lon="114.0845753">
        <ele>-4.84</ele>
        <time>2026-10-03T05:33:24Z</time>
        <extensions>
          <geotracker:meta c="3.47" s="22.89" />
        </extensions>
      </trkpt>
      <trkpt lat="-22.123266" lon="114.08404581">
        <ele>-3.44</ele>
        <time>2026-10-03T05:33:33Z</time>
        <extensions>
          <geotracker:meta c="3.47" s="14.33" />
        </extensions>
      </trkpt>
      <trkpt lat="-22.12399643" lon="114.08370344">
        <ele>-2.57</ele>
        <time>2026-10-03T05:33:42Z</time>
        <extensions>
          <geotracker:meta c="4.01" s="6.88" />
        </extensions>
      </trkpt>
      <trkpt lat="-22.12363277" lon="114.08169582">
        <ele>-1.12</ele>
        <time>2026-10-03T05:34:00Z</time>
        <extensions>
          <geotracker:meta c="4.95" s="15.63" />
        </extensions>
      </trkpt>
      <trkpt lat="-22.123361" lon="114.08021892">
        <ele>0.59</ele>
        <time>2026-10-03T05:34:09Z</time>
        <extensions>
          <geotracker:meta c="4.93" s="18.75" />
        </extensions>
      </trkpt>
      <trkpt lat="-22.12306013" lon="114.07855258">
        <ele>2.43</ele>
        <time>2026-10-03T05:34:18Z</time>
        <extensions>
          <geotracker:meta c="4.91" s="20.34" />
        </extensions>
      </trkpt>
      <trkpt lat="-22.12271559" lon="114.07671816">
        <ele>4.13</ele>
        <time>2026-10-03T05:34:27Z</time>
        <extensions>
          <geotracker:meta c="4.89" s="22.04" />
        </extensions>
      </trkpt>
      <trkpt lat="-22.12215584" lon="114.07362448">
        <ele>6.24</ele>
        <time>2026-10-03T05:34:42Z</time>
        <extensions>
          <geotracker:meta c="4.85" s="21.15" />
        </extensions>
      </trkpt>
      <trkpt lat="-22.12195639" lon="114.06969604">
        <ele>11.75</ele>
        <time>2026-10-03T05:35:02Z</time>
        <extensions>
          <geotracker:meta c="4.98" s="21.5" />
        </extensions>
      </trkpt>
      <trkpt lat="-22.12087445" lon="114.06548265">
        <ele>20.47</ele>
        <time>2026-10-03T05:35:22Z</time>
        <extensions>
          <geotracker:meta c="4.98" s="23.25" />
        </extensions>
      </trkpt>
      <trkpt lat="-22.12001001" lon="114.06135332">
        <ele>34.36</ele>
        <time>2026-10-03T05:35:42Z</time>
        <extensions>
          <geotracker:meta c="4.81" s="20.76" />
        </extensions>
      </trkpt>
      <trkpt lat="-22.11853531" lon="114.05835728">
        <ele>45.38</ele>
        <time>2026-10-03T05:36:02Z</time>
        <extensions>
          <geotracker:meta c="5.32" s="16.76" />
        </extensions>
      </trkpt>
      <trkpt lat="-22.11914685" lon="114.05337306">
        <ele>82.07</ele>
        <time>2026-10-03T05:36:42Z</time>
        <extensions>
          <geotracker:meta c="4.89" s="15.16" />
        </extensions>
      </trkpt>
      <trkpt lat="-22.11840102" lon="114.04884911">
        <ele>123.89</ele>
        <time>2026-10-03T05:37:16Z</time>
        <extensions>
          <geotracker:meta c="4.85" s="12.78" />
        </extensions>
      </trkpt>
      <trkpt lat="-22.11670681" lon="114.04425033">
        <ele>172.72</ele>
        <time>2026-10-03T05:37:56Z</time>
        <extensions>
          <geotracker:meta c="5.17" s="14.43" />
        </extensions>
      </trkpt>
      <trkpt lat="-22.11619934" lon="114.04242358">
        <ele>196.85</ele>
        <time>2026-10-03T05:38:16Z</time>
        <extensions>
          <geotracker:meta c="3.8" s="12.51" />
        </extensions>
      </trkpt>
      <trkpt lat="-22.11673535" lon="114.04150798">
        <ele>211.16</ele>
        <time>2026-10-03T05:38:26Z</time>
        <extensions>
          <geotracker:meta c="4.35" s="11.2" />
        </extensions>
      </trkpt>
      <trkpt lat="-22.1150633" lon="114.03690823">
        <ele>237.9</ele>
        <time>2026-10-03T05:39:06Z</time>
        <extensions>
          <geotracker:meta c="5.68" s="13.46" />
        </extensions>
      </trkpt>
      <trkpt lat="-22.11394754" lon="114.03376066">
        <ele>252.49</ele>
        <time>2026-10-03T05:39:36Z</time>
        <extensions>
          <geotracker:meta c="5.46" s="10.38" />
        </extensions>
      </trkpt>
      <trkpt lat="-22.1119654" lon="114.03285407">
        <ele>258.48</ele>
        <time>2026-10-03T05:39:56Z</time>
        <extensions>
          <geotracker:meta c="5.38" s="11.75" />
        </extensions>
      </trkpt>
      <trkpt lat="-22.11080703" lon="114.03106042">
        <ele>253.6</ele>
        <time>2026-10-03T05:40:16Z</time>
        <extensions>
          <geotracker:meta c="5.23" s="11.38" />
        </extensions>
      </trkpt>
      <trkpt lat="-22.10936529" lon="114.02958968">
        <ele>257.1</ele>
        <time>2026-10-03T05:40:46Z</time>
        <extensions>
          <geotracker:meta c="5.78" s="5.6" />
        </extensions>
      </trkpt>
      <trkpt lat="-22.1089942" lon="114.02917764">
        <ele>266.06</ele>
        <time>2026-10-03T05:40:56Z</time>
        <extensions>
          <geotracker:meta c="5.23" s="6.21" />
        </extensions>
      </trkpt>
      <trkpt lat="-22.10835151" lon="114.02716608">
        <ele>270.42</ele>
        <time>2026-10-03T05:41:26Z</time>
        <extensions>
          <geotracker:meta c="4.9" s="8.26" />
        </extensions>
      </trkpt>
      <trkpt lat="-22.10818473" lon="114.02636718">
        <ele>270.95</ele>
        <time>2026-10-03T05:41:36Z</time>
        <extensions>
          <geotracker:meta c="4.92" s="7.68" />
        </extensions>
      </trkpt>
      <trkpt lat="-22.10822713" lon="114.02567464">
        <ele>275.18</ele>
        <time>2026-10-03T05:41:46Z</time>
        <extensions>
          <geotracker:meta c="4.61" s="6.82" />
        </extensions>
      </trkpt>
      <trkpt lat="-22.10835772" lon="114.02440572">
        <ele>275.72</ele>
        <time>2026-10-03T05:42:06Z</time>
        <extensions>
          <geotracker:meta c="4.64" s="7.63" />
        </extensions>
      </trkpt>
      <trkpt lat="-22.10942883" lon="114.02178288">
        <ele>278.63</ele>
        <time>2026-10-03T05:42:46Z</time>
        <extensions>
          <geotracker:meta c="3.93" s="6.34" />
        </extensions>
      </trkpt>
      <trkpt lat="-22.11044871" lon="114.02132508">
        <ele>286.96</ele>
        <time>2026-10-03T05:43:06Z</time>
        <extensions>
          <geotracker:meta c="3.95" s="6.61" />
        </extensions>
      </trkpt>
      <trkpt lat="-22.11050688" lon="114.02062299">
        <ele>285.14</ele>
        <time>2026-10-03T05:43:16Z</time>
        <extensions>
          <geotracker:meta c="5.03" s="7.13" />
        </extensions>
      </trkpt>
      <trkpt lat="-22.11030967" lon="114.01996618">
        <ele>284.7</ele>
        <time>2026-10-03T05:43:26Z</time>
        <extensions>
          <geotracker:meta c="5.05" s="6.07" />
        </extensions>
      </trkpt>
      <trkpt lat="-22.10967845" lon="114.01893198">
        <ele>282.52</ele>
        <time>2026-10-03T05:43:46Z</time>
        <extensions>
          <geotracker:meta c="4.95" s="6.82" />
        </extensions>
      </trkpt>
      <trkpt lat="-22.10933635" lon="114.01748407">
        <ele>284.64</ele>
        <time>2026-10-03T05:44:06Z</time>
        <extensions>
          <geotracker:meta c="5" s="8.48" />
        </extensions>
      </trkpt>
      <trkpt lat="-22.10917539" lon="114.01541155">
        <ele>290.88</ele>
        <time>2026-10-03T05:44:36Z</time>
        <extensions>
          <geotracker:meta c="4.71" s="7.34" />
        </extensions>
      </trkpt>
      <trkpt lat="-22.10921717" lon="114.01475554">
        <ele>295.3</ele>
        <time>2026-10-03T05:44:46Z</time>
        <extensions>
          <geotracker:meta c="4.67" s="7.83" />
        </extensions>
      </trkpt>
      <trkpt lat="-22.10900375" lon="114.01338601">
        <ele>293.7</ele>
        <time>2026-10-03T05:45:04Z</time>
        <extensions>
          <geotracker:meta c="4.8" s="6.34" />
        </extensions>
      </trkpt>
      <trkpt lat="-22.10891199" lon="114.01287106">
        <ele>293.29</ele>
        <time>2026-10-03T05:45:13Z</time>
        <extensions>
          <geotracker:meta c="4.98" s="5.9" />
        </extensions>
      </trkpt>
      <trkpt lat="-22.1088187" lon="114.01233564">
        <ele>293.28</ele>
        <time>2026-10-03T05:45:22Z</time>
        <extensions>
          <geotracker:meta c="4.95" s="6.09" />
        </extensions>
      </trkpt>
      <trkpt lat="-22.10874146" lon="114.01185936">
        <ele>292.7</ele>
        <time>2026-10-03T05:45:31Z</time>
        <extensions>
          <geotracker:meta c="4.89" s="5.45" />
        </extensions>
      </trkpt>
      <trkpt lat="-22.10866452" lon="114.01143279">
        <ele>293.22</ele>
        <time>2026-10-03T05:45:40Z</time>
        <extensions>
          <geotracker:meta c="4.89" s="4.78" />
        </extensions>
      </trkpt>
      <trkpt lat="-22.10844918" lon="114.01026415">
        <ele>293.78</ele>
        <time>2026-10-03T05:46:00Z</time>
        <extensions>
          <geotracker:meta c="4.92" s="6.14" />
        </extensions>
      </trkpt>
      <trkpt lat="-22.10817312" lon="114.00894327">
        <ele>295.21</ele>
        <time>2026-10-03T05:46:19Z</time>
        <extensions>
          <geotracker:meta c="5.18" s="6.72" />
        </extensions>
      </trkpt>
      <trkpt lat="-22.10789168" lon="114.00862994">
        <ele>292.53</ele>
        <time>2026-10-03T06:01:39Z</time>
        <extensions>
          <geotracker:meta c="2.39" s="4.45" />
        </extensions>
      </trkpt>
      <trkpt lat="-22.10861113" lon="114.01131318">
        <ele>294.86</ele>
        <time>2026-10-03T06:02:19Z</time>
        <extensions>
          <geotracker:meta c="1.63" s="11.35" />
        </extensions>
      </trkpt>
      <trkpt lat="-22.10878221" lon="114.01237166">
        <ele>290.88</ele>
        <time>2026-10-03T06:02:29Z</time>
        <extensions>
          <geotracker:meta c="1.68" s="9.51" />
        </extensions>
      </trkpt>
      <trkpt lat="-22.10892665" lon="114.01302401">
        <ele>291.7</ele>
        <time>2026-10-03T06:02:39Z</time>
        <extensions>
          <geotracker:meta c="1.79" s="6.41" />
        </extensions>
      </trkpt>
      <trkpt lat="-22.10902921" lon="114.01363265">
        <ele>292.31</ele>
        <time>2026-10-03T06:02:49Z</time>
        <extensions>
          <geotracker:meta c="1.81" s="7.1" />
        </extensions>
      </trkpt>
      <trkpt lat="-22.10916304" lon="114.01434947">
        <ele>296.28</ele>
        <time>2026-10-03T06:02:59Z</time>
        <extensions>
          <geotracker:meta c="1.75" s="8.27" />
        </extensions>
      </trkpt>
      <trkpt lat="-22.10918056" lon="114.01500555">
        <ele>293.09</ele>
        <time>2026-10-03T06:03:09Z</time>
        <extensions>
          <geotracker:meta c="1.51" s="5.93" />
        </extensions>
      </trkpt>
      <trkpt lat="-22.10915399" lon="114.0157173">
        <ele>292.55</ele>
        <time>2026-10-03T06:03:19Z</time>
        <extensions>
          <geotracker:meta c="1.49" s="8.75" />
        </extensions>
      </trkpt>
      <trkpt lat="-22.1091555" lon="114.01628743">
        <ele>292.2</ele>
        <time>2026-10-03T06:03:29Z</time>
        <extensions>
          <geotracker:meta c="1.5" s="4.62" />
        </extensions>
      </trkpt>
      <trkpt lat="-22.10917424" lon="114.01676509">
        <ele>287.77</ele>
        <time>2026-10-03T06:03:39Z</time>
        <extensions>
          <geotracker:meta c="1.68" s="5.89" />
        </extensions>
      </trkpt>
      <trkpt lat="-22.10928924" lon="114.01731163">
        <ele>286.95</ele>
        <time>2026-10-03T06:03:49Z</time>
        <extensions>
          <geotracker:meta c="1.8" s="4.42" />
        </extensions>
      </trkpt>
      <trkpt lat="-22.10943151" lon="114.01795645">
        <ele>287.74</ele>
        <time>2026-10-03T06:03:59Z</time>
        <extensions>
          <geotracker:meta c="1.77" s="6.75" />
        </extensions>
      </trkpt>
      <trkpt lat="-22.10954808" lon="114.01851218">
        <ele>286.57</ele>
        <time>2026-10-03T06:04:09Z</time>
        <extensions>
          <geotracker:meta c="1.81" s="6.2" />
        </extensions>
      </trkpt>
      <trkpt lat="-22.10967053" lon="114.01904728">
        <ele>284.17</ele>
        <time>2026-10-03T06:04:19Z</time>
        <extensions>
          <geotracker:meta c="1.87" s="5.44" />
        </extensions>
      </trkpt>
      <trkpt lat="-22.11004576" lon="114.0195134">
        <ele>286.47</ele>
        <time>2026-10-03T06:04:29Z</time>
        <extensions>
          <geotracker:meta c="2.35" s="6.82" />
        </extensions>
      </trkpt>
      <trkpt lat="-22.11031512" lon="114.02009069">
        <ele>288.06</ele>
        <time>2026-10-03T06:04:39Z</time>
        <extensions>
          <geotracker:meta c="1.9" s="6.87" />
        </extensions>
      </trkpt>
      <trkpt lat="-22.1104981" lon="114.0206911">
        <ele>284.19</ele>
        <time>2026-10-03T06:04:49Z</time>
        <extensions>
          <geotracker:meta c="1.91" s="6.17" />
        </extensions>
      </trkpt>
      <trkpt lat="-22.11043318" lon="114.02132288">
        <ele>285.11</ele>
        <time>2026-10-03T06:04:59Z</time>
        <extensions>
          <geotracker:meta c="0.99" s="6.16" />
        </extensions>
      </trkpt>
      <trkpt lat="-22.10997653" lon="114.02155207">
        <ele>281.51</ele>
        <time>2026-10-03T06:05:09Z</time>
        <extensions>
          <geotracker:meta c="0.27" s="6.17" />
        </extensions>
      </trkpt>
      <trkpt lat="-22.10867524" lon="114.0227012">
        <ele>275.61</ele>
        <time>2026-10-03T06:05:39Z</time>
        <extensions>
          <geotracker:meta c="1.01" s="6.1" />
        </extensions>
      </trkpt>
      <trkpt lat="-22.10842287" lon="114.02363001">
        <ele>274.39</ele>
        <time>2026-10-03T06:05:59Z</time>
        <extensions>
          <geotracker:meta c="1.51" s="6.7" />
        </extensions>
      </trkpt>
      <trkpt lat="-22.10826312" lon="114.02530431">
        <ele>276.94</ele>
        <time>2026-10-03T06:06:29Z</time>
        <extensions>
          <geotracker:meta c="1.4" s="6.64" />
        </extensions>
      </trkpt>
      <trkpt lat="-22.10869154" lon="114.02868521">
        <ele>274.43</ele>
        <time>2026-10-03T06:07:19Z</time>
        <extensions>
          <geotracker:meta c="1.94" s="7.36" />
        </extensions>
      </trkpt>
      <trkpt lat="-22.10981" lon="114.02981404">
        <ele>254.92</ele>
        <time>2026-10-03T06:07:49Z</time>
        <extensions>
          <geotracker:meta c="2.85" s="5.8" />
        </extensions>
      </trkpt>
      <trkpt lat="-22.11055028" lon="114.03051943">
        <ele>255.05</ele>
        <time>2026-10-03T06:08:19Z</time>
        <extensions>
          <geotracker:meta c="1.77" s="1.43" />
        </extensions>
      </trkpt>
      <trkpt lat="-22.11068242" lon="114.03075955">
        <ele>256.75</ele>
        <time>2026-10-03T06:08:39Z</time>
        <extensions>
          <geotracker:meta c="2.08" s="3.41" />
        </extensions>
      </trkpt>
      <trkpt lat="-22.1108209" lon="114.03110587">
        <ele>250.22</ele>
        <time>2026-10-03T06:08:49Z</time>
        <extensions>
          <geotracker:meta c="2.03" s="3.82" />
        </extensions>
      </trkpt>
      <trkpt lat="-22.11192453" lon="114.03284263">
        <ele>258.72</ele>
        <time>2026-10-03T06:09:29Z</time>
        <extensions>
          <geotracker:meta c="2" s="7.02" />
        </extensions>
      </trkpt>
      <trkpt lat="-22.11269579" lon="114.03339946">
        <ele>257.6</ele>
        <time>2026-10-03T06:09:49Z</time>
        <extensions>
          <geotracker:meta c="2.76" s="3.51" />
        </extensions>
      </trkpt>
      <trkpt lat="-22.11434531" lon="114.03556183">
        <ele>240.49</ele>
        <time>2026-10-03T06:10:39Z</time>
        <extensions>
          <geotracker:meta c="1.71" s="10.86" />
        </extensions>
      </trkpt>
      <trkpt lat="-22.11535497" lon="114.03717766">
        <ele>233.47</ele>
        <time>2026-10-03T06:10:59Z</time>
        <extensions>
          <geotracker:meta c="2.47" s="10.23" />
        </extensions>
      </trkpt>
      <trkpt lat="-22.11585036" lon="114.03800891">
        <ele>229.41</ele>
        <time>2026-10-03T06:11:09Z</time>
        <extensions>
          <geotracker:meta c="1.79" s="9.79" />
        </extensions>
      </trkpt>
      <trkpt lat="-22.11697866" lon="114.04067402">
        <ele>219.81</ele>
        <time>2026-10-03T06:11:49Z</time>
        <extensions>
          <geotracker:meta c="1.33" s="8.72" />
        </extensions>
      </trkpt>
      <trkpt lat="-22.11580275" lon="114.04308547">
        <ele>195</ele>
        <time>2026-10-03T06:12:19Z</time>
        <extensions>
          <geotracker:meta c="1.54" s="10.49" />
        </extensions>
      </trkpt>
      <trkpt lat="-22.11746285" lon="114.04624757">
        <ele>156.85</ele>
        <time>2026-10-03T06:12:49Z</time>
        <extensions>
          <geotracker:meta c="2.13" s="14.16" />
        </extensions>
      </trkpt>
      <trkpt lat="-22.11864906" lon="114.05141503">
        <ele>105.71</ele>
        <time>2026-10-03T06:13:29Z</time>
        <extensions>
          <geotracker:meta c="1.25" s="13.12" />
        </extensions>
      </trkpt>
      <trkpt lat="-22.11938148" lon="114.05512806">
        <ele>74.09</ele>
        <time>2026-10-03T06:13:59Z</time>
        <extensions>
          <geotracker:meta c="1.6" s="13.69" />
        </extensions>
      </trkpt>
      <trkpt lat="-22.11883323" lon="114.05886802">
        <ele>47.36</ele>
        <time>2026-10-03T06:14:29Z</time>
        <extensions>
          <geotracker:meta c="2.25" s="14.76" />
        </extensions>
      </trkpt>
      <trkpt lat="-22.12123852" lon="114.06701384">
        <ele>21.07</ele>
        <time>2026-10-03T06:15:29Z</time>
        <extensions>
          <geotracker:meta c="1.84" s="15.28" />
        </extensions>
      </trkpt>
      <trkpt lat="-22.12217272" lon="114.07261784">
        <ele>8.21</ele>
        <time>2026-10-03T06:16:09Z</time>
        <extensions>
          <geotracker:meta c="1.4" s="14.73" />
        </extensions>
      </trkpt>
      <trkpt lat="-22.12333713" lon="114.08026229">
        <ele>3.07</ele>
        <time>2026-10-03T06:16:59Z</time>
        <extensions>
          <geotracker:meta c="1.78" s="15.58" />
        </extensions>
      </trkpt>
      <trkpt lat="-22.12375713" lon="114.08382318">
        <ele>-2.71</ele>
        <time>2026-10-03T06:17:31Z</time>
        <extensions>
          <geotracker:meta c="0.36" s="7.77" />
        </extensions>
      </trkpt>
    </trkseg>
    <trkseg>
      <trkpt lat="-22.10509891" lon="114.09144567">
        <ele>-5.66</ele>
        <time>2026-10-03T06:19:21Z</time>
        <extensions>
          <geotracker:meta c="0.31" s="20.8" />
        </extensions>
      </trkpt>
      <trkpt lat="-22.10321144" lon="114.09207731">
        <ele>-2.63</ele>
        <time>2026-10-03T06:19:31Z</time>
        <extensions>
          <geotracker:meta c="0.31" s="22.96" />
        </extensions>
      </trkpt>
      <trkpt lat="-22.09920955" lon="114.09344782">
        <ele>-4.26</ele>
        <time>2026-10-03T06:19:51Z</time>
        <extensions>
          <geotracker:meta c="0.31" s="23.01" />
        </extensions>
      </trkpt>
      <trkpt lat="-22.09725149" lon="114.09410454">
        <ele>-5.89</ele>
        <time>2026-10-03T06:20:01Z</time>
        <extensions>
          <geotracker:meta c="0.31" s="22.5" />
        </extensions>
      </trkpt>
      <trkpt lat="-22.09530764" lon="114.09476488">
        <ele>-7.33</ele>
        <time>2026-10-03T06:20:11Z</time>
        <extensions>
          <geotracker:meta c="0.3" s="22.19" />
        </extensions>
      </trkpt>
      <trkpt lat="-22.0912886" lon="114.09574186">
        <ele>-2.9</ele>
        <time>2026-10-03T06:20:31Z</time>
        <extensions>
          <geotracker:meta c="0.15" s="22.24" />
        </extensions>
      </trkpt>
      <trkpt lat="-22.08928965" lon="114.09604009">
        <ele>-2.79</ele>
        <time>2026-10-03T06:20:41Z</time>
        <extensions>
          <geotracker:meta c="0.15" s="22.59" />
        </extensions>
      </trkpt>
      <trkpt lat="-22.08723515" lon="114.09635455">
        <ele>-3.25</ele>
        <time>2026-10-03T06:20:51Z</time>
        <extensions>
          <geotracker:meta c="0.14" s="23.16" />
        </extensions>
      </trkpt>
      <trkpt lat="-22.0851349" lon="114.09667079">
        <ele>-7.74</ele>
        <time>2026-10-03T06:21:01Z</time>
        <extensions>
          <geotracker:meta c="0.14" s="23.4" />
        </extensions>
      </trkpt>
      <trkpt lat="-22.08096108" lon="114.0973024">
        <ele>-5.78</ele>
        <time>2026-10-03T06:21:21Z</time>
        <extensions>
          <geotracker:meta c="0.14" s="23.33" />
        </extensions>
      </trkpt>
      <trkpt lat="-22.07890657" lon="114.09771636">
        <ele>-7.17</ele>
        <time>2026-10-03T06:21:31Z</time>
        <extensions>
          <geotracker:meta c="0.28" s="23.02" />
        </extensions>
      </trkpt>
      <trkpt lat="-22.07698945" lon="114.09849036">
        <ele>-6.08</ele>
        <time>2026-10-03T06:21:41Z</time>
        <extensions>
          <geotracker:meta c="0.37" s="22.48" />
        </extensions>
      </trkpt>
      <trkpt lat="-22.07512043" lon="114.09931531">
        <ele>-3.84</ele>
        <time>2026-10-03T06:21:51Z</time>
        <extensions>
          <geotracker:meta c="0.38" s="22.72" />
        </extensions>
      </trkpt>
      <trkpt lat="-22.07125411" lon="114.10099902">
        <ele>-2.9</ele>
        <time>2026-10-03T06:22:11Z</time>
        <extensions>
          <geotracker:meta c="0.39" s="23.1" />
        </extensions>
      </trkpt>
      <trkpt lat="-22.06935394" lon="114.10186034">
        <ele>-0.6</ele>
        <time>2026-10-03T06:22:21Z</time>
        <extensions>
          <geotracker:meta c="0.41" s="22.82" />
        </extensions>
      </trkpt>
      <trkpt lat="-22.06742841" lon="114.10273548">
        <ele>-4.87</ele>
        <time>2026-10-03T06:22:31Z</time>
        <extensions>
          <geotracker:meta c="0.4" s="23.37" />
        </extensions>
      </trkpt>
      <trkpt lat="-22.06550831" lon="114.10362135">
        <ele>-4.57</ele>
        <time>2026-10-03T06:22:41Z</time>
        <extensions>
          <geotracker:meta c="0.4" s="23.08" />
        </extensions>
      </trkpt>
      <trkpt lat="-22.06167018" lon="114.10539048">
        <ele>-3.33</ele>
        <time>2026-10-03T06:23:01Z</time>
        <extensions>
          <geotracker:meta c="0.4" s="23.2" />
        </extensions>
      </trkpt>
      <trkpt lat="-22.05974003" lon="114.10628145">
        <ele>-4.08</ele>
        <time>2026-10-03T06:23:11Z</time>
        <extensions>
          <geotracker:meta c="0.4" s="22.83" />
        </extensions>
      </trkpt>
      <trkpt lat="-22.05785706" lon="114.10713586">
        <ele>-3.95</ele>
        <time>2026-10-03T06:23:21Z</time>
        <extensions>
          <geotracker:meta c="0.4" s="22.4" />
        </extensions>
      </trkpt>
      <trkpt lat="-22.05601202" lon="114.10799177">
        <ele>-1.73</ele>
        <time>2026-10-03T06:23:31Z</time>
        <extensions>
          <geotracker:meta c="0.4" s="21.88" />
        </extensions>
      </trkpt>
      <trkpt lat="-22.05416159" lon="114.108842">
        <ele>-2</ele>
        <time>2026-10-03T06:23:41Z</time>
        <extensions>
          <geotracker:meta c="0.41" s="23.06" />
        </extensions>
      </trkpt>
      <trkpt lat="-22.05223921" lon="114.109719">
        <ele>-1.43</ele>
        <time>2026-10-03T06:23:51Z</time>
        <extensions>
          <geotracker:meta c="0.41" s="23.29" />
        </extensions>
      </trkpt>
      <trkpt lat="-22.05037662" lon="114.11038993">
        <ele>-4.78</ele>
        <time>2026-10-03T06:24:01Z</time>
        <extensions>
          <geotracker:meta c="0.16" s="20.69" />
        </extensions>
      </trkpt>
      <trkpt lat="-22.04656563" lon="114.11019739">
        <ele>-3.95</ele>
        <time>2026-10-03T06:24:21Z</time>
        <extensions>
          <geotracker:meta c="6.21" s="22.18" />
        </extensions>
      </trkpt>
      <trkpt lat="-22.04452878" lon="114.11004993">
        <ele>-3.72</ele>
        <time>2026-10-03T06:24:31Z</time>
        <extensions>
          <geotracker:meta c="6.22" s="22.66" />
        </extensions>
      </trkpt>
      <trkpt lat="-22.04244087" lon="114.10988602">
        <ele>-2.03</ele>
        <time>2026-10-03T06:24:41Z</time>
        <extensions>
          <geotracker:meta c="6.2" s="23.75" />
        </extensions>
      </trkpt>
      <trkpt lat="-22.04036844" lon="114.10947727">
        <ele>-2.72</ele>
        <time>2026-10-03T06:24:51Z</time>
        <extensions>
          <geotracker:meta c="6.05" s="23.36" />
        </extensions>
      </trkpt>
      <trkpt lat="-22.03615538" lon="114.10838026">
        <ele>-4.44</ele>
        <time>2026-10-03T06:25:11Z</time>
        <extensions>
          <geotracker:meta c="6.04" s="23.76" />
        </extensions>
      </trkpt>
      <trkpt lat="-22.0340569" lon="114.10786099">
        <ele>-2.68</ele>
        <time>2026-10-03T06:25:21Z</time>
        <extensions>
          <geotracker:meta c="6.05" s="24.19" />
        </extensions>
      </trkpt>
      <trkpt lat="-22.02780031" lon="114.10842038">
        <ele>-5.45</ele>
        <time>2026-10-03T06:25:51Z</time>
        <extensions>
          <geotracker:meta c="0.34" s="25.99" />
        </extensions>
      </trkpt>
      <trkpt lat="-22.02342193" lon="114.11013654">
        <ele>-3.55</ele>
        <time>2026-10-03T06:26:11Z</time>
        <extensions>
          <geotracker:meta c="0.35" s="25.23" />
        </extensions>
      </trkpt>
      <trkpt lat="-22.0149612" lon="114.11342914">
        <ele>-2.46</ele>
        <time>2026-10-03T06:26:51Z</time>
        <extensions>
          <geotracker:meta c="0.34" s="25.11" />
        </extensions>
      </trkpt>
      <trkpt lat="-22.00861315" lon="114.11587341">
        <ele>1.09</ele>
        <time>2026-10-03T06:27:21Z</time>
        <extensions>
          <geotracker:meta c="0.35" s="24.17" />
        </extensions>
      </trkpt>
    </trkseg>
    <trkseg>
      <trkpt lat="-21.96045212" lon="114.13073768">
        <ele>-5.29</ele>
        <time>2026-10-03T06:31:41Z</time>
        <extensions>
          <geotracker:meta c="0.2" s="18.16" />
        </extensions>
      </trkpt>
      <trkpt lat="-21.95307164" lon="114.13235181">
        <ele>-8.18</ele>
        <time>2026-10-03T06:32:31Z</time>
        <extensions>
          <geotracker:meta c="0.21" s="15.81" />
        </extensions>
      </trkpt>
      <trkpt lat="-21.94718707" lon="114.13345866">
        <ele>-6.58</ele>
        <time>2026-10-03T06:33:13Z</time>
        <extensions>
          <geotracker:meta c="6.25" s="14.89" />
        </extensions>
      </trkpt>
      <trkpt lat="-21.94553808" lon="114.13351266">
        <ele>-7.09</ele>
        <time>2026-10-03T06:33:33Z</time>
        <extensions>
          <geotracker:meta c="1.55" s="8.81" />
        </extensions>
      </trkpt>
      <trkpt lat="-21.94554954" lon="114.13742539">
        <ele>-2.39</ele>
        <time>2026-10-03T06:34:13Z</time>
        <extensions>
          <geotracker:meta c="1.58" s="11.63" />
        </extensions>
      </trkpt>
      <trkpt lat="-21.94566453" lon="114.13964702">
        <ele>-4.84</ele>
        <time>2026-10-03T07:02:44Z</time>
        <extensions>
          <geotracker:meta c="1.71" s="0.6" />
        </extensions>
      </trkpt>
      <trkpt lat="-21.94554484" lon="114.13943628">
        <ele>-3.43</ele>
        <time>2026-10-03T07:03:02Z</time>
        <extensions>
          <geotracker:meta c="4.97" s="5.5" />
        </extensions>
      </trkpt>
      <trkpt lat="-21.94555481" lon="114.13613803">
        <ele>-6.39</ele>
        <time>2026-10-03T07:03:39Z</time>
        <extensions>
          <geotracker:meta c="4.72" s="10.48" />
        </extensions>
      </trkpt>
      <trkpt lat="-21.94556842" lon="114.13520487">
        <ele>-7.06</ele>
        <time>2026-10-03T07:03:49Z</time>
        <extensions>
          <geotracker:meta c="4.67" s="7.35" />
        </extensions>
      </trkpt>
      <trkpt lat="-21.94560957" lon="114.1347425">
        <ele>-6.17</ele>
        <time>2026-10-03T07:03:58Z</time>
        <extensions>
          <geotracker:meta c="5.06" s="8.01" />
        </extensions>
      </trkpt>
      <trkpt lat="-21.94557665" lon="114.13387327">
        <ele>-5.38</ele>
        <time>2026-10-03T07:04:07Z</time>
        <extensions>
          <geotracker:meta c="4.71" s="10.16" />
        </extensions>
      </trkpt>
      <trkpt lat="-21.94560216" lon="114.1332449">
        <ele>-4.2</ele>
        <time>2026-10-03T07:04:16Z</time>
        <extensions>
          <geotracker:meta c="4.76" s="5.03" />
        </extensions>
      </trkpt>
      <trkpt lat="-21.9450921" lon="114.13296018">
        <ele>-4.16</ele>
        <time>2026-10-03T07:04:25Z</time>
        <extensions>
          <geotracker:meta c="5.94" s="8.79" />
        </extensions>
      </trkpt>
      <trkpt lat="-21.94434138" lon="114.13265833">
        <ele>-3.85</ele>
        <time>2026-10-03T07:04:34Z</time>
        <extensions>
          <geotracker:meta c="5.94" s="10.1" />
        </extensions>
      </trkpt>
      <trkpt lat="-21.94255391" lon="114.13195051">
        <ele>-2.62</ele>
        <time>2026-10-03T07:04:52Z</time>
        <extensions>
          <geotracker:meta c="5.94" s="13.64" />
        </extensions>
      </trkpt>
      <trkpt lat="-21.94146553" lon="114.13152559">
        <ele>-2.76</ele>
        <time>2026-10-03T07:05:01Z</time>
        <extensions>
          <geotracker:meta c="5.91" s="14.3" />
        </extensions>
      </trkpt>
      <trkpt lat="-21.94050784" lon="114.13114547">
        <ele>-1.42</ele>
        <time>2026-10-03T07:05:10Z</time>
        <extensions>
          <geotracker:meta c="5.92" s="9.7" />
        </extensions>
      </trkpt>
      <trkpt lat="-21.94047102" lon="114.13061072">
        <ele>-1.42</ele>
        <time>2026-10-03T07:05:19Z</time>
        <extensions>
          <geotracker:meta c="4.5" s="5.66" />
        </extensions>
      </trkpt>
      <trkpt lat="-21.9403121" lon="114.13045379">
        <ele>-1.2</ele>
        <time>2026-10-03T07:05:28Z</time>
        <extensions>
          <geotracker:meta c="6.03" s="0.46" />
        </extensions>
      </trkpt>
      <trkpt lat="-21.94030818" lon="114.13043203">
        <ele>-0.36</ele>
        <time>2026-10-03T07:23:57Z</time>
        <extensions>
          <geotracker:meta c="4.02" s="0.36" />
        </extensions>
      </trkpt>
      <trkpt lat="-21.93940026" lon="114.13070419">
        <ele>-1.44</ele>
        <time>2026-10-03T07:35:55Z</time>
        <extensions>
          <geotracker:meta c="5.93" s="10.42" />
        </extensions>
      </trkpt>
      <trkpt lat="-21.9386759" lon="114.13041984">
        <ele>-1.03</ele>
        <time>2026-10-03T07:36:04Z</time>
        <extensions>
          <geotracker:meta c="5.96" s="8.77" />
        </extensions>
      </trkpt>
      <trkpt lat="-21.93839661" lon="114.13001396">
        <ele>-0.6</ele>
        <time>2026-10-03T07:36:13Z</time>
        <extensions>
          <geotracker:meta c="5" s="5.01" />
        </extensions>
      </trkpt>
      <trkpt lat="-21.93831289" lon="114.12980957">
        <ele>0.22</ele>
        <time>2026-10-03T07:36:22Z</time>
        <extensions>
          <geotracker:meta c="4.62" s="0.41" />
        </extensions>
      </trkpt>
      <trkpt lat="-21.93774205" lon="114.12928169">
        <ele>0</ele>
        <time>2026-10-03T07:37:29Z</time>
        <extensions>
          <geotracker:meta c="0.58" s="4.27" />
        </extensions>
      </trkpt>
      <trkpt lat="-21.93759092" lon="114.12947386">
        <ele>-0.45</ele>
        <time>2026-10-03T07:37:38Z</time>
        <extensions>
          <geotracker:meta c="6.14" s="0.96" />
        </extensions>
      </trkpt>
      <trkpt lat="-21.93743517" lon="114.12950579">
        <ele>21.26</ele>
        <time>2026-10-03T07:39:40Z</time>
        <extensions>
          <geotracker:meta c="0.87" s="1.04" />
        </extensions>
      </trkpt>
      <trkpt lat="-21.936422" lon="114.12951814">
        <ele>-0.27</ele>
        <time>2026-10-03T07:42:36Z</time>
        <extensions>
          <geotracker:meta c="5.9" s="9.33" />
        </extensions>
      </trkpt>
      <trkpt lat="-21.93329424" lon="114.12828784">
        <ele>-0.18</ele>
        <time>2026-10-03T07:43:06Z</time>
        <extensions>
          <geotracker:meta c="5.93" s="12.05" />
        </extensions>
      </trkpt>
      <trkpt lat="-21.93278243" lon="114.12770963">
        <ele>-3.22</ele>
        <time>2026-10-03T07:47:35Z</time>
        <extensions>
          <geotracker:meta c="4.01" s="0.6" />
        </extensions>
      </trkpt>
      <trkpt lat="-21.93243532" lon="114.12745776">
        <ele>2.04</ele>
        <time>2026-10-03T07:51:42Z</time>
        <extensions>
          <geotracker:meta c="4.47" s="3.64" />
        </extensions>
      </trkpt>
      <trkpt lat="-21.9325619" lon="114.1270608">
        <ele>3.09</ele>
        <time>2026-10-03T07:51:52Z</time>
        <extensions>
          <geotracker:meta c="4.25" s="3.7" />
        </extensions>
      </trkpt>
      <trkpt lat="-21.93263138" lon="114.12684808">
        <ele>1.65</ele>
        <time>2026-10-03T07:53:21Z</time>
        <extensions>
          <geotracker:meta c="5.4" s="2.14" />
        </extensions>
      </trkpt>
      <trkpt lat="-21.93174452" lon="114.12391069">
        <ele>5.46</ele>
        <time>2026-10-03T07:54:01Z</time>
        <extensions>
          <geotracker:meta c="4.59" s="5.84" />
        </extensions>
      </trkpt>
      <trkpt lat="-21.93187669" lon="114.12247132">
        <ele>5.5</ele>
        <time>2026-10-03T07:54:31Z</time>
        <extensions>
          <geotracker:meta c="4.88" s="4.61" />
        </extensions>
      </trkpt>
      <trkpt lat="-21.93120148" lon="114.1225486">
        <ele>8.74</ele>
        <time>2026-10-03T07:57:22Z</time>
        <extensions>
          <geotracker:meta c="0.06" s="0.86" />
        </extensions>
      </trkpt>
      <trkpt lat="-21.93093505" lon="114.12255252">
        <ele>3.5</ele>
        <time>2026-10-03T07:58:04Z</time>
        <extensions>
          <geotracker:meta c="6.25" s="0.76" />
        </extensions>
      </trkpt>
      <trkpt lat="-21.93088337" lon="114.12234403">
        <ele>8.69</ele>
        <time>2026-10-03T07:58:49Z</time>
        <extensions>
          <geotracker:meta c="4.99" s="0.2" />
        </extensions>
      </trkpt>
    </trkseg>
    <trkseg>
      <trkpt lat="-21.93954352" lon="114.13079801">
        <ele>-5.84</ele>
        <time>2026-10-03T08:20:46Z</time>
        <extensions>
          <geotracker:meta c="5.73" s="1.54" />
        </extensions>
      </trkpt>
      <trkpt lat="-21.94034532" lon="114.13108864">
        <ele>-0.86</ele>
        <time>2026-10-03T08:22:02Z</time>
        <extensions>
          <geotracker:meta c="3.2" s="6.89" />
        </extensions>
      </trkpt>
      <trkpt lat="-21.94058051" lon="114.13043221">
        <ele>-12.98</ele>
        <time>2026-10-03T08:22:13Z</time>
        <extensions>
          <geotracker:meta c="4.5" s="8.81" />
        </extensions>
      </trkpt>
      <trkpt lat="-21.94072294" lon="114.12932377">
        <ele>-8.4</ele>
        <time>2026-10-03T08:22:22Z</time>
        <extensions>
          <geotracker:meta c="4.54" s="12.21" />
        </extensions>
      </trkpt>
      <trkpt lat="-21.94090134" lon="114.12810076">
        <ele>-4.74</ele>
        <time>2026-10-03T08:22:32Z</time>
        <extensions>
          <geotracker:meta c="4.54" s="12.54" />
        </extensions>
      </trkpt>
      <trkpt lat="-21.94127145" lon="114.12633188">
        <ele>1.89</ele>
        <time>2026-10-03T08:22:50Z</time>
        <extensions>
          <geotracker:meta c="4.29" s="5.21" />
        </extensions>
      </trkpt>
      <trkpt lat="-21.9409775" lon="114.12592959">
        <ele>3.35</ele>
        <time>2026-10-03T08:23:02Z</time>
        <extensions>
          <geotracker:meta c="5.69" s="8.64" />
        </extensions>
      </trkpt>
      <trkpt lat="-21.93918467" lon="114.12460064">
        <ele>2.7</ele>
        <time>2026-10-03T08:23:20Z</time>
        <extensions>
          <geotracker:meta c="5.69" s="14.43" />
        </extensions>
      </trkpt>
      <trkpt lat="-21.9381435" lon="114.12392274">
        <ele>2.81</ele>
        <time>2026-10-03T08:23:30Z</time>
        <extensions>
          <geotracker:meta c="5.87" s="13.59" />
        </extensions>
      </trkpt>
      <trkpt lat="-21.93714345" lon="114.12374079">
        <ele>2.13</ele>
        <time>2026-10-03T08:23:40Z</time>
        <extensions>
          <geotracker:meta c="6.27" s="7.23" />
        </extensions>
      </trkpt>
      <trkpt lat="-21.93683425" lon="114.12385416">
        <ele>3.24</ele>
        <time>2026-10-03T08:23:52Z</time>
        <extensions>
          <geotracker:meta c="1.39" s="4.46" />
        </extensions>
      </trkpt>
      <trkpt lat="-21.93682446" lon="114.12577184">
        <ele>-4.95</ele>
        <time>2026-10-03T08:24:10Z</time>
        <extensions>
          <geotracker:meta c="1.55" s="13.19" />
        </extensions>
      </trkpt>
      <trkpt lat="-21.93668425" lon="114.12719779">
        <ele>-1.46</ele>
        <time>2026-10-03T08:24:22Z</time>
        <extensions>
          <geotracker:meta c="1.38" s="12.09" />
        </extensions>
      </trkpt>
      <trkpt lat="-21.9364929" lon="114.12835482">
        <ele>-3.28</ele>
        <time>2026-10-03T08:24:32Z</time>
        <extensions>
          <geotracker:meta c="1.4" s="12.14" />
        </extensions>
      </trkpt>
      <trkpt lat="-21.93634586" lon="114.12928026">
        <ele>-1.63</ele>
        <time>2026-10-03T08:24:42Z</time>
        <extensions>
          <geotracker:meta c="1.33" s="6.5" />
        </extensions>
      </trkpt>
      <trkpt lat="-21.93582777" lon="114.129249">
        <ele>-2.1</ele>
        <time>2026-10-03T08:24:52Z</time>
        <extensions>
          <geotracker:meta c="5.94" s="9.33" />
        </extensions>
      </trkpt>
      <trkpt lat="-21.93486641" lon="114.12888779">
        <ele>-3.18</ele>
        <time>2026-10-03T08:25:02Z</time>
        <extensions>
          <geotracker:meta c="5.95" s="12.34" />
        </extensions>
      </trkpt>
      <trkpt lat="-21.93382757" lon="114.12849822">
        <ele>-5.41</ele>
        <time>2026-10-03T08:25:12Z</time>
        <extensions>
          <geotracker:meta c="5.93" s="12.48" />
        </extensions>
      </trkpt>
      <trkpt lat="-21.93194457" lon="114.12775246">
        <ele>-3.3</ele>
        <time>2026-10-03T08:25:30Z</time>
        <extensions>
          <geotracker:meta c="5.92" s="12" />
        </extensions>
      </trkpt>
      <trkpt lat="-21.93073891" lon="114.12727197">
        <ele>-2.63</ele>
        <time>2026-10-03T08:25:41Z</time>
        <extensions>
          <geotracker:meta c="5.94" s="13.54" />
        </extensions>
      </trkpt>
      <trkpt lat="-21.92870994" lon="114.12645303">
        <ele>-5.71</ele>
        <time>2026-10-03T08:26:00Z</time>
        <extensions>
          <geotracker:meta c="5.93" s="11.99" />
        </extensions>
      </trkpt>
      <trkpt lat="-21.9275092" lon="114.12597476">
        <ele>-2.98</ele>
        <time>2026-10-03T08:26:11Z</time>
        <extensions>
          <geotracker:meta c="5.86" s="13.04" />
        </extensions>
      </trkpt>
      <trkpt lat="-21.92651336" lon="114.12534597">
        <ele>5.68</ele>
        <time>2026-10-03T08:26:20Z</time>
        <extensions>
          <geotracker:meta c="5.67" s="15.12" />
        </extensions>
      </trkpt>
      <trkpt lat="-21.92534184" lon="114.12442147">
        <ele>5.47</ele>
        <time>2026-10-03T08:26:30Z</time>
        <extensions>
          <geotracker:meta c="5.66" s="17.23" />
        </extensions>
      </trkpt>
      <trkpt lat="-21.92379015" lon="114.12323022">
        <ele>5.48</ele>
        <time>2026-10-03T08:26:42Z</time>
        <extensions>
          <geotracker:meta c="5.67" s="17.92" />
        </extensions>
      </trkpt>
      <trkpt lat="-21.92261445" lon="114.12232057">
        <ele>3.6</ele>
        <time>2026-10-03T08:26:51Z</time>
        <extensions>
          <geotracker:meta c="5.65" s="17.24" />
        </extensions>
      </trkpt>
      <trkpt lat="-21.92144148" lon="114.12141506">
        <ele>2.18</ele>
        <time>2026-10-03T08:27:01Z</time>
        <extensions>
          <geotracker:meta c="5.68" s="15.36" />
        </extensions>
      </trkpt>
      <trkpt lat="-21.92025213" lon="114.12081526">
        <ele>3.34</ele>
        <time>2026-10-03T08:27:10Z</time>
        <extensions>
          <geotracker:meta c="6" s="17.01" />
        </extensions>
      </trkpt>
      <trkpt lat="-21.91867066" lon="114.12053508">
        <ele>3.16</ele>
        <time>2026-10-03T08:27:20Z</time>
        <extensions>
          <geotracker:meta c="6.21" s="17.95" />
        </extensions>
      </trkpt>
      <trkpt lat="-21.91718929" lon="114.12034029">
        <ele>2.62</ele>
        <time>2026-10-03T08:27:29Z</time>
        <extensions>
          <geotracker:meta c="6.28" s="19.24" />
        </extensions>
      </trkpt>
      <trkpt lat="-21.91411821" lon="114.11992088">
        <ele>2.18</ele>
        <time>2026-10-03T08:27:46Z</time>
        <extensions>
          <geotracker:meta c="6.15" s="20.81" />
        </extensions>
      </trkpt>
      <trkpt lat="-21.90777704" lon="114.11905222">
        <ele>-0.98</ele>
        <time>2026-10-03T08:28:18Z</time>
        <extensions>
          <geotracker:meta c="6.16" s="22.95" />
        </extensions>
      </trkpt>
      <trkpt lat="-21.90139951" lon="114.1187069">
        <ele>-1.21</ele>
        <time>2026-10-03T08:28:48Z</time>
        <extensions>
          <geotracker:meta c="0.35" s="23.98" />
        </extensions>
      </trkpt>
      <trkpt lat="-21.89568041" lon="114.1215335">
        <ele>2.32</ele>
        <time>2026-10-03T08:29:18Z</time>
        <extensions>
          <geotracker:meta c="0.75" s="22.98" />
        </extensions>
      </trkpt>
      <trkpt lat="-21.89431659" lon="114.12574103">
        <ele>0.45</ele>
        <time>2026-10-03T08:29:38Z</time>
        <extensions>
          <geotracker:meta c="1.35" s="23.65" />
        </extensions>
      </trkpt>
      <trkpt lat="-21.89097166" lon="114.13127842">
        <ele>-5.6</ele>
        <time>2026-10-03T08:30:18Z</time>
        <extensions>
          <geotracker:meta c="0.22" s="19.33" />
        </extensions>
      </trkpt>
      <trkpt lat="-21.8875491" lon="114.13207963">
        <ele>-1.05</ele>
        <time>2026-10-03T08:30:38Z</time>
        <extensions>
          <geotracker:meta c="0.21" s="19.16" />
        </extensions>
      </trkpt>
      <trkpt lat="-21.88423429" lon="114.13288896">
        <ele>-2.14</ele>
        <time>2026-10-03T08:30:58Z</time>
        <extensions>
          <geotracker:meta c="0.22" s="18.72" />
        </extensions>
      </trkpt>
      <trkpt lat="-21.87635743" lon="114.13541464">
        <ele>-4.11</ele>
        <time>2026-10-03T08:31:38Z</time>
        <extensions>
          <geotracker:meta c="0.41" s="26.03" />
        </extensions>
      </trkpt>
      <trkpt lat="-21.87198084" lon="114.13740524">
        <ele>-6.75</ele>
        <time>2026-10-03T08:31:58Z</time>
        <extensions>
          <geotracker:meta c="0.4" s="26.67" />
        </extensions>
      </trkpt>
    </trkseg>
    <trkseg>
      <trkpt lat="-21.85241794" lon="114.14782522">
        <ele>-6.83</ele>
        <time>2026-10-03T08:33:34Z</time>
        <extensions>
          <geotracker:meta c="0.55" s="23.64" />
        </extensions>
      </trkpt>
      <trkpt lat="-21.84811148" lon="114.15067963">
        <ele>-4.27</ele>
        <time>2026-10-03T08:33:58Z</time>
        <extensions>
          <geotracker:meta c="0.6" s="23.73" />
        </extensions>
      </trkpt>
      <trkpt lat="-21.84624951" lon="114.15235143">
        <ele>-5.21</ele>
        <time>2026-10-03T08:34:10Z</time>
        <extensions>
          <geotracker:meta c="0.74" s="20.71" />
        </extensions>
      </trkpt>
      <trkpt lat="-21.84490882" lon="114.153651">
        <ele>-7.44</ele>
        <time>2026-10-03T08:34:20Z</time>
        <extensions>
          <geotracker:meta c="0.74" s="18.68" />
        </extensions>
      </trkpt>
      <trkpt lat="-21.84380691" lon="114.15474216">
        <ele>-8.76</ele>
        <time>2026-10-03T08:34:30Z</time>
        <extensions>
          <geotracker:meta c="0.75" s="14.16" />
        </extensions>
      </trkpt>
      <trkpt lat="-21.84342406" lon="114.15502325">
        <ele>-9.65</ele>
        <time>2026-10-03T08:34:39Z</time>
        <extensions>
          <geotracker:meta c="0.64" s="0.89" />
        </extensions>
      </trkpt>
      <trkpt lat="-21.8419912" lon="114.15544892">
        <ele>-10.29</ele>
        <time>2026-10-03T08:39:11Z</time>
        <extensions>
          <geotracker:meta c="5.53" s="11.33" />
        </extensions>
      </trkpt>
    </trkseg>
    <trkseg>
      <trkpt lat="-21.80172616" lon="114.13965219">
        <ele>-8.69</ele>
        <time>2026-10-03T08:45:24Z</time>
        <extensions>
          <geotracker:meta c="5.5" s="0.86" />
        </extensions>
      </trkpt>
      <trkpt lat="-21.8015322" lon="114.1395636">
        <ele>-5.05</ele>
        <time>2026-10-03T09:07:23Z</time>
        <extensions>
          <geotracker:meta c="4.29" s="0.8" />
        </extensions>
      </trkpt>
      <trkpt lat="-21.80437803" lon="114.14049905">
        <ele>-10.94</ele>
        <time>2026-10-03T10:04:32Z</time>
        <extensions>
          <geotracker:meta c="4.04" s="9.23" />
        </extensions>
      </trkpt>
      <trkpt lat="-21.80501802" lon="114.13970818">
        <ele>-10.19</ele>
        <time>2026-10-03T10:04:41Z</time>
        <extensions>
          <geotracker:meta c="3.95" s="14.07" />
        </extensions>
      </trkpt>
      <trkpt lat="-21.80702611" lon="114.13721174">
        <ele>-9.76</ele>
        <time>2026-10-03T10:05:00Z</time>
        <extensions>
          <geotracker:meta c="3.9" s="19.41" />
        </extensions>
      </trkpt>
      <trkpt lat="-21.80807642" lon="114.13592343">
        <ele>-7.7</ele>
        <time>2026-10-03T10:05:09Z</time>
        <extensions>
          <geotracker:meta c="4.01" s="20.03" />
        </extensions>
      </trkpt>
      <trkpt lat="-21.80901537" lon="114.13476709">
        <ele>-7.7</ele>
        <time>2026-10-03T10:05:18Z</time>
        <extensions>
          <geotracker:meta c="3.99" s="15.4" />
        </extensions>
      </trkpt>
      <trkpt lat="-21.80977053" lon="114.1338387">
        <ele>-8.15</ele>
        <time>2026-10-03T10:05:27Z</time>
        <extensions>
          <geotracker:meta c="4.03" s="13.85" />
        </extensions>
      </trkpt>
      <trkpt lat="-21.81022193" lon="114.13324091">
        <ele>-8.18</ele>
        <time>2026-10-03T10:05:36Z</time>
        <extensions>
          <geotracker:meta c="4.39" s="5.07" />
        </extensions>
      </trkpt>
      <trkpt lat="-21.80956773" lon="114.13277087">
        <ele>-7.31</ele>
        <time>2026-10-03T10:05:46Z</time>
        <extensions>
          <geotracker:meta c="5.78" s="12.63" />
        </extensions>
      </trkpt>
      <trkpt lat="-21.80850404" lon="114.13203816">
        <ele>-7.95</ele>
        <time>2026-10-03T10:05:55Z</time>
        <extensions>
          <geotracker:meta c="5.55" s="17.48" />
        </extensions>
      </trkpt>
      <trkpt lat="-21.80770057" lon="114.13065482">
        <ele>-7.51</ele>
        <time>2026-10-03T10:06:04Z</time>
        <extensions>
          <geotracker:meta c="4.98" s="19.91" />
        </extensions>
      </trkpt>
      <trkpt lat="-21.80765097" lon="114.12867782">
        <ele>-6.22</ele>
        <time>2026-10-03T10:06:14Z</time>
        <extensions>
          <geotracker:meta c="4.58" s="21.27" />
        </extensions>
      </trkpt>
      <trkpt lat="-21.80782318" lon="114.12674778">
        <ele>-8.28</ele>
        <time>2026-10-03T10:06:23Z</time>
        <extensions>
          <geotracker:meta c="4.62" s="22.8" />
        </extensions>
      </trkpt>
      <trkpt lat="-21.80800127" lon="114.12471278">
        <ele>-4.44</ele>
        <time>2026-10-03T10:06:32Z</time>
        <extensions>
          <geotracker:meta c="4.62" s="23.98" />
        </extensions>
      </trkpt>
      <trkpt lat="-21.80820297" lon="114.12256399">
        <ele>-5.16</ele>
        <time>2026-10-03T10:06:41Z</time>
        <extensions>
          <geotracker:meta c="4.61" s="25.11" />
        </extensions>
      </trkpt>
      <trkpt lat="-21.80842819" lon="114.12013625">
        <ele>-5.19</ele>
        <time>2026-10-03T10:06:51Z</time>
        <extensions>
          <geotracker:meta c="4.61" s="23.65" />
        </extensions>
      </trkpt>
      <trkpt lat="-21.80825063" lon="114.11625415">
        <ele>-2.02</ele>
        <time>2026-10-03T10:07:10Z</time>
        <extensions>
          <geotracker:meta c="4.96" s="23.31" />
        </extensions>
      </trkpt>
      <trkpt lat="-21.80775724" lon="114.11431857">
        <ele>-3.36</ele>
        <time>2026-10-03T10:07:19Z</time>
        <extensions>
          <geotracker:meta c="5.02" s="22.34" />
        </extensions>
      </trkpt>
      <trkpt lat="-21.80677226" lon="114.11262615">
        <ele>-3.16</ele>
        <time>2026-10-03T10:07:28Z</time>
        <extensions>
          <geotracker:meta c="5.4" s="24.03" />
        </extensions>
      </trkpt>
      <trkpt lat="-21.80551321" lon="114.11086136">
        <ele>-1.39</ele>
        <time>2026-10-03T10:07:38Z</time>
        <extensions>
          <geotracker:meta c="5.28" s="20.75" />
        </extensions>
      </trkpt>
      <trkpt lat="-21.8048701" lon="114.10947937">
        <ele>-3.05</ele>
        <time>2026-10-03T10:07:47Z</time>
        <extensions>
          <geotracker:meta c="5.05" s="15.45" />
        </extensions>
      </trkpt>
      <trkpt lat="-21.80509902" lon="114.10886519">
        <ele>-1.5</ele>
        <time>2026-10-03T10:07:56Z</time>
        <extensions>
          <geotracker:meta c="3.29" s="8.7" />
        </extensions>
      </trkpt>
      <trkpt lat="-21.80595179" lon="114.10871723">
        <ele>5.42</ele>
        <time>2026-10-03T10:08:05Z</time>
        <extensions>
          <geotracker:meta c="3.33" s="10.81" />
        </extensions>
      </trkpt>
      <trkpt lat="-21.80669199" lon="114.10859443">
        <ele>13.68</ele>
        <time>2026-10-03T10:08:14Z</time>
        <extensions>
          <geotracker:meta c="3.26" s="8.18" />
        </extensions>
      </trkpt>
      <trkpt lat="-21.80733047" lon="114.10853408">
        <ele>20.55</ele>
        <time>2026-10-03T10:08:23Z</time>
        <extensions>
          <geotracker:meta c="3.26" s="7.9" />
        </extensions>
      </trkpt>
      <trkpt lat="-21.80798864" lon="114.10846247">
        <ele>29.15</ele>
        <time>2026-10-03T10:08:32Z</time>
        <extensions>
          <geotracker:meta c="3.25" s="8.43" />
        </extensions>
      </trkpt>
      <trkpt lat="-21.80938423" lon="114.1082823">
        <ele>42.56</ele>
        <time>2026-10-03T10:08:50Z</time>
        <extensions>
          <geotracker:meta c="3.01" s="7.46" />
        </extensions>
      </trkpt>
      <trkpt lat="-21.80960526" lon="114.10899292">
        <ele>43.76</ele>
        <time>2026-10-03T10:08:59Z</time>
        <extensions>
          <geotracker:meta c="1.24" s="10.46" />
        </extensions>
      </trkpt>
      <trkpt lat="-21.80917504" lon="114.10958113">
        <ele>48.43</ele>
        <time>2026-10-03T10:09:08Z</time>
        <extensions>
          <geotracker:meta c="0.82" s="5.82" />
        </extensions>
      </trkpt>
      <trkpt lat="-21.80961678" lon="114.10863669">
        <ele>46.53</ele>
        <time>2026-10-03T10:47:36Z</time>
        <extensions>
          <geotracker:meta c="4.99" s="6.34" />
        </extensions>
      </trkpt>
      <trkpt lat="-21.80948318" lon="114.10833027">
        <ele>44.46</ele>
        <time>2026-10-03T10:47:43Z</time>
        <extensions>
          <geotracker:meta c="5.6" s="3.67" />
        </extensions>
      </trkpt>
      <trkpt lat="-21.80903542" lon="114.10829027">
        <ele>46.66</ele>
        <time>2026-10-03T10:47:53Z</time>
        <extensions>
          <geotracker:meta c="0.05" s="7.3" />
        </extensions>
      </trkpt>
      <trkpt lat="-21.80817111" lon="114.10839578">
        <ele>39.1</ele>
        <time>2026-10-03T10:48:03Z</time>
        <extensions>
          <geotracker:meta c="0.16" s="11.76" />
        </extensions>
      </trkpt>
      <trkpt lat="-21.80702567" lon="114.10848586">
        <ele>18.84</ele>
        <time>2026-10-03T10:48:13Z</time>
        <extensions>
          <geotracker:meta c="0.09" s="13.31" />
        </extensions>
      </trkpt>
      <trkpt lat="-21.80584842" lon="114.10870577">
        <ele>7.17</ele>
        <time>2026-10-03T10:48:23Z</time>
        <extensions>
          <geotracker:meta c="0.18" s="12.98" />
        </extensions>
      </trkpt>
      <trkpt lat="-21.80497906" lon="114.10888588">
        <ele>-0.7</ele>
        <time>2026-10-03T10:48:33Z</time>
        <extensions>
          <geotracker:meta c="0.2" s="6.38" />
        </extensions>
      </trkpt>
      <trkpt lat="-21.80470606" lon="114.10850429">
        <ele>-5.82</ele>
        <time>2026-10-03T10:48:43Z</time>
        <extensions>
          <geotracker:meta c="4.79" s="7.79" />
        </extensions>
      </trkpt>
      <trkpt lat="-21.80488431" lon="114.10749632">
        <ele>-7.59</ele>
        <time>2026-10-03T10:48:53Z</time>
        <extensions>
          <geotracker:meta c="4.46" s="11.62" />
        </extensions>
      </trkpt>
      <trkpt lat="-21.80542541" lon="114.10621329">
        <ele>-3.45</ele>
        <time>2026-10-03T10:49:05Z</time>
        <extensions>
          <geotracker:meta c="4.16" s="13.11" />
        </extensions>
      </trkpt>
      <trkpt lat="-21.80684685" lon="114.10416716">
        <ele>-1.43</ele>
        <time>2026-10-03T10:49:23Z</time>
        <extensions>
          <geotracker:meta c="4.08" s="15.95" />
        </extensions>
      </trkpt>
      <trkpt lat="-21.8079942" lon="114.10252234">
        <ele>-7.03</ele>
        <time>2026-10-03T10:49:35Z</time>
        <extensions>
          <geotracker:meta c="4.07" s="18.02" />
        </extensions>
      </trkpt>
      <trkpt lat="-21.80986013" lon="114.09985576">
        <ele>-3.01</ele>
        <time>2026-10-03T10:49:54Z</time>
        <extensions>
          <geotracker:meta c="4.08" s="17.44" />
        </extensions>
      </trkpt>
      <trkpt lat="-21.81085045" lon="114.09846975">
        <ele>-6.73</ele>
        <time>2026-10-03T10:50:05Z</time>
        <extensions>
          <geotracker:meta c="4.03" s="16.72" />
        </extensions>
      </trkpt>
      <trkpt lat="-21.81180155" lon="114.09736006">
        <ele>-6.5</ele>
        <time>2026-10-03T10:50:15Z</time>
        <extensions>
          <geotracker:meta c="3.92" s="13.49" />
        </extensions>
      </trkpt>
      <trkpt lat="-21.812677" lon="114.09648022">
        <ele>-9.21</ele>
        <time>2026-10-03T10:50:25Z</time>
        <extensions>
          <geotracker:meta c="3.89" s="14.19" />
        </extensions>
      </trkpt>
      <trkpt lat="-21.81369348" lon="114.09550369">
        <ele>-6.84</ele>
        <time>2026-10-03T10:50:35Z</time>
        <extensions>
          <geotracker:meta c="3.86" s="15.75" />
        </extensions>
      </trkpt>
      <trkpt lat="-21.8146986" lon="114.09431101">
        <ele>-6.91</ele>
        <time>2026-10-03T10:50:45Z</time>
        <extensions>
          <geotracker:meta c="4.05" s="17.22" />
        </extensions>
      </trkpt>
      <trkpt lat="-21.81569777" lon="114.0929107">
        <ele>-4.48</ele>
        <time>2026-10-03T10:50:55Z</time>
        <extensions>
          <geotracker:meta c="4.07" s="17.49" />
        </extensions>
      </trkpt>
      <trkpt lat="-21.81671333" lon="114.0914735">
        <ele>-4.17</ele>
        <time>2026-10-03T10:51:05Z</time>
        <extensions>
          <geotracker:meta c="4.06" s="19.44" />
        </extensions>
      </trkpt>
      <trkpt lat="-21.81781864" lon="114.08989111">
        <ele>-5.31</ele>
        <time>2026-10-03T10:51:15Z</time>
        <extensions>
          <geotracker:meta c="4.07" s="21.07" />
        </extensions>
      </trkpt>
      <trkpt lat="-21.81897975" lon="114.0882207">
        <ele>-7.55</ele>
        <time>2026-10-03T10:51:25Z</time>
        <extensions>
          <geotracker:meta c="4.07" s="21.61" />
        </extensions>
      </trkpt>
      <trkpt lat="-21.82014399" lon="114.08655185">
        <ele>-7.83</ele>
        <time>2026-10-03T10:51:35Z</time>
        <extensions>
          <geotracker:meta c="4.07" s="21.22" />
        </extensions>
      </trkpt>
      <trkpt lat="-21.82128042" lon="114.08494528">
        <ele>-6</ele>
        <time>2026-10-03T10:51:45Z</time>
        <extensions>
          <geotracker:meta c="4.07" s="20.43" />
        </extensions>
      </trkpt>
      <trkpt lat="-21.82239946" lon="114.08334413">
        <ele>-6.71</ele>
        <time>2026-10-03T10:51:55Z</time>
        <extensions>
          <geotracker:meta c="4.08" s="21.03" />
        </extensions>
      </trkpt>
      <trkpt lat="-21.8235497" lon="114.08171458">
        <ele>-10</ele>
        <time>2026-10-03T10:52:05Z</time>
        <extensions>
          <geotracker:meta c="4.05" s="20.87" />
        </extensions>
      </trkpt>
      <trkpt lat="-21.82470855" lon="114.08006286">
        <ele>-5.72</ele>
        <time>2026-10-03T10:52:15Z</time>
        <extensions>
          <geotracker:meta c="4.06" s="21.82" />
        </extensions>
      </trkpt>
      <trkpt lat="-21.8259228" lon="114.07834127">
        <ele>-6.52</ele>
        <time>2026-10-03T10:52:25Z</time>
        <extensions>
          <geotracker:meta c="4.06" s="22.4" />
        </extensions>
      </trkpt>
      <trkpt lat="-21.82711754" lon="114.07664702">
        <ele>-9.23</ele>
        <time>2026-10-03T10:52:35Z</time>
        <extensions>
          <geotracker:meta c="4.06" s="22.09" />
        </extensions>
      </trkpt>
      <trkpt lat="-21.82836687" lon="114.07493566">
        <ele>-6.72</ele>
        <time>2026-10-03T10:52:45Z</time>
        <extensions>
          <geotracker:meta c="4.07" s="22.32" />
        </extensions>
      </trkpt>
      <trkpt lat="-21.82955456" lon="114.0732887">
        <ele>-7.53</ele>
        <time>2026-10-03T10:52:55Z</time>
        <extensions>
          <geotracker:meta c="4.05" s="21.43" />
        </extensions>
      </trkpt>
      <trkpt lat="-21.8306978" lon="114.07168699">
        <ele>-3.65</ele>
        <time>2026-10-03T10:53:05Z</time>
        <extensions>
          <geotracker:meta c="4.06" s="21.06" />
        </extensions>
      </trkpt>
      <trkpt lat="-21.83182813" lon="114.06996478">
        <ele>-7.69</ele>
        <time>2026-10-03T10:53:15Z</time>
        <extensions>
          <geotracker:meta c="4.14" s="21.81" />
        </extensions>
      </trkpt>
      <trkpt lat="-21.83285313" lon="114.06815191">
        <ele>-7.66</ele>
        <time>2026-10-03T10:53:25Z</time>
        <extensions>
          <geotracker:meta c="4.17" s="21.57" />
        </extensions>
      </trkpt>
      <trkpt lat="-21.83382809" lon="114.06637943">
        <ele>-5.3</ele>
        <time>2026-10-03T10:53:35Z</time>
        <extensions>
          <geotracker:meta c="4.17" s="20.82" />
        </extensions>
      </trkpt>
      <trkpt lat="-21.83480347" lon="114.06464564">
        <ele>-7.23</ele>
        <time>2026-10-03T10:53:45Z</time>
        <extensions>
          <geotracker:meta c="4.17" s="21.04" />
        </extensions>
      </trkpt>
      <trkpt lat="-21.83560904" lon="114.06325246">
        <ele>-7.37</ele>
        <time>2026-10-03T10:53:54Z</time>
        <extensions>
          <geotracker:meta c="4.14" s="14.81" />
        </extensions>
      </trkpt>
      <trkpt lat="-21.83703288" lon="114.06077826">
        <ele>-7.86</ele>
        <time>2026-10-03T10:54:12Z</time>
        <extensions>
          <geotracker:meta c="4.11" s="18.32" />
        </extensions>
      </trkpt>
      <trkpt lat="-21.83783755" lon="114.05937799">
        <ele>-7.72</ele>
        <time>2026-10-03T10:54:21Z</time>
        <extensions>
          <geotracker:meta c="4.14" s="18.95" />
        </extensions>
      </trkpt>
      <trkpt lat="-21.83871943" lon="114.05783449">
        <ele>-7.74</ele>
        <time>2026-10-03T10:54:31Z</time>
        <extensions>
          <geotracker:meta c="4.08" s="19.32" />
        </extensions>
      </trkpt>
      <trkpt lat="-21.83956522" lon="114.05634831">
        <ele>-7.62</ele>
        <time>2026-10-03T10:54:40Z</time>
        <extensions>
          <geotracker:meta c="4.13" s="20.36" />
        </extensions>
      </trkpt>
      <trkpt lat="-21.84043307" lon="114.05484496">
        <ele>-7.95</ele>
        <time>2026-10-03T10:54:49Z</time>
        <extensions>
          <geotracker:meta c="4.17" s="19.88" />
        </extensions>
      </trkpt>
      <trkpt lat="-21.84135606" lon="114.05326345">
        <ele>-8.47</ele>
        <time>2026-10-03T10:54:59Z</time>
        <extensions>
          <geotracker:meta c="4.14" s="17.1" />
        </extensions>
      </trkpt>
      <trkpt lat="-21.84191009" lon="114.05229744">
        <ele>-9.22</ele>
        <time>2026-10-03T10:55:08Z</time>
        <extensions>
          <geotracker:meta c="4.16" s="9.04" />
        </extensions>
      </trkpt>
      <trkpt lat="-21.8416952" lon="114.05177941">
        <ele>-8.81</ele>
        <time>2026-10-03T10:55:17Z</time>
        <extensions>
          <geotracker:meta c="5.34" s="8.26" />
        </extensions>
      </trkpt>
      <trkpt lat="-21.841208" lon="114.05097035">
        <ele>-8.51</ele>
        <time>2026-10-03T10:55:26Z</time>
        <extensions>
          <geotracker:meta c="5.15" s="12.69" />
        </extensions>
      </trkpt>
      <trkpt lat="-21.84074699" lon="114.04990248">
        <ele>-8.4</ele>
        <time>2026-10-03T10:55:35Z</time>
        <extensions>
          <geotracker:meta c="5.34" s="13.8" />
        </extensions>
      </trkpt>
      <trkpt lat="-21.8402803" lon="114.04898602">
        <ele>-8.99</ele>
        <time>2026-10-03T10:55:44Z</time>
        <extensions>
          <geotracker:meta c="5.18" s="10.76" />
        </extensions>
      </trkpt>
      <trkpt lat="-21.84019188" lon="114.04829767">
        <ele>-9.57</ele>
        <time>2026-10-03T10:56:02Z</time>
        <extensions>
          <geotracker:meta c="3.65" s="1.83" />
        </extensions>
      </trkpt>
      <trkpt lat="-21.84027963" lon="114.04808799">
        <ele>-9.69</ele>
        <time>2026-10-03T10:56:29Z</time>
        <extensions>
          <geotracker:meta c="3.98" s="1.1" />
        </extensions>
      </trkpt>
      <trkpt lat="-21.84072269" lon="114.04986363">
        <ele>-7.88</ele>
        <time>2026-10-03T12:11:49Z</time>
        <extensions>
          <geotracker:meta c="2.19" s="8.46" />
        </extensions>
      </trkpt>
      <trkpt lat="-21.84112094" lon="114.05077663">
        <ele>-7.51</ele>
        <time>2026-10-03T12:12:00Z</time>
        <extensions>
          <geotracker:meta c="1.93" s="9.33" />
        </extensions>
      </trkpt>
      <trkpt lat="-21.84146551" lon="114.0514663">
        <ele>-7.5</ele>
        <time>2026-10-03T12:12:09Z</time>
        <extensions>
          <geotracker:meta c="2.2" s="8.21" />
        </extensions>
      </trkpt>
      <trkpt lat="-21.84178898" lon="114.05193425">
        <ele>-7.01</ele>
        <time>2026-10-03T12:12:18Z</time>
        <extensions>
          <geotracker:meta c="2.25" s="4.47" />
        </extensions>
      </trkpt>
      <trkpt lat="-21.84192692" lon="114.05212429">
        <ele>-5.62</ele>
        <time>2026-10-03T12:12:37Z</time>
        <extensions>
          <geotracker:meta c="2.22" s="2.24" />
        </extensions>
      </trkpt>
      <trkpt lat="-21.84206538" lon="114.05228577">
        <ele>-5.88</ele>
        <time>2026-10-03T12:12:46Z</time>
        <extensions>
          <geotracker:meta c="2.31" s="3.04" />
        </extensions>
      </trkpt>
      <trkpt lat="-21.84219482" lon="114.0525895">
        <ele>-5.74</ele>
        <time>2026-10-03T12:12:55Z</time>
        <extensions>
          <geotracker:meta c="2.21" s="4.73" />
        </extensions>
      </trkpt>
      <trkpt lat="-21.84241845" lon="114.05306198">
        <ele>-5.89</ele>
        <time>2026-10-03T12:13:06Z</time>
        <extensions>
          <geotracker:meta c="2.06" s="5.05" />
        </extensions>
      </trkpt>
      <trkpt lat="-21.84322032" lon="114.05380227">
        <ele>-8.53</ele>
        <time>2026-10-03T12:13:38Z</time>
        <extensions>
          <geotracker:meta c="2.77" s="3.32" />
        </extensions>
      </trkpt>
      <trkpt lat="-21.84356175" lon="114.05399681">
        <ele>-6.93</ele>
        <time>2026-10-03T12:13:58Z</time>
        <extensions>
          <geotracker:meta c="2.73" s="2.77" />
        </extensions>
      </trkpt>
      <trkpt lat="-21.84417961" lon="114.05441405">
        <ele>-9.26</ele>
        <time>2026-10-03T12:14:28Z</time>
        <extensions>
          <geotracker:meta c="2.47" s="3.19" />
        </extensions>
      </trkpt>
      <trkpt lat="-21.84477087" lon="114.05497526">
        <ele>-8.9</ele>
        <time>2026-10-03T12:15:08Z</time>
        <extensions>
          <geotracker:meta c="2.25" s="1.81" />
        </extensions>
      </trkpt>
      <trkpt lat="-21.84552749" lon="114.0557743">
        <ele>-9.15</ele>
        <time>2026-10-03T12:15:46Z</time>
        <extensions>
          <geotracker:meta c="2.37" s="1.23" />
        </extensions>
      </trkpt>
      <trkpt lat="-21.84595091" lon="114.05619208">
        <ele>-10.07</ele>
        <time>2026-10-03T12:16:23Z</time>
        <extensions>
          <geotracker:meta c="2.56" s="3.53" />
        </extensions>
      </trkpt>
      <trkpt lat="-21.84660748" lon="114.05616823">
        <ele>-7.75</ele>
        <time>2026-10-03T12:16:56Z</time>
        <extensions>
          <geotracker:meta c="4.04" s="1.43" />
        </extensions>
      </trkpt>
      <trkpt lat="-21.84698152" lon="114.0558367">
        <ele>-6.94</ele>
        <time>2026-10-03T12:17:24Z</time>
        <extensions>
          <geotracker:meta c="3.5" s="4.07" />
        </extensions>
      </trkpt>
      <trkpt lat="-21.84840998" lon="114.05563509">
        <ele>-7.08</ele>
        <time>2026-10-03T12:18:23Z</time>
        <extensions>
          <geotracker:meta c="3.21" s="1.15" />
        </extensions>
      </trkpt>
      <trkpt lat="-21.84866046" lon="114.05545432">
        <ele>-5.07</ele>
        <time>2026-10-03T12:18:43Z</time>
        <extensions>
          <geotracker:meta c="3.5" s="2.39" />
        </extensions>
      </trkpt>
    </trkseg>
  </trk>
</gpx>