<?xml version='1.0' encoding='UTF-8' standalone='yes' ?>
<gpx xmlns="http://www.topografix.com/GPX/1/1" xmlns:geotracker="http://ilyabogdanovich.com/gpx/extensions/geotracker" xmlns:xsi="http://www.w3.org/2001/XMLSchema-instance" xsi:schemaLocation="http://www.topografix.com/GPX/1/1 http://www.topografix.com/GPX/1/1/gpx.xsd" version="1.1" creator="Recorded in Geo Tracker for Android from Ilya Bogdanovich">
  <metadata>
    <name>Lawnhill </name>
    <author>
      <name>Recorded in Geo Tracker for Android from Ilya Bogdanovich</name>
      <link href="https://play.google.com/store/apps/details?id=com.ilyabogdanovich.geotracker" />
    </author>
    <link href="https://play.google.com/store/apps/details?id=com.ilyabogdanovich.geotracker" />
    <time>2026-09-02T22:52:55Z</time>
  </metadata>
  <wpt lat="-20.18930919" lon="138.89751054">
    <ele>350.84</ele>
    <time>2026-09-03T01:43:03Z</time>
    <name>Stop for ~3 min</name>
    <desc>Elevation: 351 m
Time from start: 02:50:07
Distance from start: 108 km</desc>
    <extensions>
      <geotracker:meta emoji="⏱️" />
    </extensions>
  </wpt>
  <wpt lat="-19.00035503" lon="138.69050816">
    <ele>200.24</ele>
    <time>2026-09-03T04:51:06Z</time>
    <name>Stop for ~9 min</name>
    <desc>Elevation: 200 m
Time from start: 05:58:10
Distance from start: 285 km</desc>
    <extensions>
      <geotracker:meta emoji="⏱️" />
    </extensions>
  </wpt>
  <wpt lat="-19.00125959" lon="138.69021606">
    <ele>211.74</ele>
    <time>2026-09-03T05:00:18Z</time>
    <name>Stop for ~5 min</name>
    <desc>Elevation: 212 m
Time from start: 06:07:22
Distance from start: 285 km</desc>
    <extensions>
      <geotracker:meta emoji="⏱️" />
    </extensions>
  </wpt>
  <wpt lat="-19.00019587" lon="138.68860039">
    <ele>211.61</ele>
    <time>2026-09-03T05:07:41Z</time>
    <name>Stop for ~2 min</name>
    <desc>Elevation: 212 m
Time from start: 06:14:45
Distance from start: 285 km</desc>
    <extensions>
      <geotracker:meta emoji="⏱️" />
    </extensions>
  </wpt>
  <wpt lat="-18.70061869" lon="138.48744263">
    <ele>174.56</ele>
    <time>2026-09-03T06:07:15Z</time>
    <name>Stop for ~17 min</name>
    <desc>Elevation: 175 m
Time from start: 07:14:19
Distance from start: 334 km</desc>
    <extensions>
      <geotracker:meta emoji="⏱️" />
    </extensions>
  </wpt>
  <wpt lat="-18.68858492" lon="138.52875961">
    <ele>173.98</ele>
    <time>2026-09-03T06:56:34Z</time>
    <name>Stop for ~40 min</name>
    <desc>Elevation: 174 m
Time from start: 08:03:38
Distance from start: 342 km</desc>
    <extensions>
      <geotracker:meta emoji="⏱️" />
    </extensions>
  </wpt>
  <trk>
    <name>Lawnhill </name>
    <src>Recorded in Geo Tracker for Android from Ilya Bogdanovich</src>
    <link href="https://play.google.com/store/apps/details?id=com.ilyabogdanovich.geotracker" />
    <extensions>
      <geotracker:meta>
        <geotracker:length>342007.83</geotracker:length>
        <geotracker:duration>38206701</geotracker:duration>
        <geotracker:creationtime>2026-09-02T22:52:55Z</geotracker:creationtime>
        <geotracker:activity>0</geotracker:activity>
      </geotracker:meta>
    </extensions>
    <trkseg>
      <trkpt lat="-20.87325426" lon="139.44874053">
        <ele>457.23</ele>
        <time>2026-09-02T22:53:47Z</time>
        <extensions>
          <geotracker:meta c="1.41" s="7.53" />
        </extensions>
      </trkpt>
      <trkpt lat="-20.87312366" lon="139.44952683">
        <ele>456.02</ele>
        <time>2026-09-02T22:53:58Z</time>
        <extensions>
          <geotracker:meta c="1.45" s="7.73" />
        </extensions>
      </trkpt>
      <trkpt lat="-20.87343344" lon="139.45122222">
        <ele>457.7</ele>
        <time>2026-09-02T22:54:19Z</time>
        <extensions>
          <geotracker:meta c="1.83" s="8.31" />
        </extensions>
      </trkpt>
      <trkpt lat="-20.87360006" lon="139.45200811">
        <ele>454.68</ele>
        <time>2026-09-02T22:54:29Z</time>
        <extensions>
          <geotracker:meta c="1.92" s="8.95" />
        </extensions>
      </trkpt>
      <trkpt lat="-20.87401143" lon="139.45271622">
        <ele>452.93</ele>
        <time>2026-09-02T22:54:39Z</time>
        <extensions>
          <geotracker:meta c="2.13" s="8.42" />
        </extensions>
      </trkpt>
      <trkpt lat="-20.87433342" lon="139.4533408">
        <ele>451.6</ele>
        <time>2026-09-02T22:54:49Z</time>
        <extensions>
          <geotracker:meta c="2.17" s="6.48" />
        </extensions>
      </trkpt>
      <trkpt lat="-20.87400551" lon="139.4547358">
        <ele>456.14</ele>
        <time>2026-09-02T22:56:09Z</time>
        <extensions>
          <geotracker:meta c="0.91" s="10.91" />
        </extensions>
      </trkpt>
      <trkpt lat="-20.87323162" lon="139.45567024">
        <ele>456.11</ele>
        <time>2026-09-02T22:56:19Z</time>
        <extensions>
          <geotracker:meta c="0.82" s="14.46" />
        </extensions>
      </trkpt>
      <trkpt lat="-20.87214631" lon="139.45678068">
        <ele>462.1</ele>
        <time>2026-09-02T22:56:29Z</time>
        <extensions>
          <geotracker:meta c="0.69" s="17.77" />
        </extensions>
      </trkpt>
      <trkpt lat="-20.87078019" lon="139.4577972">
        <ele>456.62</ele>
        <time>2026-09-02T22:56:39Z</time>
        <extensions>
          <geotracker:meta c="0.54" s="19.08" />
        </extensions>
      </trkpt>
      <trkpt lat="-20.86931589" lon="139.45858571">
        <ele>453.15</ele>
        <time>2026-09-02T22:56:49Z</time>
        <extensions>
          <geotracker:meta c="0.39" s="18" />
        </extensions>
      </trkpt>
      <trkpt lat="-20.86775414" lon="139.45910799">
        <ele>456.36</ele>
        <time>2026-09-02T22:56:59Z</time>
        <extensions>
          <geotracker:meta c="0.24" s="18.17" />
        </extensions>
      </trkpt>
      <trkpt lat="-20.86616075" lon="139.4593879">
        <ele>460.04</ele>
        <time>2026-09-02T22:57:09Z</time>
        <extensions>
          <geotracker:meta c="0.09" s="17.61" />
        </extensions>
      </trkpt>
      <trkpt lat="-20.86464062" lon="139.45949316">
        <ele>463.12</ele>
        <time>2026-09-02T22:57:19Z</time>
        <extensions>
          <geotracker:meta c="0.14" s="16.72" />
        </extensions>
      </trkpt>
      <trkpt lat="-20.86322438" lon="139.4600239">
        <ele>464.43</ele>
        <time>2026-09-02T22:57:29Z</time>
        <extensions>
          <geotracker:meta c="0.52" s="16.59" />
        </extensions>
      </trkpt>
      <trkpt lat="-20.86209993" lon="139.46106282">
        <ele>463.95</ele>
        <time>2026-09-02T22:57:39Z</time>
        <extensions>
          <geotracker:meta c="0.88" s="16.02" />
        </extensions>
      </trkpt>
      <trkpt lat="-20.86123144" lon="139.46241585">
        <ele>463.22</ele>
        <time>2026-09-02T22:57:49Z</time>
        <extensions>
          <geotracker:meta c="0.97" s="17.56" />
        </extensions>
      </trkpt>
      <trkpt lat="-20.86015918" lon="139.46375471">
        <ele>456.95</ele>
        <time>2026-09-02T22:57:59Z</time>
        <extensions>
          <geotracker:meta c="0.78" s="19.26" />
        </extensions>
      </trkpt>
      <trkpt lat="-20.85871161" lon="139.46486499">
        <ele>449.02</ele>
        <time>2026-09-02T22:58:09Z</time>
        <extensions>
          <geotracker:meta c="0.5" s="19.82" />
        </extensions>
      </trkpt>
      <trkpt lat="-20.85695307" lon="139.46557032">
        <ele>449.15</ele>
        <time>2026-09-02T22:58:19Z</time>
        <extensions>
          <geotracker:meta c="0.23" s="21.68" />
        </extensions>
      </trkpt>
      <trkpt lat="-20.85494275" lon="139.46572853">
        <ele>449.25</ele>
        <time>2026-09-02T22:58:29Z</time>
        <extensions>
          <geotracker:meta c="6.27" s="22.58" />
        </extensions>
      </trkpt>
      <trkpt lat="-20.85293714" lon="139.46568242">
        <ele>447.56</ele>
        <time>2026-09-02T22:58:39Z</time>
        <extensions>
          <geotracker:meta c="6.26" s="22.05" />
        </extensions>
      </trkpt>
      <trkpt lat="-20.85099456" lon="139.46565076">
        <ele>448.09</ele>
        <time>2026-09-02T22:58:49Z</time>
        <extensions>
          <geotracker:meta c="6.26" s="21.11" />
        </extensions>
      </trkpt>
      <trkpt lat="-20.84909694" lon="139.46559374">
        <ele>451.38</ele>
        <time>2026-09-02T22:58:59Z</time>
        <extensions>
          <geotracker:meta c="6.26" s="21.18" />
        </extensions>
      </trkpt>
      <trkpt lat="-20.84563001" lon="139.46544713">
        <ele>451.56</ele>
        <time>2026-09-02T22:59:17Z</time>
        <extensions>
          <geotracker:meta c="6.2" s="20.75" />
        </extensions>
      </trkpt>
      <trkpt lat="-20.84386568" lon="139.46526592">
        <ele>451.74</ele>
        <time>2026-09-02T22:59:27Z</time>
        <extensions>
          <geotracker:meta c="6.19" s="19.63" />
        </extensions>
      </trkpt>
      <trkpt lat="-20.8421029" lon="139.46505274">
        <ele>452.05</ele>
        <time>2026-09-02T22:59:37Z</time>
        <extensions>
          <geotracker:meta c="6.16" s="19.66" />
        </extensions>
      </trkpt>
      <trkpt lat="-20.83984471" lon="139.46479184">
        <ele>447.81</ele>
        <time>2026-09-02T22:59:50Z</time>
        <extensions>
          <geotracker:meta c="6.17" s="19.4" />
        </extensions>
      </trkpt>
      <trkpt lat="-20.83682299" lon="139.46444906">
        <ele>444.7</ele>
        <time>2026-09-02T23:00:07Z</time>
        <extensions>
          <geotracker:meta c="6.17" s="20.52" />
        </extensions>
      </trkpt>
      <trkpt lat="-20.83492181" lon="139.46425496">
        <ele>444.43</ele>
        <time>2026-09-02T23:00:17Z</time>
        <extensions>
          <geotracker:meta c="6.17" s="21.19" />
        </extensions>
      </trkpt>
      <trkpt lat="-20.833072" lon="139.4640181">
        <ele>434.34</ele>
        <time>2026-09-02T23:00:27Z</time>
        <extensions>
          <geotracker:meta c="6.17" s="21.8" />
        </extensions>
      </trkpt>
      <trkpt lat="-20.83105183" lon="139.46379088">
        <ele>439.05</ele>
        <time>2026-09-02T23:00:37Z</time>
        <extensions>
          <geotracker:meta c="6.18" s="22.12" />
        </extensions>
      </trkpt>
      <trkpt lat="-20.82905377" lon="139.46345874">
        <ele>435.16</ele>
        <time>2026-09-02T23:00:47Z</time>
        <extensions>
          <geotracker:meta c="6.04" s="22.5" />
        </extensions>
      </trkpt>
      <trkpt lat="-20.82715535" lon="139.46268811">
        <ele>434.95</ele>
        <time>2026-09-02T23:00:57Z</time>
        <extensions>
          <geotracker:meta c="5.86" s="21.85" />
        </extensions>
      </trkpt>
      <trkpt lat="-20.82513782" lon="139.46175859">
        <ele>434.05</ele>
        <time>2026-09-02T23:01:09Z</time>
        <extensions>
          <geotracker:meta c="5.86" s="20" />
        </extensions>
      </trkpt>
      <trkpt lat="-20.82219079" lon="139.46075135">
        <ele>426.83</ele>
        <time>2026-09-02T23:01:27Z</time>
        <extensions>
          <geotracker:meta c="6.17" s="19.69" />
        </extensions>
      </trkpt>
      <trkpt lat="-20.82037292" lon="139.46082704">
        <ele>425.36</ele>
        <time>2026-09-02T23:01:37Z</time>
        <extensions>
          <geotracker:meta c="0.14" s="20.4" />
        </extensions>
      </trkpt>
      <trkpt lat="-20.81864078" lon="139.46144299">
        <ele>426.43</ele>
        <time>2026-09-02T23:01:47Z</time>
        <extensions>
          <geotracker:meta c="0.45" s="20.8" />
        </extensions>
      </trkpt>
      <trkpt lat="-20.81689262" lon="139.4624781">
        <ele>431.74</ele>
        <time>2026-09-02T23:01:57Z</time>
        <extensions>
          <geotracker:meta c="0.53" s="22.16" />
        </extensions>
      </trkpt>
      <trkpt lat="-20.81513179" lon="139.46356574">
        <ele>428.53</ele>
        <time>2026-09-02T23:02:07Z</time>
        <extensions>
          <geotracker:meta c="0.53" s="22.93" />
        </extensions>
      </trkpt>
      <trkpt lat="-20.81316274" lon="139.46475415">
        <ele>430.36</ele>
        <time>2026-09-02T23:02:19Z</time>
        <extensions>
          <geotracker:meta c="0.52" s="19.96" />
        </extensions>
      </trkpt>
      <trkpt lat="-20.810008" lon="139.46608112">
        <ele>429.38</ele>
        <time>2026-09-02T23:02:37Z</time>
        <extensions>
          <geotracker:meta c="0.18" s="21.19" />
        </extensions>
      </trkpt>
      <trkpt lat="-20.80811059" lon="139.46617763">
        <ele>436.52</ele>
        <time>2026-09-02T23:02:47Z</time>
        <extensions>
          <geotracker:meta c="6.24" s="21.07" />
        </extensions>
      </trkpt>
      <trkpt lat="-20.8061384" lon="139.46601289">
        <ele>434.34</ele>
        <time>2026-09-02T23:02:57Z</time>
        <extensions>
          <geotracker:meta c="6.2" s="22.7" />
        </extensions>
      </trkpt>
      <trkpt lat="-20.80415256" lon="139.46583238">
        <ele>431.87</ele>
        <time>2026-09-02T23:03:07Z</time>
        <extensions>
          <geotracker:meta c="6.19" s="21.63" />
        </extensions>
      </trkpt>
      <trkpt lat="-20.80217777" lon="139.46563743">
        <ele>440.6</ele>
        <time>2026-09-02T23:03:17Z</time>
        <extensions>
          <geotracker:meta c="6.2" s="22.04" />
        </extensions>
      </trkpt>
      <trkpt lat="-20.80016606" lon="139.46569758">
        <ele>445.97</ele>
        <time>2026-09-02T23:03:27Z</time>
        <extensions>
          <geotracker:meta c="0.14" s="22.29" />
        </extensions>
      </trkpt>
      <trkpt lat="-20.79821562" lon="139.46607716">
        <ele>447.29</ele>
        <time>2026-09-02T23:03:37Z</time>
        <extensions>
          <geotracker:meta c="0.2" s="22.11" />
        </extensions>
      </trkpt>
      <trkpt lat="-20.79625768" lon="139.46646044">
        <ele>444.27</ele>
        <time>2026-09-02T23:03:47Z</time>
        <extensions>
          <geotracker:meta c="0.18" s="22.18" />
        </extensions>
      </trkpt>
      <trkpt lat="-20.79415815" lon="139.4669876">
        <ele>439.11</ele>
        <time>2026-09-02T23:03:58Z</time>
        <extensions>
          <geotracker:meta c="0.34" s="22.12" />
        </extensions>
      </trkpt>
      <trkpt lat="-20.7922323" lon="139.46814761">
        <ele>433.3</ele>
        <time>2026-09-02T23:04:09Z</time>
        <extensions>
          <geotracker:meta c="0.62" s="22.23" />
        </extensions>
      </trkpt>
      <trkpt lat="-20.79080787" lon="139.46956436">
        <ele>430.6</ele>
        <time>2026-09-02T23:04:19Z</time>
        <extensions>
          <geotracker:meta c="0.85" s="20.72" />
        </extensions>
      </trkpt>
      <trkpt lat="-20.7898026" lon="139.47087133">
        <ele>430.11</ele>
        <time>2026-09-02T23:04:29Z</time>
        <extensions>
          <geotracker:meta c="0.87" s="15.05" />
        </extensions>
      </trkpt>
      <trkpt lat="-20.78903575" lon="139.47188588">
        <ele>427.69</ele>
        <time>2026-09-02T23:04:39Z</time>
        <extensions>
          <geotracker:meta c="0.87" s="14.3" />
        </extensions>
      </trkpt>
      <trkpt lat="-20.78807654" lon="139.47309153">
        <ele>425.68</ele>
        <time>2026-09-02T23:04:49Z</time>
        <extensions>
          <geotracker:meta c="0.88" s="17.64" />
        </extensions>
      </trkpt>
      <trkpt lat="-20.78702154" lon="139.47442027">
        <ele>425.37</ele>
        <time>2026-09-02T23:04:59Z</time>
        <extensions>
          <geotracker:meta c="0.87" s="18.07" />
        </extensions>
      </trkpt>
      <trkpt lat="-20.78603044" lon="139.47570839">
        <ele>426.95</ele>
        <time>2026-09-02T23:05:09Z</time>
        <extensions>
          <geotracker:meta c="0.88" s="17.12" />
        </extensions>
      </trkpt>
      <trkpt lat="-20.78502688" lon="139.47697104">
        <ele>424.62</ele>
        <time>2026-09-02T23:05:19Z</time>
        <extensions>
          <geotracker:meta c="0.87" s="17.58" />
        </extensions>
      </trkpt>
      <trkpt lat="-20.78394986" lon="139.47831292">
        <ele>420.16</ele>
        <time>2026-09-02T23:05:29Z</time>
        <extensions>
          <geotracker:meta c="0.87" s="18.22" />
        </extensions>
      </trkpt>
      <trkpt lat="-20.78294911" lon="139.47960834">
        <ele>419.36</ele>
        <time>2026-09-02T23:05:39Z</time>
        <extensions>
          <geotracker:meta c="0.88" s="17.51" />
        </extensions>
      </trkpt>
      <trkpt lat="-20.78198349" lon="139.48083245">
        <ele>422.74</ele>
        <time>2026-09-02T23:05:49Z</time>
        <extensions>
          <geotracker:meta c="0.82" s="16.34" />
        </extensions>
      </trkpt>
      <trkpt lat="-20.7809012" lon="139.48191213">
        <ele>418.24</ele>
        <time>2026-09-02T23:05:59Z</time>
        <extensions>
          <geotracker:meta c="0.7" s="16.96" />
        </extensions>
      </trkpt>
      <trkpt lat="-20.77983066" lon="139.48265101">
        <ele>417.91</ele>
        <time>2026-09-02T23:06:09Z</time>
        <extensions>
          <geotracker:meta c="0.5" s="11.39" />
        </extensions>
      </trkpt>
      <trkpt lat="-20.7787332" lon="139.48321383">
        <ele>419.08</ele>
        <time>2026-09-02T23:06:19Z</time>
        <extensions>
          <geotracker:meta c="0.45" s="15.18" />
        </extensions>
      </trkpt>
      <trkpt lat="-20.77736729" lon="139.48392934">
        <ele>416.7</ele>
        <time>2026-09-02T23:06:29Z</time>
        <extensions>
          <geotracker:meta c="0.45" s="17.69" />
        </extensions>
      </trkpt>
      <trkpt lat="-20.77593458" lon="139.48467721">
        <ele>413.81</ele>
        <time>2026-09-02T23:06:39Z</time>
        <extensions>
          <geotracker:meta c="0.46" s="17.49" />
        </extensions>
      </trkpt>
      <trkpt lat="-20.77446753" lon="139.48548741">
        <ele>413.17</ele>
        <time>2026-09-02T23:06:49Z</time>
        <extensions>
          <geotracker:meta c="0.59" s="19.45" />
        </extensions>
      </trkpt>
      <trkpt lat="-20.77315903" lon="139.48678098">
        <ele>410.69</ele>
        <time>2026-09-02T23:06:59Z</time>
        <extensions>
          <geotracker:meta c="0.9" s="19.65" />
        </extensions>
      </trkpt>
      <trkpt lat="-20.77223929" lon="139.48862961">
        <ele>406.51</ele>
        <time>2026-09-02T23:07:12Z</time>
        <extensions>
          <geotracker:meta c="1.16" s="15.19" />
        </extensions>
      </trkpt>
      <trkpt lat="-20.77107583" lon="139.48955683">
        <ele>405.4</ele>
        <time>2026-09-02T23:07:24Z</time>
        <extensions>
          <geotracker:meta c="6.23" s="14.94" />
        </extensions>
      </trkpt>
      <trkpt lat="-20.76958553" lon="139.48966666">
        <ele>404.29</ele>
        <time>2026-09-02T23:07:34Z</time>
        <extensions>
          <geotracker:meta c="0.08" s="16.4" />
        </extensions>
      </trkpt>
      <trkpt lat="-20.7679892" lon="139.48978062">
        <ele>406.61</ele>
        <time>2026-09-02T23:07:44Z</time>
        <extensions>
          <geotracker:meta c="0.01" s="18.8" />
        </extensions>
      </trkpt>
      <trkpt lat="-20.76625416" lon="139.48982649">
        <ele>404.03</ele>
        <time>2026-09-02T23:07:54Z</time>
        <extensions>
          <geotracker:meta c="0.05" s="20" />
        </extensions>
      </trkpt>
      <trkpt lat="-20.76432828" lon="139.4899315">
        <ele>410.76</ele>
        <time>2026-09-02T23:08:04Z</time>
        <extensions>
          <geotracker:meta c="0.15" s="21" />
        </extensions>
      </trkpt>
      <trkpt lat="-20.76247674" lon="139.48977557">
        <ele>401.73</ele>
        <time>2026-09-02T23:08:14Z</time>
        <extensions>
          <geotracker:meta c="6.06" s="20.96" />
        </extensions>
      </trkpt>
      <trkpt lat="-20.76077242" lon="139.48900735">
        <ele>412.89</ele>
        <time>2026-09-02T23:08:24Z</time>
        <extensions>
          <geotracker:meta c="5.7" s="21.1" />
        </extensions>
      </trkpt>
      <trkpt lat="-20.75926117" lon="139.4878953">
        <ele>405.52</ele>
        <time>2026-09-02T23:08:34Z</time>
        <extensions>
          <geotracker:meta c="5.64" s="19.63" />
        </extensions>
      </trkpt>
      <trkpt lat="-20.7578122" lon="139.48676614">
        <ele>402.35</ele>
        <time>2026-09-02T23:08:44Z</time>
        <extensions>
          <geotracker:meta c="5.64" s="20" />
        </extensions>
      </trkpt>
      <trkpt lat="-20.75644119" lon="139.48546434">
        <ele>404.55</ele>
        <time>2026-09-02T23:08:54Z</time>
        <extensions>
          <geotracker:meta c="5.38" s="20.1" />
        </extensions>
      </trkpt>
      <trkpt lat="-20.75585192" lon="139.48468142">
        <ele>403.29</ele>
        <time>2026-09-02T23:08:59Z</time>
        <extensions>
          <geotracker:meta c="5.38" s="19.11" />
        </extensions>
      </trkpt>
      <trkpt lat="-20.75469525" lon="139.4830197">
        <ele>401.68</ele>
        <time>2026-09-02T23:09:10Z</time>
        <extensions>
          <geotracker:meta c="5.36" s="19.92" />
        </extensions>
      </trkpt>
      <trkpt lat="-20.75348526" lon="139.48162843">
        <ele>403.3</ele>
        <time>2026-09-02T23:09:20Z</time>
        <extensions>
          <geotracker:meta c="5.56" s="20.31" />
        </extensions>
      </trkpt>
      <trkpt lat="-20.751846" lon="139.48059335">
        <ele>408.98</ele>
        <time>2026-09-02T23:09:30Z</time>
        <extensions>
          <geotracker:meta c="5.9" s="21.24" />
        </extensions>
      </trkpt>
      <trkpt lat="-20.75021954" lon="139.48009951">
        <ele>417.21</ele>
        <time>2026-09-02T23:09:40Z</time>
        <extensions>
          <geotracker:meta c="6.05" s="16.36" />
        </extensions>
      </trkpt>
      <trkpt lat="-20.74883331" lon="139.4797439">
        <ele>421.82</ele>
        <time>2026-09-02T23:09:50Z</time>
        <extensions>
          <geotracker:meta c="6.05" s="15.74" />
        </extensions>
      </trkpt>
      <trkpt lat="-20.74761961" lon="139.47942178">
        <ele>417.6</ele>
        <time>2026-09-02T23:09:59Z</time>
        <extensions>
          <geotracker:meta c="6.05" s="15.33" />
        </extensions>
      </trkpt>
      <trkpt lat="-20.74634408" lon="139.47910218">
        <ele>417.33</ele>
        <time>2026-09-02T23:10:09Z</time>
        <extensions>
          <geotracker:meta c="6.04" s="13.99" />
        </extensions>
      </trkpt>
      <trkpt lat="-20.74526643" lon="139.47885424">
        <ele>416.33</ele>
        <time>2026-09-02T23:10:19Z</time>
        <extensions>
          <geotracker:meta c="6.1" s="8.81" />
        </extensions>
      </trkpt>
      <trkpt lat="-20.74497901" lon="139.47937374">
        <ele>415.47</ele>
        <time>2026-09-02T23:10:29Z</time>
        <extensions>
          <geotracker:meta c="1.35" s="8.34" />
        </extensions>
      </trkpt>
      <trkpt lat="-20.7448226" lon="139.48008727">
        <ele>416.15</ele>
        <time>2026-09-02T23:10:38Z</time>
        <extensions>
          <geotracker:meta c="1.34" s="8.44" />
        </extensions>
      </trkpt>
      <trkpt lat="-20.74474339" lon="139.48118756">
        <ele>417.41</ele>
        <time>2026-09-02T23:10:49Z</time>
        <extensions>
          <geotracker:meta c="1.56" s="12.35" />
        </extensions>
      </trkpt>
      <trkpt lat="-20.74480837" lon="139.4829896">
        <ele>413.48</ele>
        <time>2026-09-02T23:11:04Z</time>
        <extensions>
          <geotracker:meta c="1.71" s="12.47" />
        </extensions>
      </trkpt>
      <trkpt lat="-20.74492864" lon="139.4842686">
        <ele>410.83</ele>
        <time>2026-09-02T23:11:15Z</time>
        <extensions>
          <geotracker:meta c="1.43" s="11.42" />
        </extensions>
      </trkpt>
      <trkpt lat="-20.74474852" lon="139.48491791">
        <ele>410.56</ele>
        <time>2026-09-02T23:11:24Z</time>
        <extensions>
          <geotracker:meta c="1.1" s="3.27" />
        </extensions>
      </trkpt>
      <trkpt lat="-20.74468979" lon="139.48551122">
        <ele>409.17</ele>
        <time>2026-09-02T23:11:34Z</time>
        <extensions>
          <geotracker:meta c="1.59" s="9.57" />
        </extensions>
      </trkpt>
      <trkpt lat="-20.74472293" lon="139.48647181">
        <ele>407.77</ele>
        <time>2026-09-02T23:11:43Z</time>
        <extensions>
          <geotracker:meta c="1.59" s="11.81" />
        </extensions>
      </trkpt>
      <trkpt lat="-20.74475683" lon="139.48750621">
        <ele>408.92</ele>
        <time>2026-09-02T23:11:52Z</time>
        <extensions>
          <geotracker:meta c="1.46" s="11.78" />
        </extensions>
      </trkpt>
      <trkpt lat="-20.74477537" lon="139.48850657">
        <ele>407.54</ele>
        <time>2026-09-02T23:12:01Z</time>
        <extensions>
          <geotracker:meta c="1.54" s="11.65" />
        </extensions>
      </trkpt>
      <trkpt lat="-20.74473145" lon="139.48963841">
        <ele>404.73</ele>
        <time>2026-09-02T23:12:11Z</time>
        <extensions>
          <geotracker:meta c="1.34" s="11.88" />
        </extensions>
      </trkpt>
      <trkpt lat="-20.74476255" lon="139.49068265">
        <ele>403.12</ele>
        <time>2026-09-02T23:12:20Z</time>
        <extensions>
          <geotracker:meta c="1.67" s="12.23" />
        </extensions>
      </trkpt>
      <trkpt lat="-20.74482636" lon="139.4917229">
        <ele>400.47</ele>
        <time>2026-09-02T23:12:29Z</time>
        <extensions>
          <geotracker:meta c="1.69" s="11.75" />
        </extensions>
      </trkpt>
      <trkpt lat="-20.74490716" lon="139.49285215">
        <ele>398.73</ele>
        <time>2026-09-02T23:12:39Z</time>
        <extensions>
          <geotracker:meta c="1.65" s="12.22" />
        </extensions>
      </trkpt>
      <trkpt lat="-20.74493012" lon="139.49389547">
        <ele>394.88</ele>
        <time>2026-09-02T23:12:48Z</time>
        <extensions>
          <geotracker:meta c="1.52" s="12.85" />
        </extensions>
      </trkpt>
      <trkpt lat="-20.74468178" lon="139.4951254">
        <ele>399.06</ele>
        <time>2026-09-02T23:13:07Z</time>
        <extensions>
          <geotracker:meta c="0.21" s="4.84" />
        </extensions>
      </trkpt>
      <trkpt lat="-20.74393956" lon="139.49518022">
        <ele>397.47</ele>
        <time>2026-09-02T23:13:16Z</time>
        <extensions>
          <geotracker:meta c="0.06" s="11.01" />
        </extensions>
      </trkpt>
      <trkpt lat="-20.7432486" lon="139.49524588">
        <ele>396.85</ele>
        <time>2026-09-02T23:13:26Z</time>
        <extensions>
          <geotracker:meta c="0.01" s="3.78" />
        </extensions>
      </trkpt>
      <trkpt lat="-20.74306809" lon="139.49622458">
        <ele>400.61</ele>
        <time>2026-09-02T23:14:11Z</time>
        <extensions>
          <geotracker:meta c="1.65" s="9.75" />
        </extensions>
      </trkpt>
      <trkpt lat="-20.74311691" lon="139.49722197">
        <ele>403</ele>
        <time>2026-09-02T23:14:20Z</time>
        <extensions>
          <geotracker:meta c="1.62" s="12.71" />
        </extensions>
      </trkpt>
      <trkpt lat="-20.7430067" lon="139.49834802">
        <ele>403.77</ele>
        <time>2026-09-02T23:14:29Z</time>
        <extensions>
          <geotracker:meta c="1.27" s="13.41" />
        </extensions>
      </trkpt>
      <trkpt lat="-20.74206904" lon="139.50025882">
        <ele>407.17</ele>
        <time>2026-09-02T23:14:47Z</time>
        <extensions>
          <geotracker:meta c="1.12" s="11.86" />
        </extensions>
      </trkpt>
      <trkpt lat="-20.74178994" lon="139.50114124">
        <ele>409.86</ele>
        <time>2026-09-02T23:14:56Z</time>
        <extensions>
          <geotracker:meta c="1.36" s="9.31" />
        </extensions>
      </trkpt>
      <trkpt lat="-20.74124521" lon="139.50124424">
        <ele>409.16</ele>
        <time>2026-09-02T23:15:05Z</time>
        <extensions>
          <geotracker:meta c="6.02" s="9.48" />
        </extensions>
      </trkpt>
      <trkpt lat="-20.74032448" lon="139.50101605">
        <ele>406.79</ele>
        <time>2026-09-02T23:15:14Z</time>
        <extensions>
          <geotracker:meta c="5.91" s="12.53" />
        </extensions>
      </trkpt>
      <trkpt lat="-20.7392302" lon="139.50058864">
        <ele>405.89</ele>
        <time>2026-09-02T23:15:24Z</time>
        <extensions>
          <geotracker:meta c="6.02" s="13.03" />
        </extensions>
      </trkpt>
      <trkpt lat="-20.73829458" lon="139.50036076">
        <ele>406.41</ele>
        <time>2026-09-02T23:15:34Z</time>
        <extensions>
          <geotracker:meta c="5.9" s="8.42" />
        </extensions>
      </trkpt>
      <trkpt lat="-20.7374755" lon="139.50032205">
        <ele>405.97</ele>
        <time>2026-09-02T23:15:44Z</time>
        <extensions>
          <geotracker:meta c="0.15" s="10.68" />
        </extensions>
      </trkpt>
      <trkpt lat="-20.73661623" lon="139.50046341">
        <ele>406.17</ele>
        <time>2026-09-02T23:15:53Z</time>
        <extensions>
          <geotracker:meta c="0.22" s="10.4" />
        </extensions>
      </trkpt>
      <trkpt lat="-20.73573802" lon="139.50061933">
        <ele>406</ele>
        <time>2026-09-02T23:16:02Z</time>
        <extensions>
          <geotracker:meta c="0.17" s="11.03" />
        </extensions>
      </trkpt>
      <trkpt lat="-20.73477927" lon="139.50079818">
        <ele>406.54</ele>
        <time>2026-09-02T23:16:12Z</time>
        <extensions>
          <geotracker:meta c="0.16" s="10.88" />
        </extensions>
      </trkpt>
      <trkpt lat="-20.73376453" lon="139.50097955">
        <ele>405.2</ele>
        <time>2026-09-02T23:16:21Z</time>
        <extensions>
          <geotracker:meta c="0.16" s="13.51" />
        </extensions>
      </trkpt>
      <trkpt lat="-20.73254688" lon="139.50118942">
        <ele>405.44</ele>
        <time>2026-09-02T23:16:31Z</time>
        <extensions>
          <geotracker:meta c="0.17" s="13.54" />
        </extensions>
      </trkpt>
      <trkpt lat="-20.7315425" lon="139.50139008">
        <ele>406.9</ele>
        <time>2026-09-02T23:16:40Z</time>
        <extensions>
          <geotracker:meta c="0.17" s="11.66" />
        </extensions>
      </trkpt>
      <trkpt lat="-20.73094669" lon="139.50154085">
        <ele>406.82</ele>
        <time>2026-09-02T23:16:49Z</time>
        <extensions>
          <geotracker:meta c="0.47" s="5.16" />
        </extensions>
      </trkpt>
      <trkpt lat="-20.73097691" lon="139.50218458">
        <ele>408.71</ele>
        <time>2026-09-02T23:16:58Z</time>
        <extensions>
          <geotracker:meta c="1.7" s="9.66" />
        </extensions>
      </trkpt>
      <trkpt lat="-20.73137231" lon="139.50454763">
        <ele>411.75</ele>
        <time>2026-09-02T23:17:17Z</time>
        <extensions>
          <geotracker:meta c="1.76" s="13.65" />
        </extensions>
      </trkpt>
      <trkpt lat="-20.73154831" lon="139.50567108">
        <ele>413.64</ele>
        <time>2026-09-02T23:17:26Z</time>
        <extensions>
          <geotracker:meta c="1.75" s="13.47" />
        </extensions>
      </trkpt>
      <trkpt lat="-20.73169027" lon="139.50665247">
        <ele>416.67</ele>
        <time>2026-09-02T23:17:35Z</time>
        <extensions>
          <geotracker:meta c="1.71" s="8.86" />
        </extensions>
      </trkpt>
      <trkpt lat="-20.73094502" lon="139.50700884">
        <ele>416.12</ele>
        <time>2026-09-02T23:17:53Z</time>
        <extensions>
          <geotracker:meta c="0.15" s="4.29" />
        </extensions>
      </trkpt>
      <trkpt lat="-20.73049199" lon="139.50709166">
        <ele>416.84</ele>
        <time>2026-09-02T23:18:02Z</time>
        <extensions>
          <geotracker:meta c="0.2" s="6.8" />
        </extensions>
      </trkpt>
      <trkpt lat="-20.72985696" lon="139.50722284">
        <ele>417.98</ele>
        <time>2026-09-02T23:18:11Z</time>
        <extensions>
          <geotracker:meta c="0.13" s="8.47" />
        </extensions>
      </trkpt>
      <trkpt lat="-20.72915096" lon="139.50733201">
        <ele>417.58</ele>
        <time>2026-09-02T23:18:20Z</time>
        <extensions>
          <geotracker:meta c="0.19" s="8.52" />
        </extensions>
      </trkpt>
      <trkpt lat="-20.72837419" lon="139.5074816">
        <ele>415.66</ele>
        <time>2026-09-02T23:18:29Z</time>
        <extensions>
          <geotracker:meta c="0.21" s="10.8" />
        </extensions>
      </trkpt>
      <trkpt lat="-20.72687418" lon="139.50773407">
        <ele>413.38</ele>
        <time>2026-09-02T23:18:47Z</time>
        <extensions>
          <geotracker:meta c="6.01" s="3.67" />
        </extensions>
      </trkpt>
      <trkpt lat="-20.72676039" lon="139.50760642">
        <ele>406.32</ele>
        <time>2026-09-02T23:30:52Z</time>
        <extensions>
          <geotracker:meta c="1.91" s="0.5" />
        </extensions>
      </trkpt>
      <trkpt lat="-20.72669864" lon="139.50736457">
        <ele>411.74</ele>
        <time>2026-09-02T23:34:23Z</time>
        <extensions>
          <geotracker:meta c="5" s="3.91" />
        </extensions>
      </trkpt>
      <trkpt lat="-20.72691137" lon="139.50404128">
        <ele>411.69</ele>
        <time>2026-09-02T23:35:13Z</time>
        <extensions>
          <geotracker:meta c="4.73" s="12.59" />
        </extensions>
      </trkpt>
      <trkpt lat="-20.72681441" lon="139.50294651">
        <ele>410.36</ele>
        <time>2026-09-02T23:35:24Z</time>
        <extensions>
          <geotracker:meta c="4.84" s="7.04" />
        </extensions>
      </trkpt>
      <trkpt lat="-20.72663655" lon="139.50184393">
        <ele>405.92</ele>
        <time>2026-09-02T23:35:45Z</time>
        <extensions>
          <geotracker:meta c="4.85" s="11.57" />
        </extensions>
      </trkpt>
      <trkpt lat="-20.72627625" lon="139.4995568">
        <ele>406.79</ele>
        <time>2026-09-02T23:36:03Z</time>
        <extensions>
          <geotracker:meta c="4.94" s="13.43" />
        </extensions>
      </trkpt>
      <trkpt lat="-20.726" lon="139.49811366">
        <ele>409.8</ele>
        <time>2026-09-02T23:36:13Z</time>
        <extensions>
          <geotracker:meta c="4.89" s="14.91" />
        </extensions>
      </trkpt>
      <trkpt lat="-20.72569872" lon="139.49667946">
        <ele>404.91</ele>
        <time>2026-09-02T23:36:24Z</time>
        <extensions>
          <geotracker:meta c="5.12" s="14.04" />
        </extensions>
      </trkpt>
      <trkpt lat="-20.72489737" lon="139.49571968">
        <ele>404.16</ele>
        <time>2026-09-02T23:36:34Z</time>
        <extensions>
          <geotracker:meta c="5.47" s="13.13" />
        </extensions>
      </trkpt>
      <trkpt lat="-20.72446602" lon="139.49458621">
        <ele>401.56</ele>
        <time>2026-09-02T23:36:44Z</time>
        <extensions>
          <geotracker:meta c="4.89" s="12.49" />
        </extensions>
      </trkpt>
      <trkpt lat="-20.72430043" lon="139.49381982">
        <ele>403.03</ele>
        <time>2026-09-02T23:36:53Z</time>
        <extensions>
          <geotracker:meta c="4.84" s="4.69" />
        </extensions>
      </trkpt>
      <trkpt lat="-20.72217402" lon="139.49359841">
        <ele>404.59</ele>
        <time>2026-09-02T23:37:43Z</time>
        <extensions>
          <geotracker:meta c="5.36" s="7.09" />
        </extensions>
      </trkpt>
      <trkpt lat="-20.72154199" lon="139.49127747">
        <ele>396.57</ele>
        <time>2026-09-02T23:38:25Z</time>
        <extensions>
          <geotracker:meta c="5.56" s="3.04" />
        </extensions>
      </trkpt>
      <trkpt lat="-20.72040184" lon="139.49156588">
        <ele>396.99</ele>
        <time>2026-09-02T23:38:45Z</time>
        <extensions>
          <geotracker:meta c="0.4" s="8.55" />
        </extensions>
      </trkpt>
      <trkpt lat="-20.7183501" lon="139.49223062">
        <ele>397.77</ele>
        <time>2026-09-02T23:39:35Z</time>
        <extensions>
          <geotracker:meta c="2.41" s="0.72" />
        </extensions>
      </trkpt>
      <trkpt lat="-20.71829285" lon="139.49207146">
        <ele>412.44</ele>
        <time>2026-09-02T23:59:51Z</time>
        <extensions>
          <geotracker:meta c="3.17" s="1.1" />
        </extensions>
      </trkpt>
      <trkpt lat="-20.72392513" lon="139.49116162">
        <ele>398.98</ele>
        <time>2026-09-03T00:03:08Z</time>
        <extensions>
          <geotracker:meta c="1.77" s="5.73" />
        </extensions>
      </trkpt>
      <trkpt lat="-20.72646318" lon="139.49405085">
        <ele>397.26</ele>
        <time>2026-09-03T00:04:48Z</time>
        <extensions>
          <geotracker:meta c="1.71" s="4.31" />
        </extensions>
      </trkpt>
      <trkpt lat="-20.7257631" lon="139.49544866">
        <ele>402.12</ele>
        <time>2026-09-03T00:05:38Z</time>
        <extensions>
          <geotracker:meta c="1.5" s="0.92" />
        </extensions>
      </trkpt>
      <trkpt lat="-20.72568335" lon="139.49521807">
        <ele>376.59</ele>
        <time>2026-09-03T00:11:05Z</time>
        <extensions>
          <geotracker:meta c="1.16" s="0.43" />
        </extensions>
      </trkpt>
      <trkpt lat="-20.72630238" lon="139.49541168">
        <ele>403.38</ele>
        <time>2026-09-03T00:29:47Z</time>
        <extensions>
          <geotracker:meta c="1.9" s="2.32" />
        </extensions>
      </trkpt>
      <trkpt lat="-20.72423192" lon="139.49303794">
        <ele>398.39</ele>
        <time>2026-09-03T00:31:01Z</time>
        <extensions>
          <geotracker:meta c="4.89" s="8.15" />
        </extensions>
      </trkpt>
      <trkpt lat="-20.72413932" lon="139.49241915">
        <ele>400.9</ele>
        <time>2026-09-03T00:31:10Z</time>
        <extensions>
          <geotracker:meta c="4.89" s="6.57" />
        </extensions>
      </trkpt>
      <trkpt lat="-20.72404627" lon="139.49163039">
        <ele>399.01</ele>
        <time>2026-09-03T00:31:20Z</time>
        <extensions>
          <geotracker:meta c="4.73" s="8.55" />
        </extensions>
      </trkpt>
      <trkpt lat="-20.72406432" lon="139.49105563">
        <ele>403.53</ele>
        <time>2026-09-03T00:31:30Z</time>
        <extensions>
          <geotracker:meta c="4.62" s="3.44" />
        </extensions>
      </trkpt>
      <trkpt lat="-20.72412168" lon="139.49008514">
        <ele>401.85</ele>
        <time>2026-09-03T00:32:10Z</time>
        <extensions>
          <geotracker:meta c="4.71" s="10.13" />
        </extensions>
      </trkpt>
      <trkpt lat="-20.72409658" lon="139.48886542">
        <ele>399.35</ele>
        <time>2026-09-03T00:32:20Z</time>
        <extensions>
          <geotracker:meta c="4.73" s="14.14" />
        </extensions>
      </trkpt>
      <trkpt lat="-20.72408612" lon="139.48747015">
        <ele>399.35</ele>
        <time>2026-09-03T00:32:30Z</time>
        <extensions>
          <geotracker:meta c="4.68" s="14.2" />
        </extensions>
      </trkpt>
      <trkpt lat="-20.72374545" lon="139.48661597">
        <ele>399.29</ele>
        <time>2026-09-03T00:32:40Z</time>
        <extensions>
          <geotracker:meta c="5.97" s="10.29" />
        </extensions>
      </trkpt>
      <trkpt lat="-20.72257463" lon="139.48641357">
        <ele>400.58</ele>
        <time>2026-09-03T00:32:50Z</time>
        <extensions>
          <geotracker:meta c="6.14" s="14.7" />
        </extensions>
      </trkpt>
      <trkpt lat="-20.72115376" lon="139.48613343">
        <ele>405.7</ele>
        <time>2026-09-03T00:33:00Z</time>
        <extensions>
          <geotracker:meta c="6.14" s="15.98" />
        </extensions>
      </trkpt>
      <trkpt lat="-20.71982269" lon="139.48595973">
        <ele>405.3</ele>
        <time>2026-09-03T00:33:10Z</time>
        <extensions>
          <geotracker:meta c="6.14" s="12.87" />
        </extensions>
      </trkpt>
      <trkpt lat="-20.71887399" lon="139.48582924">
        <ele>405.16</ele>
        <time>2026-09-03T00:33:20Z</time>
        <extensions>
          <geotracker:meta c="6.14" s="12.63" />
        </extensions>
      </trkpt>
      <trkpt lat="-20.71759033" lon="139.48578482">
        <ele>400.45</ele>
        <time>2026-09-03T00:33:30Z</time>
        <extensions>
          <geotracker:meta c="6.27" s="14.65" />
        </extensions>
      </trkpt>
      <trkpt lat="-20.71617979" lon="139.48577923">
        <ele>400.24</ele>
        <time>2026-09-03T00:33:40Z</time>
        <extensions>
          <geotracker:meta c="6.28" s="16.38" />
        </extensions>
      </trkpt>
      <trkpt lat="-20.71472456" lon="139.48576428">
        <ele>399.74</ele>
        <time>2026-09-03T00:33:50Z</time>
        <extensions>
          <geotracker:meta c="6.27" s="16.09" />
        </extensions>
      </trkpt>
      <trkpt lat="-20.71327848" lon="139.48575139">
        <ele>405.24</ele>
        <time>2026-09-03T00:34:00Z</time>
        <extensions>
          <geotracker:meta c="0.03" s="15.82" />
        </extensions>
      </trkpt>
      <trkpt lat="-20.71177065" lon="139.48582047">
        <ele>413.64</ele>
        <time>2026-09-03T00:34:10Z</time>
        <extensions>
          <geotracker:meta c="0.01" s="16.71" />
        </extensions>
      </trkpt>
      <trkpt lat="-20.71031437" lon="139.48573926">
        <ele>405.56</ele>
        <time>2026-09-03T00:34:20Z</time>
        <extensions>
          <geotracker:meta c="6.28" s="16.25" />
        </extensions>
      </trkpt>
      <trkpt lat="-20.70886618" lon="139.48574825">
        <ele>401.95</ele>
        <time>2026-09-03T00:34:30Z</time>
        <extensions>
          <geotracker:meta c="0.01" s="15.76" />
        </extensions>
      </trkpt>
      <trkpt lat="-20.70739923" lon="139.48578037">
        <ele>402.99</ele>
        <time>2026-09-03T00:34:40Z</time>
        <extensions>
          <geotracker:meta c="0.01" s="16.49" />
        </extensions>
      </trkpt>
      <trkpt lat="-20.70576606" lon="139.48578282">
        <ele>402.34</ele>
        <time>2026-09-03T00:34:50Z</time>
        <extensions>
          <geotracker:meta c="6.28" s="18.78" />
        </extensions>
      </trkpt>
      <trkpt lat="-20.70408496" lon="139.48575315">
        <ele>401.43</ele>
        <time>2026-09-03T00:35:00Z</time>
        <extensions>
          <geotracker:meta c="6.28" s="18.94" />
        </extensions>
      </trkpt>
      <trkpt lat="-20.7023782" lon="139.48576326">
        <ele>403.33</ele>
        <time>2026-09-03T00:35:10Z</time>
        <extensions>
          <geotracker:meta c="0" s="18.91" />
        </extensions>
      </trkpt>
      <trkpt lat="-20.70068099" lon="139.48573241">
        <ele>400.84</ele>
        <time>2026-09-03T00:35:20Z</time>
        <extensions>
          <geotracker:meta c="6.26" s="18.31" />
        </extensions>
      </trkpt>
      <trkpt lat="-20.69902853" lon="139.48585284">
        <ele>398.95</ele>
        <time>2026-09-03T00:35:30Z</time>
        <extensions>
          <geotracker:meta c="0.16" s="18.87" />
        </extensions>
      </trkpt>
      <trkpt lat="-20.69729272" lon="139.48604207">
        <ele>397.66</ele>
        <time>2026-09-03T00:35:40Z</time>
        <extensions>
          <geotracker:meta c="0.07" s="18.83" />
        </extensions>
      </trkpt>
      <trkpt lat="-20.69560397" lon="139.48626162">
        <ele>396.65</ele>
        <time>2026-09-03T00:35:50Z</time>
        <extensions>
          <geotracker:meta c="0.16" s="19.47" />
        </extensions>
      </trkpt>
      <trkpt lat="-20.69394065" lon="139.48675266">
        <ele>396.17</ele>
        <time>2026-09-03T00:36:00Z</time>
        <extensions>
          <geotracker:meta c="0.34" s="18.33" />
        </extensions>
      </trkpt>
      <trkpt lat="-20.69244624" lon="139.48750532">
        <ele>397.91</ele>
        <time>2026-09-03T00:36:10Z</time>
        <extensions>
          <geotracker:meta c="0.56" s="19.09" />
        </extensions>
      </trkpt>
      <trkpt lat="-20.69101005" lon="139.48876492">
        <ele>399.9</ele>
        <time>2026-09-03T00:36:20Z</time>
        <extensions>
          <geotracker:meta c="0.77" s="21.62" />
        </extensions>
      </trkpt>
      <trkpt lat="-20.68971271" lon="139.49027965">
        <ele>400.39</ele>
        <time>2026-09-03T00:36:30Z</time>
        <extensions>
          <geotracker:meta c="0.84" s="21.52" />
        </extensions>
      </trkpt>
      <trkpt lat="-20.68835541" lon="139.49185328">
        <ele>398.73</ele>
        <time>2026-09-03T00:36:40Z</time>
        <extensions>
          <geotracker:meta c="0.78" s="22.21" />
        </extensions>
      </trkpt>
      <trkpt lat="-20.68658025" lon="139.49320005">
        <ele>392.85</ele>
        <time>2026-09-03T00:36:51Z</time>
        <extensions>
          <geotracker:meta c="0.5" s="21.7" />
        </extensions>
      </trkpt>
      <trkpt lat="-20.68493027" lon="139.49387784">
        <ele>392.65</ele>
        <time>2026-09-03T00:37:00Z</time>
        <extensions>
          <geotracker:meta c="0.23" s="21.17" />
        </extensions>
      </trkpt>
      <trkpt lat="-20.68303442" lon="139.49418725">
        <ele>394.1</ele>
        <time>2026-09-03T00:37:10Z</time>
        <extensions>
          <geotracker:meta c="0.09" s="21.09" />
        </extensions>
      </trkpt>
      <trkpt lat="-20.68106758" lon="139.49404232">
        <ele>395.94</ele>
        <time>2026-09-03T00:37:20Z</time>
        <extensions>
          <geotracker:meta c="6.12" s="22.5" />
        </extensions>
      </trkpt>
      <trkpt lat="-20.67908054" lon="139.49364134">
        <ele>396.22</ele>
        <time>2026-09-03T00:37:30Z</time>
        <extensions>
          <geotracker:meta c="6.09" s="21.9" />
        </extensions>
      </trkpt>
      <trkpt lat="-20.6771643" lon="139.49324369">
        <ele>394.15</ele>
        <time>2026-09-03T00:37:40Z</time>
        <extensions>
          <geotracker:meta c="6.1" s="21.66" />
        </extensions>
      </trkpt>
      <trkpt lat="-20.67518989" lon="139.49308918">
        <ele>391.59</ele>
        <time>2026-09-03T00:37:50Z</time>
        <extensions>
          <geotracker:meta c="0.03" s="21.78" />
        </extensions>
      </trkpt>
      <trkpt lat="-20.67324597" lon="139.49343582">
        <ele>388.09</ele>
        <time>2026-09-03T00:38:00Z</time>
        <extensions>
          <geotracker:meta c="0.24" s="21.23" />
        </extensions>
      </trkpt>
      <trkpt lat="-20.67136801" lon="139.49392657">
        <ele>387.82</ele>
        <time>2026-09-03T00:38:10Z</time>
        <extensions>
          <geotracker:meta c="0.24" s="21.52" />
        </extensions>
      </trkpt>
      <trkpt lat="-20.66946626" lon="139.49439485">
        <ele>388.59</ele>
        <time>2026-09-03T00:38:20Z</time>
        <extensions>
          <geotracker:meta c="0.18" s="21.89" />
        </extensions>
      </trkpt>
      <trkpt lat="-20.66750515" lon="139.49447784">
        <ele>387.08</ele>
        <time>2026-09-03T00:38:30Z</time>
        <extensions>
          <geotracker:meta c="6.24" s="21.53" />
        </extensions>
      </trkpt>
      <trkpt lat="-20.66556365" lon="139.49411662">
        <ele>390.37</ele>
        <time>2026-09-03T00:38:40Z</time>
        <extensions>
          <geotracker:meta c="6.07" s="21.67" />
        </extensions>
      </trkpt>
      <trkpt lat="-20.66367097" lon="139.49370299">
        <ele>387.34</ele>
        <time>2026-09-03T00:38:50Z</time>
        <extensions>
          <geotracker:meta c="6.07" s="21.89" />
        </extensions>
      </trkpt>
      <trkpt lat="-20.66175378" lon="139.49324319">
        <ele>390.8</ele>
        <time>2026-09-03T00:39:00Z</time>
        <extensions>
          <geotracker:meta c="6.08" s="21.11" />
        </extensions>
      </trkpt>
      <trkpt lat="-20.65989624" lon="139.49286044">
        <ele>390.62</ele>
        <time>2026-09-03T00:39:10Z</time>
        <extensions>
          <geotracker:meta c="6.08" s="21.35" />
        </extensions>
      </trkpt>
      <trkpt lat="-20.65796236" lon="139.49247238">
        <ele>393.08</ele>
        <time>2026-09-03T00:39:20Z</time>
        <extensions>
          <geotracker:meta c="6.1" s="21.89" />
        </extensions>
      </trkpt>
      <trkpt lat="-20.65603396" lon="139.49210862">
        <ele>389.6</ele>
        <time>2026-09-03T00:39:30Z</time>
        <extensions>
          <geotracker:meta c="6.1" s="20.97" />
        </extensions>
      </trkpt>
      <trkpt lat="-20.65413943" lon="139.491735">
        <ele>390.62</ele>
        <time>2026-09-03T00:39:40Z</time>
        <extensions>
          <geotracker:meta c="6.11" s="21.84" />
        </extensions>
      </trkpt>
      <trkpt lat="-20.65212933" lon="139.49134872">
        <ele>386.29</ele>
        <time>2026-09-03T00:39:50Z</time>
        <extensions>
          <geotracker:meta c="6.11" s="23.41" />
        </extensions>
      </trkpt>
      <trkpt lat="-20.64994232" lon="139.49094009">
        <ele>386.02</ele>
        <time>2026-09-03T00:40:00Z</time>
        <extensions>
          <geotracker:meta c="6.11" s="25.47" />
        </extensions>
      </trkpt>
      <trkpt lat="-20.64772382" lon="139.4904869">
        <ele>390.8</ele>
        <time>2026-09-03T00:40:10Z</time>
        <extensions>
          <geotracker:meta c="6.08" s="23.68" />
        </extensions>
      </trkpt>
      <trkpt lat="-20.64563478" lon="139.49002307">
        <ele>391.06</ele>
        <time>2026-09-03T00:40:20Z</time>
        <extensions>
          <geotracker:meta c="6.08" s="24.29" />
        </extensions>
      </trkpt>
      <trkpt lat="-20.64340105" lon="139.48953856">
        <ele>388.82</ele>
        <time>2026-09-03T00:40:30Z</time>
        <extensions>
          <geotracker:meta c="6.08" s="25.63" />
        </extensions>
      </trkpt>
      <trkpt lat="-20.64114484" lon="139.48905916">
        <ele>387.38</ele>
        <time>2026-09-03T00:40:40Z</time>
        <extensions>
          <geotracker:meta c="6.08" s="25.09" />
        </extensions>
      </trkpt>
      <trkpt lat="-20.63891051" lon="139.48854366">
        <ele>388.49</ele>
        <time>2026-09-03T00:40:50Z</time>
        <extensions>
          <geotracker:meta c="6.07" s="25.28" />
        </extensions>
      </trkpt>
      <trkpt lat="-20.63667985" lon="139.48807869">
        <ele>388.26</ele>
        <time>2026-09-03T00:41:00Z</time>
        <extensions>
          <geotracker:meta c="6.08" s="25.11" />
        </extensions>
      </trkpt>
      <trkpt lat="-20.63449438" lon="139.48759795">
        <ele>391.95</ele>
        <time>2026-09-03T00:41:10Z</time>
        <extensions>
          <geotracker:meta c="6.08" s="24.67" />
        </extensions>
      </trkpt>
      <trkpt lat="-20.63227716" lon="139.4871075">
        <ele>394.52</ele>
        <time>2026-09-03T00:41:20Z</time>
        <extensions>
          <geotracker:meta c="6.08" s="25.42" />
        </extensions>
      </trkpt>
      <trkpt lat="-20.62996657" lon="139.48659262">
        <ele>397.23</ele>
        <time>2026-09-03T00:41:30Z</time>
        <extensions>
          <geotracker:meta c="6.08" s="26.34" />
        </extensions>
      </trkpt>
      <trkpt lat="-20.62787076" lon="139.48612433">
        <ele>397.59</ele>
        <time>2026-09-03T00:41:39Z</time>
        <extensions>
          <geotracker:meta c="6.08" s="26.17" />
        </extensions>
      </trkpt>
      <trkpt lat="-20.62580628" lon="139.48567929">
        <ele>397.77</ele>
        <time>2026-09-03T00:41:48Z</time>
        <extensions>
          <geotracker:meta c="6.08" s="25.89" />
        </extensions>
      </trkpt>
      <trkpt lat="-20.62259865" lon="139.48496776">
        <ele>395.76</ele>
        <time>2026-09-03T00:42:02Z</time>
        <extensions>
          <geotracker:meta c="6.08" s="25.62" />
        </extensions>
      </trkpt>
      <trkpt lat="-20.62031168" lon="139.48447086">
        <ele>394.17</ele>
        <time>2026-09-03T00:42:12Z</time>
        <extensions>
          <geotracker:meta c="6.08" s="25.95" />
        </extensions>
      </trkpt>
      <trkpt lat="-20.61772857" lon="139.48390058">
        <ele>396.81</ele>
        <time>2026-09-03T00:42:23Z</time>
        <extensions>
          <geotracker:meta c="6.02" s="26.54" />
        </extensions>
      </trkpt>
      <trkpt lat="-20.6156277" lon="139.48345731">
        <ele>399.76</ele>
        <time>2026-09-03T00:42:32Z</time>
        <extensions>
          <geotracker:meta c="6.15" s="26.35" />
        </extensions>
      </trkpt>
      <trkpt lat="-20.61322637" lon="139.48328909">
        <ele>400.29</ele>
        <time>2026-09-03T00:42:42Z</time>
        <extensions>
          <geotracker:meta c="6.23" s="27.2" />
        </extensions>
      </trkpt>
      <trkpt lat="-20.61081999" lon="139.48317354">
        <ele>400.76</ele>
        <time>2026-09-03T00:42:52Z</time>
        <extensions>
          <geotracker:meta c="6.25" s="26.25" />
        </extensions>
      </trkpt>
      <trkpt lat="-20.60841521" lon="139.48303214">
        <ele>403.45</ele>
        <time>2026-09-03T00:43:02Z</time>
        <extensions>
          <geotracker:meta c="6.24" s="26.46" />
        </extensions>
      </trkpt>
      <trkpt lat="-20.6060445" lon="139.48291671">
        <ele>408.88</ele>
        <time>2026-09-03T00:43:12Z</time>
        <extensions>
          <geotracker:meta c="6.23" s="26.09" />
        </extensions>
      </trkpt>
      <trkpt lat="-20.60371026" lon="139.48285002">
        <ele>406.08</ele>
        <time>2026-09-03T00:43:22Z</time>
        <extensions>
          <geotracker:meta c="0" s="25.93" />
        </extensions>
      </trkpt>
      <trkpt lat="-20.60134024" lon="139.4829485">
        <ele>396.85</ele>
        <time>2026-09-03T00:43:32Z</time>
        <extensions>
          <geotracker:meta c="0.1" s="26.95" />
        </extensions>
      </trkpt>
      <trkpt lat="-20.59877023" lon="139.48332899">
        <ele>402.23</ele>
        <time>2026-09-03T00:43:43Z</time>
        <extensions>
          <geotracker:meta c="0.18" s="25.56" />
        </extensions>
      </trkpt>
      <trkpt lat="-20.59671128" lon="139.4838452">
        <ele>403.37</ele>
        <time>2026-09-03T00:43:52Z</time>
        <extensions>
          <geotracker:meta c="0.22" s="26.17" />
        </extensions>
      </trkpt>
      <trkpt lat="-20.59444925" lon="139.48456464">
        <ele>408.06</ele>
        <time>2026-09-03T00:44:02Z</time>
        <extensions>
          <geotracker:meta c="0.28" s="25.88" />
        </extensions>
      </trkpt>
      <trkpt lat="-20.5921896" lon="139.48531993">
        <ele>404.64</ele>
        <time>2026-09-03T00:44:12Z</time>
        <extensions>
          <geotracker:meta c="0.29" s="26.62" />
        </extensions>
      </trkpt>
      <trkpt lat="-20.58988311" lon="139.48600109">
        <ele>406.23</ele>
        <time>2026-09-03T00:44:22Z</time>
        <extensions>
          <geotracker:meta c="0.24" s="26.19" />
        </extensions>
      </trkpt>
      <trkpt lat="-20.58757304" lon="139.48646371">
        <ele>402.42</ele>
        <time>2026-09-03T00:44:32Z</time>
        <extensions>
          <geotracker:meta c="0.14" s="26.41" />
        </extensions>
      </trkpt>
      <trkpt lat="-20.5849732" lon="139.48677034">
        <ele>399.16</ele>
        <time>2026-09-03T00:44:43Z</time>
        <extensions>
          <geotracker:meta c="0.05" s="25.9" />
        </extensions>
      </trkpt>
      <trkpt lat="-20.58236737" lon="139.48676887">
        <ele>393.77</ele>
        <time>2026-09-03T00:44:54Z</time>
        <extensions>
          <geotracker:meta c="6.25" s="26.49" />
        </extensions>
      </trkpt>
      <trkpt lat="-20.58173246" lon="139.48672538">
        <ele>398.32</ele>
        <time>2026-09-03T00:44:56Z</time>
        <extensions>
          <geotracker:meta c="6.23" s="26.54" />
        </extensions>
      </trkpt>
      <trkpt lat="-20.57877144" lon="139.48659965">
        <ele>391.63</ele>
        <time>2026-09-03T00:45:09Z</time>
        <extensions>
          <geotracker:meta c="6.24" s="27.04" />
        </extensions>
      </trkpt>
      <trkpt lat="-20.57632974" lon="139.4864713">
        <ele>392.9</ele>
        <time>2026-09-03T00:45:19Z</time>
        <extensions>
          <geotracker:meta c="6.24" s="27.13" />
        </extensions>
      </trkpt>
      <trkpt lat="-20.57388034" lon="139.48641428">
        <ele>391.69</ele>
        <time>2026-09-03T00:45:29Z</time>
        <extensions>
          <geotracker:meta c="6.23" s="27" />
        </extensions>
      </trkpt>
      <trkpt lat="-20.56947887" lon="139.48616822">
        <ele>398.27</ele>
        <time>2026-09-03T00:45:47Z</time>
        <extensions>
          <geotracker:meta c="6.24" s="27.3" />
        </extensions>
      </trkpt>
      <trkpt lat="-20.5670724" lon="139.4860541">
        <ele>398.19</ele>
        <time>2026-09-03T00:45:57Z</time>
        <extensions>
          <geotracker:meta c="6.24" s="26.33" />
        </extensions>
      </trkpt>
      <trkpt lat="-20.56469367" lon="139.48593629">
        <ele>400.79</ele>
        <time>2026-09-03T00:46:07Z</time>
        <extensions>
          <geotracker:meta c="6.24" s="26.22" />
        </extensions>
      </trkpt>
      <trkpt lat="-20.56231854" lon="139.48580331">
        <ele>400.38</ele>
        <time>2026-09-03T00:46:17Z</time>
        <extensions>
          <geotracker:meta c="6.25" s="26.37" />
        </extensions>
      </trkpt>
      <trkpt lat="-20.55945352" lon="139.48569601">
        <ele>401.72</ele>
        <time>2026-09-03T00:46:29Z</time>
        <extensions>
          <geotracker:meta c="6.24" s="26.68" />
        </extensions>
      </trkpt>
      <trkpt lat="-20.55456638" lon="139.48547803">
        <ele>400.64</ele>
        <time>2026-09-03T00:46:49Z</time>
        <extensions>
          <geotracker:meta c="6.24" s="26.57" />
        </extensions>
      </trkpt>
      <trkpt lat="-20.5501839" lon="139.48525422">
        <ele>405.63</ele>
        <time>2026-09-03T00:47:07Z</time>
        <extensions>
          <geotracker:meta c="6.23" s="27.2" />
        </extensions>
      </trkpt>
      <trkpt lat="-20.5477341" lon="139.48515492">
        <ele>404.35</ele>
        <time>2026-09-03T00:47:17Z</time>
        <extensions>
          <geotracker:meta c="6.24" s="27.04" />
        </extensions>
      </trkpt>
      <trkpt lat="-20.54530072" lon="139.4849623">
        <ele>401.01</ele>
        <time>2026-09-03T00:47:27Z</time>
        <extensions>
          <geotracker:meta c="6.14" s="27.1" />
        </extensions>
      </trkpt>
      <trkpt lat="-20.5429796" lon="139.48416837">
        <ele>404.44</ele>
        <time>2026-09-03T00:47:37Z</time>
        <extensions>
          <geotracker:meta c="5.83" s="27.09" />
        </extensions>
      </trkpt>
      <trkpt lat="-20.54102453" lon="139.48275435">
        <ele>406.61</ele>
        <time>2026-09-03T00:47:47Z</time>
        <extensions>
          <geotracker:meta c="5.54" s="25.68" />
        </extensions>
      </trkpt>
      <trkpt lat="-20.53956457" lon="139.48084113">
        <ele>406.8</ele>
        <time>2026-09-03T00:47:57Z</time>
        <extensions>
          <geotracker:meta c="5.27" s="25.9" />
        </extensions>
      </trkpt>
      <trkpt lat="-20.5386447" lon="139.47848366">
        <ele>409.34</ele>
        <time>2026-09-03T00:48:07Z</time>
        <extensions>
          <geotracker:meta c="4.98" s="27.36" />
        </extensions>
      </trkpt>
      <trkpt lat="-20.53828285" lon="139.47592625">
        <ele>409.84</ele>
        <time>2026-09-03T00:48:17Z</time>
        <extensions>
          <geotracker:meta c="4.83" s="26.89" />
        </extensions>
      </trkpt>
      <trkpt lat="-20.5378391" lon="139.47337187">
        <ele>410.12</ele>
        <time>2026-09-03T00:48:27Z</time>
        <extensions>
          <geotracker:meta c="5" s="27.32" />
        </extensions>
      </trkpt>
      <trkpt lat="-20.5367882" lon="139.47102425">
        <ele>411.72</ele>
        <time>2026-09-03T00:48:37Z</time>
        <extensions>
          <geotracker:meta c="5.28" s="26.58" />
        </extensions>
      </trkpt>
      <trkpt lat="-20.53546446" lon="139.46901276">
        <ele>414.35</ele>
        <time>2026-09-03T00:48:47Z</time>
        <extensions>
          <geotracker:meta c="5.33" s="25.21" />
        </extensions>
      </trkpt>
      <trkpt lat="-20.53415659" lon="139.46702619">
        <ele>419.6</ele>
        <time>2026-09-03T00:48:57Z</time>
        <extensions>
          <geotracker:meta c="5.32" s="25.41" />
        </extensions>
      </trkpt>
      <trkpt lat="-20.53280726" lon="139.46497857">
        <ele>421.19</ele>
        <time>2026-09-03T00:49:07Z</time>
        <extensions>
          <geotracker:meta c="5.32" s="26.49" />
        </extensions>
      </trkpt>
      <trkpt lat="-20.53127913" lon="139.46266035">
        <ele>421.67</ele>
        <time>2026-09-03T00:49:18Z</time>
        <extensions>
          <geotracker:meta c="5.32" s="27.01" />
        </extensions>
      </trkpt>
      <trkpt lat="-20.53000112" lon="139.46074837">
        <ele>427.13</ele>
        <time>2026-09-03T00:49:27Z</time>
        <extensions>
          <geotracker:meta c="5.36" s="27.42" />
        </extensions>
      </trkpt>
      <trkpt lat="-20.52823938" lon="139.4588666">
        <ele>422.96</ele>
        <time>2026-09-03T00:49:37Z</time>
        <extensions>
          <geotracker:meta c="5.58" s="27.17" />
        </extensions>
      </trkpt>
      <trkpt lat="-20.52640035" lon="139.45722147">
        <ele>422.28</ele>
        <time>2026-09-03T00:49:47Z</time>
        <extensions>
          <geotracker:meta c="5.58" s="26.11" />
        </extensions>
      </trkpt>
      <trkpt lat="-20.52459498" lon="139.45557322">
        <ele>422.23</ele>
        <time>2026-09-03T00:49:57Z</time>
        <extensions>
          <geotracker:meta c="5.56" s="26.59" />
        </extensions>
      </trkpt>
      <trkpt lat="-20.52304483" lon="139.45360449">
        <ele>421.65</ele>
        <time>2026-09-03T00:50:07Z</time>
        <extensions>
          <geotracker:meta c="5.28" s="27.36" />
        </extensions>
      </trkpt>
      <trkpt lat="-20.52210958" lon="139.45123425">
        <ele>420.66</ele>
        <time>2026-09-03T00:50:17Z</time>
        <extensions>
          <geotracker:meta c="4.99" s="26.98" />
        </extensions>
      </trkpt>
      <trkpt lat="-20.52139179" lon="139.44872557">
        <ele>425.03</ele>
        <time>2026-09-03T00:50:27Z</time>
        <extensions>
          <geotracker:meta c="5.06" s="26.8" />
        </extensions>
      </trkpt>
      <trkpt lat="-20.5201795" lon="139.44646376">
        <ele>426.18</ele>
        <time>2026-09-03T00:50:37Z</time>
        <extensions>
          <geotracker:meta c="5.36" s="27.84" />
        </extensions>
      </trkpt>
      <trkpt lat="-20.51836394" lon="139.44466995">
        <ele>428.95</ele>
        <time>2026-09-03T00:50:47Z</time>
        <extensions>
          <geotracker:meta c="5.68" s="27.08" />
        </extensions>
      </trkpt>
      <trkpt lat="-20.51625711" lon="139.44339745">
        <ele>429.14</ele>
        <time>2026-09-03T00:50:57Z</time>
        <extensions>
          <geotracker:meta c="5.78" s="26.73" />
        </extensions>
      </trkpt>
      <trkpt lat="-20.51411837" lon="139.44215968">
        <ele>430.67</ele>
        <time>2026-09-03T00:51:07Z</time>
        <extensions>
          <geotracker:meta c="5.78" s="27.27" />
        </extensions>
      </trkpt>
      <trkpt lat="-20.51196973" lon="139.44088322">
        <ele>435.7</ele>
        <time>2026-09-03T00:51:17Z</time>
        <extensions>
          <geotracker:meta c="5.78" s="26.99" />
        </extensions>
      </trkpt>
      <trkpt lat="-20.5094225" lon="139.43926827">
        <ele>439.65</ele>
        <time>2026-09-03T00:51:29Z</time>
        <extensions>
          <geotracker:meta c="5.72" s="27.28" />
        </extensions>
      </trkpt>
      <trkpt lat="-20.50738219" lon="139.43780327">
        <ele>442.67</ele>
        <time>2026-09-03T00:51:39Z</time>
        <extensions>
          <geotracker:meta c="5.66" s="27.11" />
        </extensions>
      </trkpt>
      <trkpt lat="-20.50545166" lon="139.43624533">
        <ele>441.98</ele>
        <time>2026-09-03T00:51:49Z</time>
        <extensions>
          <geotracker:meta c="5.61" s="26.86" />
        </extensions>
      </trkpt>
      <trkpt lat="-20.50358907" lon="139.434588">
        <ele>442.23</ele>
        <time>2026-09-03T00:51:59Z</time>
        <extensions>
          <geotracker:meta c="5.58" s="27.03" />
        </extensions>
      </trkpt>
      <trkpt lat="-20.50167671" lon="139.43290402">
        <ele>444.68</ele>
        <time>2026-09-03T00:52:09Z</time>
        <extensions>
          <geotracker:meta c="5.59" s="27.78" />
        </extensions>
      </trkpt>
      <trkpt lat="-20.49981009" lon="139.43123564">
        <ele>453.83</ele>
        <time>2026-09-03T00:52:19Z</time>
        <extensions>
          <geotracker:meta c="5.59" s="26.72" />
        </extensions>
      </trkpt>
      <trkpt lat="-20.4979492" lon="139.42957323">
        <ele>452.03</ele>
        <time>2026-09-03T00:52:29Z</time>
        <extensions>
          <geotracker:meta c="5.58" s="27.54" />
        </extensions>
      </trkpt>
      <trkpt lat="-20.49610849" lon="139.42777033">
        <ele>450.84</ele>
        <time>2026-09-03T00:52:39Z</time>
        <extensions>
          <geotracker:meta c="5.52" s="27.3" />
        </extensions>
      </trkpt>
      <trkpt lat="-20.49431873" lon="139.42598951">
        <ele>457.29</ele>
        <time>2026-09-03T00:52:49Z</time>
        <extensions>
          <geotracker:meta c="5.53" s="27.06" />
        </extensions>
      </trkpt>
      <trkpt lat="-20.49256884" lon="139.42425653">
        <ele>461.22</ele>
        <time>2026-09-03T00:52:59Z</time>
        <extensions>
          <geotracker:meta c="5.53" s="25.5" />
        </extensions>
      </trkpt>
      <trkpt lat="-20.49085792" lon="139.42259495">
        <ele>463.58</ele>
        <time>2026-09-03T00:53:09Z</time>
        <extensions>
          <geotracker:meta c="5.58" s="26.25" />
        </extensions>
      </trkpt>
      <trkpt lat="-20.48903095" lon="139.42101809">
        <ele>469.85</ele>
        <time>2026-09-03T00:53:19Z</time>
        <extensions>
          <geotracker:meta c="5.63" s="25.42" />
        </extensions>
      </trkpt>
      <trkpt lat="-20.48715133" lon="139.41963044">
        <ele>471.07</ele>
        <time>2026-09-03T00:53:29Z</time>
        <extensions>
          <geotracker:meta c="5.7" s="26.04" />
        </extensions>
      </trkpt>
      <trkpt lat="-20.48513721" lon="139.41828193">
        <ele>465.35</ele>
        <time>2026-09-03T00:53:39Z</time>
        <extensions>
          <geotracker:meta c="5.73" s="26.24" />
        </extensions>
      </trkpt>
      <trkpt lat="-20.48307564" lon="139.41695724">
        <ele>458.74</ele>
        <time>2026-09-03T00:53:49Z</time>
        <extensions>
          <geotracker:meta c="5.77" s="26.7" />
        </extensions>
      </trkpt>
      <trkpt lat="-20.48080116" lon="139.41602864">
        <ele>458.97</ele>
        <time>2026-09-03T00:53:59Z</time>
        <extensions>
          <geotracker:meta c="6.03" s="27.26" />
        </extensions>
      </trkpt>
      <trkpt lat="-20.47836124" lon="139.4157362">
        <ele>454.46</ele>
        <time>2026-09-03T00:54:09Z</time>
        <extensions>
          <geotracker:meta c="0.01" s="26.99" />
        </extensions>
      </trkpt>
      <trkpt lat="-20.47596775" lon="139.41616288">
        <ele>453.56</ele>
        <time>2026-09-03T00:54:19Z</time>
        <extensions>
          <geotracker:meta c="0.28" s="26.46" />
        </extensions>
      </trkpt>
      <trkpt lat="-20.47377144" lon="139.41700411">
        <ele>451.08</ele>
        <time>2026-09-03T00:54:29Z</time>
        <extensions>
          <geotracker:meta c="0.3" s="26.01" />
        </extensions>
      </trkpt>
      <trkpt lat="-20.47142742" lon="139.41735101">
        <ele>451.5</ele>
        <time>2026-09-03T00:54:39Z</time>
        <extensions>
          <geotracker:meta c="0.05" s="26.45" />
        </extensions>
      </trkpt>
      <trkpt lat="-20.46902745" lon="139.41736072">
        <ele>453.66</ele>
        <time>2026-09-03T00:54:49Z</time>
        <extensions>
          <geotracker:meta c="6.23" s="26.76" />
        </extensions>
      </trkpt>
      <trkpt lat="-20.46661658" lon="139.41705358">
        <ele>451.96</ele>
        <time>2026-09-03T00:54:59Z</time>
        <extensions>
          <geotracker:meta c="6.1" s="26.78" />
        </extensions>
      </trkpt>
      <trkpt lat="-20.46426965" lon="139.41642221">
        <ele>453.57</ele>
        <time>2026-09-03T00:55:09Z</time>
        <extensions>
          <geotracker:meta c="5.97" s="26.76" />
        </extensions>
      </trkpt>
      <trkpt lat="-20.46203933" lon="139.41543207">
        <ele>447.74</ele>
        <time>2026-09-03T00:55:19Z</time>
        <extensions>
          <geotracker:meta c="5.83" s="27.25" />
        </extensions>
      </trkpt>
      <trkpt lat="-20.45991603" lon="139.41412803">
        <ele>442.85</ele>
        <time>2026-09-03T00:55:29Z</time>
        <extensions>
          <geotracker:meta c="5.72" s="27.15" />
        </extensions>
      </trkpt>
      <trkpt lat="-20.4578322" lon="139.41270736">
        <ele>448.08</ele>
        <time>2026-09-03T00:55:39Z</time>
        <extensions>
          <geotracker:meta c="5.71" s="27.3" />
        </extensions>
      </trkpt>
      <trkpt lat="-20.45580295" lon="139.41129333">
        <ele>449.5</ele>
        <time>2026-09-03T00:55:49Z</time>
        <extensions>
          <geotracker:meta c="5.69" s="26.88" />
        </extensions>
      </trkpt>
      <trkpt lat="-20.45380093" lon="139.40984615">
        <ele>452.13</ele>
        <time>2026-09-03T00:55:59Z</time>
        <extensions>
          <geotracker:meta c="5.67" s="26.77" />
        </extensions>
      </trkpt>
      <trkpt lat="-20.45180457" lon="139.40836084">
        <ele>456.86</ele>
        <time>2026-09-03T00:56:09Z</time>
        <extensions>
          <geotracker:meta c="5.66" s="26.95" />
        </extensions>
      </trkpt>
      <trkpt lat="-20.44983848" lon="139.40685419">
        <ele>457.07</ele>
        <time>2026-09-03T00:56:19Z</time>
        <extensions>
          <geotracker:meta c="5.65" s="27.04" />
        </extensions>
      </trkpt>
      <trkpt lat="-20.44782888" lon="139.40530447">
        <ele>458.75</ele>
        <time>2026-09-03T00:56:29Z</time>
        <extensions>
          <geotracker:meta c="5.68" s="27.54" />
        </extensions>
      </trkpt>
      <trkpt lat="-20.44568823" lon="139.40401827">
        <ele>460.8</ele>
        <time>2026-09-03T00:56:39Z</time>
        <extensions>
          <geotracker:meta c="5.82" s="27.46" />
        </extensions>
      </trkpt>
      <trkpt lat="-20.44349221" lon="139.40283109">
        <ele>462.55</ele>
        <time>2026-09-03T00:56:49Z</time>
        <extensions>
          <geotracker:meta c="5.76" s="27.37" />
        </extensions>
      </trkpt>
      <trkpt lat="-20.44148258" lon="139.40129347">
        <ele>457.48</ele>
        <time>2026-09-03T00:56:59Z</time>
        <extensions>
          <geotracker:meta c="5.58" s="26.88" />
        </extensions>
      </trkpt>
      <trkpt lat="-20.43974294" lon="139.39954504">
        <ele>463.32</ele>
        <time>2026-09-03T00:57:09Z</time>
        <extensions>
          <geotracker:meta c="5.56" s="26.5" />
        </extensions>
      </trkpt>
      <trkpt lat="-20.43780539" lon="139.39803254">
        <ele>459.15</ele>
        <time>2026-09-03T00:57:19Z</time>
        <extensions>
          <geotracker:meta c="5.74" s="26.56" />
        </extensions>
      </trkpt>
      <trkpt lat="-20.43568353" lon="139.39682701">
        <ele>458.71</ele>
        <time>2026-09-03T00:57:29Z</time>
        <extensions>
          <geotracker:meta c="5.79" s="27" />
        </extensions>
      </trkpt>
      <trkpt lat="-20.43362693" lon="139.39545882">
        <ele>467.5</ele>
        <time>2026-09-03T00:57:39Z</time>
        <extensions>
          <geotracker:meta c="5.65" s="26.17" />
        </extensions>
      </trkpt>
      <trkpt lat="-20.43185081" lon="139.39385691">
        <ele>470.57</ele>
        <time>2026-09-03T00:57:49Z</time>
        <extensions>
          <geotracker:meta c="5.53" s="26.04" />
        </extensions>
      </trkpt>
      <trkpt lat="-20.43011347" lon="139.39214925">
        <ele>476.98</ele>
        <time>2026-09-03T00:57:59Z</time>
        <extensions>
          <geotracker:meta c="5.53" s="26.2" />
        </extensions>
      </trkpt>
      <trkpt lat="-20.42836626" lon="139.39042115">
        <ele>480.4</ele>
        <time>2026-09-03T00:58:09Z</time>
        <extensions>
          <geotracker:meta c="5.57" s="26.64" />
        </extensions>
      </trkpt>
      <trkpt lat="-20.42640142" lon="139.3888986">
        <ele>481.74</ele>
        <time>2026-09-03T00:58:19Z</time>
        <extensions>
          <geotracker:meta c="5.71" s="26.93" />
        </extensions>
      </trkpt>
      <trkpt lat="-20.42430873" lon="139.38758094">
        <ele>478.81</ele>
        <time>2026-09-03T00:58:29Z</time>
        <extensions>
          <geotracker:meta c="5.74" s="27.16" />
        </extensions>
      </trkpt>
      <trkpt lat="-20.42221113" lon="139.38627778">
        <ele>479.04</ele>
        <time>2026-09-03T00:58:39Z</time>
        <extensions>
          <geotracker:meta c="5.75" s="27.01" />
        </extensions>
      </trkpt>
      <trkpt lat="-20.42011382" lon="139.38496667">
        <ele>474.47</ele>
        <time>2026-09-03T00:58:49Z</time>
        <extensions>
          <geotracker:meta c="5.75" s="26.96" />
        </extensions>
      </trkpt>
      <trkpt lat="-20.41804055" lon="139.38361095">
        <ele>472.61</ele>
        <time>2026-09-03T00:58:59Z</time>
        <extensions>
          <geotracker:meta c="5.71" s="26.93" />
        </extensions>
      </trkpt>
      <trkpt lat="-20.41405106" lon="139.38058206">
        <ele>471.24</ele>
        <time>2026-09-03T00:59:19Z</time>
        <extensions>
          <geotracker:meta c="5.64" s="27.3" />
        </extensions>
      </trkpt>
      <trkpt lat="-20.41208536" lon="139.3790359">
        <ele>468.65</ele>
        <time>2026-09-03T00:59:29Z</time>
        <extensions>
          <geotracker:meta c="5.65" s="26.84" />
        </extensions>
      </trkpt>
      <trkpt lat="-20.41014542" lon="139.37751252">
        <ele>467.43</ele>
        <time>2026-09-03T00:59:39Z</time>
        <extensions>
          <geotracker:meta c="5.65" s="26.49" />
        </extensions>
      </trkpt>
      <trkpt lat="-20.40821258" lon="139.37597721">
        <ele>467.6</ele>
        <time>2026-09-03T00:59:49Z</time>
        <extensions>
          <geotracker:meta c="5.65" s="27.19" />
        </extensions>
      </trkpt>
      <trkpt lat="-20.40624523" lon="139.37443336">
        <ele>465.26</ele>
        <time>2026-09-03T00:59:59Z</time>
        <extensions>
          <geotracker:meta c="5.65" s="26.44" />
        </extensions>
      </trkpt>
      <trkpt lat="-20.40463476" lon="139.37316787">
        <ele>464.89</ele>
        <time>2026-09-03T01:00:07Z</time>
        <extensions>
          <geotracker:meta c="5.64" s="26.98" />
        </extensions>
      </trkpt>
      <trkpt lat="-20.40255256" lon="139.37151557">
        <ele>461.32</ele>
        <time>2026-09-03T01:00:18Z</time>
        <extensions>
          <geotracker:meta c="5.65" s="27.03" />
        </extensions>
      </trkpt>
      <trkpt lat="-20.40058096" lon="139.37000662">
        <ele>460.78</ele>
        <time>2026-09-03T01:00:28Z</time>
        <extensions>
          <geotracker:meta c="5.64" s="26.93" />
        </extensions>
      </trkpt>
      <trkpt lat="-20.3986293" lon="139.36847477">
        <ele>460.02</ele>
        <time>2026-09-03T01:00:38Z</time>
        <extensions>
          <geotracker:meta c="5.65" s="26.84" />
        </extensions>
      </trkpt>
      <trkpt lat="-20.39667771" lon="139.36688891">
        <ele>455.1</ele>
        <time>2026-09-03T01:00:48Z</time>
        <extensions>
          <geotracker:meta c="5.61" s="27.51" />
        </extensions>
      </trkpt>
      <trkpt lat="-20.3948246" lon="139.36513153">
        <ele>455.82</ele>
        <time>2026-09-03T01:00:58Z</time>
        <extensions>
          <geotracker:meta c="5.5" s="27.25" />
        </extensions>
      </trkpt>
      <trkpt lat="-20.39318952" lon="139.36325286">
        <ele>454.96</ele>
        <time>2026-09-03T01:01:08Z</time>
        <extensions>
          <geotracker:meta c="5.41" s="26.55" />
        </extensions>
      </trkpt>
      <trkpt lat="-20.39170985" lon="139.36122676">
        <ele>458.56</ele>
        <time>2026-09-03T01:01:18Z</time>
        <extensions>
          <geotracker:meta c="5.32" s="27" />
        </extensions>
      </trkpt>
      <trkpt lat="-20.39043954" lon="139.35899194">
        <ele>452.18</ele>
        <time>2026-09-03T01:01:28Z</time>
        <extensions>
          <geotracker:meta c="5.22" s="26.95" />
        </extensions>
      </trkpt>
      <trkpt lat="-20.38938234" lon="139.35669128">
        <ele>450.07</ele>
        <time>2026-09-03T01:01:38Z</time>
        <extensions>
          <geotracker:meta c="5.13" s="26.61" />
        </extensions>
      </trkpt>
      <trkpt lat="-20.3885185" lon="139.35436428">
        <ele>449</ele>
        <time>2026-09-03T01:01:48Z</time>
        <extensions>
          <geotracker:meta c="5.03" s="26.57" />
        </extensions>
      </trkpt>
      <trkpt lat="-20.38789184" lon="139.35185569">
        <ele>447.74</ele>
        <time>2026-09-03T01:01:58Z</time>
        <extensions>
          <geotracker:meta c="4.93" s="27.02" />
        </extensions>
      </trkpt>
      <trkpt lat="-20.38741408" lon="139.34935211">
        <ele>446.2</ele>
        <time>2026-09-03T01:02:08Z</time>
        <extensions>
          <geotracker:meta c="4.9" s="26.87" />
        </extensions>
      </trkpt>
      <trkpt lat="-20.38697521" lon="139.34691779">
        <ele>446.48</ele>
        <time>2026-09-03T01:02:18Z</time>
        <extensions>
          <geotracker:meta c="4.9" s="25.97" />
        </extensions>
      </trkpt>
      <trkpt lat="-20.38650557" lon="139.34438969">
        <ele>443.28</ele>
        <time>2026-09-03T01:02:28Z</time>
        <extensions>
          <geotracker:meta c="4.91" s="27.2" />
        </extensions>
      </trkpt>
      <trkpt lat="-20.38596401" lon="139.34190313">
        <ele>445.9</ele>
        <time>2026-09-03T01:02:38Z</time>
        <extensions>
          <geotracker:meta c="4.99" s="26.2" />
        </extensions>
      </trkpt>
      <trkpt lat="-20.38517842" lon="139.33953206">
        <ele>447.79</ele>
        <time>2026-09-03T01:02:48Z</time>
        <extensions>
          <geotracker:meta c="5.07" s="26.18" />
        </extensions>
      </trkpt>
      <trkpt lat="-20.38437556" lon="139.33717435">
        <ele>442.72</ele>
        <time>2026-09-03T01:02:58Z</time>
        <extensions>
          <geotracker:meta c="5.07" s="26.38" />
        </extensions>
      </trkpt>
      <trkpt lat="-20.38287857" lon="139.3325316">
        <ele>435.6</ele>
        <time>2026-09-03T01:03:18Z</time>
        <extensions>
          <geotracker:meta c="4.91" s="25.46" />
        </extensions>
      </trkpt>
      <trkpt lat="-20.38309448" lon="139.32754362">
        <ele>440.71</ele>
        <time>2026-09-03T01:03:38Z</time>
        <extensions>
          <geotracker:meta c="4.56" s="26.56" />
        </extensions>
      </trkpt>
      <trkpt lat="-20.38319962" lon="139.32496202">
        <ele>438.6</ele>
        <time>2026-09-03T01:03:48Z</time>
        <extensions>
          <geotracker:meta c="4.76" s="27.25" />
        </extensions>
      </trkpt>
      <trkpt lat="-20.38178293" lon="139.31738439">
        <ele>434.19</ele>
        <time>2026-09-03T01:04:18Z</time>
        <extensions>
          <geotracker:meta c="4.94" s="27.17" />
        </extensions>
      </trkpt>
      <trkpt lat="-20.38072855" lon="139.31241775">
        <ele>431.34</ele>
        <time>2026-09-03T01:04:38Z</time>
        <extensions>
          <geotracker:meta c="4.94" s="25.19" />
        </extensions>
      </trkpt>
      <trkpt lat="-20.37914728" lon="139.30516189">
        <ele>427.71</ele>
        <time>2026-09-03T01:05:08Z</time>
        <extensions>
          <geotracker:meta c="4.95" s="26.48" />
        </extensions>
      </trkpt>
      <trkpt lat="-20.37749064" lon="139.29759624">
        <ele>430.92</ele>
        <time>2026-09-03T01:05:38Z</time>
        <extensions>
          <geotracker:meta c="4.94" s="26.87" />
        </extensions>
      </trkpt>
      <trkpt lat="-20.37590168" lon="139.29017049">
        <ele>432.03</ele>
        <time>2026-09-03T01:06:08Z</time>
        <extensions>
          <geotracker:meta c="4.94" s="26.53" />
        </extensions>
      </trkpt>
      <trkpt lat="-20.37431518" lon="139.28286958">
        <ele>427.01</ele>
        <time>2026-09-03T01:06:38Z</time>
        <extensions>
          <geotracker:meta c="4.94" s="23.43" />
        </extensions>
      </trkpt>
      <trkpt lat="-20.37345901" lon="139.278857">
        <ele>428.67</ele>
        <time>2026-09-03T01:06:58Z</time>
        <extensions>
          <geotracker:meta c="4.94" s="19.5" />
        </extensions>
      </trkpt>
      <trkpt lat="-20.37304704" lon="139.27695044">
        <ele>426.98</ele>
        <time>2026-09-03T01:07:08Z</time>
        <extensions>
          <geotracker:meta c="4.93" s="20.74" />
        </extensions>
      </trkpt>
      <trkpt lat="-20.37214825" lon="139.27272122">
        <ele>429.39</ele>
        <time>2026-09-03T01:07:28Z</time>
        <extensions>
          <geotracker:meta c="4.89" s="24.05" />
        </extensions>
      </trkpt>
      <trkpt lat="-20.37216157" lon="139.26795256">
        <ele>430.93</ele>
        <time>2026-09-03T01:07:48Z</time>
        <extensions>
          <geotracker:meta c="4.55" s="25.58" />
        </extensions>
      </trkpt>
      <trkpt lat="-20.37335096" lon="139.26090609">
        <ele>434.81</ele>
        <time>2026-09-03T01:08:18Z</time>
        <extensions>
          <geotracker:meta c="4.53" s="25.61" />
        </extensions>
      </trkpt>
    </trkseg>
    <trkseg>
      <trkpt lat="-20.37205163" lon="139.22610789">
        <ele>421.27</ele>
        <time>2026-09-03T01:10:38Z</time>
        <extensions>
          <geotracker:meta c="4.95" s="26.64" />
        </extensions>
      </trkpt>
      <trkpt lat="-20.37147697" lon="139.22362703">
        <ele>421.64</ele>
        <time>2026-09-03T01:10:48Z</time>
        <extensions>
          <geotracker:meta c="4.96" s="26.6" />
        </extensions>
      </trkpt>
      <trkpt lat="-20.37032714" lon="139.21868582">
        <ele>420.47</ele>
        <time>2026-09-03T01:11:08Z</time>
        <extensions>
          <geotracker:meta c="4.97" s="26.37" />
        </extensions>
      </trkpt>
      <trkpt lat="-20.36909578" lon="139.2137859">
        <ele>422.02</ele>
        <time>2026-09-03T01:11:28Z</time>
        <extensions>
          <geotracker:meta c="4.95" s="26.66" />
        </extensions>
      </trkpt>
      <trkpt lat="-20.36862111" lon="139.21129967">
        <ele>422.26</ele>
        <time>2026-09-03T01:11:38Z</time>
        <extensions>
          <geotracker:meta c="4.9" s="26.85" />
        </extensions>
      </trkpt>
      <trkpt lat="-20.3682593" lon="139.20878984">
        <ele>423.23</ele>
        <time>2026-09-03T01:11:48Z</time>
        <extensions>
          <geotracker:meta c="4.85" s="26.28" />
        </extensions>
      </trkpt>
      <trkpt lat="-20.36794257" lon="139.20626439">
        <ele>424.32</ele>
        <time>2026-09-03T01:11:58Z</time>
        <extensions>
          <geotracker:meta c="4.85" s="26.87" />
        </extensions>
      </trkpt>
      <trkpt lat="-20.36760789" lon="139.20371721">
        <ele>418.7</ele>
        <time>2026-09-03T01:12:08Z</time>
        <extensions>
          <geotracker:meta c="4.85" s="26.73" />
        </extensions>
      </trkpt>
      <trkpt lat="-20.3672804" lon="139.2011562">
        <ele>417.61</ele>
        <time>2026-09-03T01:12:18Z</time>
        <extensions>
          <geotracker:meta c="4.85" s="27.21" />
        </extensions>
      </trkpt>
      <trkpt lat="-20.3669371" lon="139.19855223">
        <ele>419.4</ele>
        <time>2026-09-03T01:12:28Z</time>
        <extensions>
          <geotracker:meta c="4.85" s="27.17" />
        </extensions>
      </trkpt>
      <trkpt lat="-20.3665959" lon="139.19603972">
        <ele>418.84</ele>
        <time>2026-09-03T01:12:38Z</time>
        <extensions>
          <geotracker:meta c="4.86" s="26.63" />
        </extensions>
      </trkpt>
      <trkpt lat="-20.3656155" lon="139.18836037">
        <ele>411.66</ele>
        <time>2026-09-03T01:13:08Z</time>
        <extensions>
          <geotracker:meta c="4.85" s="26.77" />
        </extensions>
      </trkpt>
      <trkpt lat="-20.36517566" lon="139.18587824">
        <ele>414.19</ele>
        <time>2026-09-03T01:13:18Z</time>
        <extensions>
          <geotracker:meta c="4.94" s="26.45" />
        </extensions>
      </trkpt>
      <trkpt lat="-20.36305521" lon="139.17854537">
        <ele>406.66</ele>
        <time>2026-09-03T01:13:48Z</time>
        <extensions>
          <geotracker:meta c="5.03" s="25.92" />
        </extensions>
      </trkpt>
      <trkpt lat="-20.36235898" lon="139.17624493">
        <ele>412.11</ele>
        <time>2026-09-03T01:13:58Z</time>
        <extensions>
          <geotracker:meta c="5.02" s="25.11" />
        </extensions>
      </trkpt>
    </trkseg>
    <trkseg>
      <trkpt lat="-20.33773611" lon="139.12778746">
        <ele>408.93</ele>
        <time>2026-09-03T01:17:38Z</time>
        <extensions>
          <geotracker:meta c="5.24" s="27.26" />
        </extensions>
      </trkpt>
      <trkpt lat="-20.33467705" lon="139.12225635">
        <ele>405.51</ele>
        <time>2026-09-03T01:18:03Z</time>
        <extensions>
          <geotracker:meta c="5.24" s="26.06" />
        </extensions>
      </trkpt>
    </trkseg>
    <trkseg>
      <trkpt lat="-20.29923526" lon="139.07103368">
        <ele>378.05</ele>
        <time>2026-09-03T01:22:13Z</time>
        <extensions>
          <geotracker:meta c="5.47" s="26.39" />
        </extensions>
      </trkpt>
      <trkpt lat="-20.29442668" lon="139.06594132">
        <ele>379.15</ele>
        <time>2026-09-03T01:22:43Z</time>
        <extensions>
          <geotracker:meta c="5.61" s="22.73" />
        </extensions>
      </trkpt>
      <trkpt lat="-20.29276122" lon="139.06458006">
        <ele>376.81</ele>
        <time>2026-09-03T01:22:53Z</time>
        <extensions>
          <geotracker:meta c="5.66" s="23.62" />
        </extensions>
      </trkpt>
      <trkpt lat="-20.28884793" lon="139.06213391">
        <ele>374.78</ele>
        <time>2026-09-03T01:23:13Z</time>
        <extensions>
          <geotracker:meta c="5.83" s="26.63" />
        </extensions>
      </trkpt>
      <trkpt lat="-20.284545" lon="139.05980047">
        <ele>376.21</ele>
        <time>2026-09-03T01:23:33Z</time>
        <extensions>
          <geotracker:meta c="5.72" s="27.63" />
        </extensions>
      </trkpt>
      <trkpt lat="-20.28087829" lon="139.05621141">
        <ele>371.49</ele>
        <time>2026-09-03T01:23:53Z</time>
        <extensions>
          <geotracker:meta c="5.44" s="26.49" />
        </extensions>
      </trkpt>
      <trkpt lat="-20.27609994" lon="139.05054148">
        <ele>371.89</ele>
        <time>2026-09-03T01:24:23Z</time>
        <extensions>
          <geotracker:meta c="5.44" s="26.51" />
        </extensions>
      </trkpt>
      <trkpt lat="-20.27280077" lon="139.04661449">
        <ele>370.87</ele>
        <time>2026-09-03T01:24:43Z</time>
        <extensions>
          <geotracker:meta c="5.44" s="27.63" />
        </extensions>
      </trkpt>
      <trkpt lat="-20.26950324" lon="139.04270807">
        <ele>370.66</ele>
        <time>2026-09-03T01:25:03Z</time>
        <extensions>
          <geotracker:meta c="5.44" s="27.47" />
        </extensions>
      </trkpt>
      <trkpt lat="-20.2648273" lon="139.03664215">
        <ele>368.56</ele>
        <time>2026-09-03T01:25:33Z</time>
        <extensions>
          <geotracker:meta c="5.31" s="26.47" />
        </extensions>
      </trkpt>
      <trkpt lat="-20.26354381" lon="139.03453018">
        <ele>369.84</ele>
        <time>2026-09-03T01:25:43Z</time>
        <extensions>
          <geotracker:meta c="5.27" s="25.61" />
        </extensions>
      </trkpt>
      <trkpt lat="-20.26130936" lon="139.03025028">
        <ele>369.1</ele>
        <time>2026-09-03T01:26:03Z</time>
        <extensions>
          <geotracker:meta c="5.16" s="26.06" />
        </extensions>
      </trkpt>
      <trkpt lat="-20.25945259" lon="139.02553886">
        <ele>367.19</ele>
        <time>2026-09-03T01:26:23Z</time>
        <extensions>
          <geotracker:meta c="5.06" s="26.89" />
        </extensions>
      </trkpt>
      <trkpt lat="-20.25802849" lon="139.02059465">
        <ele>364.62</ele>
        <time>2026-09-03T01:26:43Z</time>
        <extensions>
          <geotracker:meta c="5" s="26.65" />
        </extensions>
      </trkpt>
      <trkpt lat="-20.25741356" lon="139.01815227">
        <ele>368.4</ele>
        <time>2026-09-03T01:26:53Z</time>
        <extensions>
          <geotracker:meta c="4.98" s="26.74" />
        </extensions>
      </trkpt>
      <trkpt lat="-20.25675648" lon="139.01567954">
        <ele>367.94</ele>
        <time>2026-09-03T01:27:03Z</time>
        <extensions>
          <geotracker:meta c="4.98" s="27.14" />
        </extensions>
      </trkpt>
      <trkpt lat="-20.25611731" lon="139.01324233">
        <ele>364.87</ele>
        <time>2026-09-03T01:27:13Z</time>
        <extensions>
          <geotracker:meta c="4.98" s="25" />
        </extensions>
      </trkpt>
      <trkpt lat="-20.25551301" lon="139.01090123">
        <ele>363.11</ele>
        <time>2026-09-03T01:27:23Z</time>
        <extensions>
          <geotracker:meta c="4.99" s="25.95" />
        </extensions>
      </trkpt>
      <trkpt lat="-20.25486092" lon="139.00841704">
        <ele>364.49</ele>
        <time>2026-09-03T01:27:33Z</time>
        <extensions>
          <geotracker:meta c="4.98" s="27.36" />
        </extensions>
      </trkpt>
      <trkpt lat="-20.25419818" lon="139.00589897">
        <ele>360.49</ele>
        <time>2026-09-03T01:27:43Z</time>
        <extensions>
          <geotracker:meta c="4.98" s="27.16" />
        </extensions>
      </trkpt>
      <trkpt lat="-20.2534723" lon="139.00312858">
        <ele>363.59</ele>
        <time>2026-09-03T01:27:54Z</time>
        <extensions>
          <geotracker:meta c="4.98" s="27.5" />
        </extensions>
      </trkpt>
      <trkpt lat="-20.25282728" lon="139.00063295">
        <ele>362.3</ele>
        <time>2026-09-03T01:28:04Z</time>
        <extensions>
          <geotracker:meta c="4.98" s="26.44" />
        </extensions>
      </trkpt>
      <trkpt lat="-20.25226295" lon="138.99846219">
        <ele>361.75</ele>
        <time>2026-09-03T01:28:13Z</time>
        <extensions>
          <geotracker:meta c="4.97" s="25.85" />
        </extensions>
      </trkpt>
      <trkpt lat="-20.25170535" lon="138.99633441">
        <ele>361.47</ele>
        <time>2026-09-03T01:28:22Z</time>
        <extensions>
          <geotracker:meta c="5" s="25.45" />
        </extensions>
      </trkpt>
      <trkpt lat="-20.25115609" lon="138.99421967">
        <ele>360.7</ele>
        <time>2026-09-03T01:28:31Z</time>
        <extensions>
          <geotracker:meta c="4.98" s="25.73" />
        </extensions>
      </trkpt>
      <trkpt lat="-20.25052375" lon="138.99183783">
        <ele>359.51</ele>
        <time>2026-09-03T01:28:41Z</time>
        <extensions>
          <geotracker:meta c="4.98" s="25.31" />
        </extensions>
      </trkpt>
      <trkpt lat="-20.24959375" lon="138.98829656">
        <ele>357.97</ele>
        <time>2026-09-03T01:28:56Z</time>
        <extensions>
          <geotracker:meta c="4.99" s="26.17" />
        </extensions>
      </trkpt>
      <trkpt lat="-20.24897171" lon="138.98589813">
        <ele>358.99</ele>
        <time>2026-09-03T01:29:06Z</time>
        <extensions>
          <geotracker:meta c="4.99" s="26.19" />
        </extensions>
      </trkpt>
      <trkpt lat="-20.2483269" lon="138.98346834">
        <ele>357.48</ele>
        <time>2026-09-03T01:29:16Z</time>
        <extensions>
          <geotracker:meta c="4.99" s="26.37" />
        </extensions>
      </trkpt>
      <trkpt lat="-20.24769275" lon="138.98105324">
        <ele>359.23</ele>
        <time>2026-09-03T01:29:26Z</time>
        <extensions>
          <geotracker:meta c="4.99" s="26.56" />
        </extensions>
      </trkpt>
      <trkpt lat="-20.24704821" lon="138.97856526">
        <ele>357.85</ele>
        <time>2026-09-03T01:29:36Z</time>
        <extensions>
          <geotracker:meta c="4.98" s="27.11" />
        </extensions>
      </trkpt>
      <trkpt lat="-20.246385" lon="138.97605586">
        <ele>355.21</ele>
        <time>2026-09-03T01:29:46Z</time>
        <extensions>
          <geotracker:meta c="4.98" s="27.17" />
        </extensions>
      </trkpt>
      <trkpt lat="-20.24573968" lon="138.97354799">
        <ele>349.69</ele>
        <time>2026-09-03T01:29:56Z</time>
        <extensions>
          <geotracker:meta c="4.98" s="27.38" />
        </extensions>
      </trkpt>
      <trkpt lat="-20.24507179" lon="138.97105953">
        <ele>348.9</ele>
        <time>2026-09-03T01:30:06Z</time>
        <extensions>
          <geotracker:meta c="4.98" s="26.49" />
        </extensions>
      </trkpt>
      <trkpt lat="-20.2444249" lon="138.96864411">
        <ele>349.12</ele>
        <time>2026-09-03T01:30:16Z</time>
        <extensions>
          <geotracker:meta c="4.98" s="25.99" />
        </extensions>
      </trkpt>
      <trkpt lat="-20.24382674" lon="138.96628599">
        <ele>353.45</ele>
        <time>2026-09-03T01:30:26Z</time>
        <extensions>
          <geotracker:meta c="4.98" s="24.67" />
        </extensions>
      </trkpt>
      <trkpt lat="-20.24318938" lon="138.96402022">
        <ele>364.31</ele>
        <time>2026-09-03T01:30:36Z</time>
        <extensions>
          <geotracker:meta c="5" s="25.02" />
        </extensions>
      </trkpt>
      <trkpt lat="-20.24249689" lon="138.96183667">
        <ele>357.24</ele>
        <time>2026-09-03T01:30:46Z</time>
        <extensions>
          <geotracker:meta c="5.08" s="22.92" />
        </extensions>
      </trkpt>
      <trkpt lat="-20.24131389" lon="138.95896919">
        <ele>351.7</ele>
        <time>2026-09-03T01:30:59Z</time>
        <extensions>
          <geotracker:meta c="5.17" s="26.46" />
        </extensions>
      </trkpt>
      <trkpt lat="-20.23937965" lon="138.95518847">
        <ele>351.47</ele>
        <time>2026-09-03T01:31:16Z</time>
        <extensions>
          <geotracker:meta c="5.21" s="26.21" />
        </extensions>
      </trkpt>
      <trkpt lat="-20.23823023" lon="138.95301039">
        <ele>348.25</ele>
        <time>2026-09-03T01:31:26Z</time>
        <extensions>
          <geotracker:meta c="5.22" s="25.91" />
        </extensions>
      </trkpt>
      <trkpt lat="-20.23698753" lon="138.95055371">
        <ele>356.05</ele>
        <time>2026-09-03T01:31:37Z</time>
        <extensions>
          <geotracker:meta c="5.22" s="25.35" />
        </extensions>
      </trkpt>
      <trkpt lat="-20.23579685" lon="138.94822157">
        <ele>359.71</ele>
        <time>2026-09-03T01:31:48Z</time>
        <extensions>
          <geotracker:meta c="5.22" s="25.6" />
        </extensions>
      </trkpt>
      <trkpt lat="-20.23465015" lon="138.94603438">
        <ele>357.33</ele>
        <time>2026-09-03T01:31:58Z</time>
        <extensions>
          <geotracker:meta c="5.21" s="26.69" />
        </extensions>
      </trkpt>
      <trkpt lat="-20.23348159" lon="138.9437826">
        <ele>357.92</ele>
        <time>2026-09-03T01:32:08Z</time>
        <extensions>
          <geotracker:meta c="5.22" s="26.78" />
        </extensions>
      </trkpt>
      <trkpt lat="-20.23230803" lon="138.94151099">
        <ele>356.31</ele>
        <time>2026-09-03T01:32:18Z</time>
        <extensions>
          <geotracker:meta c="5.22" s="27.32" />
        </extensions>
      </trkpt>
      <trkpt lat="-20.23112893" lon="138.93922077">
        <ele>354.04</ele>
        <time>2026-09-03T01:32:28Z</time>
        <extensions>
          <geotracker:meta c="5.22" s="26.97" />
        </extensions>
      </trkpt>
      <trkpt lat="-20.22997865" lon="138.93702706">
        <ele>351.61</ele>
        <time>2026-09-03T01:32:38Z</time>
        <extensions>
          <geotracker:meta c="5.22" s="25.74" />
        </extensions>
      </trkpt>
      <trkpt lat="-20.22887478" lon="138.93489254">
        <ele>353.02</ele>
        <time>2026-09-03T01:32:48Z</time>
        <extensions>
          <geotracker:meta c="5.22" s="25.36" />
        </extensions>
      </trkpt>
      <trkpt lat="-20.22843206" lon="138.93404289">
        <ele>352.91</ele>
        <time>2026-09-03T01:32:52Z</time>
        <extensions>
          <geotracker:meta c="5.22" s="25.34" />
        </extensions>
      </trkpt>
      <trkpt lat="-20.22722147" lon="138.93173468">
        <ele>349.24</ele>
        <time>2026-09-03T01:33:03Z</time>
        <extensions>
          <geotracker:meta c="5.21" s="25.25" />
        </extensions>
      </trkpt>
      <trkpt lat="-20.22625887" lon="138.92986451">
        <ele>348.48</ele>
        <time>2026-09-03T01:33:12Z</time>
        <extensions>
          <geotracker:meta c="5.23" s="24.39" />
        </extensions>
      </trkpt>
      <trkpt lat="-20.22479121" lon="138.92774395">
        <ele>348.85</ele>
        <time>2026-09-03T01:33:23Z</time>
        <extensions>
          <geotracker:meta c="5.45" s="25.58" />
        </extensions>
      </trkpt>
      <trkpt lat="-20.22304359" lon="138.92607361">
        <ele>347.65</ele>
        <time>2026-09-03T01:33:33Z</time>
        <extensions>
          <geotracker:meta c="5.59" s="26.53" />
        </extensions>
      </trkpt>
      <trkpt lat="-20.22116135" lon="138.924448">
        <ele>346.02</ele>
        <time>2026-09-03T01:33:43Z</time>
        <extensions>
          <geotracker:meta c="5.6" s="27.16" />
        </extensions>
      </trkpt>
      <trkpt lat="-20.21924297" lon="138.92279392">
        <ele>345.69</ele>
        <time>2026-09-03T01:33:53Z</time>
        <extensions>
          <geotracker:meta c="5.6" s="27.49" />
        </extensions>
      </trkpt>
      <trkpt lat="-20.2173877" lon="138.92116228">
        <ele>345.47</ele>
        <time>2026-09-03T01:34:03Z</time>
        <extensions>
          <geotracker:meta c="5.59" s="26.36" />
        </extensions>
      </trkpt>
      <trkpt lat="-20.21554958" lon="138.91957895">
        <ele>348.22</ele>
        <time>2026-09-03T01:34:13Z</time>
        <extensions>
          <geotracker:meta c="5.6" s="26.32" />
        </extensions>
      </trkpt>
      <trkpt lat="-20.2136553" lon="138.91795257">
        <ele>348.17</ele>
        <time>2026-09-03T01:34:23Z</time>
        <extensions>
          <geotracker:meta c="5.61" s="27.3" />
        </extensions>
      </trkpt>
      <trkpt lat="-20.21177905" lon="138.9163022">
        <ele>351.02</ele>
        <time>2026-09-03T01:34:33Z</time>
        <extensions>
          <geotracker:meta c="5.6" s="26.68" />
        </extensions>
      </trkpt>
      <trkpt lat="-20.20993868" lon="138.91470594">
        <ele>351.02</ele>
        <time>2026-09-03T01:34:43Z</time>
        <extensions>
          <geotracker:meta c="5.6" s="26.51" />
        </extensions>
      </trkpt>
      <trkpt lat="-20.20804377" lon="138.9130563">
        <ele>344.57</ele>
        <time>2026-09-03T01:34:53Z</time>
        <extensions>
          <geotracker:meta c="5.6" s="27.58" />
        </extensions>
      </trkpt>
      <trkpt lat="-20.20614644" lon="138.91141939">
        <ele>345</ele>
        <time>2026-09-03T01:35:03Z</time>
        <extensions>
          <geotracker:meta c="5.6" s="27.09" />
        </extensions>
      </trkpt>
      <trkpt lat="-20.20425698" lon="138.90976629">
        <ele>343.37</ele>
        <time>2026-09-03T01:35:13Z</time>
        <extensions>
          <geotracker:meta c="5.59" s="27.43" />
        </extensions>
      </trkpt>
      <trkpt lat="-20.20235653" lon="138.90810167">
        <ele>344.32</ele>
        <time>2026-09-03T01:35:23Z</time>
        <extensions>
          <geotracker:meta c="5.6" s="27.06" />
        </extensions>
      </trkpt>
      <trkpt lat="-20.20045081" lon="138.90646587">
        <ele>344.57</ele>
        <time>2026-09-03T01:35:33Z</time>
        <extensions>
          <geotracker:meta c="5.6" s="26.93" />
        </extensions>
      </trkpt>
      <trkpt lat="-20.19858532" lon="138.90483984">
        <ele>346.66</ele>
        <time>2026-09-03T01:35:43Z</time>
        <extensions>
          <geotracker:meta c="5.59" s="26.89" />
        </extensions>
      </trkpt>
      <trkpt lat="-20.19668303" lon="138.903197">
        <ele>344.82</ele>
        <time>2026-09-03T01:35:53Z</time>
        <extensions>
          <geotracker:meta c="5.6" s="27.39" />
        </extensions>
      </trkpt>
      <trkpt lat="-20.1947873" lon="138.9015437">
        <ele>346.26</ele>
        <time>2026-09-03T01:36:03Z</time>
        <extensions>
          <geotracker:meta c="5.6" s="26.32" />
        </extensions>
      </trkpt>
      <trkpt lat="-20.19296268" lon="138.8999559">
        <ele>349.39</ele>
        <time>2026-09-03T01:36:13Z</time>
        <extensions>
          <geotracker:meta c="5.59" s="26.34" />
        </extensions>
      </trkpt>
      <trkpt lat="-20.19136859" lon="138.89857226">
        <ele>351.25</ele>
        <time>2026-09-03T01:36:23Z</time>
        <extensions>
          <geotracker:meta c="5.59" s="17.98" />
        </extensions>
      </trkpt>
      <trkpt lat="-20.1906497" lon="138.89838938">
        <ele>351.42</ele>
        <time>2026-09-03T01:36:33Z</time>
        <extensions>
          <geotracker:meta c="0.8" s="7.23" />
        </extensions>
      </trkpt>
      <trkpt lat="-20.18987304" lon="138.89799151">
        <ele>351.46</ele>
        <time>2026-09-03T01:36:53Z</time>
        <extensions>
          <geotracker:meta c="5.57" s="4" />
        </extensions>
      </trkpt>
      <trkpt lat="-20.18979204" lon="138.89791161">
        <ele>351.19</ele>
        <time>2026-09-03T01:42:43Z</time>
        <extensions>
          <geotracker:meta c="5.69" s="1.95" />
        </extensions>
      </trkpt>
      <trkpt lat="-20.18930919" lon="138.89751054">
        <ele>350.84</ele>
        <time>2026-09-03T01:43:03Z</time>
        <extensions>
          <geotracker:meta c="4.79" s="5.02" />
        </extensions>
      </trkpt>
      <trkpt lat="-20.18806691" lon="138.89572026">
        <ele>347.36</ele>
        <time>2026-09-03T01:45:57Z</time>
        <extensions>
          <geotracker:meta c="5.59" s="16.91" />
        </extensions>
      </trkpt>
      <trkpt lat="-20.18679865" lon="138.89457089">
        <ele>345.64</ele>
        <time>2026-09-03T01:46:07Z</time>
        <extensions>
          <geotracker:meta c="5.55" s="19.38" />
        </extensions>
      </trkpt>
      <trkpt lat="-20.18555665" lon="138.89336226">
        <ele>342.75</ele>
        <time>2026-09-03T01:46:16Z</time>
        <extensions>
          <geotracker:meta c="5.52" s="21.62" />
        </extensions>
      </trkpt>
      <trkpt lat="-20.1840302" lon="138.89192038">
        <ele>339.75</ele>
        <time>2026-09-03T01:46:26Z</time>
        <extensions>
          <geotracker:meta c="5.59" s="23.39" />
        </extensions>
      </trkpt>
      <trkpt lat="-20.18238724" lon="138.89048669">
        <ele>338.36</ele>
        <time>2026-09-03T01:46:36Z</time>
        <extensions>
          <geotracker:meta c="5.59" s="23.67" />
        </extensions>
      </trkpt>
      <trkpt lat="-20.18068746" lon="138.8890133">
        <ele>337.42</ele>
        <time>2026-09-03T01:46:46Z</time>
        <extensions>
          <geotracker:meta c="5.6" s="25" />
        </extensions>
      </trkpt>
      <trkpt lat="-20.17912679" lon="138.88765285">
        <ele>337.49</ele>
        <time>2026-09-03T01:46:55Z</time>
        <extensions>
          <geotracker:meta c="5.6" s="23.49" />
        </extensions>
      </trkpt>
      <trkpt lat="-20.17762451" lon="138.88635218">
        <ele>337.18</ele>
        <time>2026-09-03T01:47:04Z</time>
        <extensions>
          <geotracker:meta c="5.6" s="24.41" />
        </extensions>
      </trkpt>
      <trkpt lat="-20.17603091" lon="138.88496943">
        <ele>337.12</ele>
        <time>2026-09-03T01:47:13Z</time>
        <extensions>
          <geotracker:meta c="5.59" s="25.8" />
        </extensions>
      </trkpt>
      <trkpt lat="-20.17443431" lon="138.88357939">
        <ele>336.72</ele>
        <time>2026-09-03T01:47:22Z</time>
        <extensions>
          <geotracker:meta c="5.59" s="24.78" />
        </extensions>
      </trkpt>
      <trkpt lat="-20.17288229" lon="138.8822306">
        <ele>336.45</ele>
        <time>2026-09-03T01:47:31Z</time>
        <extensions>
          <geotracker:meta c="5.58" s="24.73" />
        </extensions>
      </trkpt>
      <trkpt lat="-20.17133292" lon="138.88088847">
        <ele>336.21</ele>
        <time>2026-09-03T01:47:40Z</time>
        <extensions>
          <geotracker:meta c="5.59" s="24.46" />
        </extensions>
      </trkpt>
      <trkpt lat="-20.16979584" lon="138.87955859">
        <ele>336.07</ele>
        <time>2026-09-03T01:47:49Z</time>
        <extensions>
          <geotracker:meta c="5.58" s="24.52" />
        </extensions>
      </trkpt>
      <trkpt lat="-20.16642474" lon="138.87663115">
        <ele>336.44</ele>
        <time>2026-09-03T01:48:09Z</time>
        <extensions>
          <geotracker:meta c="5.6" s="25.44" />
        </extensions>
      </trkpt>
      <trkpt lat="-20.16476684" lon="138.87519282">
        <ele>337.08</ele>
        <time>2026-09-03T01:48:18Z</time>
        <extensions>
          <geotracker:meta c="5.6" s="26.99" />
        </extensions>
      </trkpt>
      <trkpt lat="-20.16305367" lon="138.87370166">
        <ele>337.29</ele>
        <time>2026-09-03T01:48:27Z</time>
        <extensions>
          <geotracker:meta c="5.6" s="27.53" />
        </extensions>
      </trkpt>
      <trkpt lat="-20.16129094" lon="138.87217151">
        <ele>336.99</ele>
        <time>2026-09-03T01:48:36Z</time>
        <extensions>
          <geotracker:meta c="5.6" s="28.55" />
        </extensions>
      </trkpt>
      <trkpt lat="-20.15949498" lon="138.87061556">
        <ele>336.9</ele>
        <time>2026-09-03T01:48:45Z</time>
        <extensions>
          <geotracker:meta c="5.6" s="27.25" />
        </extensions>
      </trkpt>
      <trkpt lat="-20.15780819" lon="138.86915028">
        <ele>337.29</ele>
        <time>2026-09-03T01:48:54Z</time>
        <extensions>
          <geotracker:meta c="5.6" s="26.3" />
        </extensions>
      </trkpt>
      <trkpt lat="-20.15616119" lon="138.86771377">
        <ele>337.36</ele>
        <time>2026-09-03T01:49:03Z</time>
        <extensions>
          <geotracker:meta c="5.6" s="26.44" />
        </extensions>
      </trkpt>
      <trkpt lat="-20.15446814" lon="138.86625613">
        <ele>337.27</ele>
        <time>2026-09-03T01:49:12Z</time>
        <extensions>
          <geotracker:meta c="5.6" s="27.16" />
        </extensions>
      </trkpt>
      <trkpt lat="-20.15277671" lon="138.86478933">
        <ele>337.56</ele>
        <time>2026-09-03T01:49:21Z</time>
        <extensions>
          <geotracker:meta c="5.6" s="26.59" />
        </extensions>
      </trkpt>
      <trkpt lat="-20.14943161" lon="138.86188576">
        <ele>338.07</ele>
        <time>2026-09-03T01:49:39Z</time>
        <extensions>
          <geotracker:meta c="5.59" s="27.68" />
        </extensions>
      </trkpt>
      <trkpt lat="-20.14769006" lon="138.86037143">
        <ele>338.26</ele>
        <time>2026-09-03T01:49:48Z</time>
        <extensions>
          <geotracker:meta c="5.59" s="26.92" />
        </extensions>
      </trkpt>
      <trkpt lat="-20.14597542" lon="138.85889714">
        <ele>338.31</ele>
        <time>2026-09-03T01:49:57Z</time>
        <extensions>
          <geotracker:meta c="5.59" s="27.48" />
        </extensions>
      </trkpt>
      <trkpt lat="-20.14422973" lon="138.85738798">
        <ele>338.55</ele>
        <time>2026-09-03T01:50:06Z</time>
        <extensions>
          <geotracker:meta c="5.6" s="27.86" />
        </extensions>
      </trkpt>
      <trkpt lat="-20.14242374" lon="138.85581851">
        <ele>338.65</ele>
        <time>2026-09-03T01:50:15Z</time>
        <extensions>
          <geotracker:meta c="5.6" s="29.14" />
        </extensions>
      </trkpt>
      <trkpt lat="-20.14059063" lon="138.85422482">
        <ele>338.46</ele>
        <time>2026-09-03T01:50:24Z</time>
        <extensions>
          <geotracker:meta c="5.6" s="29.2" />
        </extensions>
      </trkpt>
      <trkpt lat="-20.13880885" lon="138.8526813">
        <ele>338.73</ele>
        <time>2026-09-03T01:50:33Z</time>
        <extensions>
          <geotracker:meta c="5.59" s="27.39" />
        </extensions>
      </trkpt>
      <trkpt lat="-20.13709793" lon="138.85120304">
        <ele>339.12</ele>
        <time>2026-09-03T01:50:42Z</time>
        <extensions>
          <geotracker:meta c="5.6" s="27.07" />
        </extensions>
      </trkpt>
      <trkpt lat="-20.13540968" lon="138.84973204">
        <ele>339.6</ele>
        <time>2026-09-03T01:50:51Z</time>
        <extensions>
          <geotracker:meta c="5.6" s="26.68" />
        </extensions>
      </trkpt>
      <trkpt lat="-20.1320579" lon="138.84683089">
        <ele>340.62</ele>
        <time>2026-09-03T01:51:09Z</time>
        <extensions>
          <geotracker:meta c="5.59" s="26.9" />
        </extensions>
      </trkpt>
      <trkpt lat="-20.13035101" lon="138.84535219">
        <ele>341.95</ele>
        <time>2026-09-03T01:51:18Z</time>
        <extensions>
          <geotracker:meta c="5.6" s="27.24" />
        </extensions>
      </trkpt>
      <trkpt lat="-20.12864182" lon="138.84386803">
        <ele>342.46</ele>
        <time>2026-09-03T01:51:27Z</time>
        <extensions>
          <geotracker:meta c="5.6" s="27" />
        </extensions>
      </trkpt>
      <trkpt lat="-20.12693996" lon="138.84239757">
        <ele>343.32</ele>
        <time>2026-09-03T01:51:36Z</time>
        <extensions>
          <geotracker:meta c="5.6" s="27.1" />
        </extensions>
      </trkpt>
      <trkpt lat="-20.12525258" lon="138.84093823">
        <ele>344.46</ele>
        <time>2026-09-03T01:51:45Z</time>
        <extensions>
          <geotracker:meta c="5.61" s="26.41" />
        </extensions>
      </trkpt>
      <trkpt lat="-20.12361792" lon="138.83951436">
        <ele>345.75</ele>
        <time>2026-09-03T01:51:54Z</time>
        <extensions>
          <geotracker:meta c="5.6" s="25.94" />
        </extensions>
      </trkpt>
      <trkpt lat="-20.12198395" lon="138.8381037">
        <ele>345.92</ele>
        <time>2026-09-03T01:52:03Z</time>
        <extensions>
          <geotracker:meta c="5.6" s="26.25" />
        </extensions>
      </trkpt>
      <trkpt lat="-20.1203116" lon="138.83665816">
        <ele>346.57</ele>
        <time>2026-09-03T01:52:12Z</time>
        <extensions>
          <geotracker:meta c="5.6" s="26.65" />
        </extensions>
      </trkpt>
      <trkpt lat="-20.11862177" lon="138.83519057">
        <ele>346.45</ele>
        <time>2026-09-03T01:52:21Z</time>
        <extensions>
          <geotracker:meta c="5.6" s="26.98" />
        </extensions>
      </trkpt>
      <trkpt lat="-20.11519159" lon="138.83221582">
        <ele>345.42</ele>
        <time>2026-09-03T01:52:39Z</time>
        <extensions>
          <geotracker:meta c="5.6" s="26.69" />
        </extensions>
      </trkpt>
      <trkpt lat="-20.11349571" lon="138.83074638">
        <ele>344.85</ele>
        <time>2026-09-03T01:52:48Z</time>
        <extensions>
          <geotracker:meta c="5.59" s="27.21" />
        </extensions>
      </trkpt>
      <trkpt lat="-20.11176182" lon="138.82924625">
        <ele>344.41</ele>
        <time>2026-09-03T01:52:57Z</time>
        <extensions>
          <geotracker:meta c="5.6" s="27.72" />
        </extensions>
      </trkpt>
      <trkpt lat="-20.10997439" lon="138.82777987">
        <ele>343.79</ele>
        <time>2026-09-03T01:53:06Z</time>
        <extensions>
          <geotracker:meta c="5.64" s="27.86" />
        </extensions>
      </trkpt>
      <trkpt lat="-20.10820845" lon="138.82633197">
        <ele>343.46</ele>
        <time>2026-09-03T01:53:15Z</time>
        <extensions>
          <geotracker:meta c="5.61" s="27.12" />
        </extensions>
      </trkpt>
      <trkpt lat="-20.10651956" lon="138.82487361">
        <ele>343.91</ele>
        <time>2026-09-03T01:53:24Z</time>
        <extensions>
          <geotracker:meta c="5.6" s="26.59" />
        </extensions>
      </trkpt>
      <trkpt lat="-20.10484407" lon="138.82342671">
        <ele>343.6</ele>
        <time>2026-09-03T01:53:33Z</time>
        <extensions>
          <geotracker:meta c="5.6" s="26.63" />
        </extensions>
      </trkpt>
      <trkpt lat="-20.10328534" lon="138.82207369">
        <ele>341.69</ele>
        <time>2026-09-03T01:53:42Z</time>
        <extensions>
          <geotracker:meta c="5.59" s="23.28" />
        </extensions>
      </trkpt>
      <trkpt lat="-20.1017379" lon="138.82073212">
        <ele>340.19</ele>
        <time>2026-09-03T01:53:51Z</time>
        <extensions>
          <geotracker:meta c="5.6" s="25.53" />
        </extensions>
      </trkpt>
      <trkpt lat="-20.09849345" lon="138.81793357">
        <ele>337.3</ele>
        <time>2026-09-03T01:54:09Z</time>
        <extensions>
          <geotracker:meta c="5.6" s="26.03" />
        </extensions>
      </trkpt>
      <trkpt lat="-20.09682462" lon="138.81648343">
        <ele>336.58</ele>
        <time>2026-09-03T01:54:18Z</time>
        <extensions>
          <geotracker:meta c="5.6" s="26.91" />
        </extensions>
      </trkpt>
      <trkpt lat="-20.09514221" lon="138.81502435">
        <ele>335.89</ele>
        <time>2026-09-03T01:54:27Z</time>
        <extensions>
          <geotracker:meta c="5.6" s="26.58" />
        </extensions>
      </trkpt>
      <trkpt lat="-20.09345881" lon="138.81357076">
        <ele>335.68</ele>
        <time>2026-09-03T01:54:36Z</time>
        <extensions>
          <geotracker:meta c="5.6" s="26.78" />
        </extensions>
      </trkpt>
      <trkpt lat="-20.09177262" lon="138.81211317">
        <ele>335.42</ele>
        <time>2026-09-03T01:54:45Z</time>
        <extensions>
          <geotracker:meta c="5.6" s="26.79" />
        </extensions>
      </trkpt>
      <trkpt lat="-20.09009341" lon="138.81066035">
        <ele>335.78</ele>
        <time>2026-09-03T01:54:54Z</time>
        <extensions>
          <geotracker:meta c="5.6" s="26.71" />
        </extensions>
      </trkpt>
      <trkpt lat="-20.08840354" lon="138.80920362">
        <ele>336.62</ele>
        <time>2026-09-03T01:55:03Z</time>
        <extensions>
          <geotracker:meta c="5.6" s="26.81" />
        </extensions>
      </trkpt>
      <trkpt lat="-20.08674129" lon="138.807758">
        <ele>337.05</ele>
        <time>2026-09-03T01:55:12Z</time>
        <extensions>
          <geotracker:meta c="5.59" s="26.21" />
        </extensions>
      </trkpt>
      <trkpt lat="-20.08508032" lon="138.8063209">
        <ele>338.1</ele>
        <time>2026-09-03T01:55:21Z</time>
        <extensions>
          <geotracker:meta c="5.6" s="26.45" />
        </extensions>
      </trkpt>
      <trkpt lat="-20.08196668" lon="138.80313745">
        <ele>342.49</ele>
        <time>2026-09-03T01:55:39Z</time>
        <extensions>
          <geotracker:meta c="5.39" s="27.26" />
        </extensions>
      </trkpt>
      <trkpt lat="-20.08066902" lon="138.80121968">
        <ele>344.52</ele>
        <time>2026-09-03T01:55:48Z</time>
        <extensions>
          <geotracker:meta c="5.28" s="27.48" />
        </extensions>
      </trkpt>
      <trkpt lat="-20.07961671" lon="138.79916727">
        <ele>345.91</ele>
        <time>2026-09-03T01:55:57Z</time>
        <extensions>
          <geotracker:meta c="5.16" s="27.03" />
        </extensions>
      </trkpt>
      <trkpt lat="-20.07878455" lon="138.7969373">
        <ele>345.07</ele>
        <time>2026-09-03T01:56:06Z</time>
        <extensions>
          <geotracker:meta c="5.03" s="28.5" />
        </extensions>
      </trkpt>
      <trkpt lat="-20.07821705" lon="138.79460617">
        <ele>341.06</ele>
        <time>2026-09-03T01:56:15Z</time>
        <extensions>
          <geotracker:meta c="4.89" s="27.2" />
        </extensions>
      </trkpt>
      <trkpt lat="-20.07790721" lon="138.792261">
        <ele>337.15</ele>
        <time>2026-09-03T01:56:24Z</time>
        <extensions>
          <geotracker:meta c="4.83" s="27.76" />
        </extensions>
      </trkpt>
      <trkpt lat="-20.07762843" lon="138.78989859">
        <ele>335.41</ele>
        <time>2026-09-03T01:56:33Z</time>
        <extensions>
          <geotracker:meta c="4.84" s="27.51" />
        </extensions>
      </trkpt>
      <trkpt lat="-20.0773484" lon="138.78751128">
        <ele>333.44</ele>
        <time>2026-09-03T01:56:42Z</time>
        <extensions>
          <geotracker:meta c="4.85" s="28.25" />
        </extensions>
      </trkpt>
      <trkpt lat="-20.07706542" lon="138.78512629">
        <ele>332.99</ele>
        <time>2026-09-03T01:56:51Z</time>
        <extensions>
          <geotracker:meta c="4.84" s="27.9" />
        </extensions>
      </trkpt>
      <trkpt lat="-20.07647443" lon="138.78021535">
        <ele>333.23</ele>
        <time>2026-09-03T01:57:09Z</time>
        <extensions>
          <geotracker:meta c="4.89" s="28.66" />
        </extensions>
      </trkpt>
      <trkpt lat="-20.07595024" lon="138.77787276">
        <ele>334.65</ele>
        <time>2026-09-03T01:57:18Z</time>
        <extensions>
          <geotracker:meta c="5.01" s="27.69" />
        </extensions>
      </trkpt>
      <trkpt lat="-20.07517793" lon="138.77568909">
        <ele>336.56</ele>
        <time>2026-09-03T01:57:27Z</time>
        <extensions>
          <geotracker:meta c="5.13" s="27.01" />
        </extensions>
      </trkpt>
      <trkpt lat="-20.07420664" lon="138.77363673">
        <ele>338.45</ele>
        <time>2026-09-03T01:57:36Z</time>
        <extensions>
          <geotracker:meta c="5.21" s="26.45" />
        </extensions>
      </trkpt>
      <trkpt lat="-20.07318799" lon="138.77162796">
        <ele>339.57</ele>
        <time>2026-09-03T01:57:45Z</time>
        <extensions>
          <geotracker:meta c="5.2" s="26.56" />
        </extensions>
      </trkpt>
      <trkpt lat="-20.07217234" lon="138.7696066">
        <ele>340.42</ele>
        <time>2026-09-03T01:57:54Z</time>
        <extensions>
          <geotracker:meta c="5.2" s="26.67" />
        </extensions>
      </trkpt>
      <trkpt lat="-20.07119088" lon="138.76765797">
        <ele>340.52</ele>
        <time>2026-09-03T01:58:03Z</time>
        <extensions>
          <geotracker:meta c="5.2" s="23.92" />
        </extensions>
      </trkpt>
      <trkpt lat="-20.07030209" lon="138.76590745">
        <ele>340.18</ele>
        <time>2026-09-03T01:58:12Z</time>
        <extensions>
          <geotracker:meta c="5.2" s="23.09" />
        </extensions>
      </trkpt>
      <trkpt lat="-20.06943502" lon="138.76418583">
        <ele>339.64</ele>
        <time>2026-09-03T01:58:21Z</time>
        <extensions>
          <geotracker:meta c="5.2" s="21.35" />
        </extensions>
      </trkpt>
      <trkpt lat="-20.06787718" lon="138.76107565">
        <ele>339.07</ele>
        <time>2026-09-03T01:58:39Z</time>
        <extensions>
          <geotracker:meta c="5.17" s="19.06" />
        </extensions>
      </trkpt>
      <trkpt lat="-20.06726795" lon="138.75988292">
        <ele>341.11</ele>
        <time>2026-09-03T01:58:48Z</time>
        <extensions>
          <geotracker:meta c="5.2" s="12.01" />
        </extensions>
      </trkpt>
      <trkpt lat="-20.06682823" lon="138.75965631">
        <ele>341.48</ele>
        <time>2026-09-03T01:58:57Z</time>
        <extensions>
          <geotracker:meta c="0.52" s="6.32" />
        </extensions>
      </trkpt>
      <trkpt lat="-20.06624228" lon="138.75986889">
        <ele>344.1</ele>
        <time>2026-09-03T01:59:06Z</time>
        <extensions>
          <geotracker:meta c="0.23" s="8.5" />
        </extensions>
      </trkpt>
      <trkpt lat="-20.06546656" lon="138.76008314">
        <ele>346.15</ele>
        <time>2026-09-03T01:59:15Z</time>
        <extensions>
          <geotracker:meta c="0.25" s="10.85" />
        </extensions>
      </trkpt>
      <trkpt lat="-20.06449755" lon="138.76034268">
        <ele>349.62</ele>
        <time>2026-09-03T01:59:24Z</time>
        <extensions>
          <geotracker:meta c="0.25" s="13.2" />
        </extensions>
      </trkpt>
      <trkpt lat="-20.0634111" lon="138.7606414">
        <ele>351</ele>
        <time>2026-09-03T01:59:33Z</time>
        <extensions>
          <geotracker:meta c="0.24" s="14.49" />
        </extensions>
      </trkpt>
      <trkpt lat="-20.06216171" lon="138.76093162">
        <ele>351.37</ele>
        <time>2026-09-03T01:59:42Z</time>
        <extensions>
          <geotracker:meta c="0.24" s="16.65" />
        </extensions>
      </trkpt>
      <trkpt lat="-20.06073486" lon="138.76131578">
        <ele>350.36</ele>
        <time>2026-09-03T01:59:51Z</time>
        <extensions>
          <geotracker:meta c="0.25" s="19.02" />
        </extensions>
      </trkpt>
      <trkpt lat="-20.05749416" lon="138.76218468">
        <ele>346.56</ele>
        <time>2026-09-03T02:00:09Z</time>
        <extensions>
          <geotracker:meta c="0.24" s="21.49" />
        </extensions>
      </trkpt>
      <trkpt lat="-20.05578079" lon="138.76263674">
        <ele>345.17</ele>
        <time>2026-09-03T02:00:18Z</time>
        <extensions>
          <geotracker:meta c="0.24" s="21.89" />
        </extensions>
      </trkpt>
      <trkpt lat="-20.05411792" lon="138.76307272">
        <ele>343.76</ele>
        <time>2026-09-03T02:00:27Z</time>
        <extensions>
          <geotracker:meta c="0.25" s="19.8" />
        </extensions>
      </trkpt>
      <trkpt lat="-20.05270803" lon="138.76344389">
        <ele>342.75</ele>
        <time>2026-09-03T02:00:36Z</time>
        <extensions>
          <geotracker:meta c="0.24" s="16.35" />
        </extensions>
      </trkpt>
      <trkpt lat="-20.05154966" lon="138.76377304">
        <ele>340.96</ele>
        <time>2026-09-03T02:00:45Z</time>
        <extensions>
          <geotracker:meta c="0.21" s="13.47" />
        </extensions>
      </trkpt>
      <trkpt lat="-20.05032809" lon="138.76409246">
        <ele>340.24</ele>
        <time>2026-09-03T02:00:54Z</time>
        <extensions>
          <geotracker:meta c="0.21" s="16.75" />
        </extensions>
      </trkpt>
      <trkpt lat="-20.04899908" lon="138.76442953">
        <ele>340.62</ele>
        <time>2026-09-03T02:01:03Z</time>
        <extensions>
          <geotracker:meta c="0.24" s="17.82" />
        </extensions>
      </trkpt>
      <trkpt lat="-20.04750719" lon="138.76484085">
        <ele>339.93</ele>
        <time>2026-09-03T02:01:12Z</time>
        <extensions>
          <geotracker:meta c="0.25" s="19.39" />
        </extensions>
      </trkpt>
      <trkpt lat="-20.04591852" lon="138.76524186">
        <ele>338.58</ele>
        <time>2026-09-03T02:01:21Z</time>
        <extensions>
          <geotracker:meta c="0.24" s="20.82" />
        </extensions>
      </trkpt>
      <trkpt lat="-20.04276838" lon="138.7660708">
        <ele>336.12</ele>
        <time>2026-09-03T02:01:39Z</time>
        <extensions>
          <geotracker:meta c="0.24" s="17.28" />
        </extensions>
      </trkpt>
      <trkpt lat="-20.04154786" lon="138.76639868">
        <ele>335.35</ele>
        <time>2026-09-03T02:01:48Z</time>
        <extensions>
          <geotracker:meta c="0.25" s="14" />
        </extensions>
      </trkpt>
      <trkpt lat="-20.04054246" lon="138.76664429">
        <ele>336.32</ele>
        <time>2026-09-03T02:01:57Z</time>
        <extensions>
          <geotracker:meta c="0.24" s="12.89" />
        </extensions>
      </trkpt>
      <trkpt lat="-20.03947397" lon="138.76693983">
        <ele>336.66</ele>
        <time>2026-09-03T02:02:06Z</time>
        <extensions>
          <geotracker:meta c="0.24" s="14.52" />
        </extensions>
      </trkpt>
      <trkpt lat="-20.03826042" lon="138.76723695">
        <ele>336.73</ele>
        <time>2026-09-03T02:02:15Z</time>
        <extensions>
          <geotracker:meta c="0.23" s="16.5" />
        </extensions>
      </trkpt>
      <trkpt lat="-20.03685705" lon="138.76761525">
        <ele>337.64</ele>
        <time>2026-09-03T02:02:24Z</time>
        <extensions>
          <geotracker:meta c="0.25" s="18.49" />
        </extensions>
      </trkpt>
      <trkpt lat="-20.03543344" lon="138.76800027">
        <ele>338.67</ele>
        <time>2026-09-03T02:02:33Z</time>
        <extensions>
          <geotracker:meta c="0.23" s="17.86" />
        </extensions>
      </trkpt>
      <trkpt lat="-20.03407129" lon="138.76836457">
        <ele>339.17</ele>
        <time>2026-09-03T02:02:42Z</time>
        <extensions>
          <geotracker:meta c="0.25" s="16.6" />
        </extensions>
      </trkpt>
      <trkpt lat="-20.0327597" lon="138.76871293">
        <ele>339.12</ele>
        <time>2026-09-03T02:02:51Z</time>
        <extensions>
          <geotracker:meta c="0.25" s="16.76" />
        </extensions>
      </trkpt>
      <trkpt lat="-20.0298454" lon="138.76957167">
        <ele>339.36</ele>
        <time>2026-09-03T02:03:10Z</time>
        <extensions>
          <geotracker:meta c="0.28" s="17.97" />
        </extensions>
      </trkpt>
      <trkpt lat="-20.02840417" lon="138.77000373">
        <ele>339.24</ele>
        <time>2026-09-03T02:03:19Z</time>
        <extensions>
          <geotracker:meta c="0.27" s="18.89" />
        </extensions>
      </trkpt>
      <trkpt lat="-20.02687039" lon="138.77046735">
        <ele>339.35</ele>
        <time>2026-09-03T02:03:28Z</time>
        <extensions>
          <geotracker:meta c="0.28" s="20.23" />
        </extensions>
      </trkpt>
      <trkpt lat="-20.02539589" lon="138.77091419">
        <ele>339.68</ele>
        <time>2026-09-03T02:03:37Z</time>
        <extensions>
          <geotracker:meta c="0.27" s="18.1" />
        </extensions>
      </trkpt>
      <trkpt lat="-20.02392221" lon="138.77136366">
        <ele>340.2</ele>
        <time>2026-09-03T02:03:46Z</time>
        <extensions>
          <geotracker:meta c="0.28" s="19.6" />
        </extensions>
      </trkpt>
      <trkpt lat="-20.02248773" lon="138.77180272">
        <ele>339.54</ele>
        <time>2026-09-03T02:03:55Z</time>
        <extensions>
          <geotracker:meta c="0.28" s="17.76" />
        </extensions>
      </trkpt>
      <trkpt lat="-20.0210538" lon="138.77223823">
        <ele>339.55</ele>
        <time>2026-09-03T02:04:04Z</time>
        <extensions>
          <geotracker:meta c="0.27" s="18.93" />
        </extensions>
      </trkpt>
      <trkpt lat="-20.01955395" lon="138.77269324">
        <ele>339.45</ele>
        <time>2026-09-03T02:04:13Z</time>
        <extensions>
          <geotracker:meta c="0.27" s="18.47" />
        </extensions>
      </trkpt>
      <trkpt lat="-20.01809014" lon="138.77313255">
        <ele>339.25</ele>
        <time>2026-09-03T02:04:22Z</time>
        <extensions>
          <geotracker:meta c="0.28" s="18.59" />
        </extensions>
      </trkpt>
      <trkpt lat="-20.0152389" lon="138.77401472">
        <ele>337.93</ele>
        <time>2026-09-03T02:04:40Z</time>
        <extensions>
          <geotracker:meta c="0.29" s="18.44" />
        </extensions>
      </trkpt>
      <trkpt lat="-20.01377745" lon="138.77446269">
        <ele>336.21</ele>
        <time>2026-09-03T02:04:49Z</time>
        <extensions>
          <geotracker:meta c="0.29" s="18.5" />
        </extensions>
      </trkpt>
      <trkpt lat="-20.01232236" lon="138.77490344">
        <ele>334.36</ele>
        <time>2026-09-03T02:04:58Z</time>
        <extensions>
          <geotracker:meta c="0.28" s="18.61" />
        </extensions>
      </trkpt>
      <trkpt lat="-20.0109668" lon="138.77531514">
        <ele>332.68</ele>
        <time>2026-09-03T02:05:07Z</time>
        <extensions>
          <geotracker:meta c="0.28" s="16.49" />
        </extensions>
      </trkpt>
      <trkpt lat="-20.00955408" lon="138.7757397">
        <ele>332.73</ele>
        <time>2026-09-03T02:05:16Z</time>
        <extensions>
          <geotracker:meta c="0.26" s="19.45" />
        </extensions>
      </trkpt>
      <trkpt lat="-20.00799679" lon="138.7761844">
        <ele>333.5</ele>
        <time>2026-09-03T02:05:25Z</time>
        <extensions>
          <geotracker:meta c="0.27" s="19.94" />
        </extensions>
      </trkpt>
      <trkpt lat="-20.00642284" lon="138.77663453">
        <ele>333.25</ele>
        <time>2026-09-03T02:05:34Z</time>
        <extensions>
          <geotracker:meta c="0.27" s="20.28" />
        </extensions>
      </trkpt>
      <trkpt lat="-20.00479351" lon="138.77712183">
        <ele>333.75</ele>
        <time>2026-09-03T02:05:43Z</time>
        <extensions>
          <geotracker:meta c="0.28" s="21.01" />
        </extensions>
      </trkpt>
      <trkpt lat="-20.00313119" lon="138.77762669">
        <ele>333.99</ele>
        <time>2026-09-03T02:05:52Z</time>
        <extensions>
          <geotracker:meta c="0.28" s="21.56" />
        </extensions>
      </trkpt>
      <trkpt lat="-19.99983371" lon="138.77865202">
        <ele>334.04</ele>
        <time>2026-09-03T02:06:10Z</time>
        <extensions>
          <geotracker:meta c="0.27" s="20.38" />
        </extensions>
      </trkpt>
      <trkpt lat="-19.99822831" lon="138.77893244">
        <ele>335</ele>
        <time>2026-09-03T02:06:19Z</time>
        <extensions>
          <geotracker:meta c="0.09" s="19.77" />
        </extensions>
      </trkpt>
      <trkpt lat="-19.99662387" lon="138.77906799">
        <ele>335.34</ele>
        <time>2026-09-03T02:06:28Z</time>
        <extensions>
          <geotracker:meta c="0.09" s="20.04" />
        </extensions>
      </trkpt>
      <trkpt lat="-19.99500674" lon="138.77922483">
        <ele>335.65</ele>
        <time>2026-09-03T02:06:37Z</time>
        <extensions>
          <geotracker:meta c="0.07" s="18.88" />
        </extensions>
      </trkpt>
      <trkpt lat="-19.99357244" lon="138.77937084">
        <ele>336.26</ele>
        <time>2026-09-03T02:06:46Z</time>
        <extensions>
          <geotracker:meta c="0.09" s="17.86" />
        </extensions>
      </trkpt>
      <trkpt lat="-19.99199648" lon="138.77952193">
        <ele>336.75</ele>
        <time>2026-09-03T02:06:55Z</time>
        <extensions>
          <geotracker:meta c="0.09" s="20.59" />
        </extensions>
      </trkpt>
      <trkpt lat="-19.99035113" lon="138.77968147">
        <ele>337.36</ele>
        <time>2026-09-03T02:07:04Z</time>
        <extensions>
          <geotracker:meta c="0.09" s="19.69" />
        </extensions>
      </trkpt>
      <trkpt lat="-19.98873223" lon="138.77983505">
        <ele>338.15</ele>
        <time>2026-09-03T02:07:13Z</time>
        <extensions>
          <geotracker:meta c="0.09" s="20.05" />
        </extensions>
      </trkpt>
      <trkpt lat="-19.98704876" lon="138.77999642">
        <ele>339.23</ele>
        <time>2026-09-03T02:07:22Z</time>
        <extensions>
          <geotracker:meta c="0.09" s="21.66" />
        </extensions>
      </trkpt>
      <trkpt lat="-19.98335806" lon="138.78036473">
        <ele>341.23</ele>
        <time>2026-09-03T02:07:40Z</time>
        <extensions>
          <geotracker:meta c="0.1" s="23.09" />
        </extensions>
      </trkpt>
      <trkpt lat="-19.9814777" lon="138.78054492">
        <ele>342.16</ele>
        <time>2026-09-03T02:07:49Z</time>
        <extensions>
          <geotracker:meta c="0.09" s="23.3" />
        </extensions>
      </trkpt>
      <trkpt lat="-19.97960438" lon="138.78072502">
        <ele>342.1</ele>
        <time>2026-09-03T02:07:58Z</time>
        <extensions>
          <geotracker:meta c="0.09" s="22.86" />
        </extensions>
      </trkpt>
      <trkpt lat="-19.97773296" lon="138.78090381">
        <ele>341.8</ele>
        <time>2026-09-03T02:08:07Z</time>
        <extensions>
          <geotracker:meta c="0.09" s="23.36" />
        </extensions>
      </trkpt>
      <trkpt lat="-19.97585494" lon="138.78108402">
        <ele>342.11</ele>
        <time>2026-09-03T02:08:16Z</time>
        <extensions>
          <geotracker:meta c="0.09" s="22.93" />
        </extensions>
      </trkpt>
      <trkpt lat="-19.97394169" lon="138.78127352">
        <ele>341.88</ele>
        <time>2026-09-03T02:08:25Z</time>
        <extensions>
          <geotracker:meta c="0.09" s="23.83" />
        </extensions>
      </trkpt>
      <trkpt lat="-19.97203811" lon="138.78145899">
        <ele>341.99</ele>
        <time>2026-09-03T02:08:34Z</time>
        <extensions>
          <geotracker:meta c="0.1" s="23.34" />
        </extensions>
      </trkpt>
      <trkpt lat="-19.97016788" lon="138.78163187">
        <ele>342.11</ele>
        <time>2026-09-03T02:08:43Z</time>
        <extensions>
          <geotracker:meta c="0.11" s="22.87" />
        </extensions>
      </trkpt>
      <trkpt lat="-19.96833899" lon="138.7818161">
        <ele>342.69</ele>
        <time>2026-09-03T02:08:52Z</time>
        <extensions>
          <geotracker:meta c="0.09" s="22.63" />
        </extensions>
      </trkpt>
      <trkpt lat="-19.96453243" lon="138.78219033">
        <ele>343.44</ele>
        <time>2026-09-03T02:09:10Z</time>
        <extensions>
          <geotracker:meta c="0.09" s="23.92" />
        </extensions>
      </trkpt>
      <trkpt lat="-19.96258835" lon="138.78237705">
        <ele>344.08</ele>
        <time>2026-09-03T02:09:19Z</time>
        <extensions>
          <geotracker:meta c="0.09" s="23.86" />
        </extensions>
      </trkpt>
      <trkpt lat="-19.96067005" lon="138.78255925">
        <ele>344.35</ele>
        <time>2026-09-03T02:09:28Z</time>
        <extensions>
          <geotracker:meta c="0.1" s="23.17" />
        </extensions>
      </trkpt>
      <trkpt lat="-19.95906076" lon="138.78270817">
        <ele>345.04</ele>
        <time>2026-09-03T02:09:37Z</time>
        <extensions>
          <geotracker:meta c="0.09" s="19.08" />
        </extensions>
      </trkpt>
      <trkpt lat="-19.95747988" lon="138.78286364">
        <ele>345.76</ele>
        <time>2026-09-03T02:09:46Z</time>
        <extensions>
          <geotracker:meta c="0.1" s="20.41" />
        </extensions>
      </trkpt>
      <trkpt lat="-19.95572602" lon="138.78303509">
        <ele>345.85</ele>
        <time>2026-09-03T02:09:55Z</time>
        <extensions>
          <geotracker:meta c="0.09" s="22.78" />
        </extensions>
      </trkpt>
      <trkpt lat="-19.95378464" lon="138.78322505">
        <ele>345.4</ele>
        <time>2026-09-03T02:10:04Z</time>
        <extensions>
          <geotracker:meta c="0.08" s="24.58" />
        </extensions>
      </trkpt>
      <trkpt lat="-19.95174613" lon="138.78341635">
        <ele>344.9</ele>
        <time>2026-09-03T02:10:13Z</time>
        <extensions>
          <geotracker:meta c="0.09" s="25.26" />
        </extensions>
      </trkpt>
      <trkpt lat="-19.94979933" lon="138.78359881">
        <ele>345.24</ele>
        <time>2026-09-03T02:10:22Z</time>
        <extensions>
          <geotracker:meta c="0.09" s="23.88" />
        </extensions>
      </trkpt>
      <trkpt lat="-19.94611896" lon="138.78395076">
        <ele>344.97</ele>
        <time>2026-09-03T02:10:40Z</time>
        <extensions>
          <geotracker:meta c="0.09" s="22.77" />
        </extensions>
      </trkpt>
      <trkpt lat="-19.94430297" lon="138.78412105">
        <ele>345.64</ele>
        <time>2026-09-03T02:10:49Z</time>
        <extensions>
          <geotracker:meta c="0.09" s="22.27" />
        </extensions>
      </trkpt>
      <trkpt lat="-19.94247734" lon="138.78430131">
        <ele>345.76</ele>
        <time>2026-09-03T02:10:58Z</time>
        <extensions>
          <geotracker:meta c="0.1" s="22.88" />
        </extensions>
      </trkpt>
      <trkpt lat="-19.94063468" lon="138.7844818">
        <ele>346.51</ele>
        <time>2026-09-03T02:11:07Z</time>
        <extensions>
          <geotracker:meta c="0.1" s="22.72" />
        </extensions>
      </trkpt>
      <trkpt lat="-19.93880085" lon="138.78465694">
        <ele>346.35</ele>
        <time>2026-09-03T02:11:16Z</time>
        <extensions>
          <geotracker:meta c="0.08" s="22.83" />
        </extensions>
      </trkpt>
      <trkpt lat="-19.93698224" lon="138.78470773">
        <ele>345.94</ele>
        <time>2026-09-03T02:11:25Z</time>
        <extensions>
          <geotracker:meta c="6.28" s="22.03" />
        </extensions>
      </trkpt>
      <trkpt lat="-19.9351104" lon="138.7847185">
        <ele>345.25</ele>
        <time>2026-09-03T02:11:34Z</time>
        <extensions>
          <geotracker:meta c="0.01" s="23.94" />
        </extensions>
      </trkpt>
      <trkpt lat="-19.93317227" lon="138.78471954">
        <ele>345.13</ele>
        <time>2026-09-03T02:11:43Z</time>
        <extensions>
          <geotracker:meta c="0.01" s="23.55" />
        </extensions>
      </trkpt>
      <trkpt lat="-19.93130623" lon="138.78474064">
        <ele>345.27</ele>
        <time>2026-09-03T02:11:52Z</time>
        <extensions>
          <geotracker:meta c="0.01" s="23.3" />
        </extensions>
      </trkpt>
      <trkpt lat="-19.92750407" lon="138.78476803">
        <ele>344.87</ele>
        <time>2026-09-03T02:12:10Z</time>
        <extensions>
          <geotracker:meta c="0.01" s="23.57" />
        </extensions>
      </trkpt>
      <trkpt lat="-19.92562447" lon="138.78476537">
        <ele>344.67</ele>
        <time>2026-09-03T02:12:19Z</time>
        <extensions>
          <geotracker:meta c="0" s="23.67" />
        </extensions>
      </trkpt>
      <trkpt lat="-19.92373236" lon="138.7847622">
        <ele>344.62</ele>
        <time>2026-09-03T02:12:28Z</time>
        <extensions>
          <geotracker:meta c="0.01" s="22.77" />
        </extensions>
      </trkpt>
      <trkpt lat="-19.92188768" lon="138.78475207">
        <ele>345.2</ele>
        <time>2026-09-03T02:12:37Z</time>
        <extensions>
          <geotracker:meta c="6.27" s="22.14" />
        </extensions>
      </trkpt>
      <trkpt lat="-19.92013068" lon="138.7847517">
        <ele>345.86</ele>
        <time>2026-09-03T02:12:46Z</time>
        <extensions>
          <geotracker:meta c="6.28" s="21.64" />
        </extensions>
      </trkpt>
      <trkpt lat="-19.91831504" lon="138.78475569">
        <ele>346.62</ele>
        <time>2026-09-03T02:12:55Z</time>
        <extensions>
          <geotracker:meta c="0.01" s="22.83" />
        </extensions>
      </trkpt>
      <trkpt lat="-19.91646682" lon="138.78489073">
        <ele>346.73</ele>
        <time>2026-09-03T02:13:04Z</time>
        <extensions>
          <geotracker:meta c="0.09" s="22.38" />
        </extensions>
      </trkpt>
      <trkpt lat="-19.91470249" lon="138.78505693">
        <ele>346.85</ele>
        <time>2026-09-03T02:13:13Z</time>
        <extensions>
          <geotracker:meta c="0.09" s="21.53" />
        </extensions>
      </trkpt>
      <trkpt lat="-19.91298986" lon="138.78522668">
        <ele>346.33</ele>
        <time>2026-09-03T02:13:22Z</time>
        <extensions>
          <geotracker:meta c="0.11" s="21.08" />
        </extensions>
      </trkpt>
      <trkpt lat="-19.90950954" lon="138.78555022">
        <ele>346.95</ele>
        <time>2026-09-03T02:13:40Z</time>
        <extensions>
          <geotracker:meta c="0.09" s="21.29" />
        </extensions>
      </trkpt>
      <trkpt lat="-19.90782283" lon="138.7857156">
        <ele>346.85</ele>
        <time>2026-09-03T02:13:49Z</time>
        <extensions>
          <geotracker:meta c="0.09" s="20.67" />
        </extensions>
      </trkpt>
      <trkpt lat="-19.90616752" lon="138.78587026">
        <ele>347.4</ele>
        <time>2026-09-03T02:13:58Z</time>
        <extensions>
          <geotracker:meta c="0.09" s="20.49" />
        </extensions>
      </trkpt>
      <trkpt lat="-19.90448027" lon="138.78603273">
        <ele>347.36</ele>
        <time>2026-09-03T02:14:07Z</time>
        <extensions>
          <geotracker:meta c="0.09" s="21.36" />
        </extensions>
      </trkpt>
      <trkpt lat="-19.90278335" lon="138.78619518">
        <ele>347.57</ele>
        <time>2026-09-03T02:14:16Z</time>
        <extensions>
          <geotracker:meta c="0.09" s="19.89" />
        </extensions>
      </trkpt>
      <trkpt lat="-19.90115715" lon="138.78635346">
        <ele>348.06</ele>
        <time>2026-09-03T02:14:25Z</time>
        <extensions>
          <geotracker:meta c="0.09" s="20.41" />
        </extensions>
      </trkpt>
      <trkpt lat="-19.89956215" lon="138.78650798">
        <ele>348.77</ele>
        <time>2026-09-03T02:14:34Z</time>
        <extensions>
          <geotracker:meta c="0.1" s="20.16" />
        </extensions>
      </trkpt>
      <trkpt lat="-19.89790175" lon="138.78667522">
        <ele>348.52</ele>
        <time>2026-09-03T02:14:43Z</time>
        <extensions>
          <geotracker:meta c="0.08" s="20.86" />
        </extensions>
      </trkpt>
      <trkpt lat="-19.89619183" lon="138.78683657">
        <ele>349.14</ele>
        <time>2026-09-03T02:14:52Z</time>
        <extensions>
          <geotracker:meta c="0.1" s="20.97" />
        </extensions>
      </trkpt>
      <trkpt lat="-19.89272254" lon="138.78717053">
        <ele>350.73</ele>
        <time>2026-09-03T02:15:10Z</time>
        <extensions>
          <geotracker:meta c="0.09" s="21.47" />
        </extensions>
      </trkpt>
      <trkpt lat="-19.89098344" lon="138.7873432">
        <ele>350.88</ele>
        <time>2026-09-03T02:15:19Z</time>
        <extensions>
          <geotracker:meta c="0.1" s="21.88" />
        </extensions>
      </trkpt>
      <trkpt lat="-19.8891994" lon="138.78751358">
        <ele>351.01</ele>
        <time>2026-09-03T02:15:28Z</time>
        <extensions>
          <geotracker:meta c="0.09" s="22.09" />
        </extensions>
      </trkpt>
      <trkpt lat="-19.88740693" lon="138.78768756">
        <ele>351.04</ele>
        <time>2026-09-03T02:15:37Z</time>
        <extensions>
          <geotracker:meta c="0.08" s="22.47" />
        </extensions>
      </trkpt>
      <trkpt lat="-19.88557321" lon="138.78785014">
        <ele>351.12</ele>
        <time>2026-09-03T02:15:46Z</time>
        <extensions>
          <geotracker:meta c="0.09" s="22.82" />
        </extensions>
      </trkpt>
      <trkpt lat="-19.88368015" lon="138.78802632">
        <ele>351.42</ele>
        <time>2026-09-03T02:15:55Z</time>
        <extensions>
          <geotracker:meta c="0.08" s="24.04" />
        </extensions>
      </trkpt>
      <trkpt lat="-19.88172327" lon="138.78821813">
        <ele>350.91</ele>
        <time>2026-09-03T02:16:04Z</time>
        <extensions>
          <geotracker:meta c="0.08" s="24.36" />
        </extensions>
      </trkpt>
      <trkpt lat="-19.87973622" lon="138.78840965">
        <ele>350.91</ele>
        <time>2026-09-03T02:16:13Z</time>
        <extensions>
          <geotracker:meta c="0.08" s="24.24" />
        </extensions>
      </trkpt>
      <trkpt lat="-19.8778387" lon="138.78858961">
        <ele>350.6</ele>
        <time>2026-09-03T02:16:22Z</time>
        <extensions>
          <geotracker:meta c="0.09" s="23.15" />
        </extensions>
      </trkpt>
      <trkpt lat="-19.87416777" lon="138.78894266">
        <ele>353.38</ele>
        <time>2026-09-03T02:16:40Z</time>
        <extensions>
          <geotracker:meta c="0.08" s="22.93" />
        </extensions>
      </trkpt>
      <trkpt lat="-19.87229448" lon="138.7891161">
        <ele>354.36</ele>
        <time>2026-09-03T02:16:49Z</time>
        <extensions>
          <geotracker:meta c="0.08" s="23.16" />
        </extensions>
      </trkpt>
      <trkpt lat="-19.87043207" lon="138.78926645">
        <ele>355.3</ele>
        <time>2026-09-03T02:16:58Z</time>
        <extensions>
          <geotracker:meta c="0.07" s="22.74" />
        </extensions>
      </trkpt>
      <trkpt lat="-19.8685983" lon="138.78940989">
        <ele>356.17</ele>
        <time>2026-09-03T02:17:07Z</time>
        <extensions>
          <geotracker:meta c="0.07" s="22.49" />
        </extensions>
      </trkpt>
      <trkpt lat="-19.86677656" lon="138.78957024">
        <ele>357.01</ele>
        <time>2026-09-03T02:17:16Z</time>
        <extensions>
          <geotracker:meta c="0.1" s="22.51" />
        </extensions>
      </trkpt>
      <trkpt lat="-19.86497034" lon="138.78975647">
        <ele>358.05</ele>
        <time>2026-09-03T02:17:25Z</time>
        <extensions>
          <geotracker:meta c="0.09" s="22.27" />
        </extensions>
      </trkpt>
      <trkpt lat="-19.86315476" lon="138.78994243">
        <ele>358.71</ele>
        <time>2026-09-03T02:17:34Z</time>
        <extensions>
          <geotracker:meta c="0.1" s="22.53" />
        </extensions>
      </trkpt>
      <trkpt lat="-19.86132264" lon="138.790136">
        <ele>359.63</ele>
        <time>2026-09-03T02:17:43Z</time>
        <extensions>
          <geotracker:meta c="0.1" s="22.84" />
        </extensions>
      </trkpt>
      <trkpt lat="-19.85945736" lon="138.79034076">
        <ele>361.06</ele>
        <time>2026-09-03T02:17:52Z</time>
        <extensions>
          <geotracker:meta c="0.11" s="23.01" />
        </extensions>
      </trkpt>
      <trkpt lat="-19.85509856" lon="138.79079798">
        <ele>363.07</ele>
        <time>2026-09-03T02:18:12Z</time>
        <extensions>
          <geotracker:meta c="0.09" s="24.72" />
        </extensions>
      </trkpt>
      <trkpt lat="-19.8530729" lon="138.79100177">
        <ele>363.66</ele>
        <time>2026-09-03T02:18:21Z</time>
        <extensions>
          <geotracker:meta c="0.09" s="25.28" />
        </extensions>
      </trkpt>
      <trkpt lat="-19.85104578" lon="138.79118796">
        <ele>364.32</ele>
        <time>2026-09-03T02:18:30Z</time>
        <extensions>
          <geotracker:meta c="0.1" s="25.17" />
        </extensions>
      </trkpt>
      <trkpt lat="-19.84900399" lon="138.79138057">
        <ele>364.06</ele>
        <time>2026-09-03T02:18:39Z</time>
        <extensions>
          <geotracker:meta c="0.09" s="25.14" />
        </extensions>
      </trkpt>
      <trkpt lat="-19.84711213" lon="138.79157083">
        <ele>364.72</ele>
        <time>2026-09-03T02:18:48Z</time>
        <extensions>
          <geotracker:meta c="0.07" s="23.06" />
        </extensions>
      </trkpt>
      <trkpt lat="-19.84518065" lon="138.79173892">
        <ele>364.93</ele>
        <time>2026-09-03T02:18:57Z</time>
        <extensions>
          <geotracker:meta c="0.1" s="24.35" />
        </extensions>
      </trkpt>
      <trkpt lat="-19.84318178" lon="138.79194112">
        <ele>365.26</ele>
        <time>2026-09-03T02:19:06Z</time>
        <extensions>
          <geotracker:meta c="0.1" s="24.99" />
        </extensions>
      </trkpt>
      <trkpt lat="-19.8411065" lon="138.79215341">
        <ele>365.35</ele>
        <time>2026-09-03T02:19:15Z</time>
        <extensions>
          <geotracker:meta c="0.09" s="25.87" />
        </extensions>
      </trkpt>
      <trkpt lat="-19.83904511" lon="138.79234971">
        <ele>365.68</ele>
        <time>2026-09-03T02:19:24Z</time>
        <extensions>
          <geotracker:meta c="0.09" s="24.62" />
        </extensions>
      </trkpt>
      <trkpt lat="-19.83504648" lon="138.7927157">
        <ele>366.09</ele>
        <time>2026-09-03T02:19:42Z</time>
        <extensions>
          <geotracker:meta c="0.09" s="25.42" />
        </extensions>
      </trkpt>
      <trkpt lat="-19.83295778" lon="138.7929221">
        <ele>366.87</ele>
        <time>2026-09-03T02:19:51Z</time>
        <extensions>
          <geotracker:meta c="0.1" s="25.72" />
        </extensions>
      </trkpt>
      <trkpt lat="-19.83086338" lon="138.79313093">
        <ele>367.03</ele>
        <time>2026-09-03T02:20:00Z</time>
        <extensions>
          <geotracker:meta c="0.1" s="26.09" />
        </extensions>
      </trkpt>
      <trkpt lat="-19.82875095" lon="138.79334481">
        <ele>367.67</ele>
        <time>2026-09-03T02:20:09Z</time>
        <extensions>
          <geotracker:meta c="0.1" s="26.24" />
        </extensions>
      </trkpt>
      <trkpt lat="-19.82662393" lon="138.79355264">
        <ele>368.7</ele>
        <time>2026-09-03T02:20:18Z</time>
        <extensions>
          <geotracker:meta c="0.09" s="26.27" />
        </extensions>
      </trkpt>
      <trkpt lat="-19.82447732" lon="138.79375415">
        <ele>369.21</ele>
        <time>2026-09-03T02:20:27Z</time>
        <extensions>
          <geotracker:meta c="0.08" s="26.52" />
        </extensions>
      </trkpt>
      <trkpt lat="-19.82235823" lon="138.79395058">
        <ele>369.69</ele>
        <time>2026-09-03T02:20:36Z</time>
        <extensions>
          <geotracker:meta c="0.1" s="25.61" />
        </extensions>
      </trkpt>
      <trkpt lat="-19.82029419" lon="138.7941502">
        <ele>369.82</ele>
        <time>2026-09-03T02:20:45Z</time>
        <extensions>
          <geotracker:meta c="0.09" s="25.69" />
        </extensions>
      </trkpt>
      <trkpt lat="-19.81816113" lon="138.79436492">
        <ele>369.23</ele>
        <time>2026-09-03T02:20:54Z</time>
        <extensions>
          <geotracker:meta c="0.1" s="26.39" />
        </extensions>
      </trkpt>
      <trkpt lat="-19.81405768" lon="138.7947592">
        <ele>369.41</ele>
        <time>2026-09-03T02:21:12Z</time>
        <extensions>
          <geotracker:meta c="0.09" s="25.69" />
        </extensions>
      </trkpt>
      <trkpt lat="-19.81195848" lon="138.79496259">
        <ele>368.76</ele>
        <time>2026-09-03T02:21:21Z</time>
        <extensions>
          <geotracker:meta c="0.09" s="25.99" />
        </extensions>
      </trkpt>
      <trkpt lat="-19.80982234" lon="138.79516162">
        <ele>368.3</ele>
        <time>2026-09-03T02:21:30Z</time>
        <extensions>
          <geotracker:meta c="0.09" s="26.55" />
        </extensions>
      </trkpt>
      <trkpt lat="-19.80767723" lon="138.79536552">
        <ele>369.1</ele>
        <time>2026-09-03T02:21:39Z</time>
        <extensions>
          <geotracker:meta c="0.08" s="26.42" />
        </extensions>
      </trkpt>
      <trkpt lat="-19.8055195" lon="138.79557597">
        <ele>369.06</ele>
        <time>2026-09-03T02:21:48Z</time>
        <extensions>
          <geotracker:meta c="0.1" s="26.06" />
        </extensions>
      </trkpt>
      <trkpt lat="-19.80355125" lon="138.79575974">
        <ele>369.13</ele>
        <time>2026-09-03T02:21:57Z</time>
        <extensions>
          <geotracker:meta c="0.09" s="23.48" />
        </extensions>
      </trkpt>
      <trkpt lat="-19.80160414" lon="138.79593369">
        <ele>369.13</ele>
        <time>2026-09-03T02:22:06Z</time>
        <extensions>
          <geotracker:meta c="0.07" s="24.73" />
        </extensions>
      </trkpt>
      <trkpt lat="-19.79956155" lon="138.79610877">
        <ele>370.17</ele>
        <time>2026-09-03T02:22:15Z</time>
        <extensions>
          <geotracker:meta c="0.08" s="24.6" />
        </extensions>
      </trkpt>
      <trkpt lat="-19.79780431" lon="138.79625513">
        <ele>371.3</ele>
        <time>2026-09-03T02:22:24Z</time>
        <extensions>
          <geotracker:meta c="0.09" s="20.66" />
        </extensions>
      </trkpt>
      <trkpt lat="-19.7942157" lon="138.79682158">
        <ele>374.97</ele>
        <time>2026-09-03T02:22:42Z</time>
        <extensions>
          <geotracker:meta c="0.19" s="23.57" />
        </extensions>
      </trkpt>
      <trkpt lat="-19.79228256" lon="138.79722886">
        <ele>372.77</ele>
        <time>2026-09-03T02:22:51Z</time>
        <extensions>
          <geotracker:meta c="0.2" s="24.49" />
        </extensions>
      </trkpt>
      <trkpt lat="-19.79035642" lon="138.79762383">
        <ele>371.99</ele>
        <time>2026-09-03T02:23:00Z</time>
        <extensions>
          <geotracker:meta c="0.17" s="23.78" />
        </extensions>
      </trkpt>
      <trkpt lat="-19.78852116" lon="138.79792829">
        <ele>370.59</ele>
        <time>2026-09-03T02:23:09Z</time>
        <extensions>
          <geotracker:meta c="0.11" s="22.17" />
        </extensions>
      </trkpt>
      <trkpt lat="-19.78668352" lon="138.79808828">
        <ele>367.62</ele>
        <time>2026-09-03T02:23:18Z</time>
        <extensions>
          <geotracker:meta c="0.06" s="23.08" />
        </extensions>
      </trkpt>
      <trkpt lat="-19.78476531" lon="138.79823514">
        <ele>362.12</ele>
        <time>2026-09-03T02:23:27Z</time>
        <extensions>
          <geotracker:meta c="0.08" s="23.98" />
        </extensions>
      </trkpt>
      <trkpt lat="-19.78283646" lon="138.79840506">
        <ele>359.86</ele>
        <time>2026-09-03T02:23:36Z</time>
        <extensions>
          <geotracker:meta c="0.06" s="23.92" />
        </extensions>
      </trkpt>
      <trkpt lat="-19.78091464" lon="138.79852461">
        <ele>359.35</ele>
        <time>2026-09-03T02:23:45Z</time>
        <extensions>
          <geotracker:meta c="0.07" s="23.85" />
        </extensions>
      </trkpt>
      <trkpt lat="-19.77894664" lon="138.79865287">
        <ele>352.78</ele>
        <time>2026-09-03T02:23:54Z</time>
        <extensions>
          <geotracker:meta c="0.06" s="24.26" />
        </extensions>
      </trkpt>
      <trkpt lat="-19.77507439" lon="138.79890596">
        <ele>348.56</ele>
        <time>2026-09-03T02:24:12Z</time>
        <extensions>
          <geotracker:meta c="0.06" s="21.79" />
        </extensions>
      </trkpt>
      <trkpt lat="-19.77320419" lon="138.79903412">
        <ele>349.95</ele>
        <time>2026-09-03T02:24:21Z</time>
        <extensions>
          <geotracker:meta c="0.07" s="23.84" />
        </extensions>
      </trkpt>
      <trkpt lat="-19.7712269" lon="138.79917711">
        <ele>351.74</ele>
        <time>2026-09-03T02:24:30Z</time>
        <extensions>
          <geotracker:meta c="0.07" s="24.34" />
        </extensions>
      </trkpt>
      <trkpt lat="-19.76945821" lon="138.79919751">
        <ele>355.77</ele>
        <time>2026-09-03T02:24:39Z</time>
        <extensions>
          <geotracker:meta c="6.16" s="21.39" />
        </extensions>
      </trkpt>
      <trkpt lat="-19.76768296" lon="138.79893309">
        <ele>358.32</ele>
        <time>2026-09-03T02:24:48Z</time>
        <extensions>
          <geotracker:meta c="6.13" s="22.57" />
        </extensions>
      </trkpt>
      <trkpt lat="-19.7658197" lon="138.79862683">
        <ele>360.46</ele>
        <time>2026-09-03T02:24:57Z</time>
        <extensions>
          <geotracker:meta c="6.12" s="23.69" />
        </extensions>
      </trkpt>
      <trkpt lat="-19.7638618" lon="138.79829545">
        <ele>361.95</ele>
        <time>2026-09-03T02:25:06Z</time>
        <extensions>
          <geotracker:meta c="6.13" s="24.66" />
        </extensions>
      </trkpt>
      <trkpt lat="-19.76183647" lon="138.79797473">
        <ele>362.21</ele>
        <time>2026-09-03T02:25:15Z</time>
        <extensions>
          <geotracker:meta c="6.13" s="25.66" />
        </extensions>
      </trkpt>
      <trkpt lat="-19.75977581" lon="138.79763994">
        <ele>362.31</ele>
        <time>2026-09-03T02:25:24Z</time>
        <extensions>
          <geotracker:meta c="6.13" s="24.96" />
        </extensions>
      </trkpt>
      <trkpt lat="-19.75595186" lon="138.79704818">
        <ele>363.8</ele>
        <time>2026-09-03T02:25:42Z</time>
        <extensions>
          <geotracker:meta c="6.13" s="22.91" />
        </extensions>
      </trkpt>
      <trkpt lat="-19.75404502" lon="138.79674108">
        <ele>365.62</ele>
        <time>2026-09-03T02:25:51Z</time>
        <extensions>
          <geotracker:meta c="6.13" s="24.47" />
        </extensions>
      </trkpt>
      <trkpt lat="-19.75207064" lon="138.79642193">
        <ele>368.27</ele>
        <time>2026-09-03T02:26:00Z</time>
        <extensions>
          <geotracker:meta c="6.14" s="24.01" />
        </extensions>
      </trkpt>
      <trkpt lat="-19.75015809" lon="138.79611711">
        <ele>369.58</ele>
        <time>2026-09-03T02:26:09Z</time>
        <extensions>
          <geotracker:meta c="6.14" s="24.28" />
        </extensions>
      </trkpt>
      <trkpt lat="-19.74822069" lon="138.79584445">
        <ele>369.9</ele>
        <time>2026-09-03T02:26:18Z</time>
        <extensions>
          <geotracker:meta c="6.19" s="23.59" />
        </extensions>
      </trkpt>
      <trkpt lat="-19.74630882" lon="138.79596076">
        <ele>371.49</ele>
        <time>2026-09-03T02:26:27Z</time>
        <extensions>
          <geotracker:meta c="0.14" s="23.84" />
        </extensions>
      </trkpt>
      <trkpt lat="-19.74435107" lon="138.79630738">
        <ele>372.45</ele>
        <time>2026-09-03T02:26:36Z</time>
        <extensions>
          <geotracker:meta c="0.17" s="24.78" />
        </extensions>
      </trkpt>
      <trkpt lat="-19.74246156" lon="138.79663391">
        <ele>372.46</ele>
        <time>2026-09-03T02:26:45Z</time>
        <extensions>
          <geotracker:meta c="0.15" s="22.02" />
        </extensions>
      </trkpt>
      <trkpt lat="-19.74086143" lon="138.79689617">
        <ele>372.13</ele>
        <time>2026-09-03T02:26:54Z</time>
        <extensions>
          <geotracker:meta c="0.16" s="19.86" />
        </extensions>
      </trkpt>
      <trkpt lat="-19.73724449" lon="138.79747552">
        <ele>362.78</ele>
        <time>2026-09-03T02:27:12Z</time>
        <extensions>
          <geotracker:meta c="0.09" s="22.95" />
        </extensions>
      </trkpt>
      <trkpt lat="-19.73542402" lon="138.7974432">
        <ele>361.98</ele>
        <time>2026-09-03T02:27:21Z</time>
        <extensions>
          <geotracker:meta c="6.2" s="22.52" />
        </extensions>
      </trkpt>
      <trkpt lat="-19.73371899" lon="138.79740313">
        <ele>360.72</ele>
        <time>2026-09-03T02:27:30Z</time>
        <extensions>
          <geotracker:meta c="0.08" s="21.42" />
        </extensions>
      </trkpt>
      <trkpt lat="-19.731981" lon="138.79774049">
        <ele>362.79</ele>
        <time>2026-09-03T02:27:39Z</time>
        <extensions>
          <geotracker:meta c="0.29" s="21.36" />
        </extensions>
      </trkpt>
      <trkpt lat="-19.73036783" lon="138.79841917">
        <ele>362.93</ele>
        <time>2026-09-03T02:27:48Z</time>
        <extensions>
          <geotracker:meta c="0.5" s="21.32" />
        </extensions>
      </trkpt>
      <trkpt lat="-19.72887523" lon="138.7994602">
        <ele>360.96</ele>
        <time>2026-09-03T02:27:57Z</time>
        <extensions>
          <geotracker:meta c="0.63" s="22.5" />
        </extensions>
      </trkpt>
      <trkpt lat="-19.72733399" lon="138.8006501">
        <ele>359.96</ele>
        <time>2026-09-03T02:28:06Z</time>
        <extensions>
          <geotracker:meta c="0.63" s="24.13" />
        </extensions>
      </trkpt>
      <trkpt lat="-19.72573628" lon="138.80187974">
        <ele>361.53</ele>
        <time>2026-09-03T02:28:15Z</time>
        <extensions>
          <geotracker:meta c="0.63" s="24.67" />
        </extensions>
      </trkpt>
      <trkpt lat="-19.72412897" lon="138.80311383">
        <ele>363.73</ele>
        <time>2026-09-03T02:28:24Z</time>
        <extensions>
          <geotracker:meta c="0.54" s="23.92" />
        </extensions>
      </trkpt>
      <trkpt lat="-19.72048038" lon="138.80433907">
        <ele>355.88</ele>
        <time>2026-09-03T02:28:42Z</time>
        <extensions>
          <geotracker:meta c="0.05" s="23.5" />
        </extensions>
      </trkpt>
      <trkpt lat="-19.71853154" lon="138.80424586">
        <ele>353.05</ele>
        <time>2026-09-03T02:28:51Z</time>
        <extensions>
          <geotracker:meta c="6.19" s="24.37" />
        </extensions>
      </trkpt>
      <trkpt lat="-19.71658715" lon="138.80404965">
        <ele>351.18</ele>
        <time>2026-09-03T02:29:00Z</time>
        <extensions>
          <geotracker:meta c="6.18" s="22.66" />
        </extensions>
      </trkpt>
      <trkpt lat="-19.71465975" lon="138.8039326">
        <ele>351.55</ele>
        <time>2026-09-03T02:29:09Z</time>
        <extensions>
          <geotracker:meta c="6.22" s="24.49" />
        </extensions>
      </trkpt>
      <trkpt lat="-19.71267029" lon="138.80376119">
        <ele>351.96</ele>
        <time>2026-09-03T02:29:18Z</time>
        <extensions>
          <geotracker:meta c="6.21" s="24.53" />
        </extensions>
      </trkpt>
      <trkpt lat="-19.71067324" lon="138.80360218">
        <ele>352.22</ele>
        <time>2026-09-03T02:29:27Z</time>
        <extensions>
          <geotracker:meta c="6.21" s="24.91" />
        </extensions>
      </trkpt>
      <trkpt lat="-19.70858553" lon="138.8034268">
        <ele>347.96</ele>
        <time>2026-09-03T02:29:36Z</time>
        <extensions>
          <geotracker:meta c="6.2" s="26.39" />
        </extensions>
      </trkpt>
      <trkpt lat="-19.70644198" lon="138.80323662">
        <ele>344.2</ele>
        <time>2026-09-03T02:29:45Z</time>
        <extensions>
          <geotracker:meta c="6.2" s="26.18" />
        </extensions>
      </trkpt>
      <trkpt lat="-19.70433175" lon="138.80304933">
        <ele>342.36</ele>
        <time>2026-09-03T02:29:54Z</time>
        <extensions>
          <geotracker:meta c="6.2" s="25.77" />
        </extensions>
      </trkpt>
      <trkpt lat="-19.70024161" lon="138.80268048">
        <ele>346.01</ele>
        <time>2026-09-03T02:30:12Z</time>
        <extensions>
          <geotracker:meta c="6.2" s="25.07" />
        </extensions>
      </trkpt>
      <trkpt lat="-19.6981528" lon="138.80252196">
        <ele>341.99</ele>
        <time>2026-09-03T02:30:21Z</time>
        <extensions>
          <geotracker:meta c="6.19" s="26.18" />
        </extensions>
      </trkpt>
      <trkpt lat="-19.69602151" lon="138.80232995">
        <ele>337.57</ele>
        <time>2026-09-03T02:30:30Z</time>
        <extensions>
          <geotracker:meta c="6.2" s="26.14" />
        </extensions>
      </trkpt>
      <trkpt lat="-19.69401007" lon="138.80215918">
        <ele>336.11</ele>
        <time>2026-09-03T02:30:39Z</time>
        <extensions>
          <geotracker:meta c="6.2" s="23.26" />
        </extensions>
      </trkpt>
      <trkpt lat="-19.69213205" lon="138.80199939">
        <ele>335.04</ele>
        <time>2026-09-03T02:30:48Z</time>
        <extensions>
          <geotracker:meta c="6.2" s="22.27" />
        </extensions>
      </trkpt>
      <trkpt lat="-19.69025432" lon="138.80183561">
        <ele>330.65</ele>
        <time>2026-09-03T02:30:57Z</time>
        <extensions>
          <geotracker:meta c="6.2" s="23.51" />
        </extensions>
      </trkpt>
      <trkpt lat="-19.68838724" lon="138.80168053">
        <ele>328.81</ele>
        <time>2026-09-03T02:31:06Z</time>
        <extensions>
          <geotracker:meta c="6.18" s="22.63" />
        </extensions>
      </trkpt>
      <trkpt lat="-19.68646663" lon="138.80148512">
        <ele>327.24</ele>
        <time>2026-09-03T02:31:15Z</time>
        <extensions>
          <geotracker:meta c="6.2" s="24.45" />
        </extensions>
      </trkpt>
      <trkpt lat="-19.68457857" lon="138.80132394">
        <ele>327</ele>
        <time>2026-09-03T02:31:24Z</time>
        <extensions>
          <geotracker:meta c="6.21" s="23.84" />
        </extensions>
      </trkpt>
      <trkpt lat="-19.68077078" lon="138.80102494">
        <ele>328.21</ele>
        <time>2026-09-03T02:31:42Z</time>
        <extensions>
          <geotracker:meta c="6.19" s="23.67" />
        </extensions>
      </trkpt>
      <trkpt lat="-19.67898328" lon="138.80085347">
        <ele>326.51</ele>
        <time>2026-09-03T02:31:51Z</time>
        <extensions>
          <geotracker:meta c="6.19" s="21.83" />
        </extensions>
      </trkpt>
      <trkpt lat="-19.67728926" lon="138.8006872">
        <ele>326.54</ele>
        <time>2026-09-03T02:32:00Z</time>
        <extensions>
          <geotracker:meta c="6.19" s="20.37" />
        </extensions>
      </trkpt>
      <trkpt lat="-19.67561355" lon="138.80055052">
        <ele>328.07</ele>
        <time>2026-09-03T02:32:09Z</time>
        <extensions>
          <geotracker:meta c="6.18" s="21.97" />
        </extensions>
      </trkpt>
      <trkpt lat="-19.67377407" lon="138.80011702">
        <ele>329.36</ele>
        <time>2026-09-03T02:32:18Z</time>
        <extensions>
          <geotracker:meta c="5.98" s="24.11" />
        </extensions>
      </trkpt>
      <trkpt lat="-19.67192055" lon="138.79953889">
        <ele>330.16</ele>
        <time>2026-09-03T02:32:27Z</time>
        <extensions>
          <geotracker:meta c="6" s="24.22" />
        </extensions>
      </trkpt>
      <trkpt lat="-19.6700006" lon="138.79895314">
        <ele>328.86</ele>
        <time>2026-09-03T02:32:36Z</time>
        <extensions>
          <geotracker:meta c="6.01" s="24.66" />
        </extensions>
      </trkpt>
      <trkpt lat="-19.66807848" lon="138.79836949">
        <ele>327.57</ele>
        <time>2026-09-03T02:32:45Z</time>
        <extensions>
          <geotracker:meta c="6" s="24.39" />
        </extensions>
      </trkpt>
      <trkpt lat="-19.6661605" lon="138.79782174">
        <ele>325.88</ele>
        <time>2026-09-03T02:32:54Z</time>
        <extensions>
          <geotracker:meta c="6.02" s="25.08" />
        </extensions>
      </trkpt>
      <trkpt lat="-19.66195248" lon="138.79721191">
        <ele>317.36</ele>
        <time>2026-09-03T02:33:14Z</time>
        <extensions>
          <geotracker:meta c="5.97" s="21.96" />
        </extensions>
      </trkpt>
      <trkpt lat="-19.66026824" lon="138.79662378">
        <ele>314.02</ele>
        <time>2026-09-03T02:33:23Z</time>
        <extensions>
          <geotracker:meta c="6.18" s="22.47" />
        </extensions>
      </trkpt>
      <trkpt lat="-19.65838549" lon="138.79681321">
        <ele>311.88</ele>
        <time>2026-09-03T02:33:32Z</time>
        <extensions>
          <geotracker:meta c="0.08" s="23.96" />
        </extensions>
      </trkpt>
      <trkpt lat="-19.65635924" lon="138.79696017">
        <ele>305.18</ele>
        <time>2026-09-03T02:33:41Z</time>
        <extensions>
          <geotracker:meta c="0.07" s="25.79" />
        </extensions>
      </trkpt>
      <trkpt lat="-19.65430629" lon="138.79711686">
        <ele>311.77</ele>
        <time>2026-09-03T02:33:50Z</time>
        <extensions>
          <geotracker:meta c="0.07" s="24.6" />
        </extensions>
      </trkpt>
      <trkpt lat="-19.65240916" lon="138.79722916">
        <ele>316.07</ele>
        <time>2026-09-03T02:33:59Z</time>
        <extensions>
          <geotracker:meta c="0.06" s="21.99" />
        </extensions>
      </trkpt>
      <trkpt lat="-19.65061066" lon="138.7976586">
        <ele>315.51</ele>
        <time>2026-09-03T02:34:08Z</time>
        <extensions>
          <geotracker:meta c="0.32" s="22.95" />
        </extensions>
      </trkpt>
      <trkpt lat="-19.64893385" lon="138.79835785">
        <ele>312.28</ele>
        <time>2026-09-03T02:34:17Z</time>
        <extensions>
          <geotracker:meta c="0.39" s="21.34" />
        </extensions>
      </trkpt>
      <trkpt lat="-19.6472749" lon="138.79907336">
        <ele>307.09</ele>
        <time>2026-09-03T02:34:26Z</time>
        <extensions>
          <geotracker:meta c="0.39" s="23.5" />
        </extensions>
      </trkpt>
      <trkpt lat="-19.64382479" lon="138.80026599">
        <ele>322.11</ele>
        <time>2026-09-03T02:34:44Z</time>
        <extensions>
          <geotracker:meta c="0.14" s="22.15" />
        </extensions>
      </trkpt>
      <trkpt lat="-19.64198057" lon="138.80050451">
        <ele>321.06</ele>
        <time>2026-09-03T02:34:53Z</time>
        <extensions>
          <geotracker:meta c="0.11" s="23.18" />
        </extensions>
      </trkpt>
      <trkpt lat="-19.63998954" lon="138.80074425">
        <ele>317.36</ele>
        <time>2026-09-03T02:35:02Z</time>
        <extensions>
          <geotracker:meta c="0.1" s="25.66" />
        </extensions>
      </trkpt>
      <trkpt lat="-19.63801062" lon="138.80100873">
        <ele>322.29</ele>
        <time>2026-09-03T02:35:11Z</time>
        <extensions>
          <geotracker:meta c="0.16" s="23.85" />
        </extensions>
      </trkpt>
      <trkpt lat="-19.63605391" lon="138.80127794">
        <ele>324.24</ele>
        <time>2026-09-03T02:35:20Z</time>
        <extensions>
          <geotracker:meta c="0.1" s="24.58" />
        </extensions>
      </trkpt>
      <trkpt lat="-19.6341384" lon="138.80146143">
        <ele>330.46</ele>
        <time>2026-09-03T02:35:29Z</time>
        <extensions>
          <geotracker:meta c="0.11" s="21.63" />
        </extensions>
      </trkpt>
      <trkpt lat="-19.63251249" lon="138.80165458">
        <ele>327.98</ele>
        <time>2026-09-03T02:35:38Z</time>
        <extensions>
          <geotracker:meta c="0.12" s="21.19" />
        </extensions>
      </trkpt>
      <trkpt lat="-19.63078635" lon="138.80185972">
        <ele>326.81</ele>
        <time>2026-09-03T02:35:47Z</time>
        <extensions>
          <geotracker:meta c="0.12" s="21.88" />
        </extensions>
      </trkpt>
      <trkpt lat="-19.62891822" lon="138.80208893">
        <ele>323.65</ele>
        <time>2026-09-03T02:35:56Z</time>
        <extensions>
          <geotracker:meta c="0.12" s="24.12" />
        </extensions>
      </trkpt>
      <trkpt lat="-19.6248899" lon="138.80256047">
        <ele>321.01</ele>
        <time>2026-09-03T02:36:14Z</time>
        <extensions>
          <geotracker:meta c="0.1" s="24.67" />
        </extensions>
      </trkpt>
      <trkpt lat="-19.62286547" lon="138.80281038">
        <ele>322.51</ele>
        <time>2026-09-03T02:36:23Z</time>
        <extensions>
          <geotracker:meta c="0.15" s="24.63" />
        </extensions>
      </trkpt>
      <trkpt lat="-19.62103562" lon="138.80333405">
        <ele>325.69</ele>
        <time>2026-09-03T02:36:32Z</time>
        <extensions>
          <geotracker:meta c="0.36" s="23.05" />
        </extensions>
      </trkpt>
      <trkpt lat="-19.61949143" lon="138.80408898">
        <ele>330.26</ele>
        <time>2026-09-03T02:36:41Z</time>
        <extensions>
          <geotracker:meta c="0.46" s="21.49" />
        </extensions>
      </trkpt>
      <trkpt lat="-19.61783747" lon="138.80492976">
        <ele>330.11</ele>
        <time>2026-09-03T02:36:50Z</time>
        <extensions>
          <geotracker:meta c="0.44" s="23.31" />
        </extensions>
      </trkpt>
      <trkpt lat="-19.61603877" lon="138.80582271">
        <ele>324.38</ele>
        <time>2026-09-03T02:36:59Z</time>
        <extensions>
          <geotracker:meta c="0.44" s="24.9" />
        </extensions>
      </trkpt>
      <trkpt lat="-19.61433297" lon="138.80669232">
        <ele>326.41</ele>
        <time>2026-09-03T02:37:08Z</time>
        <extensions>
          <geotracker:meta c="0.44" s="22.04" />
        </extensions>
      </trkpt>
      <trkpt lat="-19.61268662" lon="138.80750817">
        <ele>322.69</ele>
        <time>2026-09-03T02:37:17Z</time>
        <extensions>
          <geotracker:meta c="0.45" s="23.56" />
        </extensions>
      </trkpt>
      <trkpt lat="-19.61090923" lon="138.80839864">
        <ele>317.55</ele>
        <time>2026-09-03T02:37:26Z</time>
        <extensions>
          <geotracker:meta c="0.46" s="24.5" />
        </extensions>
      </trkpt>
      <trkpt lat="-19.60727867" lon="138.81024478">
        <ele>309.63</ele>
        <time>2026-09-03T02:37:44Z</time>
        <extensions>
          <geotracker:meta c="0.52" s="25.88" />
        </extensions>
      </trkpt>
      <trkpt lat="-19.60548137" lon="138.81134272">
        <ele>304.32</ele>
        <time>2026-09-03T02:37:53Z</time>
        <extensions>
          <geotracker:meta c="0.45" s="26.35" />
        </extensions>
      </trkpt>
      <trkpt lat="-19.60357431" lon="138.81201001">
        <ele>308.36</ele>
        <time>2026-09-03T02:38:02Z</time>
        <extensions>
          <geotracker:meta c="0.26" s="25.07" />
        </extensions>
      </trkpt>
      <trkpt lat="-19.60158865" lon="138.81255262">
        <ele>302.93</ele>
        <time>2026-09-03T02:38:11Z</time>
        <extensions>
          <geotracker:meta c="0.25" s="26.58" />
        </extensions>
      </trkpt>
      <trkpt lat="-19.59950574" lon="138.81311806">
        <ele>309.77</ele>
        <time>2026-09-03T02:38:20Z</time>
        <extensions>
          <geotracker:meta c="0.26" s="25.61" />
        </extensions>
      </trkpt>
      <trkpt lat="-19.59760177" lon="138.81365575">
        <ele>315.91</ele>
        <time>2026-09-03T02:38:29Z</time>
        <extensions>
          <geotracker:meta c="0.25" s="23.59" />
        </extensions>
      </trkpt>
      <trkpt lat="-19.59566217" lon="138.8141945">
        <ele>312.95</ele>
        <time>2026-09-03T02:38:38Z</time>
        <extensions>
          <geotracker:meta c="0.26" s="24.81" />
        </extensions>
      </trkpt>
      <trkpt lat="-19.59381098" lon="138.81468375">
        <ele>310.96</ele>
        <time>2026-09-03T02:38:47Z</time>
        <extensions>
          <geotracker:meta c="0.19" s="23.41" />
        </extensions>
      </trkpt>
      <trkpt lat="-19.59190051" lon="138.81482944">
        <ele>309.44</ele>
        <time>2026-09-03T02:38:56Z</time>
        <extensions>
          <geotracker:meta c="6.23" s="23.66" />
        </extensions>
      </trkpt>
      <trkpt lat="-19.58778502" lon="138.81406507">
        <ele>307.25</ele>
        <time>2026-09-03T02:39:14Z</time>
        <extensions>
          <geotracker:meta c="6.11" s="25.98" />
        </extensions>
      </trkpt>
      <trkpt lat="-19.58572275" lon="138.81364092">
        <ele>311.06</ele>
        <time>2026-09-03T02:39:23Z</time>
        <extensions>
          <geotracker:meta c="6.09" s="25.54" />
        </extensions>
      </trkpt>
      <trkpt lat="-19.58372787" lon="138.81324415">
        <ele>314.11</ele>
        <time>2026-09-03T02:39:32Z</time>
        <extensions>
          <geotracker:meta c="6.09" s="25.35" />
        </extensions>
      </trkpt>
      <trkpt lat="-19.58175642" lon="138.81283971">
        <ele>313.83</ele>
        <time>2026-09-03T02:39:41Z</time>
        <extensions>
          <geotracker:meta c="6.1" s="23.26" />
        </extensions>
      </trkpt>
      <trkpt lat="-19.57983828" lon="138.81245316">
        <ele>307.6</ele>
        <time>2026-09-03T02:39:50Z</time>
        <extensions>
          <geotracker:meta c="6.09" s="24.55" />
        </extensions>
      </trkpt>
      <trkpt lat="-19.57788345" lon="138.81204381">
        <ele>309.44</ele>
        <time>2026-09-03T02:39:59Z</time>
        <extensions>
          <geotracker:meta c="6.09" s="24.27" />
        </extensions>
      </trkpt>
      <trkpt lat="-19.57588847" lon="138.81164013">
        <ele>307.97</ele>
        <time>2026-09-03T02:40:08Z</time>
        <extensions>
          <geotracker:meta c="6.11" s="25.74" />
        </extensions>
      </trkpt>
      <trkpt lat="-19.57383854" lon="138.81123088">
        <ele>309.41</ele>
        <time>2026-09-03T02:40:17Z</time>
        <extensions>
          <geotracker:meta c="6.11" s="24.05" />
        </extensions>
      </trkpt>
      <trkpt lat="-19.57211222" lon="138.8109222">
        <ele>309.13</ele>
        <time>2026-09-03T02:40:26Z</time>
        <extensions>
          <geotracker:meta c="6.2" s="22.01" />
        </extensions>
      </trkpt>
      <trkpt lat="-19.56877946" lon="138.81086215">
        <ele>303.64</ele>
        <time>2026-09-03T02:40:44Z</time>
        <extensions>
          <geotracker:meta c="6.25" s="17.97" />
        </extensions>
      </trkpt>
      <trkpt lat="-19.56739181" lon="138.81127105">
        <ele>300.23</ele>
        <time>2026-09-03T02:40:53Z</time>
        <extensions>
          <geotracker:meta c="0.56" s="18.97" />
        </extensions>
      </trkpt>
      <trkpt lat="-19.56616786" lon="138.81247118">
        <ele>298.89</ele>
        <time>2026-09-03T02:41:02Z</time>
        <extensions>
          <geotracker:meta c="0.78" s="20.65" />
        </extensions>
      </trkpt>
      <trkpt lat="-19.56502238" lon="138.81366886">
        <ele>298.01</ele>
        <time>2026-09-03T02:41:11Z</time>
        <extensions>
          <geotracker:meta c="0.77" s="20.75" />
        </extensions>
      </trkpt>
      <trkpt lat="-19.5638474" lon="138.81488659">
        <ele>297.67</ele>
        <time>2026-09-03T02:41:20Z</time>
        <extensions>
          <geotracker:meta c="0.77" s="18.67" />
        </extensions>
      </trkpt>
      <trkpt lat="-19.5628782" lon="138.81588548">
        <ele>296.75</ele>
        <time>2026-09-03T02:41:29Z</time>
        <extensions>
          <geotracker:meta c="0.78" s="16.13" />
        </extensions>
      </trkpt>
      <trkpt lat="-19.56190645" lon="138.81691676">
        <ele>295.94</ele>
        <time>2026-09-03T02:41:38Z</time>
        <extensions>
          <geotracker:meta c="0.79" s="17.8" />
        </extensions>
      </trkpt>
      <trkpt lat="-19.56095371" lon="138.81828321">
        <ele>293.68</ele>
        <time>2026-09-03T02:41:47Z</time>
        <extensions>
          <geotracker:meta c="1" s="20.33" />
        </extensions>
      </trkpt>
      <trkpt lat="-19.56006238" lon="138.81982375">
        <ele>291.85</ele>
        <time>2026-09-03T02:41:56Z</time>
        <extensions>
          <geotracker:meta c="1.02" s="21.72" />
        </extensions>
      </trkpt>
      <trkpt lat="-19.55812123" lon="138.82306633">
        <ele>291.99</ele>
        <time>2026-09-03T02:42:14Z</time>
        <extensions>
          <geotracker:meta c="1.01" s="21.76" />
        </extensions>
      </trkpt>
      <trkpt lat="-19.55714892" lon="138.82473199">
        <ele>290.26</ele>
        <time>2026-09-03T02:42:23Z</time>
        <extensions>
          <geotracker:meta c="1.03" s="23.33" />
        </extensions>
      </trkpt>
      <trkpt lat="-19.55649982" lon="138.82656081">
        <ele>292.78</ele>
        <time>2026-09-03T02:42:32Z</time>
        <extensions>
          <geotracker:meta c="1.38" s="22.66" />
        </extensions>
      </trkpt>
      <trkpt lat="-19.55616218" lon="138.82848297">
        <ele>295.5</ele>
        <time>2026-09-03T02:42:41Z</time>
        <extensions>
          <geotracker:meta c="1.39" s="23.04" />
        </extensions>
      </trkpt>
      <trkpt lat="-19.55583264" lon="138.83045352">
        <ele>297.58</ele>
        <time>2026-09-03T02:42:50Z</time>
        <extensions>
          <geotracker:meta c="1.4" s="23.87" />
        </extensions>
      </trkpt>
      <trkpt lat="-19.55550654" lon="138.83243971">
        <ele>298.04</ele>
        <time>2026-09-03T02:42:59Z</time>
        <extensions>
          <geotracker:meta c="1.4" s="23.26" />
        </extensions>
      </trkpt>
      <trkpt lat="-19.55493088" lon="138.83439492">
        <ele>297.47</ele>
        <time>2026-09-03T02:43:08Z</time>
        <extensions>
          <geotracker:meta c="1.16" s="24.27" />
        </extensions>
      </trkpt>
      <trkpt lat="-19.55407701" lon="138.8362559">
        <ele>297.51</ele>
        <time>2026-09-03T02:43:17Z</time>
        <extensions>
          <geotracker:meta c="1.12" s="23.84" />
        </extensions>
      </trkpt>
      <trkpt lat="-19.5532066" lon="138.8381358">
        <ele>298.71</ele>
        <time>2026-09-03T02:43:26Z</time>
        <extensions>
          <geotracker:meta c="1.14" s="23.61" />
        </extensions>
      </trkpt>
      <trkpt lat="-19.55162858" lon="138.84179308">
        <ele>299.44</ele>
        <time>2026-09-03T02:43:44Z</time>
        <extensions>
          <geotracker:meta c="1.22" s="23.07" />
        </extensions>
      </trkpt>
      <trkpt lat="-19.55103891" lon="138.84374322">
        <ele>298.36</ele>
        <time>2026-09-03T02:43:53Z</time>
        <extensions>
          <geotracker:meta c="1.26" s="24.34" />
        </extensions>
      </trkpt>
      <trkpt lat="-19.55043726" lon="138.84575855">
        <ele>294.64</ele>
        <time>2026-09-03T02:44:02Z</time>
        <extensions>
          <geotracker:meta c="1.27" s="24.89" />
        </extensions>
      </trkpt>
      <trkpt lat="-19.54987494" lon="138.84766105">
        <ele>291.89</ele>
        <time>2026-09-03T02:44:11Z</time>
        <extensions>
          <geotracker:meta c="1.22" s="23" />
        </extensions>
      </trkpt>
      <trkpt lat="-19.54903315" lon="138.84942289">
        <ele>293.32</ele>
        <time>2026-09-03T02:44:20Z</time>
        <extensions>
          <geotracker:meta c="1" s="23.69" />
        </extensions>
      </trkpt>
      <trkpt lat="-19.54776023" lon="138.85104676">
        <ele>293.02</ele>
        <time>2026-09-03T02:44:29Z</time>
        <extensions>
          <geotracker:meta c="0.76" s="25.58" />
        </extensions>
      </trkpt>
      <trkpt lat="-19.54610905" lon="138.85233299">
        <ele>294.14</ele>
        <time>2026-09-03T02:44:38Z</time>
        <extensions>
          <geotracker:meta c="0.57" s="25.74" />
        </extensions>
      </trkpt>
      <trkpt lat="-19.54436732" lon="138.85347722">
        <ele>294.46</ele>
        <time>2026-09-03T02:44:47Z</time>
        <extensions>
          <geotracker:meta c="0.56" s="24.99" />
        </extensions>
      </trkpt>
      <trkpt lat="-19.54267671" lon="138.8546546">
        <ele>294.25</ele>
        <time>2026-09-03T02:44:56Z</time>
        <extensions>
          <geotracker:meta c="0.65" s="24.74" />
        </extensions>
      </trkpt>
      <trkpt lat="-19.54019834" lon="138.85789314">
        <ele>293.53</ele>
        <time>2026-09-03T02:45:14Z</time>
        <extensions>
          <geotracker:meta c="1.05" s="25.28" />
        </extensions>
      </trkpt>
      <trkpt lat="-19.53919266" lon="138.85986341">
        <ele>294.09</ele>
        <time>2026-09-03T02:45:23Z</time>
        <extensions>
          <geotracker:meta c="1.09" s="26.37" />
        </extensions>
      </trkpt>
      <trkpt lat="-19.53819665" lon="138.86184748">
        <ele>296.1</ele>
        <time>2026-09-03T02:45:32Z</time>
        <extensions>
          <geotracker:meta c="1.08" s="25.23" />
        </extensions>
      </trkpt>
      <trkpt lat="-19.53723325" lon="138.86376956">
        <ele>296.34</ele>
        <time>2026-09-03T02:45:41Z</time>
        <extensions>
          <geotracker:meta c="1.08" s="25.77" />
        </extensions>
      </trkpt>
      <trkpt lat="-19.53622163" lon="138.86576559">
        <ele>295.46</ele>
        <time>2026-09-03T02:45:50Z</time>
        <extensions>
          <geotracker:meta c="1.07" s="26.67" />
        </extensions>
      </trkpt>
      <trkpt lat="-19.53518264" lon="138.8678002">
        <ele>293.89</ele>
        <time>2026-09-03T02:45:59Z</time>
        <extensions>
          <geotracker:meta c="1.09" s="26.58" />
        </extensions>
      </trkpt>
      <trkpt lat="-19.53427574" lon="138.86963917">
        <ele>289.88</ele>
        <time>2026-09-03T02:46:08Z</time>
        <extensions>
          <geotracker:meta c="1.07" s="22.36" />
        </extensions>
      </trkpt>
      <trkpt lat="-19.53338569" lon="138.8713732">
        <ele>292.01</ele>
        <time>2026-09-03T02:46:17Z</time>
        <extensions>
          <geotracker:meta c="1.08" s="24.12" />
        </extensions>
      </trkpt>
      <trkpt lat="-19.53239903" lon="138.87329849">
        <ele>292.54</ele>
        <time>2026-09-03T02:46:26Z</time>
        <extensions>
          <geotracker:meta c="1.06" s="26.39" />
        </extensions>
      </trkpt>
      <trkpt lat="-19.53035172" lon="138.87728842">
        <ele>294.9</ele>
        <time>2026-09-03T02:46:44Z</time>
        <extensions>
          <geotracker:meta c="1.09" s="27.4" />
        </extensions>
      </trkpt>
      <trkpt lat="-19.52931451" lon="138.87939842">
        <ele>296.35</ele>
        <time>2026-09-03T02:46:53Z</time>
        <extensions>
          <geotracker:meta c="1.09" s="27.83" />
        </extensions>
      </trkpt>
      <trkpt lat="-19.52825543" lon="138.88150267">
        <ele>295.56</ele>
        <time>2026-09-03T02:47:02Z</time>
        <extensions>
          <geotracker:meta c="1.08" s="28.07" />
        </extensions>
      </trkpt>
      <trkpt lat="-19.52698869" lon="138.88353302">
        <ele>293.19</ele>
        <time>2026-09-03T02:47:11Z</time>
        <extensions>
          <geotracker:meta c="0.87" s="28.08" />
        </extensions>
      </trkpt>
      <trkpt lat="-19.52541417" lon="138.88509714">
        <ele>292.7</ele>
        <time>2026-09-03T02:47:20Z</time>
        <extensions>
          <geotracker:meta c="0.64" s="26.14" />
        </extensions>
      </trkpt>
      <trkpt lat="-19.52359252" lon="138.88638169">
        <ele>290.33</ele>
        <time>2026-09-03T02:47:29Z</time>
        <extensions>
          <geotracker:meta c="0.58" s="26.84" />
        </extensions>
      </trkpt>
      <trkpt lat="-19.52175527" lon="138.88766602">
        <ele>289.93</ele>
        <time>2026-09-03T02:47:38Z</time>
        <extensions>
          <geotracker:meta c="0.59" s="26.33" />
        </extensions>
      </trkpt>
      <trkpt lat="-19.52014386" lon="138.88913671">
        <ele>287.15</ele>
        <time>2026-09-03T02:47:47Z</time>
        <extensions>
          <geotracker:meta c="0.85" s="26.77" />
        </extensions>
      </trkpt>
      <trkpt lat="-19.51884678" lon="138.89113469">
        <ele>282.87</ele>
        <time>2026-09-03T02:47:56Z</time>
        <extensions>
          <geotracker:meta c="1.01" s="28.37" />
        </extensions>
      </trkpt>
      <trkpt lat="-19.51623798" lon="138.89550148">
        <ele>290.59</ele>
        <time>2026-09-03T02:48:15Z</time>
        <extensions>
          <geotracker:meta c="1.01" s="28.85" />
        </extensions>
      </trkpt>
      <trkpt lat="-19.51506615" lon="138.89747615">
        <ele>290.58</ele>
        <time>2026-09-03T02:48:24Z</time>
        <extensions>
          <geotracker:meta c="1.01" s="26.87" />
        </extensions>
      </trkpt>
      <trkpt lat="-19.51391441" lon="138.89940625">
        <ele>284.34</ele>
        <time>2026-09-03T02:48:33Z</time>
        <extensions>
          <geotracker:meta c="1.02" s="26.8" />
        </extensions>
      </trkpt>
      <trkpt lat="-19.51273542" lon="138.901399">
        <ele>282.93</ele>
        <time>2026-09-03T02:48:42Z</time>
        <extensions>
          <geotracker:meta c="1.01" s="27.74" />
        </extensions>
      </trkpt>
      <trkpt lat="-19.51155979" lon="138.90336926">
        <ele>283.94</ele>
        <time>2026-09-03T02:48:51Z</time>
        <extensions>
          <geotracker:meta c="1.01" s="26.94" />
        </extensions>
      </trkpt>
      <trkpt lat="-19.5106209" lon="138.9054488">
        <ele>285.32</ele>
        <time>2026-09-03T02:49:00Z</time>
        <extensions>
          <geotracker:meta c="1.27" s="27.49" />
        </extensions>
      </trkpt>
      <trkpt lat="-19.51025528" lon="138.90763208">
        <ele>280.98</ele>
        <time>2026-09-03T02:49:09Z</time>
        <extensions>
          <geotracker:meta c="1.47" s="21.75" />
        </extensions>
      </trkpt>
      <trkpt lat="-19.51013358" lon="138.90896988">
        <ele>281.49</ele>
        <time>2026-09-03T02:49:18Z</time>
        <extensions>
          <geotracker:meta c="1.47" s="13.61" />
        </extensions>
      </trkpt>
      <trkpt lat="-19.51006825" lon="138.90985983">
        <ele>284.64</ele>
        <time>2026-09-03T02:49:27Z</time>
        <extensions>
          <geotracker:meta c="1.61" s="7.03" />
        </extensions>
      </trkpt>
      <trkpt lat="-19.5099443" lon="138.91082109">
        <ele>286.7</ele>
        <time>2026-09-03T02:49:45Z</time>
        <extensions>
          <geotracker:meta c="1.39" s="4.66" />
        </extensions>
      </trkpt>
      <trkpt lat="-19.5098431" lon="138.91178891">
        <ele>288.27</ele>
        <time>2026-09-03T02:50:03Z</time>
        <extensions>
          <geotracker:meta c="1.39" s="5.55" />
        </extensions>
      </trkpt>
      <trkpt lat="-19.50979237" lon="138.91233318">
        <ele>290.63</ele>
        <time>2026-09-03T02:50:12Z</time>
        <extensions>
          <geotracker:meta c="1.47" s="7.88" />
        </extensions>
      </trkpt>
      <trkpt lat="-19.50972052" lon="138.91305928">
        <ele>289.84</ele>
        <time>2026-09-03T02:50:21Z</time>
        <extensions>
          <geotracker:meta c="1.5" s="8.53" />
        </extensions>
      </trkpt>
      <trkpt lat="-19.50965215" lon="138.9137766">
        <ele>288.04</ele>
        <time>2026-09-03T02:50:30Z</time>
        <extensions>
          <geotracker:meta c="1.45" s="8.39" />
        </extensions>
      </trkpt>
      <trkpt lat="-19.50958726" lon="138.91441867">
        <ele>288.01</ele>
        <time>2026-09-03T02:50:39Z</time>
        <extensions>
          <geotracker:meta c="1.45" s="6.41" />
        </extensions>
      </trkpt>
      <trkpt lat="-19.50951583" lon="138.9150117">
        <ele>287.89</ele>
        <time>2026-09-03T02:50:48Z</time>
        <extensions>
          <geotracker:meta c="1.45" s="7.64" />
        </extensions>
      </trkpt>
      <trkpt lat="-19.50944019" lon="138.91570352">
        <ele>287.44</ele>
        <time>2026-09-03T02:50:57Z</time>
        <extensions>
          <geotracker:meta c="1.46" s="9.01" />
        </extensions>
      </trkpt>
      <trkpt lat="-19.50930084" lon="138.91720764">
        <ele>283.1</ele>
        <time>2026-09-03T02:51:15Z</time>
        <extensions>
          <geotracker:meta c="1.43" s="6.6" />
        </extensions>
      </trkpt>
      <trkpt lat="-19.50923679" lon="138.91785263">
        <ele>280.9</ele>
        <time>2026-09-03T02:59:30Z</time>
        <extensions>
          <geotracker:meta c="1.58" s="3.2" />
        </extensions>
      </trkpt>
      <trkpt lat="-19.50903492" lon="138.91946288">
        <ele>275.79</ele>
        <time>2026-09-03T03:00:15Z</time>
        <extensions>
          <geotracker:meta c="1.46" s="8.44" />
        </extensions>
      </trkpt>
      <trkpt lat="-19.5089675" lon="138.92018673">
        <ele>275.51</ele>
        <time>2026-09-03T03:00:24Z</time>
        <extensions>
          <geotracker:meta c="1.45" s="8.78" />
        </extensions>
      </trkpt>
      <trkpt lat="-19.50889242" lon="138.92094625">
        <ele>276.03</ele>
        <time>2026-09-03T03:00:33Z</time>
        <extensions>
          <geotracker:meta c="1.49" s="9.75" />
        </extensions>
      </trkpt>
      <trkpt lat="-19.5087946" lon="138.92185985">
        <ele>276.8</ele>
        <time>2026-09-03T03:00:42Z</time>
        <extensions>
          <geotracker:meta c="1.45" s="11.27" />
        </extensions>
      </trkpt>
      <trkpt lat="-19.50869853" lon="138.92279436">
        <ele>274.91</ele>
        <time>2026-09-03T03:00:51Z</time>
        <extensions>
          <geotracker:meta c="1.47" s="10.99" />
        </extensions>
      </trkpt>
      <trkpt lat="-19.50859358" lon="138.92387381">
        <ele>274.03</ele>
        <time>2026-09-03T03:01:00Z</time>
        <extensions>
          <geotracker:meta c="1.46" s="13.09" />
        </extensions>
      </trkpt>
      <trkpt lat="-19.5084932" lon="138.92496101">
        <ele>273.55</ele>
        <time>2026-09-03T03:01:09Z</time>
        <extensions>
          <geotracker:meta c="1.47" s="13.09" />
        </extensions>
      </trkpt>
      <trkpt lat="-19.50837719" lon="138.92610355">
        <ele>274.11</ele>
        <time>2026-09-03T03:01:18Z</time>
        <extensions>
          <geotracker:meta c="1.45" s="13.16" />
        </extensions>
      </trkpt>
      <trkpt lat="-19.50827017" lon="138.92728588">
        <ele>270.3</ele>
        <time>2026-09-03T03:01:27Z</time>
        <extensions>
          <geotracker:meta c="1.48" s="14.57" />
        </extensions>
      </trkpt>
      <trkpt lat="-19.50803701" lon="138.92969687">
        <ele>269.22</ele>
        <time>2026-09-03T03:01:45Z</time>
        <extensions>
          <geotracker:meta c="1.44" s="13.52" />
        </extensions>
      </trkpt>
      <trkpt lat="-19.50789723" lon="138.93093128">
        <ele>268.25</ele>
        <time>2026-09-03T03:01:54Z</time>
        <extensions>
          <geotracker:meta c="1.46" s="15.47" />
        </extensions>
      </trkpt>
      <trkpt lat="-19.50777069" lon="138.93231708">
        <ele>265.89</ele>
        <time>2026-09-03T03:02:03Z</time>
        <extensions>
          <geotracker:meta c="1.48" s="15.56" />
        </extensions>
      </trkpt>
      <trkpt lat="-19.5076443" lon="138.93370215">
        <ele>265.89</ele>
        <time>2026-09-03T03:02:12Z</time>
        <extensions>
          <geotracker:meta c="1.47" s="16.92" />
        </extensions>
      </trkpt>
      <trkpt lat="-19.50752226" lon="138.93505069">
        <ele>265.74</ele>
        <time>2026-09-03T03:02:21Z</time>
        <extensions>
          <geotracker:meta c="1.44" s="15.4" />
        </extensions>
      </trkpt>
      <trkpt lat="-19.50722564" lon="138.936303">
        <ele>266.95</ele>
        <time>2026-09-03T03:02:30Z</time>
        <extensions>
          <geotracker:meta c="1.13" s="13.6" />
        </extensions>
      </trkpt>
      <trkpt lat="-19.50663981" lon="138.93723473">
        <ele>265.26</ele>
        <time>2026-09-03T03:02:39Z</time>
        <extensions>
          <geotracker:meta c="0.86" s="12.87" />
        </extensions>
      </trkpt>
      <trkpt lat="-19.506025" lon="138.93795054">
        <ele>265.57</ele>
        <time>2026-09-03T03:02:48Z</time>
        <extensions>
          <geotracker:meta c="0.85" s="9.36" />
        </extensions>
      </trkpt>
      <trkpt lat="-19.5055338" lon="138.9385132">
        <ele>267.25</ele>
        <time>2026-09-03T03:02:57Z</time>
        <extensions>
          <geotracker:meta c="0.83" s="8.94" />
        </extensions>
      </trkpt>
      <trkpt lat="-19.50378475" lon="138.93966713">
        <ele>266.14</ele>
        <time>2026-09-03T03:03:17Z</time>
        <extensions>
          <geotracker:meta c="0.29" s="13.4" />
        </extensions>
      </trkpt>
      <trkpt lat="-19.50268982" lon="138.93986244">
        <ele>265.59</ele>
        <time>2026-09-03T03:03:26Z</time>
        <extensions>
          <geotracker:meta c="0.1" s="14.27" />
        </extensions>
      </trkpt>
      <trkpt lat="-19.50147185" lon="138.9399256">
        <ele>265.69</ele>
        <time>2026-09-03T03:03:35Z</time>
        <extensions>
          <geotracker:meta c="0.04" s="15.01" />
        </extensions>
      </trkpt>
      <trkpt lat="-19.50060923" lon="138.93996636">
        <ele>265.67</ele>
        <time>2026-09-03T03:03:44Z</time>
        <extensions>
          <geotracker:meta c="0.04" s="8.95" />
        </extensions>
      </trkpt>
      <trkpt lat="-19.49976991" lon="138.94003609">
        <ele>265.55</ele>
        <time>2026-09-03T03:03:53Z</time>
        <extensions>
          <geotracker:meta c="0.1" s="10.83" />
        </extensions>
      </trkpt>
      <trkpt lat="-19.4988779" lon="138.9402863">
        <ele>265.11</ele>
        <time>2026-09-03T03:04:02Z</time>
        <extensions>
          <geotracker:meta c="0.43" s="11.2" />
        </extensions>
      </trkpt>
      <trkpt lat="-19.49820224" lon="138.94077409">
        <ele>264.3</ele>
        <time>2026-09-03T03:04:11Z</time>
        <extensions>
          <geotracker:meta c="0.76" s="8.66" />
        </extensions>
      </trkpt>
      <trkpt lat="-19.49774939" lon="138.94134009">
        <ele>264.74</ele>
        <time>2026-09-03T03:04:20Z</time>
        <extensions>
          <geotracker:meta c="0.89" s="10" />
        </extensions>
      </trkpt>
      <trkpt lat="-19.49713485" lon="138.9422743">
        <ele>264.13</ele>
        <time>2026-09-03T03:04:29Z</time>
        <extensions>
          <geotracker:meta c="1.19" s="14.86" />
        </extensions>
      </trkpt>
      <trkpt lat="-19.49723746" lon="138.94493787">
        <ele>264.55</ele>
        <time>2026-09-03T03:04:47Z</time>
        <extensions>
          <geotracker:meta c="1.55" s="16.68" />
        </extensions>
      </trkpt>
      <trkpt lat="-19.49721274" lon="138.94645273">
        <ele>264.92</ele>
        <time>2026-09-03T03:04:56Z</time>
        <extensions>
          <geotracker:meta c="1.55" s="18.06" />
        </extensions>
      </trkpt>
      <trkpt lat="-19.49716181" lon="138.94807888">
        <ele>265.15</ele>
        <time>2026-09-03T03:05:05Z</time>
        <extensions>
          <geotracker:meta c="1.53" s="19.08" />
        </extensions>
      </trkpt>
      <trkpt lat="-19.49712441" lon="138.94976511">
        <ele>265.49</ele>
        <time>2026-09-03T03:05:14Z</time>
        <extensions>
          <geotracker:meta c="1.54" s="20.03" />
        </extensions>
      </trkpt>
      <trkpt lat="-19.49708822" lon="138.9515295">
        <ele>265.65</ele>
        <time>2026-09-03T03:05:23Z</time>
        <extensions>
          <geotracker:meta c="1.54" s="20.94" />
        </extensions>
      </trkpt>
      <trkpt lat="-19.49704646" lon="138.95337026">
        <ele>265.63</ele>
        <time>2026-09-03T03:05:32Z</time>
        <extensions>
          <geotracker:meta c="1.54" s="21.1" />
        </extensions>
      </trkpt>
      <trkpt lat="-19.49700463" lon="138.9549951">
        <ele>265.65</ele>
        <time>2026-09-03T03:05:41Z</time>
        <extensions>
          <geotracker:meta c="1.55" s="17.34" />
        </extensions>
      </trkpt>
      <trkpt lat="-19.49698177" lon="138.9564788">
        <ele>266.42</ele>
        <time>2026-09-03T03:05:50Z</time>
        <extensions>
          <geotracker:meta c="1.56" s="17.63" />
        </extensions>
      </trkpt>
      <trkpt lat="-19.49696574" lon="138.95771598">
        <ele>266.92</ele>
        <time>2026-09-03T03:05:59Z</time>
        <extensions>
          <geotracker:meta c="1.55" s="11.8" />
        </extensions>
      </trkpt>
      <trkpt lat="-19.49670758" lon="138.95982837">
        <ele>267.32</ele>
        <time>2026-09-03T03:06:17Z</time>
        <extensions>
          <geotracker:meta c="1.27" s="12.6" />
        </extensions>
      </trkpt>
      <trkpt lat="-19.49632585" lon="138.96097227">
        <ele>268.48</ele>
        <time>2026-09-03T03:06:26Z</time>
        <extensions>
          <geotracker:meta c="1.19" s="15.6" />
        </extensions>
      </trkpt>
      <trkpt lat="-19.49576191" lon="138.9621744">
        <ele>269.31</ele>
        <time>2026-09-03T03:06:35Z</time>
        <extensions>
          <geotracker:meta c="1.03" s="15.57" />
        </extensions>
      </trkpt>
      <trkpt lat="-19.49501438" lon="138.96335364">
        <ele>272.79</ele>
        <time>2026-09-03T03:06:44Z</time>
        <extensions>
          <geotracker:meta c="0.89" s="17.01" />
        </extensions>
      </trkpt>
      <trkpt lat="-19.49406699" lon="138.96437944">
        <ele>275.17</ele>
        <time>2026-09-03T03:06:53Z</time>
        <extensions>
          <geotracker:meta c="0.66" s="16.69" />
        </extensions>
      </trkpt>
      <trkpt lat="-19.49292601" lon="138.965237">
        <ele>275.61</ele>
        <time>2026-09-03T03:07:02Z</time>
        <extensions>
          <geotracker:meta c="0.64" s="18.06" />
        </extensions>
      </trkpt>
      <trkpt lat="-19.49172134" lon="138.96615707">
        <ele>276.2</ele>
        <time>2026-09-03T03:07:11Z</time>
        <extensions>
          <geotracker:meta c="0.64" s="18.33" />
        </extensions>
      </trkpt>
      <trkpt lat="-19.49061271" lon="138.96700518">
        <ele>276.91</ele>
        <time>2026-09-03T03:07:20Z</time>
        <extensions>
          <geotracker:meta c="0.63" s="15.14" />
        </extensions>
      </trkpt>
      <trkpt lat="-19.48972014" lon="138.96768999">
        <ele>277.56</ele>
        <time>2026-09-03T03:07:29Z</time>
        <extensions>
          <geotracker:meta c="0.62" s="11.03" />
        </extensions>
      </trkpt>
      <trkpt lat="-19.48825212" lon="138.96883085">
        <ele>278.52</ele>
        <time>2026-09-03T03:07:47Z</time>
        <extensions>
          <geotracker:meta c="0.65" s="14" />
        </extensions>
      </trkpt>
      <trkpt lat="-19.48728868" lon="138.96958564">
        <ele>279.43</ele>
        <time>2026-09-03T03:07:56Z</time>
        <extensions>
          <geotracker:meta c="0.62" s="15.65" />
        </extensions>
      </trkpt>
      <trkpt lat="-19.48621635" lon="138.97040236">
        <ele>280.22</ele>
        <time>2026-09-03T03:08:05Z</time>
        <extensions>
          <geotracker:meta c="0.63" s="16.3" />
        </extensions>
      </trkpt>
      <trkpt lat="-19.48508269" lon="138.9712633">
        <ele>281.59</ele>
        <time>2026-09-03T03:08:14Z</time>
        <extensions>
          <geotracker:meta c="0.6" s="17.86" />
        </extensions>
      </trkpt>
      <trkpt lat="-19.48394677" lon="138.97212956">
        <ele>283.88</ele>
        <time>2026-09-03T03:08:23Z</time>
        <extensions>
          <geotracker:meta c="0.61" s="16.7" />
        </extensions>
      </trkpt>
      <trkpt lat="-19.4827806" lon="138.97293647">
        <ele>287.05</ele>
        <time>2026-09-03T03:08:32Z</time>
        <extensions>
          <geotracker:meta c="0.54" s="17.23" />
        </extensions>
      </trkpt>
      <trkpt lat="-19.48161255" lon="138.97359764">
        <ele>289.2</ele>
        <time>2026-09-03T03:08:41Z</time>
        <extensions>
          <geotracker:meta c="0.48" s="15.18" />
        </extensions>
      </trkpt>
      <trkpt lat="-19.48049759" lon="138.97421993">
        <ele>291.28</ele>
        <time>2026-09-03T03:08:50Z</time>
        <extensions>
          <geotracker:meta c="0.51" s="16.04" />
        </extensions>
      </trkpt>
      <trkpt lat="-19.47935745" lon="138.97485921">
        <ele>293.65</ele>
        <time>2026-09-03T03:08:59Z</time>
        <extensions>
          <geotracker:meta c="0.47" s="15.7" />
        </extensions>
      </trkpt>
      <trkpt lat="-19.47727513" lon="138.97600613">
        <ele>287.53</ele>
        <time>2026-09-03T03:09:17Z</time>
        <extensions>
          <geotracker:meta c="0.5" s="15.72" />
        </extensions>
      </trkpt>
      <trkpt lat="-19.47613163" lon="138.97662447">
        <ele>284.91</ele>
        <time>2026-09-03T03:09:26Z</time>
        <extensions>
          <geotracker:meta c="0.46" s="15.01" />
        </extensions>
      </trkpt>
      <trkpt lat="-19.47521135" lon="138.97712074">
        <ele>281.93</ele>
        <time>2026-09-03T03:09:35Z</time>
        <extensions>
          <geotracker:meta c="0.45" s="8.21" />
        </extensions>
      </trkpt>
      <trkpt lat="-19.47468807" lon="138.97742231">
        <ele>281.99</ele>
        <time>2026-09-03T03:09:44Z</time>
        <extensions>
          <geotracker:meta c="0.51" s="9.42" />
        </extensions>
      </trkpt>
      <trkpt lat="-19.47400338" lon="138.97780405">
        <ele>284.03</ele>
        <time>2026-09-03T03:09:53Z</time>
        <extensions>
          <geotracker:meta c="0.51" s="9.37" />
        </extensions>
      </trkpt>
      <trkpt lat="-19.47333121" lon="138.97816173">
        <ele>284.72</ele>
        <time>2026-09-03T03:10:02Z</time>
        <extensions>
          <geotracker:meta c="0.43" s="9.21" />
        </extensions>
      </trkpt>
      <trkpt lat="-19.47260645" lon="138.97845994">
        <ele>285.51</ele>
        <time>2026-09-03T03:10:11Z</time>
        <extensions>
          <geotracker:meta c="0.28" s="10.42" />
        </extensions>
      </trkpt>
      <trkpt lat="-19.47179128" lon="138.97867851">
        <ele>285.65</ele>
        <time>2026-09-03T03:10:20Z</time>
        <extensions>
          <geotracker:meta c="0.19" s="9.67" />
        </extensions>
      </trkpt>
      <trkpt lat="-19.47106148" lon="138.97882551">
        <ele>286.31</ele>
        <time>2026-09-03T03:10:29Z</time>
        <extensions>
          <geotracker:meta c="0.19" s="8.89" />
        </extensions>
      </trkpt>
      <trkpt lat="-19.46943914" lon="138.97910462">
        <ele>284.95</ele>
        <time>2026-09-03T03:10:47Z</time>
        <extensions>
          <geotracker:meta c="0.13" s="12.38" />
        </extensions>
      </trkpt>
      <trkpt lat="-19.46845744" lon="138.97924705">
        <ele>286.71</ele>
        <time>2026-09-03T03:10:56Z</time>
        <extensions>
          <geotracker:meta c="0.12" s="11.02" />
        </extensions>
      </trkpt>
      <trkpt lat="-19.46752742" lon="138.97937691">
        <ele>285.86</ele>
        <time>2026-09-03T03:11:05Z</time>
        <extensions>
          <geotracker:meta c="0.14" s="12.25" />
        </extensions>
      </trkpt>
      <trkpt lat="-19.46633916" lon="138.97958486">
        <ele>287.91</ele>
        <time>2026-09-03T03:11:14Z</time>
        <extensions>
          <geotracker:meta c="0.16" s="16.44" />
        </extensions>
      </trkpt>
      <trkpt lat="-19.46494809" lon="138.97978854">
        <ele>293.46</ele>
        <time>2026-09-03T03:11:23Z</time>
        <extensions>
          <geotracker:meta c="0.13" s="16.61" />
        </extensions>
      </trkpt>
      <trkpt lat="-19.4637359" lon="138.97997014">
        <ele>298.01</ele>
        <time>2026-09-03T03:11:32Z</time>
        <extensions>
          <geotracker:meta c="0.15" s="14.56" />
        </extensions>
      </trkpt>
      <trkpt lat="-19.46251849" lon="138.98016774">
        <ele>297</ele>
        <time>2026-09-03T03:11:41Z</time>
        <extensions>
          <geotracker:meta c="0.15" s="15.83" />
        </extensions>
      </trkpt>
      <trkpt lat="-19.46120849" lon="138.98037152">
        <ele>296.32</ele>
        <time>2026-09-03T03:11:50Z</time>
        <extensions>
          <geotracker:meta c="0.13" s="17.43" />
        </extensions>
      </trkpt>
      <trkpt lat="-19.45980717" lon="138.98057095">
        <ele>297.47</ele>
        <time>2026-09-03T03:11:59Z</time>
        <extensions>
          <geotracker:meta c="0.16" s="16.84" />
        </extensions>
      </trkpt>
      <trkpt lat="-19.4570603" lon="138.98101128">
        <ele>293.8</ele>
        <time>2026-09-03T03:12:17Z</time>
        <extensions>
          <geotracker:meta c="0.15" s="18.07" />
        </extensions>
      </trkpt>
      <trkpt lat="-19.45572572" lon="138.98123485">
        <ele>295.82</ele>
        <time>2026-09-03T03:12:26Z</time>
        <extensions>
          <geotracker:meta c="0.15" s="14.01" />
        </extensions>
      </trkpt>
      <trkpt lat="-19.45463742" lon="138.9813693">
        <ele>295.07</ele>
        <time>2026-09-03T03:12:35Z</time>
        <extensions>
          <geotracker:meta c="0.16" s="12.67" />
        </extensions>
      </trkpt>
      <trkpt lat="-19.45348596" lon="138.98154672">
        <ele>294.37</ele>
        <time>2026-09-03T03:12:44Z</time>
        <extensions>
          <geotracker:meta c="0.12" s="14.5" />
        </extensions>
      </trkpt>
      <trkpt lat="-19.45233787" lon="138.9817134">
        <ele>293.85</ele>
        <time>2026-09-03T03:12:53Z</time>
        <extensions>
          <geotracker:meta c="0.14" s="14.41" />
        </extensions>
      </trkpt>
      <trkpt lat="-19.45111984" lon="138.98191005">
        <ele>293.23</ele>
        <time>2026-09-03T03:13:02Z</time>
        <extensions>
          <geotracker:meta c="0.15" s="15.96" />
        </extensions>
      </trkpt>
      <trkpt lat="-19.44984299" lon="138.98211007">
        <ele>292.63</ele>
        <time>2026-09-03T03:13:11Z</time>
        <extensions>
          <geotracker:meta c="0.14" s="15.92" />
        </extensions>
      </trkpt>
      <trkpt lat="-19.44860365" lon="138.98229891">
        <ele>291.86</ele>
        <time>2026-09-03T03:13:20Z</time>
        <extensions>
          <geotracker:meta c="0.15" s="15.51" />
        </extensions>
      </trkpt>
      <trkpt lat="-19.44735583" lon="138.982493">
        <ele>291.25</ele>
        <time>2026-09-03T03:13:29Z</time>
        <extensions>
          <geotracker:meta c="0.16" s="15.55" />
        </extensions>
      </trkpt>
      <trkpt lat="-19.44451522" lon="138.98305997">
        <ele>289.42</ele>
        <time>2026-09-03T03:13:47Z</time>
        <extensions>
          <geotracker:meta c="0.2" s="18.4" />
        </extensions>
      </trkpt>
      <trkpt lat="-19.4430975" lon="138.98336608">
        <ele>287.86</ele>
        <time>2026-09-03T03:13:56Z</time>
        <extensions>
          <geotracker:meta c="0.21" s="17.61" />
        </extensions>
      </trkpt>
      <trkpt lat="-19.44170491" lon="138.98365999">
        <ele>286.52</ele>
        <time>2026-09-03T03:14:05Z</time>
        <extensions>
          <geotracker:meta c="0.2" s="17.48" />
        </extensions>
      </trkpt>
      <trkpt lat="-19.44027144" lon="138.98395486">
        <ele>285.62</ele>
        <time>2026-09-03T03:14:14Z</time>
        <extensions>
          <geotracker:meta c="0.21" s="18.21" />
        </extensions>
      </trkpt>
      <trkpt lat="-19.43881845" lon="138.98428766">
        <ele>283.93</ele>
        <time>2026-09-03T03:14:23Z</time>
        <extensions>
          <geotracker:meta c="0.22" s="18.38" />
        </extensions>
      </trkpt>
      <trkpt lat="-19.43733244" lon="138.98455227">
        <ele>282.78</ele>
        <time>2026-09-03T03:14:32Z</time>
        <extensions>
          <geotracker:meta c="0.08" s="18.2" />
        </extensions>
      </trkpt>
      <trkpt lat="-19.43589654" lon="138.98457513">
        <ele>282.81</ele>
        <time>2026-09-03T03:14:41Z</time>
        <extensions>
          <geotracker:meta c="6.26" s="17.09" />
        </extensions>
      </trkpt>
      <trkpt lat="-19.43439053" lon="138.98459359">
        <ele>282.82</ele>
        <time>2026-09-03T03:14:50Z</time>
        <extensions>
          <geotracker:meta c="0.01" s="19.72" />
        </extensions>
      </trkpt>
      <trkpt lat="-19.43286047" lon="138.98462906">
        <ele>284.73</ele>
        <time>2026-09-03T03:14:59Z</time>
        <extensions>
          <geotracker:meta c="0.02" s="18.53" />
        </extensions>
      </trkpt>
      <trkpt lat="-19.42991806" lon="138.98468897">
        <ele>281.75</ele>
        <time>2026-09-03T03:15:17Z</time>
        <extensions>
          <geotracker:meta c="0.03" s="17.33" />
        </extensions>
      </trkpt>
      <trkpt lat="-19.42848017" lon="138.98473398">
        <ele>279.56</ele>
        <time>2026-09-03T03:15:26Z</time>
        <extensions>
          <geotracker:meta c="0.01" s="17.79" />
        </extensions>
      </trkpt>
      <trkpt lat="-19.42707014" lon="138.98477963">
        <ele>278.64</ele>
        <time>2026-09-03T03:15:35Z</time>
        <extensions>
          <geotracker:meta c="0.05" s="17.33" />
        </extensions>
      </trkpt>
      <trkpt lat="-19.42566419" lon="138.98496821">
        <ele>276.86</ele>
        <time>2026-09-03T03:15:44Z</time>
        <extensions>
          <geotracker:meta c="0.22" s="17.52" />
        </extensions>
      </trkpt>
      <trkpt lat="-19.42444491" lon="138.9853561">
        <ele>275.1</ele>
        <time>2026-09-03T03:15:53Z</time>
        <extensions>
          <geotracker:meta c="0.47" s="12.21" />
        </extensions>
      </trkpt>
      <trkpt lat="-19.4238648" lon="138.98564402">
        <ele>273.72</ele>
        <time>2026-09-03T03:16:02Z</time>
        <extensions>
          <geotracker:meta c="0.47" s="8.39" />
        </extensions>
      </trkpt>
      <trkpt lat="-19.4231841" lon="138.98606659">
        <ele>274.53</ele>
        <time>2026-09-03T03:16:11Z</time>
        <extensions>
          <geotracker:meta c="0.53" s="10.55" />
        </extensions>
      </trkpt>
      <trkpt lat="-19.42250303" lon="138.98647989">
        <ele>273.03</ele>
        <time>2026-09-03T03:16:20Z</time>
        <extensions>
          <geotracker:meta c="0.55" s="9.79" />
        </extensions>
      </trkpt>
      <trkpt lat="-19.42195974" lon="138.98678615">
        <ele>272.28</ele>
        <time>2026-09-03T03:16:29Z</time>
        <extensions>
          <geotracker:meta c="0.55" s="3.52" />
        </extensions>
      </trkpt>
      <trkpt lat="-19.4206912" lon="138.98757814">
        <ele>273</ele>
        <time>2026-09-03T03:16:47Z</time>
        <extensions>
          <geotracker:meta c="0.54" s="12.89" />
        </extensions>
      </trkpt>
      <trkpt lat="-19.41972002" lon="138.98816728">
        <ele>273.91</ele>
        <time>2026-09-03T03:16:56Z</time>
        <extensions>
          <geotracker:meta c="0.51" s="14.79" />
        </extensions>
      </trkpt>
      <trkpt lat="-19.41847805" lon="138.98870533">
        <ele>273.88</ele>
        <time>2026-09-03T03:17:05Z</time>
        <extensions>
          <geotracker:meta c="0.26" s="17.6" />
        </extensions>
      </trkpt>
      <trkpt lat="-19.4170926" lon="138.98891614">
        <ele>276.36</ele>
        <time>2026-09-03T03:17:14Z</time>
        <extensions>
          <geotracker:meta c="6.27" s="17.5" />
        </extensions>
      </trkpt>
      <trkpt lat="-19.41569937" lon="138.9887336">
        <ele>277.15</ele>
        <time>2026-09-03T03:17:23Z</time>
        <extensions>
          <geotracker:meta c="6.06" s="17.85" />
        </extensions>
      </trkpt>
      <trkpt lat="-19.41424303" lon="138.98839293">
        <ele>277.26</ele>
        <time>2026-09-03T03:17:32Z</time>
        <extensions>
          <geotracker:meta c="6.06" s="18.6" />
        </extensions>
      </trkpt>
      <trkpt lat="-19.41265392" lon="138.98801801">
        <ele>277.74</ele>
        <time>2026-09-03T03:17:41Z</time>
        <extensions>
          <geotracker:meta c="6.06" s="21.29" />
        </extensions>
      </trkpt>
      <trkpt lat="-19.41098307" lon="138.98761751">
        <ele>279.19</ele>
        <time>2026-09-03T03:17:50Z</time>
        <extensions>
          <geotracker:meta c="6.05" s="20.82" />
        </extensions>
      </trkpt>
      <trkpt lat="-19.40930668" lon="138.98720699">
        <ele>283.32</ele>
        <time>2026-09-03T03:17:59Z</time>
        <extensions>
          <geotracker:meta c="6.06" s="21.71" />
        </extensions>
      </trkpt>
      <trkpt lat="-19.40551329" lon="138.98636603">
        <ele>291.81</ele>
        <time>2026-09-03T03:18:18Z</time>
        <extensions>
          <geotracker:meta c="6.1" s="23.61" />
        </extensions>
      </trkpt>
      <trkpt lat="-19.40357576" lon="138.98602283">
        <ele>289.98</ele>
        <time>2026-09-03T03:18:27Z</time>
        <extensions>
          <geotracker:meta c="6.14" s="24.47" />
        </extensions>
      </trkpt>
      <trkpt lat="-19.40161167" lon="138.98569874">
        <ele>288.05</ele>
        <time>2026-09-03T03:18:36Z</time>
        <extensions>
          <geotracker:meta c="6.12" s="23.74" />
        </extensions>
      </trkpt>
      <trkpt lat="-19.39973205" lon="138.9853993">
        <ele>284.83</ele>
        <time>2026-09-03T03:18:45Z</time>
        <extensions>
          <geotracker:meta c="6.15" s="23.61" />
        </extensions>
      </trkpt>
      <trkpt lat="-19.39784672" lon="138.98510623">
        <ele>284.68</ele>
        <time>2026-09-03T03:18:54Z</time>
        <extensions>
          <geotracker:meta c="6.14" s="23.27" />
        </extensions>
      </trkpt>
      <trkpt lat="-19.3959275" lon="138.98480589">
        <ele>286.51</ele>
        <time>2026-09-03T03:19:03Z</time>
        <extensions>
          <geotracker:meta c="6.13" s="24.48" />
        </extensions>
      </trkpt>
      <trkpt lat="-19.39400491" lon="138.98450658">
        <ele>287.57</ele>
        <time>2026-09-03T03:19:12Z</time>
        <extensions>
          <geotracker:meta c="6.14" s="24.09" />
        </extensions>
      </trkpt>
      <trkpt lat="-19.39199824" lon="138.98420478">
        <ele>285.84</ele>
        <time>2026-09-03T03:19:21Z</time>
        <extensions>
          <geotracker:meta c="6.14" s="24.76" />
        </extensions>
      </trkpt>
      <trkpt lat="-19.39006985" lon="138.98392751">
        <ele>285.22</ele>
        <time>2026-09-03T03:19:30Z</time>
        <extensions>
          <geotracker:meta c="6.15" s="24.08" />
        </extensions>
      </trkpt>
      <trkpt lat="-19.38625215" lon="138.9828996">
        <ele>280.39</ele>
        <time>2026-09-03T03:19:48Z</time>
        <extensions>
          <geotracker:meta c="5.76" s="22.98" />
        </extensions>
      </trkpt>
      <trkpt lat="-19.38478058" lon="138.98155403">
        <ele>275.12</ele>
        <time>2026-09-03T03:19:57Z</time>
        <extensions>
          <geotracker:meta c="5.4" s="23.57" />
        </extensions>
      </trkpt>
      <trkpt lat="-19.38364051" lon="138.98010422">
        <ele>273.08</ele>
        <time>2026-09-03T03:20:06Z</time>
        <extensions>
          <geotracker:meta c="5.41" s="21.08" />
        </extensions>
      </trkpt>
      <trkpt lat="-19.38258448" lon="138.97879622">
        <ele>272.64</ele>
        <time>2026-09-03T03:20:15Z</time>
        <extensions>
          <geotracker:meta c="5.4" s="19.43" />
        </extensions>
      </trkpt>
      <trkpt lat="-19.38155579" lon="138.97755834">
        <ele>273.07</ele>
        <time>2026-09-03T03:20:24Z</time>
        <extensions>
          <geotracker:meta c="5.45" s="19.69" />
        </extensions>
      </trkpt>
      <trkpt lat="-19.38040975" lon="138.9765337">
        <ele>277.02</ele>
        <time>2026-09-03T03:20:33Z</time>
        <extensions>
          <geotracker:meta c="5.69" s="19.89" />
        </extensions>
      </trkpt>
      <trkpt lat="-19.37881405" lon="138.9755173">
        <ele>276.88</ele>
        <time>2026-09-03T03:20:42Z</time>
        <extensions>
          <geotracker:meta c="5.75" s="24.12" />
        </extensions>
      </trkpt>
      <trkpt lat="-19.37720143" lon="138.97450993">
        <ele>282.49</ele>
        <time>2026-09-03T03:20:51Z</time>
        <extensions>
          <geotracker:meta c="5.76" s="22.75" />
        </extensions>
      </trkpt>
      <trkpt lat="-19.37549325" lon="138.97345121">
        <ele>277.85</ele>
        <time>2026-09-03T03:21:00Z</time>
        <extensions>
          <geotracker:meta c="5.75" s="25.29" />
        </extensions>
      </trkpt>
      <trkpt lat="-19.37176014" lon="138.97156397">
        <ele>278.45</ele>
        <time>2026-09-03T03:21:18Z</time>
        <extensions>
          <geotracker:meta c="6.13" s="25.04" />
        </extensions>
      </trkpt>
      <trkpt lat="-19.36971112" lon="138.97173397">
        <ele>276.75</ele>
        <time>2026-09-03T03:21:27Z</time>
        <extensions>
          <geotracker:meta c="0.22" s="25.07" />
        </extensions>
      </trkpt>
      <trkpt lat="-19.36766758" lon="138.97226722">
        <ele>275.01</ele>
        <time>2026-09-03T03:21:36Z</time>
        <extensions>
          <geotracker:meta c="0.23" s="25.24" />
        </extensions>
      </trkpt>
      <trkpt lat="-19.36563132" lon="138.9727971">
        <ele>277.9</ele>
        <time>2026-09-03T03:21:45Z</time>
        <extensions>
          <geotracker:meta c="0.25" s="25.89" />
        </extensions>
      </trkpt>
      <trkpt lat="-19.36371339" lon="138.97330639">
        <ele>279.94</ele>
        <time>2026-09-03T03:21:54Z</time>
        <extensions>
          <geotracker:meta c="0.25" s="24.83" />
        </extensions>
      </trkpt>
      <trkpt lat="-19.36166305" lon="138.97384197">
        <ele>279.34</ele>
        <time>2026-09-03T03:22:03Z</time>
        <extensions>
          <geotracker:meta c="0.23" s="26.47" />
        </extensions>
      </trkpt>
      <trkpt lat="-19.35959015" lon="138.97411337">
        <ele>281.61</ele>
        <time>2026-09-03T03:22:12Z</time>
        <extensions>
          <geotracker:meta c="6.27" s="24.82" />
        </extensions>
      </trkpt>
      <trkpt lat="-19.35759946" lon="138.97399703">
        <ele>282.13</ele>
        <time>2026-09-03T03:22:21Z</time>
        <extensions>
          <geotracker:meta c="6.23" s="24" />
        </extensions>
      </trkpt>
      <trkpt lat="-19.35567266" lon="138.97388331">
        <ele>283.34</ele>
        <time>2026-09-03T03:22:30Z</time>
        <extensions>
          <geotracker:meta c="6.22" s="23.37" />
        </extensions>
      </trkpt>
      <trkpt lat="-19.3519538" lon="138.97360506">
        <ele>288.16</ele>
        <time>2026-09-03T03:22:48Z</time>
        <extensions>
          <geotracker:meta c="6.22" s="23.25" />
        </extensions>
      </trkpt>
      <trkpt lat="-19.3500725" lon="138.97349216">
        <ele>287.38</ele>
        <time>2026-09-03T03:22:57Z</time>
        <extensions>
          <geotracker:meta c="6.23" s="23.17" />
        </extensions>
      </trkpt>
      <trkpt lat="-19.34818363" lon="138.97336636">
        <ele>287.99</ele>
        <time>2026-09-03T03:23:06Z</time>
        <extensions>
          <geotracker:meta c="6.21" s="22.92" />
        </extensions>
      </trkpt>
      <trkpt lat="-19.34635508" lon="138.97323969">
        <ele>286.29</ele>
        <time>2026-09-03T03:23:15Z</time>
        <extensions>
          <geotracker:meta c="6.23" s="21.88" />
        </extensions>
      </trkpt>
      <trkpt lat="-19.34460363" lon="138.97313389">
        <ele>289.26</ele>
        <time>2026-09-03T03:23:24Z</time>
        <extensions>
          <geotracker:meta c="6.23" s="20.39" />
        </extensions>
      </trkpt>
      <trkpt lat="-19.34311014" lon="138.97304519">
        <ele>290.56</ele>
        <time>2026-09-03T03:23:33Z</time>
        <extensions>
          <geotracker:meta c="6.24" s="17.57" />
        </extensions>
      </trkpt>
      <trkpt lat="-19.34165939" lon="138.9732825">
        <ele>286.09</ele>
        <time>2026-09-03T03:23:42Z</time>
        <extensions>
          <geotracker:meta c="0.33" s="18.6" />
        </extensions>
      </trkpt>
      <trkpt lat="-19.34029836" lon="138.97409793">
        <ele>284.83</ele>
        <time>2026-09-03T03:23:51Z</time>
        <extensions>
          <geotracker:meta c="0.7" s="19.3" />
        </extensions>
      </trkpt>
      <trkpt lat="-19.33886286" lon="138.97667338">
        <ele>285.25</ele>
        <time>2026-09-03T03:24:09Z</time>
        <extensions>
          <geotracker:meta c="1.28" s="15.75" />
        </extensions>
      </trkpt>
      <trkpt lat="-19.33857633" lon="138.97748982">
        <ele>282.43</ele>
        <time>2026-09-03T03:24:18Z</time>
        <extensions>
          <geotracker:meta c="1.13" s="6.47" />
        </extensions>
      </trkpt>
      <trkpt lat="-19.33824657" lon="138.97807922">
        <ele>280.52</ele>
        <time>2026-09-03T03:24:27Z</time>
        <extensions>
          <geotracker:meta c="0.96" s="9.1" />
        </extensions>
      </trkpt>
      <trkpt lat="-19.33771159" lon="138.97877162">
        <ele>278.14</ele>
        <time>2026-09-03T03:24:36Z</time>
        <extensions>
          <geotracker:meta c="0.82" s="11.85" />
        </extensions>
      </trkpt>
      <trkpt lat="-19.33687184" lon="138.97944063">
        <ele>278.95</ele>
        <time>2026-09-03T03:24:45Z</time>
        <extensions>
          <geotracker:meta c="0.48" s="14.32" />
        </extensions>
      </trkpt>
      <trkpt lat="-19.33573701" lon="138.97992554">
        <ele>277.92</ele>
        <time>2026-09-03T03:24:54Z</time>
        <extensions>
          <geotracker:meta c="0.3" s="15.08" />
        </extensions>
      </trkpt>
      <trkpt lat="-19.33463641" lon="138.98033178">
        <ele>276.3</ele>
        <time>2026-09-03T03:25:03Z</time>
        <extensions>
          <geotracker:meta c="0.28" s="13.88" />
        </extensions>
      </trkpt>
      <trkpt lat="-19.33359128" lon="138.98069513">
        <ele>272.03</ele>
        <time>2026-09-03T03:25:12Z</time>
        <extensions>
          <geotracker:meta c="0.41" s="12.53" />
        </extensions>
      </trkpt>
      <trkpt lat="-19.33272737" lon="138.9811296">
        <ele>266.08</ele>
        <time>2026-09-03T03:25:21Z</time>
        <extensions>
          <geotracker:meta c="0.45" s="12.77" />
        </extensions>
      </trkpt>
      <trkpt lat="-19.33081305" lon="138.98215691">
        <ele>267.24</ele>
        <time>2026-09-03T03:25:39Z</time>
        <extensions>
          <geotracker:meta c="0.48" s="14.26" />
        </extensions>
      </trkpt>
      <trkpt lat="-19.32978766" lon="138.98260895">
        <ele>268.33</ele>
        <time>2026-09-03T03:25:48Z</time>
        <extensions>
          <geotracker:meta c="0.23" s="13.36" />
        </extensions>
      </trkpt>
      <trkpt lat="-19.32854526" lon="138.98259725">
        <ele>268.31</ele>
        <time>2026-09-03T03:25:57Z</time>
        <extensions>
          <geotracker:meta c="6.1" s="17.04" />
        </extensions>
      </trkpt>
      <trkpt lat="-19.32710705" lon="138.98202866">
        <ele>268.8</ele>
        <time>2026-09-03T03:26:06Z</time>
        <extensions>
          <geotracker:meta c="5.78" s="20.74" />
        </extensions>
      </trkpt>
      <trkpt lat="-19.32561973" lon="138.98106136">
        <ele>270.23</ele>
        <time>2026-09-03T03:26:15Z</time>
        <extensions>
          <geotracker:meta c="5.65" s="22.05" />
        </extensions>
      </trkpt>
      <trkpt lat="-19.32412997" lon="138.97985247">
        <ele>267.99</ele>
        <time>2026-09-03T03:26:24Z</time>
        <extensions>
          <geotracker:meta c="5.61" s="23.18" />
        </extensions>
      </trkpt>
      <trkpt lat="-19.32262785" lon="138.9786659">
        <ele>267.65</ele>
        <time>2026-09-03T03:26:33Z</time>
        <extensions>
          <geotracker:meta c="5.67" s="23.28" />
        </extensions>
      </trkpt>
      <trkpt lat="-19.32102768" lon="138.97756123">
        <ele>266.64</ele>
        <time>2026-09-03T03:26:42Z</time>
        <extensions>
          <geotracker:meta c="5.71" s="23.67" />
        </extensions>
      </trkpt>
      <trkpt lat="-19.31938122" lon="138.97644298">
        <ele>266.63</ele>
        <time>2026-09-03T03:26:51Z</time>
        <extensions>
          <geotracker:meta c="5.72" s="24.82" />
        </extensions>
      </trkpt>
      <trkpt lat="-19.31623397" lon="138.97430388">
        <ele>265.87</ele>
        <time>2026-09-03T03:27:09Z</time>
        <extensions>
          <geotracker:meta c="5.7" s="21.42" />
        </extensions>
      </trkpt>
      <trkpt lat="-19.31481839" lon="138.97335299">
        <ele>266.32</ele>
        <time>2026-09-03T03:27:18Z</time>
        <extensions>
          <geotracker:meta c="5.78" s="20.03" />
        </extensions>
      </trkpt>
      <trkpt lat="-19.31331119" lon="138.97281543">
        <ele>267.65</ele>
        <time>2026-09-03T03:27:27Z</time>
        <extensions>
          <geotracker:meta c="6.14" s="19.28" />
        </extensions>
      </trkpt>
      <trkpt lat="-19.31183083" lon="138.97291512">
        <ele>268.31</ele>
        <time>2026-09-03T03:27:36Z</time>
        <extensions>
          <geotracker:meta c="0.23" s="18.09" />
        </extensions>
      </trkpt>
      <trkpt lat="-19.310464" lon="138.97348699">
        <ele>270.45</ele>
        <time>2026-09-03T03:27:45Z</time>
        <extensions>
          <geotracker:meta c="0.43" s="18.08" />
        </extensions>
      </trkpt>
      <trkpt lat="-19.30911914" lon="138.97413833">
        <ele>273.25</ele>
        <time>2026-09-03T03:27:54Z</time>
        <extensions>
          <geotracker:meta c="0.42" s="18.36" />
        </extensions>
      </trkpt>
      <trkpt lat="-19.30778017" lon="138.97478552">
        <ele>276.12</ele>
        <time>2026-09-03T03:28:03Z</time>
        <extensions>
          <geotracker:meta c="0.43" s="17.88" />
        </extensions>
      </trkpt>
      <trkpt lat="-19.30650029" lon="138.9754038">
        <ele>276.65</ele>
        <time>2026-09-03T03:28:12Z</time>
        <extensions>
          <geotracker:meta c="0.43" s="17.06" />
        </extensions>
      </trkpt>
      <trkpt lat="-19.30527181" lon="138.97601472">
        <ele>276.98</ele>
        <time>2026-09-03T03:28:21Z</time>
        <extensions>
          <geotracker:meta c="0.42" s="17.04" />
        </extensions>
      </trkpt>
      <trkpt lat="-19.30263844" lon="138.97729614">
        <ele>279.67</ele>
        <time>2026-09-03T03:28:39Z</time>
        <extensions>
          <geotracker:meta c="0.44" s="17.5" />
        </extensions>
      </trkpt>
      <trkpt lat="-19.30134626" lon="138.97793084">
        <ele>278.43</ele>
        <time>2026-09-03T03:28:48Z</time>
        <extensions>
          <geotracker:meta c="0.44" s="16.68" />
        </extensions>
      </trkpt>
      <trkpt lat="-19.30042344" lon="138.97837308">
        <ele>277.95</ele>
        <time>2026-09-03T03:28:57Z</time>
        <extensions>
          <geotracker:meta c="0.42" s="9.44" />
        </extensions>
      </trkpt>
      <trkpt lat="-19.29964332" lon="138.9787496">
        <ele>278.41</ele>
        <time>2026-09-03T03:29:06Z</time>
        <extensions>
          <geotracker:meta c="0.45" s="13.31" />
        </extensions>
      </trkpt>
      <trkpt lat="-19.29853597" lon="138.97929852">
        <ele>278.09</ele>
        <time>2026-09-03T03:29:15Z</time>
        <extensions>
          <geotracker:meta c="0.42" s="15.74" />
        </extensions>
      </trkpt>
      <trkpt lat="-19.29737919" lon="138.97984808">
        <ele>279.97</ele>
        <time>2026-09-03T03:29:24Z</time>
        <extensions>
          <geotracker:meta c="0.46" s="14.31" />
        </extensions>
      </trkpt>
      <trkpt lat="-19.29644643" lon="138.98030109">
        <ele>280.44</ele>
        <time>2026-09-03T03:29:33Z</time>
        <extensions>
          <geotracker:meta c="0.44" s="12.27" />
        </extensions>
      </trkpt>
      <trkpt lat="-19.29546675" lon="138.98077164">
        <ele>281.05</ele>
        <time>2026-09-03T03:29:42Z</time>
        <extensions>
          <geotracker:meta c="0.44" s="13.57" />
        </extensions>
      </trkpt>
      <trkpt lat="-19.29447094" lon="138.98126908">
        <ele>281.19</ele>
        <time>2026-09-03T03:29:51Z</time>
        <extensions>
          <geotracker:meta c="0.42" s="14.49" />
        </extensions>
      </trkpt>
      <trkpt lat="-19.29227883" lon="138.98207511">
        <ele>283.22</ele>
        <time>2026-09-03T03:30:09Z</time>
        <extensions>
          <geotracker:meta c="0.25" s="12.66" />
        </extensions>
      </trkpt>
      <trkpt lat="-19.29137039" lon="138.98234638">
        <ele>284.62</ele>
        <time>2026-09-03T03:30:18Z</time>
        <extensions>
          <geotracker:meta c="0.27" s="10.81" />
        </extensions>
      </trkpt>
      <trkpt lat="-19.29067105" lon="138.98255926">
        <ele>285.81</ele>
        <time>2026-09-03T03:30:27Z</time>
        <extensions>
          <geotracker:meta c="0.16" s="4.63" />
        </extensions>
      </trkpt>
      <trkpt lat="-19.29006091" lon="138.98273365">
        <ele>284.93</ele>
        <time>2026-09-03T03:30:45Z</time>
        <extensions>
          <geotracker:meta c="0.28" s="8.77" />
        </extensions>
      </trkpt>
      <trkpt lat="-19.28927612" lon="138.98296566">
        <ele>285.39</ele>
        <time>2026-09-03T03:30:54Z</time>
        <extensions>
          <geotracker:meta c="0.27" s="10.41" />
        </extensions>
      </trkpt>
      <trkpt lat="-19.28833501" lon="138.98323341">
        <ele>287.3</ele>
        <time>2026-09-03T03:31:03Z</time>
        <extensions>
          <geotracker:meta c="0.25" s="12.23" />
        </extensions>
      </trkpt>
      <trkpt lat="-19.28734112" lon="138.98345064">
        <ele>288.15</ele>
        <time>2026-09-03T03:31:12Z</time>
        <extensions>
          <geotracker:meta c="0.14" s="12.61" />
        </extensions>
      </trkpt>
      <trkpt lat="-19.28632373" lon="138.98347166">
        <ele>288.56</ele>
        <time>2026-09-03T03:31:21Z</time>
        <extensions>
          <geotracker:meta c="6.2" s="13.69" />
        </extensions>
      </trkpt>
      <trkpt lat="-19.28406462" lon="138.9832425">
        <ele>287.78</ele>
        <time>2026-09-03T03:31:39Z</time>
        <extensions>
          <geotracker:meta c="6.21" s="13.91" />
        </extensions>
      </trkpt>
      <trkpt lat="-19.2829166" lon="138.98326354">
        <ele>287.24</ele>
        <time>2026-09-03T03:31:48Z</time>
        <extensions>
          <geotracker:meta c="0.1" s="14.08" />
        </extensions>
      </trkpt>
      <trkpt lat="-19.2817457" lon="138.98356957">
        <ele>287.39</ele>
        <time>2026-09-03T03:31:57Z</time>
        <extensions>
          <geotracker:meta c="0.37" s="15.96" />
        </extensions>
      </trkpt>
      <trkpt lat="-19.28045811" lon="138.98416486">
        <ele>285.99</ele>
        <time>2026-09-03T03:32:06Z</time>
        <extensions>
          <geotracker:meta c="0.44" s="18.82" />
        </extensions>
      </trkpt>
      <trkpt lat="-19.27916545" lon="138.98478309">
        <ele>285.47</ele>
        <time>2026-09-03T03:32:15Z</time>
        <extensions>
          <geotracker:meta c="0.43" s="16.78" />
        </extensions>
      </trkpt>
      <trkpt lat="-19.27792132" lon="138.9853711">
        <ele>282.48</ele>
        <time>2026-09-03T03:32:24Z</time>
        <extensions>
          <geotracker:meta c="0.41" s="16.79" />
        </extensions>
      </trkpt>
      <trkpt lat="-19.2766447" lon="138.98596548">
        <ele>281.99</ele>
        <time>2026-09-03T03:32:33Z</time>
        <extensions>
          <geotracker:meta c="0.42" s="17.93" />
        </extensions>
      </trkpt>
      <trkpt lat="-19.27527362" lon="138.98662572">
        <ele>280.17</ele>
        <time>2026-09-03T03:32:42Z</time>
        <extensions>
          <geotracker:meta c="0.41" s="18.81" />
        </extensions>
      </trkpt>
      <trkpt lat="-19.27396099" lon="138.98722157">
        <ele>280.14</ele>
        <time>2026-09-03T03:32:51Z</time>
        <extensions>
          <geotracker:meta c="0.43" s="16.73" />
        </extensions>
      </trkpt>
      <trkpt lat="-19.2713846" lon="138.98847478">
        <ele>279.86</ele>
        <time>2026-09-03T03:33:09Z</time>
        <extensions>
          <geotracker:meta c="0.41" s="17.29" />
        </extensions>
      </trkpt>
      <trkpt lat="-19.26987198" lon="138.98919313">
        <ele>279.96</ele>
        <time>2026-09-03T03:33:20Z</time>
        <extensions>
          <geotracker:meta c="0.41" s="17.65" />
        </extensions>
      </trkpt>
      <trkpt lat="-19.26852859" lon="138.98983585">
        <ele>278.58</ele>
        <time>2026-09-03T03:33:29Z</time>
        <extensions>
          <geotracker:meta c="0.45" s="17.68" />
        </extensions>
      </trkpt>
      <trkpt lat="-19.2672144" lon="138.99045134">
        <ele>275.96</ele>
        <time>2026-09-03T03:33:38Z</time>
        <extensions>
          <geotracker:meta c="0.43" s="17.23" />
        </extensions>
      </trkpt>
      <trkpt lat="-19.26583851" lon="138.99110683">
        <ele>273.75</ele>
        <time>2026-09-03T03:33:47Z</time>
        <extensions>
          <geotracker:meta c="0.42" s="18.63" />
        </extensions>
      </trkpt>
      <trkpt lat="-19.26451733" lon="138.99172778">
        <ele>273.94</ele>
        <time>2026-09-03T03:33:56Z</time>
        <extensions>
          <geotracker:meta c="0.44" s="17.03" />
        </extensions>
      </trkpt>
      <trkpt lat="-19.26326766" lon="138.99231597">
        <ele>276.1</ele>
        <time>2026-09-03T03:34:05Z</time>
        <extensions>
          <geotracker:meta c="0.38" s="16.61" />
        </extensions>
      </trkpt>
      <trkpt lat="-19.26187542" lon="138.99261292">
        <ele>276.19</ele>
        <time>2026-09-03T03:34:14Z</time>
        <extensions>
          <geotracker:meta c="0.09" s="17.81" />
        </extensions>
      </trkpt>
      <trkpt lat="-19.2604043" lon="138.99252438">
        <ele>275.89</ele>
        <time>2026-09-03T03:34:23Z</time>
        <extensions>
          <geotracker:meta c="6.09" s="17.55" />
        </extensions>
      </trkpt>
      <trkpt lat="-19.25889725" lon="138.99210184">
        <ele>274.55</ele>
        <time>2026-09-03T03:34:32Z</time>
        <extensions>
          <geotracker:meta c="6" s="20.41" />
        </extensions>
      </trkpt>
      <trkpt lat="-19.25565532" lon="138.99119808">
        <ele>274.15</ele>
        <time>2026-09-03T03:34:50Z</time>
        <extensions>
          <geotracker:meta c="6.11" s="20.25" />
        </extensions>
      </trkpt>
      <trkpt lat="-19.25416561" lon="138.99136546">
        <ele>276.06</ele>
        <time>2026-09-03T03:34:59Z</time>
        <extensions>
          <geotracker:meta c="0.4" s="18.7" />
        </extensions>
      </trkpt>
      <trkpt lat="-19.25298282" lon="138.99230585">
        <ele>283.48</ele>
        <time>2026-09-03T03:35:08Z</time>
        <extensions>
          <geotracker:meta c="0.83" s="17.9" />
        </extensions>
      </trkpt>
      <trkpt lat="-19.25199993" lon="138.99341605">
        <ele>285.18</ele>
        <time>2026-09-03T03:35:17Z</time>
        <extensions>
          <geotracker:meta c="0.69" s="17.18" />
        </extensions>
      </trkpt>
      <trkpt lat="-19.25074509" lon="138.99380488">
        <ele>283.7</ele>
        <time>2026-09-03T03:35:26Z</time>
        <extensions>
          <geotracker:meta c="6.27" s="17.23" />
        </extensions>
      </trkpt>
      <trkpt lat="-19.24933234" lon="138.99365313">
        <ele>282.64</ele>
        <time>2026-09-03T03:35:35Z</time>
        <extensions>
          <geotracker:meta c="6.19" s="18.3" />
        </extensions>
      </trkpt>
      <trkpt lat="-19.24787803" lon="138.99373104">
        <ele>280.88</ele>
        <time>2026-09-03T03:35:44Z</time>
        <extensions>
          <geotracker:meta c="0.2" s="18.26" />
        </extensions>
      </trkpt>
      <trkpt lat="-19.24635216" lon="138.99408083">
        <ele>276.63</ele>
        <time>2026-09-03T03:35:53Z</time>
        <extensions>
          <geotracker:meta c="0.26" s="19.02" />
        </extensions>
      </trkpt>
      <trkpt lat="-19.24491125" lon="138.99460364">
        <ele>271.19</ele>
        <time>2026-09-03T03:36:02Z</time>
        <extensions>
          <geotracker:meta c="0.37" s="19.82" />
        </extensions>
      </trkpt>
      <trkpt lat="-19.24191569" lon="138.99584113">
        <ele>272.34</ele>
        <time>2026-09-03T03:36:20Z</time>
        <extensions>
          <geotracker:meta c="0.37" s="19.29" />
        </extensions>
      </trkpt>
      <trkpt lat="-19.24052049" lon="138.9963859">
        <ele>269.94</ele>
        <time>2026-09-03T03:36:29Z</time>
        <extensions>
          <geotracker:meta c="0.28" s="18.62" />
        </extensions>
      </trkpt>
      <trkpt lat="-19.23898494" lon="138.9963625">
        <ele>267.26</ele>
        <time>2026-09-03T03:36:38Z</time>
        <extensions>
          <geotracker:meta c="6.02" s="19.54" />
        </extensions>
      </trkpt>
      <trkpt lat="-19.23780634" lon="138.99561201">
        <ele>267.07</ele>
        <time>2026-09-03T03:36:47Z</time>
        <extensions>
          <geotracker:meta c="5.59" s="15.55" />
        </extensions>
      </trkpt>
      <trkpt lat="-19.23685041" lon="138.99478417">
        <ele>263.04</ele>
        <time>2026-09-03T03:36:56Z</time>
        <extensions>
          <geotracker:meta c="5.58" s="14.74" />
        </extensions>
      </trkpt>
      <trkpt lat="-19.23587374" lon="138.9939262">
        <ele>262.69</ele>
        <time>2026-09-03T03:37:05Z</time>
        <extensions>
          <geotracker:meta c="5.63" s="16.3" />
        </extensions>
      </trkpt>
      <trkpt lat="-19.23472592" lon="138.99338858">
        <ele>261.85</ele>
        <time>2026-09-03T03:37:14Z</time>
        <extensions>
          <geotracker:meta c="6.1" s="16.25" />
        </extensions>
      </trkpt>
      <trkpt lat="-19.23342929" lon="138.99338443">
        <ele>263.98</ele>
        <time>2026-09-03T03:37:23Z</time>
        <extensions>
          <geotracker:meta c="0.17" s="15.28" />
        </extensions>
      </trkpt>
      <trkpt lat="-19.23219291" lon="138.99362086">
        <ele>262.99</ele>
        <time>2026-09-03T03:37:32Z</time>
        <extensions>
          <geotracker:meta c="0.18" s="15.26" />
        </extensions>
      </trkpt>
      <trkpt lat="-19.2296238" lon="138.99376306">
        <ele>256.1</ele>
        <time>2026-09-03T03:37:50Z</time>
        <extensions>
          <geotracker:meta c="6.13" s="16.31" />
        </extensions>
      </trkpt>
      <trkpt lat="-19.22848205" lon="138.99330144">
        <ele>253.66</ele>
        <time>2026-09-03T03:37:59Z</time>
        <extensions>
          <geotracker:meta c="5.79" s="14.66" />
        </extensions>
      </trkpt>
      <trkpt lat="-19.22753812" lon="138.99259545">
        <ele>249.77</ele>
        <time>2026-09-03T03:38:08Z</time>
        <extensions>
          <geotracker:meta c="5.61" s="13.42" />
        </extensions>
      </trkpt>
      <trkpt lat="-19.22670755" lon="138.99190008">
        <ele>251.01</ele>
        <time>2026-09-03T03:38:17Z</time>
        <extensions>
          <geotracker:meta c="5.61" s="11.73" />
        </extensions>
      </trkpt>
      <trkpt lat="-19.22604921" lon="138.99133231">
        <ele>256.16</ele>
        <time>2026-09-03T03:38:26Z</time>
        <extensions>
          <geotracker:meta c="5.63" s="9.56" />
        </extensions>
      </trkpt>
      <trkpt lat="-19.22537281" lon="138.99091072">
        <ele>260.94</ele>
        <time>2026-09-03T03:38:35Z</time>
        <extensions>
          <geotracker:meta c="5.87" s="10.53" />
        </extensions>
      </trkpt>
      <trkpt lat="-19.22464469" lon="138.99053101">
        <ele>258.84</ele>
        <time>2026-09-03T03:38:44Z</time>
        <extensions>
          <geotracker:meta c="5.81" s="9.4" />
        </extensions>
      </trkpt>
      <trkpt lat="-19.22401498" lon="138.99017812">
        <ele>259.19</ele>
        <time>2026-09-03T03:39:02Z</time>
        <extensions>
          <geotracker:meta c="5.78" s="7.6" />
        </extensions>
      </trkpt>
      <trkpt lat="-19.22272119" lon="138.98909966">
        <ele>264.68</ele>
        <time>2026-09-03T03:39:20Z</time>
        <extensions>
          <geotracker:meta c="5.52" s="10.96" />
        </extensions>
      </trkpt>
      <trkpt lat="-19.22193659" lon="138.9884516">
        <ele>265.65</ele>
        <time>2026-09-03T03:39:29Z</time>
        <extensions>
          <geotracker:meta c="5.75" s="13.4" />
        </extensions>
      </trkpt>
      <trkpt lat="-19.22090108" lon="138.98798124">
        <ele>266.83</ele>
        <time>2026-09-03T03:39:38Z</time>
        <extensions>
          <geotracker:meta c="5.98" s="14.68" />
        </extensions>
      </trkpt>
      <trkpt lat="-19.21976073" lon="138.98763854">
        <ele>268.4</ele>
        <time>2026-09-03T03:39:47Z</time>
        <extensions>
          <geotracker:meta c="6" s="13.83" />
        </extensions>
      </trkpt>
      <trkpt lat="-19.218837" lon="138.9870953">
        <ele>268.16</ele>
        <time>2026-09-03T03:39:56Z</time>
        <extensions>
          <geotracker:meta c="5.54" s="14.76" />
        </extensions>
      </trkpt>
      <trkpt lat="-19.21816648" lon="138.98604774">
        <ele>265.68</ele>
        <time>2026-09-03T03:40:05Z</time>
        <extensions>
          <geotracker:meta c="5.08" s="15.97" />
        </extensions>
      </trkpt>
      <trkpt lat="-19.21772138" lon="138.98463831">
        <ele>266.94</ele>
        <time>2026-09-03T03:40:14Z</time>
        <extensions>
          <geotracker:meta c="5.01" s="17.97" />
        </extensions>
      </trkpt>
      <trkpt lat="-19.21718228" lon="138.98324675">
        <ele>270.9</ele>
        <time>2026-09-03T03:40:23Z</time>
        <extensions>
          <geotracker:meta c="5.28" s="15.19" />
        </extensions>
      </trkpt>
      <trkpt lat="-19.21622103" lon="138.98211528">
        <ele>263.83</ele>
        <time>2026-09-03T03:40:32Z</time>
        <extensions>
          <geotracker:meta c="5.59" s="19.69" />
        </extensions>
      </trkpt>
      <trkpt lat="-19.213207" lon="138.98063266">
        <ele>258.35</ele>
        <time>2026-09-03T03:40:50Z</time>
        <extensions>
          <geotracker:meta c="5.92" s="20.75" />
        </extensions>
      </trkpt>
      <trkpt lat="-19.21160644" lon="138.97994035">
        <ele>249.93</ele>
        <time>2026-09-03T03:40:59Z</time>
        <extensions>
          <geotracker:meta c="5.9" s="21.57" />
        </extensions>
      </trkpt>
      <trkpt lat="-19.20995041" lon="138.97935207">
        <ele>251.42</ele>
        <time>2026-09-03T03:41:08Z</time>
        <extensions>
          <geotracker:meta c="6.12" s="20.95" />
        </extensions>
      </trkpt>
      <trkpt lat="-19.2082909" lon="138.97944998">
        <ele>253.27</ele>
        <time>2026-09-03T03:41:17Z</time>
        <extensions>
          <geotracker:meta c="0.2" s="21.34" />
        </extensions>
      </trkpt>
      <trkpt lat="-19.20678808" lon="138.97977365">
        <ele>253.02</ele>
        <time>2026-09-03T03:41:26Z</time>
        <extensions>
          <geotracker:meta c="0.19" s="16.87" />
        </extensions>
      </trkpt>
      <trkpt lat="-19.20564124" lon="138.98002124">
        <ele>253.05</ele>
        <time>2026-09-03T03:41:35Z</time>
        <extensions>
          <geotracker:meta c="0.2" s="13.84" />
        </extensions>
      </trkpt>
      <trkpt lat="-19.2043583" lon="138.9802375">
        <ele>249.62</ele>
        <time>2026-09-03T03:41:44Z</time>
        <extensions>
          <geotracker:meta c="0.07" s="19.41" />
        </extensions>
      </trkpt>
      <trkpt lat="-19.20265986" lon="138.98033326">
        <ele>247.22</ele>
        <time>2026-09-03T03:41:53Z</time>
        <extensions>
          <geotracker:meta c="0.05" s="21.32" />
        </extensions>
      </trkpt>
      <trkpt lat="-19.20094418" lon="138.98035711">
        <ele>251.03</ele>
        <time>2026-09-03T03:42:02Z</time>
        <extensions>
          <geotracker:meta c="6.2" s="20.14" />
        </extensions>
      </trkpt>
      <trkpt lat="-19.19775233" lon="138.98013918">
        <ele>253.27</ele>
        <time>2026-09-03T03:42:20Z</time>
        <extensions>
          <geotracker:meta c="0.09" s="18.54" />
        </extensions>
      </trkpt>
      <trkpt lat="-19.19620305" lon="138.98029588">
        <ele>250.53</ele>
        <time>2026-09-03T03:42:29Z</time>
        <extensions>
          <geotracker:meta c="0.09" s="19.48" />
        </extensions>
      </trkpt>
      <trkpt lat="-19.194682" lon="138.98011661">
        <ele>248.21</ele>
        <time>2026-09-03T03:42:38Z</time>
        <extensions>
          <geotracker:meta c="5.87" s="19.66" />
        </extensions>
      </trkpt>
      <trkpt lat="-19.19328127" lon="138.9793142">
        <ele>248.56</ele>
        <time>2026-09-03T03:42:47Z</time>
        <extensions>
          <geotracker:meta c="5.77" s="19.95" />
        </extensions>
      </trkpt>
      <trkpt lat="-19.19169026" lon="138.97870517">
        <ele>251.96</ele>
        <time>2026-09-03T03:42:56Z</time>
        <extensions>
          <geotracker:meta c="6.09" s="20.89" />
        </extensions>
      </trkpt>
      <trkpt lat="-19.19011836" lon="138.97864471">
        <ele>249.4</ele>
        <time>2026-09-03T03:43:05Z</time>
        <extensions>
          <geotracker:meta c="0.12" s="19.52" />
        </extensions>
      </trkpt>
      <trkpt lat="-19.18852603" lon="138.97896841">
        <ele>248.6</ele>
        <time>2026-09-03T03:43:14Z</time>
        <extensions>
          <geotracker:meta c="0.24" s="18.4" />
        </extensions>
      </trkpt>
      <trkpt lat="-19.18691614" lon="138.97932591">
        <ele>242.58</ele>
        <time>2026-09-03T03:43:23Z</time>
        <extensions>
          <geotracker:meta c="0.2" s="20.32" />
        </extensions>
      </trkpt>
      <trkpt lat="-19.18528655" lon="138.97969399">
        <ele>240.5</ele>
        <time>2026-09-03T03:43:32Z</time>
        <extensions>
          <geotracker:meta c="0.21" s="21.12" />
        </extensions>
      </trkpt>
      <trkpt lat="-19.18205917" lon="138.97995272">
        <ele>238.49</ele>
        <time>2026-09-03T03:43:50Z</time>
        <extensions>
          <geotracker:meta c="6.19" s="18.7" />
        </extensions>
      </trkpt>
      <trkpt lat="-19.18052693" lon="138.97979387">
        <ele>236.94</ele>
        <time>2026-09-03T03:43:59Z</time>
        <extensions>
          <geotracker:meta c="6.23" s="20.15" />
        </extensions>
      </trkpt>
      <trkpt lat="-19.17888565" lon="138.97991268">
        <ele>238</ele>
        <time>2026-09-03T03:44:08Z</time>
        <extensions>
          <geotracker:meta c="0.22" s="19.33" />
        </extensions>
      </trkpt>
      <trkpt lat="-19.17740177" lon="138.98048554">
        <ele>241.81</ele>
        <time>2026-09-03T03:44:17Z</time>
        <extensions>
          <geotracker:meta c="0.35" s="19.36" />
        </extensions>
      </trkpt>
      <trkpt lat="-19.17594969" lon="138.98101729">
        <ele>247.39</ele>
        <time>2026-09-03T03:44:26Z</time>
        <extensions>
          <geotracker:meta c="0.36" s="18.73" />
        </extensions>
      </trkpt>
      <trkpt lat="-19.17456818" lon="138.98157718">
        <ele>247.76</ele>
        <time>2026-09-03T03:44:35Z</time>
        <extensions>
          <geotracker:meta c="0.36" s="18.41" />
        </extensions>
      </trkpt>
      <trkpt lat="-19.17322187" lon="138.9820985">
        <ele>243.64</ele>
        <time>2026-09-03T03:44:44Z</time>
        <extensions>
          <geotracker:meta c="0.31" s="18.57" />
        </extensions>
      </trkpt>
      <trkpt lat="-19.17185205" lon="138.98236294">
        <ele>242.55</ele>
        <time>2026-09-03T03:44:53Z</time>
        <extensions>
          <geotracker:meta c="6.24" s="15.73" />
        </extensions>
      </trkpt>
      <trkpt lat="-19.17065263" lon="138.98210254">
        <ele>241.36</ele>
        <time>2026-09-03T03:45:02Z</time>
        <extensions>
          <geotracker:meta c="6.02" s="15.93" />
        </extensions>
      </trkpt>
      <trkpt lat="-19.16835775" lon="138.98209616">
        <ele>243.17</ele>
        <time>2026-09-03T03:45:20Z</time>
        <extensions>
          <geotracker:meta c="0.41" s="12.97" />
        </extensions>
      </trkpt>
      <trkpt lat="-19.16736764" lon="138.98260969">
        <ele>238.38</ele>
        <time>2026-09-03T03:45:29Z</time>
        <extensions>
          <geotracker:meta c="0.47" s="13.58" />
        </extensions>
      </trkpt>
      <trkpt lat="-19.16637798" lon="138.9829084">
        <ele>236.58</ele>
        <time>2026-09-03T03:45:38Z</time>
        <extensions>
          <geotracker:meta c="0.18" s="12" />
        </extensions>
      </trkpt>
      <trkpt lat="-19.16553115" lon="138.98316509">
        <ele>235.65</ele>
        <time>2026-09-03T03:45:47Z</time>
        <extensions>
          <geotracker:meta c="0.37" s="9.03" />
        </extensions>
      </trkpt>
      <trkpt lat="-19.16499833" lon="138.98345433">
        <ele>235.29</ele>
        <time>2026-09-03T03:45:56Z</time>
        <extensions>
          <geotracker:meta c="0.51" s="8.47" />
        </extensions>
      </trkpt>
      <trkpt lat="-19.16444718" lon="138.98384529">
        <ele>233.22</ele>
        <time>2026-09-03T03:46:05Z</time>
        <extensions>
          <geotracker:meta c="0.61" s="8.49" />
        </extensions>
      </trkpt>
      <trkpt lat="-19.1637322" lon="138.98422863">
        <ele>230.65</ele>
        <time>2026-09-03T03:46:14Z</time>
        <extensions>
          <geotracker:meta c="0.29" s="10.53" />
        </extensions>
      </trkpt>
      <trkpt lat="-19.16271638" lon="138.98441458">
        <ele>229.01</ele>
        <time>2026-09-03T03:46:23Z</time>
        <extensions>
          <geotracker:meta c="0.12" s="13.61" />
        </extensions>
      </trkpt>
      <trkpt lat="-19.16158646" lon="138.98442382">
        <ele>226.44</ele>
        <time>2026-09-03T03:46:32Z</time>
        <extensions>
          <geotracker:meta c="6.24" s="15.31" />
        </extensions>
      </trkpt>
      <trkpt lat="-19.15866516" lon="138.98437534">
        <ele>221.48</ele>
        <time>2026-09-03T03:46:50Z</time>
        <extensions>
          <geotracker:meta c="6.28" s="18.86" />
        </extensions>
      </trkpt>
      <trkpt lat="-19.15714012" lon="138.98435545">
        <ele>220.52</ele>
        <time>2026-09-03T03:46:59Z</time>
        <extensions>
          <geotracker:meta c="6.26" s="18.49" />
        </extensions>
      </trkpt>
      <trkpt lat="-19.15572584" lon="138.9843623">
        <ele>218.79</ele>
        <time>2026-09-03T03:47:08Z</time>
        <extensions>
          <geotracker:meta c="6.27" s="17.4" />
        </extensions>
      </trkpt>
      <trkpt lat="-19.15428847" lon="138.98433858">
        <ele>217.5</ele>
        <time>2026-09-03T03:47:17Z</time>
        <extensions>
          <geotracker:meta c="6.26" s="16.82" />
        </extensions>
      </trkpt>
      <trkpt lat="-19.15278199" lon="138.98431109">
        <ele>217.42</ele>
        <time>2026-09-03T03:47:26Z</time>
        <extensions>
          <geotracker:meta c="6.25" s="19.77" />
        </extensions>
      </trkpt>
      <trkpt lat="-19.15116385" lon="138.98433807">
        <ele>217.63</ele>
        <time>2026-09-03T03:47:35Z</time>
        <extensions>
          <geotracker:meta c="0.08" s="19.53" />
        </extensions>
      </trkpt>
      <trkpt lat="-19.14957773" lon="138.98458776">
        <ele>217.08</ele>
        <time>2026-09-03T03:47:44Z</time>
        <extensions>
          <geotracker:meta c="0.19" s="20.01" />
        </extensions>
      </trkpt>
      <trkpt lat="-19.14800542" lon="138.98490202">
        <ele>215.82</ele>
        <time>2026-09-03T03:47:53Z</time>
        <extensions>
          <geotracker:meta c="0.18" s="17.46" />
        </extensions>
      </trkpt>
      <trkpt lat="-19.14734138" lon="138.98493422">
        <ele>215.68</ele>
        <time>2026-09-03T03:48:02Z</time>
        <extensions>
          <geotracker:meta c="4.96" s="2.33" />
        </extensions>
      </trkpt>
      <trkpt lat="-19.14743643" lon="138.98486355">
        <ele>219.04</ele>
        <time>2026-09-03T04:04:59Z</time>
        <extensions>
          <geotracker:meta c="0.22" s="1.08" />
        </extensions>
      </trkpt>
      <trkpt lat="-19.1457957" lon="138.98221178">
        <ele>216.48</ele>
        <time>2026-09-03T04:06:24Z</time>
        <extensions>
          <geotracker:meta c="5.07" s="12.18" />
        </extensions>
      </trkpt>
      <trkpt lat="-19.14499296" lon="138.9804681">
        <ele>214.14</ele>
        <time>2026-09-03T04:06:42Z</time>
        <extensions>
          <geotracker:meta c="5.45" s="11.11" />
        </extensions>
      </trkpt>
      <trkpt lat="-19.14440365" lon="138.97982557">
        <ele>213.84</ele>
        <time>2026-09-03T04:06:51Z</time>
        <extensions>
          <geotracker:meta c="5.48" s="10.26" />
        </extensions>
      </trkpt>
      <trkpt lat="-19.14378167" lon="138.97918575">
        <ele>213.52</ele>
        <time>2026-09-03T04:07:00Z</time>
        <extensions>
          <geotracker:meta c="5.52" s="11.35" />
        </extensions>
      </trkpt>
      <trkpt lat="-19.14311032" lon="138.97848865">
        <ele>213.47</ele>
        <time>2026-09-03T04:07:09Z</time>
        <extensions>
          <geotracker:meta c="5.51" s="11.8" />
        </extensions>
      </trkpt>
      <trkpt lat="-19.14237571" lon="138.97772916">
        <ele>213.57</ele>
        <time>2026-09-03T04:07:18Z</time>
        <extensions>
          <geotracker:meta c="5.49" s="13.68" />
        </extensions>
      </trkpt>
      <trkpt lat="-19.14148545" lon="138.97681177">
        <ele>213.27</ele>
        <time>2026-09-03T04:07:27Z</time>
        <extensions>
          <geotracker:meta c="5.5" s="16.58" />
        </extensions>
      </trkpt>
      <trkpt lat="-19.14042571" lon="138.97572114">
        <ele>214.83</ele>
        <time>2026-09-03T04:07:36Z</time>
        <extensions>
          <geotracker:meta c="5.51" s="19.21" />
        </extensions>
      </trkpt>
      <trkpt lat="-19.13927431" lon="138.97453615">
        <ele>213.87</ele>
        <time>2026-09-03T04:07:45Z</time>
        <extensions>
          <geotracker:meta c="5.51" s="19.1" />
        </extensions>
      </trkpt>
      <trkpt lat="-19.13827414" lon="138.97351476">
        <ele>213.39</ele>
        <time>2026-09-03T04:07:54Z</time>
        <extensions>
          <geotracker:meta c="5.52" s="17.12" />
        </extensions>
      </trkpt>
      <trkpt lat="-19.1370922" lon="138.97151647">
        <ele>212.38</ele>
        <time>2026-09-03T04:08:12Z</time>
        <extensions>
          <geotracker:meta c="4.53" s="9.71" />
        </extensions>
      </trkpt>
      <trkpt lat="-19.13754824" lon="138.97064576">
        <ele>215.22</ele>
        <time>2026-09-03T04:08:21Z</time>
        <extensions>
          <geotracker:meta c="4.12" s="13.21" />
        </extensions>
      </trkpt>
      <trkpt lat="-19.13806342" lon="138.96960522">
        <ele>217.82</ele>
        <time>2026-09-03T04:08:30Z</time>
        <extensions>
          <geotracker:meta c="4.43" s="13.52" />
        </extensions>
      </trkpt>
      <trkpt lat="-19.13804321" lon="138.96850351">
        <ele>219.22</ele>
        <time>2026-09-03T04:08:39Z</time>
        <extensions>
          <geotracker:meta c="4.95" s="13.36" />
        </extensions>
      </trkpt>
      <trkpt lat="-19.137583" lon="138.96742596">
        <ele>220.18</ele>
        <time>2026-09-03T04:08:48Z</time>
        <extensions>
          <geotracker:meta c="5.22" s="15.14" />
        </extensions>
      </trkpt>
      <trkpt lat="-19.13689095" lon="138.9661387">
        <ele>221.09</ele>
        <time>2026-09-03T04:08:57Z</time>
        <extensions>
          <geotracker:meta c="5.25" s="18.86" />
        </extensions>
      </trkpt>
      <trkpt lat="-19.13609053" lon="138.96470438">
        <ele>219.57</ele>
        <time>2026-09-03T04:09:06Z</time>
        <extensions>
          <geotracker:meta c="5.24" s="18.7" />
        </extensions>
      </trkpt>
      <trkpt lat="-19.13508803" lon="138.96357787">
        <ele>219.89</ele>
        <time>2026-09-03T04:09:15Z</time>
        <extensions>
          <geotracker:meta c="5.66" s="18.35" />
        </extensions>
      </trkpt>
      <trkpt lat="-19.13381601" lon="138.96262098">
        <ele>219.08</ele>
        <time>2026-09-03T04:09:24Z</time>
        <extensions>
          <geotracker:meta c="5.68" s="19.75" />
        </extensions>
      </trkpt>
      <trkpt lat="-19.13109528" lon="138.96055686">
        <ele>218.24</ele>
        <time>2026-09-03T04:09:42Z</time>
        <extensions>
          <geotracker:meta c="5.66" s="20.33" />
        </extensions>
      </trkpt>
      <trkpt lat="-19.12970275" lon="138.95951355">
        <ele>219.35</ele>
        <time>2026-09-03T04:09:51Z</time>
        <extensions>
          <geotracker:meta c="5.66" s="21.15" />
        </extensions>
      </trkpt>
      <trkpt lat="-19.12833129" lon="138.9584745">
        <ele>219.89</ele>
        <time>2026-09-03T04:10:00Z</time>
        <extensions>
          <geotracker:meta c="5.68" s="21.01" />
        </extensions>
      </trkpt>
      <trkpt lat="-19.12674645" lon="138.9576656">
        <ele>219.73</ele>
        <time>2026-09-03T04:10:09Z</time>
        <extensions>
          <geotracker:meta c="5.93" s="22.15" />
        </extensions>
      </trkpt>
      <trkpt lat="-19.12505047" lon="138.95703022">
        <ele>219.18</ele>
        <time>2026-09-03T04:10:18Z</time>
        <extensions>
          <geotracker:meta c="5.94" s="21.83" />
        </extensions>
      </trkpt>
      <trkpt lat="-19.12354301" lon="138.95607915">
        <ele>218.55</ele>
        <time>2026-09-03T04:10:27Z</time>
        <extensions>
          <geotracker:meta c="5.39" s="21.61" />
        </extensions>
      </trkpt>
      <trkpt lat="-19.12263345" lon="138.95462449">
        <ele>219.92</ele>
        <time>2026-09-03T04:10:36Z</time>
        <extensions>
          <geotracker:meta c="5.3" s="19.23" />
        </extensions>
      </trkpt>
      <trkpt lat="-19.12153926" lon="138.9533711">
        <ele>220.93</ele>
        <time>2026-09-03T04:10:45Z</time>
        <extensions>
          <geotracker:meta c="5.65" s="20.56" />
        </extensions>
      </trkpt>
      <trkpt lat="-19.12019147" lon="138.95238336">
        <ele>219.71</ele>
        <time>2026-09-03T04:10:54Z</time>
        <extensions>
          <geotracker:meta c="5.66" s="19.52" />
        </extensions>
      </trkpt>
      <trkpt lat="-19.11750925" lon="138.95040169">
        <ele>221.42</ele>
        <time>2026-09-03T04:11:12Z</time>
        <extensions>
          <geotracker:meta c="5.68" s="20.07" />
        </extensions>
      </trkpt>
      <trkpt lat="-19.11625517" lon="138.94926844">
        <ele>225.94</ele>
        <time>2026-09-03T04:11:21Z</time>
        <extensions>
          <geotracker:meta c="5.39" s="18.92" />
        </extensions>
      </trkpt>
      <trkpt lat="-19.11514517" lon="138.94843579">
        <ele>227.71</ele>
        <time>2026-09-03T04:11:30Z</time>
        <extensions>
          <geotracker:meta c="5.92" s="18.49" />
        </extensions>
      </trkpt>
      <trkpt lat="-19.11375029" lon="138.94759541">
        <ele>225.73</ele>
        <time>2026-09-03T04:11:39Z</time>
        <extensions>
          <geotracker:meta c="5.66" s="20.46" />
        </extensions>
      </trkpt>
      <trkpt lat="-19.11255538" lon="138.9465664">
        <ele>227.31</ele>
        <time>2026-09-03T04:11:48Z</time>
        <extensions>
          <geotracker:meta c="5.36" s="17.56" />
        </extensions>
      </trkpt>
      <trkpt lat="-19.11201403" lon="138.94512227">
        <ele>227.44</ele>
        <time>2026-09-03T04:11:57Z</time>
        <extensions>
          <geotracker:meta c="4.96" s="19.82" />
        </extensions>
      </trkpt>
      <trkpt lat="-19.11168528" lon="138.94341026">
        <ele>226.71</ele>
        <time>2026-09-03T04:12:06Z</time>
        <extensions>
          <geotracker:meta c="4.92" s="20.1" />
        </extensions>
      </trkpt>
      <trkpt lat="-19.11107087" lon="138.94192803">
        <ele>229.66</ele>
        <time>2026-09-03T04:12:15Z</time>
        <extensions>
          <geotracker:meta c="5.21" s="20.19" />
        </extensions>
      </trkpt>
      <trkpt lat="-19.11027275" lon="138.9404859">
        <ele>232.31</ele>
        <time>2026-09-03T04:12:24Z</time>
        <extensions>
          <geotracker:meta c="5.27" s="19.48" />
        </extensions>
      </trkpt>
      <trkpt lat="-19.10857254" lon="138.93750718">
        <ele>233.9</ele>
        <time>2026-09-03T04:12:42Z</time>
        <extensions>
          <geotracker:meta c="5.25" s="20.02" />
        </extensions>
      </trkpt>
      <trkpt lat="-19.10774553" lon="138.93604087">
        <ele>233.06</ele>
        <time>2026-09-03T04:12:51Z</time>
        <extensions>
          <geotracker:meta c="5.26" s="19.76" />
        </extensions>
      </trkpt>
      <trkpt lat="-19.10688811" lon="138.93452626">
        <ele>232.22</ele>
        <time>2026-09-03T04:13:00Z</time>
        <extensions>
          <geotracker:meta c="5.25" s="21.32" />
        </extensions>
      </trkpt>
      <trkpt lat="-19.10600097" lon="138.93294906">
        <ele>231.18</ele>
        <time>2026-09-03T04:13:09Z</time>
        <extensions>
          <geotracker:meta c="5.27" s="20.96" />
        </extensions>
      </trkpt>
      <trkpt lat="-19.10516026" lon="138.93147635">
        <ele>230.33</ele>
        <time>2026-09-03T04:13:18Z</time>
        <extensions>
          <geotracker:meta c="5.24" s="19.43" />
        </extensions>
      </trkpt>
      <trkpt lat="-19.10430297" lon="138.92998158">
        <ele>229.27</ele>
        <time>2026-09-03T04:13:27Z</time>
        <extensions>
          <geotracker:meta c="5.24" s="20.93" />
        </extensions>
      </trkpt>
      <trkpt lat="-19.10342641" lon="138.92843795">
        <ele>230.75</ele>
        <time>2026-09-03T04:13:36Z</time>
        <extensions>
          <geotracker:meta c="5.24" s="21.35" />
        </extensions>
      </trkpt>
      <trkpt lat="-19.10252789" lon="138.92686226">
        <ele>229.99</ele>
        <time>2026-09-03T04:13:45Z</time>
        <extensions>
          <geotracker:meta c="5.26" s="21.41" />
        </extensions>
      </trkpt>
      <trkpt lat="-19.10162875" lon="138.92529595">
        <ele>228.81</ele>
        <time>2026-09-03T04:13:54Z</time>
        <extensions>
          <geotracker:meta c="5.26" s="21.01" />
        </extensions>
      </trkpt>
      <trkpt lat="-19.09981638" lon="138.92213591">
        <ele>227.85</ele>
        <time>2026-09-03T04:14:12Z</time>
        <extensions>
          <geotracker:meta c="5.27" s="22.29" />
        </extensions>
      </trkpt>
      <trkpt lat="-19.09874801" lon="138.92059883">
        <ele>230.55</ele>
        <time>2026-09-03T04:14:21Z</time>
        <extensions>
          <geotracker:meta c="5.43" s="22.18" />
        </extensions>
      </trkpt>
      <trkpt lat="-19.09742573" lon="138.91924663">
        <ele>226.86</ele>
        <time>2026-09-03T04:14:30Z</time>
        <extensions>
          <geotracker:meta c="5.59" s="21.84" />
        </extensions>
      </trkpt>
      <trkpt lat="-19.09610671" lon="138.9181129">
        <ele>227.42</ele>
        <time>2026-09-03T04:14:39Z</time>
        <extensions>
          <geotracker:meta c="5.61" s="20.22" />
        </extensions>
      </trkpt>
      <trkpt lat="-19.09475913" lon="138.91697846">
        <ele>229.14</ele>
        <time>2026-09-03T04:14:48Z</time>
        <extensions>
          <geotracker:meta c="5.6" s="21.89" />
        </extensions>
      </trkpt>
      <trkpt lat="-19.09339046" lon="138.91581695">
        <ele>229.77</ele>
        <time>2026-09-03T04:14:57Z</time>
        <extensions>
          <geotracker:meta c="5.61" s="21.16" />
        </extensions>
      </trkpt>
      <trkpt lat="-19.09210485" lon="138.91464657">
        <ele>229.38</ele>
        <time>2026-09-03T04:15:06Z</time>
        <extensions>
          <geotracker:meta c="5.48" s="20.96" />
        </extensions>
      </trkpt>
      <trkpt lat="-19.09139562" lon="138.91320637">
        <ele>227.79</ele>
        <time>2026-09-03T04:15:15Z</time>
        <extensions>
          <geotracker:meta c="4.99" s="19.36" />
        </extensions>
      </trkpt>
      <trkpt lat="-19.09106821" lon="138.9117145">
        <ele>229.34</ele>
        <time>2026-09-03T04:15:24Z</time>
        <extensions>
          <geotracker:meta c="4.99" s="16.69" />
        </extensions>
      </trkpt>
      <trkpt lat="-19.08941771" lon="138.91004005">
        <ele>233.58</ele>
        <time>2026-09-03T04:15:42Z</time>
        <extensions>
          <geotracker:meta c="5.63" s="15.86" />
        </extensions>
      </trkpt>
      <trkpt lat="-19.08840353" lon="138.9092147">
        <ele>237</ele>
        <time>2026-09-03T04:15:51Z</time>
        <extensions>
          <geotracker:meta c="5.67" s="15.29" />
        </extensions>
      </trkpt>
      <trkpt lat="-19.08731887" lon="138.90837754">
        <ele>232.68</ele>
        <time>2026-09-03T04:16:00Z</time>
        <extensions>
          <geotracker:meta c="5.65" s="18.45" />
        </extensions>
      </trkpt>
      <trkpt lat="-19.08602259" lon="138.90744121">
        <ele>228.01</ele>
        <time>2026-09-03T04:16:09Z</time>
        <extensions>
          <geotracker:meta c="5.69" s="20.3" />
        </extensions>
      </trkpt>
      <trkpt lat="-19.08467096" lon="138.90648589">
        <ele>227.65</ele>
        <time>2026-09-03T04:16:18Z</time>
        <extensions>
          <geotracker:meta c="5.7" s="19.69" />
        </extensions>
      </trkpt>
      <trkpt lat="-19.08335751" lon="138.90555592">
        <ele>229.07</ele>
        <time>2026-09-03T04:16:27Z</time>
        <extensions>
          <geotracker:meta c="5.7" s="19.61" />
        </extensions>
      </trkpt>
      <trkpt lat="-19.08212911" lon="138.90453596">
        <ele>227.53</ele>
        <time>2026-09-03T04:16:36Z</time>
        <extensions>
          <geotracker:meta c="5.48" s="18.29" />
        </extensions>
      </trkpt>
      <trkpt lat="-19.08109272" lon="138.90352454">
        <ele>226.91</ele>
        <time>2026-09-03T04:16:45Z</time>
        <extensions>
          <geotracker:meta c="5.68" s="17.49" />
        </extensions>
      </trkpt>
      <trkpt lat="-19.07985964" lon="138.90263927">
        <ele>226.46</ele>
        <time>2026-09-03T04:16:54Z</time>
        <extensions>
          <geotracker:meta c="5.7" s="19.47" />
        </extensions>
      </trkpt>
      <trkpt lat="-19.07714087" lon="138.90071364">
        <ele>222.57</ele>
        <time>2026-09-03T04:17:12Z</time>
        <extensions>
          <geotracker:meta c="5.68" s="21.16" />
        </extensions>
      </trkpt>
      <trkpt lat="-19.07569197" lon="138.89969275">
        <ele>220.29</ele>
        <time>2026-09-03T04:17:21Z</time>
        <extensions>
          <geotracker:meta c="5.69" s="21.91" />
        </extensions>
      </trkpt>
      <trkpt lat="-19.07421722" lon="138.89864604">
        <ele>219.14</ele>
        <time>2026-09-03T04:17:30Z</time>
        <extensions>
          <geotracker:meta c="5.71" s="21.96" />
        </extensions>
      </trkpt>
      <trkpt lat="-19.07268566" lon="138.89758398">
        <ele>218.61</ele>
        <time>2026-09-03T04:17:39Z</time>
        <extensions>
          <geotracker:meta c="5.7" s="22.57" />
        </extensions>
      </trkpt>
      <trkpt lat="-19.07117272" lon="138.89652943">
        <ele>218.09</ele>
        <time>2026-09-03T04:17:48Z</time>
        <extensions>
          <geotracker:meta c="5.68" s="22.57" />
        </extensions>
      </trkpt>
      <trkpt lat="-19.06966442" lon="138.89546231">
        <ele>214.68</ele>
        <time>2026-09-03T04:17:57Z</time>
        <extensions>
          <geotracker:meta c="5.68" s="21.31" />
        </extensions>
      </trkpt>
      <trkpt lat="-19.06821937" lon="138.89443681">
        <ele>211.93</ele>
        <time>2026-09-03T04:18:06Z</time>
        <extensions>
          <geotracker:meta c="5.68" s="21.58" />
        </extensions>
      </trkpt>
      <trkpt lat="-19.06671706" lon="138.89337378">
        <ele>212.38</ele>
        <time>2026-09-03T04:18:15Z</time>
        <extensions>
          <geotracker:meta c="5.69" s="22.79" />
        </extensions>
      </trkpt>
      <trkpt lat="-19.06522596" lon="138.89229362">
        <ele>213.68</ele>
        <time>2026-09-03T04:18:24Z</time>
        <extensions>
          <geotracker:meta c="5.68" s="22.46" />
        </extensions>
      </trkpt>
      <trkpt lat="-19.06223272" lon="138.8901437">
        <ele>211.37</ele>
        <time>2026-09-03T04:18:42Z</time>
        <extensions>
          <geotracker:meta c="5.69" s="20.4" />
        </extensions>
      </trkpt>
      <trkpt lat="-19.0608447" lon="138.88923259">
        <ele>213.93</ele>
        <time>2026-09-03T04:18:51Z</time>
        <extensions>
          <geotracker:meta c="5.75" s="19.58" />
        </extensions>
      </trkpt>
      <trkpt lat="-19.05956034" lon="138.8883183">
        <ele>214.54</ele>
        <time>2026-09-03T04:19:00Z</time>
        <extensions>
          <geotracker:meta c="5.62" s="19.47" />
        </extensions>
      </trkpt>
      <trkpt lat="-19.05832641" lon="138.88735315">
        <ele>214.4</ele>
        <time>2026-09-03T04:19:09Z</time>
        <extensions>
          <geotracker:meta c="5.67" s="18.34" />
        </extensions>
      </trkpt>
      <trkpt lat="-19.05715929" lon="138.88653344">
        <ele>216.91</ele>
        <time>2026-09-03T04:19:18Z</time>
        <extensions>
          <geotracker:meta c="5.72" s="16.88" />
        </extensions>
      </trkpt>
      <trkpt lat="-19.05595742" lon="138.88566232">
        <ele>219.75</ele>
        <time>2026-09-03T04:19:27Z</time>
        <extensions>
          <geotracker:meta c="5.69" s="18.95" />
        </extensions>
      </trkpt>
      <trkpt lat="-19.05462904" lon="138.88468738">
        <ele>221.72</ele>
        <time>2026-09-03T04:19:36Z</time>
        <extensions>
          <geotracker:meta c="5.66" s="19.99" />
        </extensions>
      </trkpt>
      <trkpt lat="-19.05341362" lon="138.88361274">
        <ele>222.38</ele>
        <time>2026-09-03T04:19:45Z</time>
        <extensions>
          <geotracker:meta c="5.5" s="20.14" />
        </extensions>
      </trkpt>
      <trkpt lat="-19.05258933" lon="138.88222788">
        <ele>223.1</ele>
        <time>2026-09-03T04:19:54Z</time>
        <extensions>
          <geotracker:meta c="5.04" s="18.8" />
        </extensions>
      </trkpt>
      <trkpt lat="-19.05193542" lon="138.87915716">
        <ele>227.93</ele>
        <time>2026-09-03T04:20:12Z</time>
        <extensions>
          <geotracker:meta c="4.92" s="17.77" />
        </extensions>
      </trkpt>
      <trkpt lat="-19.05152848" lon="138.8771772">
        <ele>228.33</ele>
        <time>2026-09-03T04:20:23Z</time>
        <extensions>
          <geotracker:meta c="4.93" s="20.52" />
        </extensions>
      </trkpt>
      <trkpt lat="-19.05121197" lon="138.87545481">
        <ele>231.63</ele>
        <time>2026-09-03T04:20:32Z</time>
        <extensions>
          <geotracker:meta c="4.8" s="20.33" />
        </extensions>
      </trkpt>
      <trkpt lat="-19.05128163" lon="138.8737558">
        <ele>228.55</ele>
        <time>2026-09-03T04:20:41Z</time>
        <extensions>
          <geotracker:meta c="4.6" s="19.84" />
        </extensions>
      </trkpt>
      <trkpt lat="-19.05136684" lon="138.87204611">
        <ele>226.88</ele>
        <time>2026-09-03T04:20:50Z</time>
        <extensions>
          <geotracker:meta c="4.77" s="20.78" />
        </extensions>
      </trkpt>
      <trkpt lat="-19.05102489" lon="138.87018641">
        <ele>222.55</ele>
        <time>2026-09-03T04:21:00Z</time>
        <extensions>
          <geotracker:meta c="4.97" s="20.95" />
        </extensions>
      </trkpt>
      <trkpt lat="-19.05063747" lon="138.86841267">
        <ele>217.05</ele>
        <time>2026-09-03T04:21:09Z</time>
        <extensions>
          <geotracker:meta c="4.91" s="21.72" />
        </extensions>
      </trkpt>
      <trkpt lat="-19.05027214" lon="138.86655346">
        <ele>214.99</ele>
        <time>2026-09-03T04:21:18Z</time>
        <extensions>
          <geotracker:meta c="4.92" s="23.69" />
        </extensions>
      </trkpt>
      <trkpt lat="-19.04991145" lon="138.86475758">
        <ele>211.39</ele>
        <time>2026-09-03T04:21:27Z</time>
        <extensions>
          <geotracker:meta c="4.91" s="19.19" />
        </extensions>
      </trkpt>
      <trkpt lat="-19.04958949" lon="138.86311513">
        <ele>212.7</ele>
        <time>2026-09-03T04:21:36Z</time>
        <extensions>
          <geotracker:meta c="4.93" s="19.86" />
        </extensions>
      </trkpt>
      <trkpt lat="-19.0491069" lon="138.86152784">
        <ele>208.8</ele>
        <time>2026-09-03T04:21:45Z</time>
        <extensions>
          <geotracker:meta c="5.1" s="18.09" />
        </extensions>
      </trkpt>
      <trkpt lat="-19.04790316" lon="138.85849945">
        <ele>208.2</ele>
        <time>2026-09-03T04:22:03Z</time>
        <extensions>
          <geotracker:meta c="5.11" s="19.67" />
        </extensions>
      </trkpt>
      <trkpt lat="-19.04731615" lon="138.85702295">
        <ele>207.98</ele>
        <time>2026-09-03T04:22:12Z</time>
        <extensions>
          <geotracker:meta c="5.1" s="18.33" />
        </extensions>
      </trkpt>
      <trkpt lat="-19.04668887" lon="138.85547081">
        <ele>209.72</ele>
        <time>2026-09-03T04:22:21Z</time>
        <extensions>
          <geotracker:meta c="5.13" s="20.93" />
        </extensions>
      </trkpt>
      <trkpt lat="-19.04601705" lon="138.8537812">
        <ele>210.56</ele>
        <time>2026-09-03T04:22:30Z</time>
        <extensions>
          <geotracker:meta c="5.12" s="21.91" />
        </extensions>
      </trkpt>
      <trkpt lat="-19.04539196" lon="138.85209169">
        <ele>208.03</ele>
        <time>2026-09-03T04:22:39Z</time>
        <extensions>
          <geotracker:meta c="5.01" s="20.6" />
        </extensions>
      </trkpt>
      <trkpt lat="-19.04512148" lon="138.85032384">
        <ele>209.81</ele>
        <time>2026-09-03T04:22:48Z</time>
        <extensions>
          <geotracker:meta c="4.82" s="22" />
        </extensions>
      </trkpt>
      <trkpt lat="-19.0449575" lon="138.84838922">
        <ele>208.6</ele>
        <time>2026-09-03T04:22:57Z</time>
        <extensions>
          <geotracker:meta c="4.79" s="22.04" />
        </extensions>
      </trkpt>
      <trkpt lat="-19.04479772" lon="138.84651253">
        <ele>209.22</ele>
        <time>2026-09-03T04:23:06Z</time>
        <extensions>
          <geotracker:meta c="4.81" s="22.52" />
        </extensions>
      </trkpt>
      <trkpt lat="-19.04446253" lon="138.84273866">
        <ele>201.09</ele>
        <time>2026-09-03T04:23:24Z</time>
        <extensions>
          <geotracker:meta c="4.8" s="22.36" />
        </extensions>
      </trkpt>
      <trkpt lat="-19.04418123" lon="138.84107145">
        <ele>201.29</ele>
        <time>2026-09-03T04:23:33Z</time>
        <extensions>
          <geotracker:meta c="5.05" s="18.44" />
        </extensions>
      </trkpt>
      <trkpt lat="-19.0436067" lon="138.83954971">
        <ele>203.38</ele>
        <time>2026-09-03T04:23:42Z</time>
        <extensions>
          <geotracker:meta c="5.12" s="19.48" />
        </extensions>
      </trkpt>
      <trkpt lat="-19.04296397" lon="138.83827626">
        <ele>202.98</ele>
        <time>2026-09-03T04:23:51Z</time>
        <extensions>
          <geotracker:meta c="5.33" s="16.35" />
        </extensions>
      </trkpt>
      <trkpt lat="-19.04205026" lon="138.83715369">
        <ele>200.81</ele>
        <time>2026-09-03T04:24:00Z</time>
        <extensions>
          <geotracker:meta c="5.43" s="17.92" />
        </extensions>
      </trkpt>
      <trkpt lat="-19.0410644" lon="138.83600641">
        <ele>204.32</ele>
        <time>2026-09-03T04:24:09Z</time>
        <extensions>
          <geotracker:meta c="5.43" s="18.76" />
        </extensions>
      </trkpt>
      <trkpt lat="-19.04014915" lon="138.83477976">
        <ele>200.06</ele>
        <time>2026-09-03T04:24:18Z</time>
        <extensions>
          <geotracker:meta c="5.24" s="17.06" />
        </extensions>
      </trkpt>
      <trkpt lat="-19.0398131" lon="138.83338681">
        <ele>200.19</ele>
        <time>2026-09-03T04:24:27Z</time>
        <extensions>
          <geotracker:meta c="4.75" s="18.26" />
        </extensions>
      </trkpt>
      <trkpt lat="-19.03976434" lon="138.83178949">
        <ele>202.12</ele>
        <time>2026-09-03T04:24:36Z</time>
        <extensions>
          <geotracker:meta c="4.77" s="19.12" />
        </extensions>
      </trkpt>
      <trkpt lat="-19.04003188" lon="138.82884213">
        <ele>204.12</ele>
        <time>2026-09-03T04:24:54Z</time>
        <extensions>
          <geotracker:meta c="4.66" s="16.79" />
        </extensions>
      </trkpt>
      <trkpt lat="-19.03980272" lon="138.82748977">
        <ele>198.89</ele>
        <time>2026-09-03T04:25:03Z</time>
        <extensions>
          <geotracker:meta c="4.91" s="18.52" />
        </extensions>
      </trkpt>
      <trkpt lat="-19.03942422" lon="138.82586438">
        <ele>195.83</ele>
        <time>2026-09-03T04:25:12Z</time>
        <extensions>
          <geotracker:meta c="5.06" s="19.74" />
        </extensions>
      </trkpt>
      <trkpt lat="-19.0386012" lon="138.82436828">
        <ele>194.88</ele>
        <time>2026-09-03T04:25:21Z</time>
        <extensions>
          <geotracker:meta c="5.33" s="20.23" />
        </extensions>
      </trkpt>
      <trkpt lat="-19.03771522" lon="138.82294274">
        <ele>194.81</ele>
        <time>2026-09-03T04:25:30Z</time>
        <extensions>
          <geotracker:meta c="5.13" s="18.58" />
        </extensions>
      </trkpt>
      <trkpt lat="-19.03783044" lon="138.82158336">
        <ele>193.67</ele>
        <time>2026-09-03T04:25:39Z</time>
        <extensions>
          <geotracker:meta c="4.36" s="16.43" />
        </extensions>
      </trkpt>
      <trkpt lat="-19.03853773" lon="138.82027916">
        <ele>193.37</ele>
        <time>2026-09-03T04:25:48Z</time>
        <extensions>
          <geotracker:meta c="4.07" s="17.93" />
        </extensions>
      </trkpt>
      <trkpt lat="-19.03938172" lon="138.81904649">
        <ele>197.27</ele>
        <time>2026-09-03T04:25:57Z</time>
        <extensions>
          <geotracker:meta c="4.17" s="15.77" />
        </extensions>
      </trkpt>
      <trkpt lat="-19.04018139" lon="138.81769115">
        <ele>192.61</ele>
        <time>2026-09-03T04:26:06Z</time>
        <extensions>
          <geotracker:meta c="4.15" s="21.31" />
        </extensions>
      </trkpt>
      <trkpt lat="-19.04110482" lon="138.8149674">
        <ele>191.53</ele>
        <time>2026-09-03T04:26:24Z</time>
        <extensions>
          <geotracker:meta c="4.9" s="15.17" />
        </extensions>
      </trkpt>
      <trkpt lat="-19.04144581" lon="138.81379304">
        <ele>189.59</ele>
        <time>2026-09-03T04:26:33Z</time>
        <extensions>
          <geotracker:meta c="4.15" s="15.88" />
        </extensions>
      </trkpt>
      <trkpt lat="-19.04214991" lon="138.8126099">
        <ele>189.43</ele>
        <time>2026-09-03T04:26:42Z</time>
        <extensions>
          <geotracker:meta c="4.13" s="16.62" />
        </extensions>
      </trkpt>
      <trkpt lat="-19.04283084" lon="138.81141627">
        <ele>190.53</ele>
        <time>2026-09-03T04:26:51Z</time>
        <extensions>
          <geotracker:meta c="4.43" s="16.5" />
        </extensions>
      </trkpt>
      <trkpt lat="-19.04282323" lon="138.81005857">
        <ele>190.05</ele>
        <time>2026-09-03T04:27:00Z</time>
        <extensions>
          <geotracker:meta c="4.95" s="16.99" />
        </extensions>
      </trkpt>
      <trkpt lat="-19.04233062" lon="138.80855303">
        <ele>190.85</ele>
        <time>2026-09-03T04:27:09Z</time>
        <extensions>
          <geotracker:meta c="5.08" s="19.02" />
        </extensions>
      </trkpt>
      <trkpt lat="-19.04176938" lon="138.80701163">
        <ele>188.9</ele>
        <time>2026-09-03T04:27:18Z</time>
        <extensions>
          <geotracker:meta c="5.08" s="18.98" />
        </extensions>
      </trkpt>
      <trkpt lat="-19.0412454" lon="138.80555648">
        <ele>188.66</ele>
        <time>2026-09-03T04:27:27Z</time>
        <extensions>
          <geotracker:meta c="5.07" s="17.46" />
        </extensions>
      </trkpt>
      <trkpt lat="-19.04089447" lon="138.80414695">
        <ele>193.14</ele>
        <time>2026-09-03T04:27:36Z</time>
        <extensions>
          <geotracker:meta c="4.74" s="18.17" />
        </extensions>
      </trkpt>
      <trkpt lat="-19.04150631" lon="138.80121621">
        <ele>196.83</ele>
        <time>2026-09-03T04:27:54Z</time>
        <extensions>
          <geotracker:meta c="4.28" s="15.39" />
        </extensions>
      </trkpt>
      <trkpt lat="-19.04188305" lon="138.80021958">
        <ele>196.18</ele>
        <time>2026-09-03T04:28:03Z</time>
        <extensions>
          <geotracker:meta c="4.83" s="13.79" />
        </extensions>
      </trkpt>
      <trkpt lat="-19.04136938" lon="138.79899954">
        <ele>193.96</ele>
        <time>2026-09-03T04:28:12Z</time>
        <extensions>
          <geotracker:meta c="5.17" s="16.7" />
        </extensions>
      </trkpt>
      <trkpt lat="-19.04069608" lon="138.7977389">
        <ele>197.67</ele>
        <time>2026-09-03T04:28:21Z</time>
        <extensions>
          <geotracker:meta c="5.19" s="16" />
        </extensions>
      </trkpt>
      <trkpt lat="-19.04006205" lon="138.79662397">
        <ele>200.91</ele>
        <time>2026-09-03T04:28:30Z</time>
        <extensions>
          <geotracker:meta c="5.35" s="15.9" />
        </extensions>
      </trkpt>
      <trkpt lat="-19.03925604" lon="138.7954123">
        <ele>204.64</ele>
        <time>2026-09-03T04:28:39Z</time>
        <extensions>
          <geotracker:meta c="5.3" s="17.75" />
        </extensions>
      </trkpt>
      <trkpt lat="-19.03831138" lon="138.79445437">
        <ele>202.92</ele>
        <time>2026-09-03T04:28:48Z</time>
        <extensions>
          <geotracker:meta c="5.71" s="16.84" />
        </extensions>
      </trkpt>
      <trkpt lat="-19.03710719" lon="138.79352154">
        <ele>196.94</ele>
        <time>2026-09-03T04:28:57Z</time>
        <extensions>
          <geotracker:meta c="5.58" s="18.89" />
        </extensions>
      </trkpt>
      <trkpt lat="-19.03634737" lon="138.79224009">
        <ele>194.82</ele>
        <time>2026-09-03T04:29:06Z</time>
        <extensions>
          <geotracker:meta c="4.89" s="16.85" />
        </extensions>
      </trkpt>
      <trkpt lat="-19.03675829" lon="138.78903419">
        <ele>185.16</ele>
        <time>2026-09-03T04:29:24Z</time>
        <extensions>
          <geotracker:meta c="4.71" s="19.8" />
        </extensions>
      </trkpt>
      <trkpt lat="-19.03680938" lon="138.78733038">
        <ele>188.6</ele>
        <time>2026-09-03T04:29:33Z</time>
        <extensions>
          <geotracker:meta c="4.67" s="20.24" />
        </extensions>
      </trkpt>
      <trkpt lat="-19.03678561" lon="138.78567914">
        <ele>188.26</ele>
        <time>2026-09-03T04:29:42Z</time>
        <extensions>
          <geotracker:meta c="4.75" s="18.61" />
        </extensions>
      </trkpt>
      <trkpt lat="-19.03647657" lon="138.78407374">
        <ele>187.66</ele>
        <time>2026-09-03T04:29:51Z</time>
        <extensions>
          <geotracker:meta c="5.02" s="18.66" />
        </extensions>
      </trkpt>
      <trkpt lat="-19.03575797" lon="138.78276945">
        <ele>187.44</ele>
        <time>2026-09-03T04:30:00Z</time>
        <extensions>
          <geotracker:meta c="5.52" s="17.99" />
        </extensions>
      </trkpt>
      <trkpt lat="-19.03453963" lon="138.78184811">
        <ele>187.86</ele>
        <time>2026-09-03T04:30:09Z</time>
        <extensions>
          <geotracker:meta c="5.67" s="18.62" />
        </extensions>
      </trkpt>
      <trkpt lat="-19.03335675" lon="138.78073392">
        <ele>187.55</ele>
        <time>2026-09-03T04:30:18Z</time>
        <extensions>
          <geotracker:meta c="5.48" s="19.92" />
        </extensions>
      </trkpt>
      <trkpt lat="-19.03216498" lon="138.77962613">
        <ele>187.41</ele>
        <time>2026-09-03T04:30:27Z</time>
        <extensions>
          <geotracker:meta c="5.62" s="18.73" />
        </extensions>
      </trkpt>
      <trkpt lat="-19.03132254" lon="138.77846241">
        <ele>186.64</ele>
        <time>2026-09-03T04:30:36Z</time>
        <extensions>
          <geotracker:meta c="5.22" s="15.91" />
        </extensions>
      </trkpt>
      <trkpt lat="-19.03045055" lon="138.77619879">
        <ele>181.63</ele>
        <time>2026-09-03T04:30:54Z</time>
        <extensions>
          <geotracker:meta c="4.52" s="15.73" />
        </extensions>
      </trkpt>
      <trkpt lat="-19.0307986" lon="138.77476825">
        <ele>184.98</ele>
        <time>2026-09-03T04:31:03Z</time>
        <extensions>
          <geotracker:meta c="4.34" s="14.98" />
        </extensions>
      </trkpt>
      <trkpt lat="-19.0305391" lon="138.77380996">
        <ele>186.87</ele>
        <time>2026-09-03T04:31:12Z</time>
        <extensions>
          <geotracker:meta c="5.57" s="14.56" />
        </extensions>
      </trkpt>
      <trkpt lat="-19.0294038" lon="138.77311324">
        <ele>187.9</ele>
        <time>2026-09-03T04:31:21Z</time>
        <extensions>
          <geotracker:meta c="5.77" s="16.96" />
        </extensions>
      </trkpt>
      <trkpt lat="-19.02814482" lon="138.77226777">
        <ele>187.29</ele>
        <time>2026-09-03T04:31:30Z</time>
        <extensions>
          <geotracker:meta c="5.62" s="19.09" />
        </extensions>
      </trkpt>
      <trkpt lat="-19.02685098" lon="138.77138666">
        <ele>186.37</ele>
        <time>2026-09-03T04:31:39Z</time>
        <extensions>
          <geotracker:meta c="5.91" s="18.62" />
        </extensions>
      </trkpt>
      <trkpt lat="-19.02581974" lon="138.77028999">
        <ele>183.92</ele>
        <time>2026-09-03T04:31:48Z</time>
        <extensions>
          <geotracker:meta c="5.31" s="19.85" />
        </extensions>
      </trkpt>
      <trkpt lat="-19.02481962" lon="138.76886066">
        <ele>184.81</ele>
        <time>2026-09-03T04:31:57Z</time>
        <extensions>
          <geotracker:meta c="5.27" s="20.61" />
        </extensions>
      </trkpt>
      <trkpt lat="-19.02377354" lon="138.76764633">
        <ele>184.31</ele>
        <time>2026-09-03T04:32:06Z</time>
        <extensions>
          <geotracker:meta c="5.57" s="18.63" />
        </extensions>
      </trkpt>
      <trkpt lat="-19.02239417" lon="138.76497429">
        <ele>183.7</ele>
        <time>2026-09-03T04:32:24Z</time>
        <extensions>
          <geotracker:meta c="5.46" s="14.96" />
        </extensions>
      </trkpt>
      <trkpt lat="-19.02221806" lon="138.76390566">
        <ele>179.76</ele>
        <time>2026-09-03T04:32:33Z</time>
        <extensions>
          <geotracker:meta c="4.23" s="13.13" />
        </extensions>
      </trkpt>
      <trkpt lat="-19.0226103" lon="138.76322804">
        <ele>173.19</ele>
        <time>2026-09-03T04:32:42Z</time>
        <extensions>
          <geotracker:meta c="4.17" s="6.05" />
        </extensions>
      </trkpt>
      <trkpt lat="-19.0228663" lon="138.7627328">
        <ele>169.71</ele>
        <time>2026-09-03T04:33:00Z</time>
        <extensions>
          <geotracker:meta c="4.21" s="3.03" />
        </extensions>
      </trkpt>
      <trkpt lat="-19.02305551" lon="138.76215982">
        <ele>172.53</ele>
        <time>2026-09-03T04:33:18Z</time>
        <extensions>
          <geotracker:meta c="4.44" s="5.39" />
        </extensions>
      </trkpt>
      <trkpt lat="-19.02344359" lon="138.76158904">
        <ele>175.35</ele>
        <time>2026-09-03T04:33:27Z</time>
        <extensions>
          <geotracker:meta c="3.89" s="10.08" />
        </extensions>
      </trkpt>
      <trkpt lat="-19.02406818" lon="138.76096998">
        <ele>179.57</ele>
        <time>2026-09-03T04:33:36Z</time>
        <extensions>
          <geotracker:meta c="3.81" s="10.63" />
        </extensions>
      </trkpt>
      <trkpt lat="-19.02558201" lon="138.75973783">
        <ele>183.57</ele>
        <time>2026-09-03T04:33:54Z</time>
        <extensions>
          <geotracker:meta c="3.47" s="13.59" />
        </extensions>
      </trkpt>
      <trkpt lat="-19.02656672" lon="138.75948255">
        <ele>185.74</ele>
        <time>2026-09-03T04:34:03Z</time>
        <extensions>
          <geotracker:meta c="3.77" s="9.64" />
        </extensions>
      </trkpt>
      <trkpt lat="-19.02640467" lon="138.75872109">
        <ele>184.55</ele>
        <time>2026-09-03T04:34:12Z</time>
        <extensions>
          <geotracker:meta c="5.27" s="12.59" />
        </extensions>
      </trkpt>
      <trkpt lat="-19.02573193" lon="138.75798931">
        <ele>185.13</ele>
        <time>2026-09-03T04:34:21Z</time>
        <extensions>
          <geotracker:meta c="5.86" s="11.82" />
        </extensions>
      </trkpt>
      <trkpt lat="-19.02543447" lon="138.7570932">
        <ele>180.89</ele>
        <time>2026-09-03T04:34:30Z</time>
        <extensions>
          <geotracker:meta c="4.42" s="13.86" />
        </extensions>
      </trkpt>
      <trkpt lat="-19.02591261" lon="138.75585772">
        <ele>176.28</ele>
        <time>2026-09-03T04:34:40Z</time>
        <extensions>
          <geotracker:meta c="4.04" s="12.18" />
        </extensions>
      </trkpt>
      <trkpt lat="-19.02649143" lon="138.75496198">
        <ele>177.22</ele>
        <time>2026-09-03T04:34:49Z</time>
        <extensions>
          <geotracker:meta c="3.9" s="13.13" />
        </extensions>
      </trkpt>
      <trkpt lat="-19.02726191" lon="138.75436118">
        <ele>179.47</ele>
        <time>2026-09-03T04:34:58Z</time>
        <extensions>
          <geotracker:meta c="4.24" s="12.37" />
        </extensions>
      </trkpt>
      <trkpt lat="-19.02780131" lon="138.75332643">
        <ele>181.96</ele>
        <time>2026-09-03T04:35:07Z</time>
        <extensions>
          <geotracker:meta c="4.17" s="14.02" />
        </extensions>
      </trkpt>
      <trkpt lat="-19.02802483" lon="138.75211024">
        <ele>182.66</ele>
        <time>2026-09-03T04:35:16Z</time>
        <extensions>
          <geotracker:meta c="4.38" s="15.27" />
        </extensions>
      </trkpt>
      <trkpt lat="-19.02872854" lon="138.74925165">
        <ele>183.56</ele>
        <time>2026-09-03T04:35:35Z</time>
        <extensions>
          <geotracker:meta c="4.84" s="18.09" />
        </extensions>
      </trkpt>
      <trkpt lat="-19.02899232" lon="138.74784842">
        <ele>183.2</ele>
        <time>2026-09-03T04:35:44Z</time>
        <extensions>
          <geotracker:meta c="4.37" s="15.27" />
        </extensions>
      </trkpt>
      <trkpt lat="-19.02932337" lon="138.74684445">
        <ele>182.78</ele>
        <time>2026-09-03T04:35:53Z</time>
        <extensions>
          <geotracker:meta c="4.35" s="9.03" />
        </extensions>
      </trkpt>
      <trkpt lat="-19.02986649" lon="138.74564985">
        <ele>183.71</ele>
        <time>2026-09-03T04:36:12Z</time>
        <extensions>
          <geotracker:meta c="4.25" s="12.72" />
        </extensions>
      </trkpt>
      <trkpt lat="-19.03032082" lon="138.74455991">
        <ele>183.84</ele>
        <time>2026-09-03T04:36:21Z</time>
        <extensions>
          <geotracker:meta c="4.43" s="14.37" />
        </extensions>
      </trkpt>
      <trkpt lat="-19.03051195" lon="138.74322829">
        <ele>183.54</ele>
        <time>2026-09-03T04:36:31Z</time>
        <extensions>
          <geotracker:meta c="4.62" s="13.54" />
        </extensions>
      </trkpt>
      <trkpt lat="-19.03035838" lon="138.74214945">
        <ele>183.96</ele>
        <time>2026-09-03T04:36:40Z</time>
        <extensions>
          <geotracker:meta c="5" s="13.21" />
        </extensions>
      </trkpt>
      <trkpt lat="-19.03008915" lon="138.74101909">
        <ele>182.88</ele>
        <time>2026-09-03T04:36:49Z</time>
        <extensions>
          <geotracker:meta c="4.99" s="13.48" />
        </extensions>
      </trkpt>
      <trkpt lat="-19.02977692" lon="138.73987318">
        <ele>182.99</ele>
        <time>2026-09-03T04:36:58Z</time>
        <extensions>
          <geotracker:meta c="5.01" s="14.24" />
        </extensions>
      </trkpt>
      <trkpt lat="-19.02925625" lon="138.73868836">
        <ele>183.51</ele>
        <time>2026-09-03T04:37:07Z</time>
        <extensions>
          <geotracker:meta c="5.23" s="16.76" />
        </extensions>
      </trkpt>
      <trkpt lat="-19.02756754" lon="138.73659578">
        <ele>183.51</ele>
        <time>2026-09-03T04:37:25Z</time>
        <extensions>
          <geotracker:meta c="5.83" s="15.9" />
        </extensions>
      </trkpt>
      <trkpt lat="-19.02639169" lon="138.73603641">
        <ele>180</ele>
        <time>2026-09-03T04:37:34Z</time>
        <extensions>
          <geotracker:meta c="5.68" s="17.41" />
        </extensions>
      </trkpt>
      <trkpt lat="-19.02521878" lon="138.73509363">
        <ele>177.9</ele>
        <time>2026-09-03T04:37:43Z</time>
        <extensions>
          <geotracker:meta c="5.55" s="17.09" />
        </extensions>
      </trkpt>
      <trkpt lat="-19.02452096" lon="138.73394138">
        <ele>176.89</ele>
        <time>2026-09-03T04:37:52Z</time>
        <extensions>
          <geotracker:meta c="5.21" s="15.8" />
        </extensions>
      </trkpt>
      <trkpt lat="-19.02381705" lon="138.73300962">
        <ele>177.11</ele>
        <time>2026-09-03T04:38:01Z</time>
        <extensions>
          <geotracker:meta c="5.72" s="12.81" />
        </extensions>
      </trkpt>
      <trkpt lat="-19.02323142" lon="138.73225446">
        <ele>178.73</ele>
        <time>2026-09-03T04:38:10Z</time>
        <extensions>
          <geotracker:meta c="4.99" s="13.19" />
        </extensions>
      </trkpt>
      <trkpt lat="-19.02293885" lon="138.73096861">
        <ele>181.46</ele>
        <time>2026-09-03T04:38:19Z</time>
        <extensions>
          <geotracker:meta c="4.92" s="16.73" />
        </extensions>
      </trkpt>
      <trkpt lat="-19.02253808" lon="138.72955289">
        <ele>182.47</ele>
        <time>2026-09-03T04:38:28Z</time>
        <extensions>
          <geotracker:meta c="5.05" s="17.42" />
        </extensions>
      </trkpt>
      <trkpt lat="-19.02195502" lon="138.72815578">
        <ele>183.57</ele>
        <time>2026-09-03T04:38:37Z</time>
        <extensions>
          <geotracker:meta c="5.21" s="18.48" />
        </extensions>
      </trkpt>
      <trkpt lat="-19.02085396" lon="138.7262192">
        <ele>180.38</ele>
        <time>2026-09-03T04:38:55Z</time>
        <extensions>
          <geotracker:meta c="5.5" s="3.31" />
        </extensions>
      </trkpt>
      <trkpt lat="-19.02034041" lon="138.72605483">
        <ele>178.08</ele>
        <time>2026-09-03T04:39:22Z</time>
        <extensions>
          <geotracker:meta c="6.12" s="6.35" />
        </extensions>
      </trkpt>
      <trkpt lat="-19.01975936" lon="138.72613587">
        <ele>175.32</ele>
        <time>2026-09-03T04:39:31Z</time>
        <extensions>
          <geotracker:meta c="0.32" s="5.2" />
        </extensions>
      </trkpt>
      <trkpt lat="-19.01922519" lon="138.72629679">
        <ele>174.32</ele>
        <time>2026-09-03T04:39:49Z</time>
        <extensions>
          <geotracker:meta c="0.27" s="3.55" />
        </extensions>
      </trkpt>
      <trkpt lat="-19.01845223" lon="138.72669226">
        <ele>175.65</ele>
        <time>2026-09-03T04:40:07Z</time>
        <extensions>
          <geotracker:meta c="6.13" s="7.08" />
        </extensions>
      </trkpt>
      <trkpt lat="-19.0184854" lon="138.72594253">
        <ele>176.16</ele>
        <time>2026-09-03T04:40:25Z</time>
        <extensions>
          <geotracker:meta c="4.31" s="3.37" />
        </extensions>
      </trkpt>
      <trkpt lat="-19.01865764" lon="138.72541886">
        <ele>176.61</ele>
        <time>2026-09-03T04:40:43Z</time>
        <extensions>
          <geotracker:meta c="4.76" s="3.5" />
        </extensions>
      </trkpt>
      <trkpt lat="-19.01863736" lon="138.72466163">
        <ele>177.32</ele>
        <time>2026-09-03T04:41:01Z</time>
        <extensions>
          <geotracker:meta c="4.67" s="5.73" />
        </extensions>
      </trkpt>
      <trkpt lat="-19.01863305" lon="138.72406829">
        <ele>179.98</ele>
        <time>2026-09-03T04:41:10Z</time>
        <extensions>
          <geotracker:meta c="4.77" s="6.77" />
        </extensions>
      </trkpt>
      <trkpt lat="-19.01860622" lon="138.72341795">
        <ele>183.83</ele>
        <time>2026-09-03T04:41:19Z</time>
        <extensions>
          <geotracker:meta c="4.76" s="9.94" />
        </extensions>
      </trkpt>
      <trkpt lat="-19.01846056" lon="138.72242757">
        <ele>185.34</ele>
        <time>2026-09-03T04:41:29Z</time>
        <extensions>
          <geotracker:meta c="4.91" s="11.32" />
        </extensions>
      </trkpt>
      <trkpt lat="-19.01828284" lon="138.72142894">
        <ele>185.94</ele>
        <time>2026-09-03T04:41:38Z</time>
        <extensions>
          <geotracker:meta c="4.89" s="13.35" />
        </extensions>
      </trkpt>
      <trkpt lat="-19.01807587" lon="138.72017856">
        <ele>186.36</ele>
        <time>2026-09-03T04:41:47Z</time>
        <extensions>
          <geotracker:meta c="4.89" s="15.96" />
        </extensions>
      </trkpt>
      <trkpt lat="-19.01760275" lon="138.71731528">
        <ele>184.56</ele>
        <time>2026-09-03T04:42:05Z</time>
        <extensions>
          <geotracker:meta c="4.89" s="19.21" />
        </extensions>
      </trkpt>
      <trkpt lat="-19.01733042" lon="138.71568526">
        <ele>185.86</ele>
        <time>2026-09-03T04:42:14Z</time>
        <extensions>
          <geotracker:meta c="4.87" s="18.9" />
        </extensions>
      </trkpt>
      <trkpt lat="-19.01706193" lon="138.71403339">
        <ele>187.27</ele>
        <time>2026-09-03T04:42:23Z</time>
        <extensions>
          <geotracker:meta c="4.88" s="20.53" />
        </extensions>
      </trkpt>
      <trkpt lat="-19.01678837" lon="138.7124077">
        <ele>189.23</ele>
        <time>2026-09-03T04:42:32Z</time>
        <extensions>
          <geotracker:meta c="4.88" s="19.34" />
        </extensions>
      </trkpt>
      <trkpt lat="-19.01653326" lon="138.71083729">
        <ele>189.52</ele>
        <time>2026-09-03T04:42:41Z</time>
        <extensions>
          <geotracker:meta c="4.89" s="18.8" />
        </extensions>
      </trkpt>
      <trkpt lat="-19.01626707" lon="138.70925612">
        <ele>190.44</ele>
        <time>2026-09-03T04:42:50Z</time>
        <extensions>
          <geotracker:meta c="4.9" s="18.93" />
        </extensions>
      </trkpt>
      <trkpt lat="-19.0160099" lon="138.70780019">
        <ele>191.46</ele>
        <time>2026-09-03T04:42:59Z</time>
        <extensions>
          <geotracker:meta c="4.89" s="15.59" />
        </extensions>
      </trkpt>
      <trkpt lat="-19.01583099" lon="138.70666133">
        <ele>193.45</ele>
        <time>2026-09-03T04:43:08Z</time>
        <extensions>
          <geotracker:meta c="4.9" s="12.03" />
        </extensions>
      </trkpt>
      <trkpt lat="-19.01569063" lon="138.70578805">
        <ele>192.96</ele>
        <time>2026-09-03T04:43:17Z</time>
        <extensions>
          <geotracker:meta c="4.88" s="9.18" />
        </extensions>
      </trkpt>
      <trkpt lat="-19.01550363" lon="138.7046966">
        <ele>193.58</ele>
        <time>2026-09-03T04:43:35Z</time>
        <extensions>
          <geotracker:meta c="4.93" s="6.61" />
        </extensions>
      </trkpt>
      <trkpt lat="-19.01523887" lon="138.70384814">
        <ele>193.38</ele>
        <time>2026-09-03T04:43:44Z</time>
        <extensions>
          <geotracker:meta c="5.18" s="12.66" />
        </extensions>
      </trkpt>
      <trkpt lat="-19.01448968" lon="138.70286035">
        <ele>193.3</ele>
        <time>2026-09-03T04:43:53Z</time>
        <extensions>
          <geotracker:meta c="5.52" s="16.37" />
        </extensions>
      </trkpt>
      <trkpt lat="-19.0134222" lon="138.70187">
        <ele>193.61</ele>
        <time>2026-09-03T04:44:02Z</time>
        <extensions>
          <geotracker:meta c="5.6" s="18.28" />
        </extensions>
      </trkpt>
      <trkpt lat="-19.01219512" lon="138.70086987">
        <ele>193.24</ele>
        <time>2026-09-03T04:44:11Z</time>
        <extensions>
          <geotracker:meta c="5.67" s="19.28" />
        </extensions>
      </trkpt>
      <trkpt lat="-19.01086235" lon="138.69989927">
        <ele>193.1</ele>
        <time>2026-09-03T04:44:20Z</time>
        <extensions>
          <geotracker:meta c="5.68" s="20.59" />
        </extensions>
      </trkpt>
      <trkpt lat="-19.00946818" lon="138.69888742">
        <ele>194.96</ele>
        <time>2026-09-03T04:44:29Z</time>
        <extensions>
          <geotracker:meta c="5.67" s="21.03" />
        </extensions>
      </trkpt>
      <trkpt lat="-19.00803673" lon="138.69784728">
        <ele>194.18</ele>
        <time>2026-09-03T04:44:38Z</time>
        <extensions>
          <geotracker:meta c="5.67" s="21.18" />
        </extensions>
      </trkpt>
      <trkpt lat="-19.00664456" lon="138.69680167">
        <ele>193.16</ele>
        <time>2026-09-03T04:44:47Z</time>
        <extensions>
          <geotracker:meta c="5.66" s="21.42" />
        </extensions>
      </trkpt>
      <trkpt lat="-19.00407002" lon="138.69487225">
        <ele>193.33</ele>
        <time>2026-09-03T04:45:05Z</time>
        <extensions>
          <geotracker:meta c="5.65" s="19.53" />
        </extensions>
      </trkpt>
      <trkpt lat="-19.00281099" lon="138.69394633">
        <ele>193.49</ele>
        <time>2026-09-03T04:45:14Z</time>
        <extensions>
          <geotracker:meta c="5.68" s="17.27" />
        </extensions>
      </trkpt>
      <trkpt lat="-19.00165312" lon="138.69308644">
        <ele>193.74</ele>
        <time>2026-09-03T04:45:23Z</time>
        <extensions>
          <geotracker:meta c="5.65" s="16.36" />
        </extensions>
      </trkpt>
      <trkpt lat="-19.00055184" lon="138.69228328">
        <ele>193.47</ele>
        <time>2026-09-03T04:45:32Z</time>
        <extensions>
          <geotracker:meta c="5.67" s="15.54" />
        </extensions>
      </trkpt>
      <trkpt lat="-18.99974594" lon="138.69170029">
        <ele>193.79</ele>
        <time>2026-09-03T04:45:41Z</time>
        <extensions>
          <geotracker:meta c="5.64" s="6.05" />
        </extensions>
      </trkpt>
      <trkpt lat="-18.99936907" lon="138.69134151">
        <ele>194.2</ele>
        <time>2026-09-03T04:45:59Z</time>
        <extensions>
          <geotracker:meta c="4.69" s="2.77" />
        </extensions>
      </trkpt>
      <trkpt lat="-18.99965814" lon="138.69121232">
        <ele>198.21</ele>
        <time>2026-09-03T04:48:05Z</time>
        <extensions>
          <geotracker:meta c="4.53" s="0.15" />
        </extensions>
      </trkpt>
      <trkpt lat="-19.00009899" lon="138.69082892">
        <ele>198.02</ele>
        <time>2026-09-03T04:48:59Z</time>
        <extensions>
          <geotracker:meta c="3.78" s="0.76" />
        </extensions>
      </trkpt>
      <trkpt lat="-19.00035503" lon="138.69050816">
        <ele>200.24</ele>
        <time>2026-09-03T04:51:06Z</time>
        <extensions>
          <geotracker:meta c="5.18" s="0.26" />
        </extensions>
      </trkpt>
      <trkpt lat="-19.00087084" lon="138.69073855">
        <ele>199.64</ele>
        <time>2026-09-03T04:58:12Z</time>
        <extensions>
          <geotracker:meta c="2.71" s="0.92" />
        </extensions>
      </trkpt>
      <trkpt lat="-19.00125959" lon="138.69021606">
        <ele>211.74</ele>
        <time>2026-09-03T05:00:18Z</time>
        <extensions>
          <geotracker:meta c="3.44" s="1.04" />
        </extensions>
      </trkpt>
      <trkpt lat="-19.00069253" lon="138.68955786">
        <ele>228.38</ele>
        <time>2026-09-03T05:03:45Z</time>
        <extensions>
          <geotracker:meta c="5.07" s="1.28" />
        </extensions>
      </trkpt>
      <trkpt lat="-19.00074531" lon="138.68903997">
        <ele>220.64</ele>
        <time>2026-09-03T05:04:39Z</time>
        <extensions>
          <geotracker:meta c="4.83" s="0.72" />
        </extensions>
      </trkpt>
      <trkpt lat="-19.00048267" lon="138.68896813">
        <ele>218.49</ele>
        <time>2026-09-03T05:06:55Z</time>
        <extensions>
          <geotracker:meta c="0.07" s="0.71" />
        </extensions>
      </trkpt>
      <trkpt lat="-19.00019587" lon="138.68860039">
        <ele>211.61</ele>
        <time>2026-09-03T05:07:41Z</time>
        <extensions>
          <geotracker:meta c="5.77" s="1.33" />
        </extensions>
      </trkpt>
      <trkpt lat="-19.00008559" lon="138.68982332">
        <ele>203.19</ele>
        <time>2026-09-03T05:09:20Z</time>
        <extensions>
          <geotracker:meta c="2.11" s="1.5" />
        </extensions>
      </trkpt>
      <trkpt lat="-19.00029362" lon="138.69040627">
        <ele>201.42</ele>
        <time>2026-09-03T05:11:17Z</time>
        <extensions>
          <geotracker:meta c="1.55" s="1.08" />
        </extensions>
      </trkpt>
      <trkpt lat="-18.99992407" lon="138.69095352">
        <ele>199.68</ele>
        <time>2026-09-03T05:13:32Z</time>
        <extensions>
          <geotracker:meta c="0.72" s="1.68" />
        </extensions>
      </trkpt>
      <trkpt lat="-18.99959769" lon="138.69123131">
        <ele>198.92</ele>
        <time>2026-09-03T05:15:38Z</time>
        <extensions>
          <geotracker:meta c="0.63" s="1.5" />
        </extensions>
      </trkpt>
      <trkpt lat="-18.9989971" lon="138.69117051">
        <ele>199.27</ele>
        <time>2026-09-03T05:16:25Z</time>
        <extensions>
          <geotracker:meta c="5.71" s="5.72" />
        </extensions>
      </trkpt>
      <trkpt lat="-18.99852229" lon="138.69080742">
        <ele>198.93</ele>
        <time>2026-09-03T05:16:34Z</time>
        <extensions>
          <geotracker:meta c="5.68" s="8.29" />
        </extensions>
      </trkpt>
      <trkpt lat="-18.99786498" lon="138.69033125">
        <ele>198.32</ele>
        <time>2026-09-03T05:16:43Z</time>
        <extensions>
          <geotracker:meta c="5.66" s="11.08" />
        </extensions>
      </trkpt>
      <trkpt lat="-18.99687871" lon="138.68959132">
        <ele>198.2</ele>
        <time>2026-09-03T05:16:53Z</time>
        <extensions>
          <geotracker:meta c="5.66" s="15.09" />
        </extensions>
      </trkpt>
      <trkpt lat="-18.9957708" lon="138.68877983">
        <ele>196.73</ele>
        <time>2026-09-03T05:17:02Z</time>
        <extensions>
          <geotracker:meta c="5.67" s="17.89" />
        </extensions>
      </trkpt>
      <trkpt lat="-18.99436117" lon="138.68773731">
        <ele>196.76</ele>
        <time>2026-09-03T05:17:12Z</time>
        <extensions>
          <geotracker:meta c="5.66" s="19.84" />
        </extensions>
      </trkpt>
      <trkpt lat="-18.99308593" lon="138.68680208">
        <ele>196.41</ele>
        <time>2026-09-03T05:17:21Z</time>
        <extensions>
          <geotracker:meta c="5.68" s="18.54" />
        </extensions>
      </trkpt>
      <trkpt lat="-18.99175668" lon="138.68583552">
        <ele>196.26</ele>
        <time>2026-09-03T05:17:30Z</time>
        <extensions>
          <geotracker:meta c="5.7" s="20.76" />
        </extensions>
      </trkpt>
      <trkpt lat="-18.99018904" lon="138.68490589">
        <ele>196.45</ele>
        <time>2026-09-03T05:17:40Z</time>
        <extensions>
          <geotracker:meta c="5.82" s="18.1" />
        </extensions>
      </trkpt>
      <trkpt lat="-18.98856119" lon="138.6842661">
        <ele>188.86</ele>
        <time>2026-09-03T05:17:58Z</time>
        <extensions>
          <geotracker:meta c="5.99" s="3.98" />
        </extensions>
      </trkpt>
      <trkpt lat="-18.98800542" lon="138.68406058">
        <ele>190.54</ele>
        <time>2026-09-03T05:18:28Z</time>
        <extensions>
          <geotracker:meta c="5.89" s="4.63" />
        </extensions>
      </trkpt>
      <trkpt lat="-18.98746946" lon="138.68378744">
        <ele>194.48</ele>
        <time>2026-09-03T05:18:37Z</time>
        <extensions>
          <geotracker:meta c="5.67" s="9.62" />
        </extensions>
      </trkpt>
      <trkpt lat="-18.98656379" lon="138.68301009">
        <ele>194.28</ele>
        <time>2026-09-03T05:18:47Z</time>
        <extensions>
          <geotracker:meta c="5.53" s="15.27" />
        </extensions>
      </trkpt>
      <trkpt lat="-18.98553997" lon="138.68200444">
        <ele>193.4</ele>
        <time>2026-09-03T05:18:56Z</time>
        <extensions>
          <geotracker:meta c="5.53" s="18.45" />
        </extensions>
      </trkpt>
      <trkpt lat="-18.98422171" lon="138.68069804">
        <ele>192.77</ele>
        <time>2026-09-03T05:19:06Z</time>
        <extensions>
          <geotracker:meta c="5.53" s="21.15" />
        </extensions>
      </trkpt>
      <trkpt lat="-18.98289023" lon="138.6794923">
        <ele>193.33</ele>
        <time>2026-09-03T05:19:15Z</time>
        <extensions>
          <geotracker:meta c="5.66" s="21.84" />
        </extensions>
      </trkpt>
      <trkpt lat="-18.9812023" lon="138.67833011">
        <ele>194.34</ele>
        <time>2026-09-03T05:19:25Z</time>
        <extensions>
          <geotracker:meta c="5.71" s="23.01" />
        </extensions>
      </trkpt>
      <trkpt lat="-18.97957799" lon="138.67721722">
        <ele>195.76</ele>
        <time>2026-09-03T05:19:34Z</time>
        <extensions>
          <geotracker:meta c="5.7" s="24.38" />
        </extensions>
      </trkpt>
      <trkpt lat="-18.97771444" lon="138.67594627">
        <ele>197.07</ele>
        <time>2026-09-03T05:19:44Z</time>
        <extensions>
          <geotracker:meta c="5.71" s="24.67" />
        </extensions>
      </trkpt>
      <trkpt lat="-18.97609733" lon="138.67480307">
        <ele>200.55</ele>
        <time>2026-09-03T05:19:53Z</time>
        <extensions>
          <geotracker:meta c="5.71" s="22.58" />
        </extensions>
      </trkpt>
      <trkpt lat="-18.974419" lon="138.67362657">
        <ele>202.69</ele>
        <time>2026-09-03T05:20:03Z</time>
        <extensions>
          <geotracker:meta c="5.7" s="22.42" />
        </extensions>
      </trkpt>
      <trkpt lat="-18.97281571" lon="138.67246906">
        <ele>202.65</ele>
        <time>2026-09-03T05:20:13Z</time>
        <extensions>
          <geotracker:meta c="5.68" s="19.88" />
        </extensions>
      </trkpt>
      <trkpt lat="-18.97159007" lon="138.67159992">
        <ele>201.45</ele>
        <time>2026-09-03T05:20:22Z</time>
        <extensions>
          <geotracker:meta c="5.69" s="17.32" />
        </extensions>
      </trkpt>
      <trkpt lat="-18.97035318" lon="138.67072899">
        <ele>201.44</ele>
        <time>2026-09-03T05:20:32Z</time>
        <extensions>
          <geotracker:meta c="5.73" s="16.48" />
        </extensions>
      </trkpt>
      <trkpt lat="-18.96928686" lon="138.66998382">
        <ele>202.22</ele>
        <time>2026-09-03T05:20:41Z</time>
        <extensions>
          <geotracker:meta c="5.7" s="16.01" />
        </extensions>
      </trkpt>
      <trkpt lat="-18.96818462" lon="138.66922183">
        <ele>203.32</ele>
        <time>2026-09-03T05:20:50Z</time>
        <extensions>
          <geotracker:meta c="5.69" s="14.9" />
        </extensions>
      </trkpt>
      <trkpt lat="-18.96650515" lon="138.66808812">
        <ele>206.86</ele>
        <time>2026-09-03T05:21:08Z</time>
        <extensions>
          <geotracker:meta c="5.73" s="14.57" />
        </extensions>
      </trkpt>
      <trkpt lat="-18.96509731" lon="138.66741706">
        <ele>208.15</ele>
        <time>2026-09-03T05:21:18Z</time>
        <extensions>
          <geotracker:meta c="6.01" s="18.58" />
        </extensions>
      </trkpt>
      <trkpt lat="-18.9635769" lon="138.66716865">
        <ele>209.01</ele>
        <time>2026-09-03T05:21:27Z</time>
        <extensions>
          <geotracker:meta c="6.21" s="18.19" />
        </extensions>
      </trkpt>
      <trkpt lat="-18.9620948" lon="138.6670528">
        <ele>206.67</ele>
        <time>2026-09-03T05:21:36Z</time>
        <extensions>
          <geotracker:meta c="6.21" s="19.6" />
        </extensions>
      </trkpt>
      <trkpt lat="-18.96052243" lon="138.66693117">
        <ele>205.17</ele>
        <time>2026-09-03T05:21:45Z</time>
        <extensions>
          <geotracker:meta c="6.2" s="18.2" />
        </extensions>
      </trkpt>
      <trkpt lat="-18.95908377" lon="138.66682167">
        <ele>201.19</ele>
        <time>2026-09-03T05:21:54Z</time>
        <extensions>
          <geotracker:meta c="6.2" s="17.25" />
        </extensions>
      </trkpt>
      <trkpt lat="-18.95792854" lon="138.66672843">
        <ele>198.66</ele>
        <time>2026-09-03T05:22:04Z</time>
        <extensions>
          <geotracker:meta c="6.2" s="6.03" />
        </extensions>
      </trkpt>
      <trkpt lat="-18.95610299" lon="138.66658163">
        <ele>196.32</ele>
        <time>2026-09-03T05:22:20Z</time>
        <extensions>
          <geotracker:meta c="6.22" s="18.39" />
        </extensions>
      </trkpt>
      <trkpt lat="-18.95268351" lon="138.66593132">
        <ele>194.68</ele>
        <time>2026-09-03T05:22:39Z</time>
        <extensions>
          <geotracker:meta c="6.01" s="20.29" />
        </extensions>
      </trkpt>
      <trkpt lat="-18.95089271" lon="138.66540934">
        <ele>195.68</ele>
        <time>2026-09-03T05:22:49Z</time>
        <extensions>
          <geotracker:meta c="6.03" s="21.17" />
        </extensions>
      </trkpt>
      <trkpt lat="-18.94899379" lon="138.66488959">
        <ele>196.23</ele>
        <time>2026-09-03T05:22:59Z</time>
        <extensions>
          <geotracker:meta c="6.04" s="22.34" />
        </extensions>
      </trkpt>
      <trkpt lat="-18.9472971" lon="138.66443327">
        <ele>195.06</ele>
        <time>2026-09-03T05:23:08Z</time>
        <extensions>
          <geotracker:meta c="6.02" s="21.25" />
        </extensions>
      </trkpt>
      <trkpt lat="-18.94585019" lon="138.66369275">
        <ele>195.87</ele>
        <time>2026-09-03T05:23:17Z</time>
        <extensions>
          <geotracker:meta c="5.66" s="19.36" />
        </extensions>
      </trkpt>
      <trkpt lat="-18.94475373" lon="138.66272943">
        <ele>195.76</ele>
        <time>2026-09-03T05:23:26Z</time>
        <extensions>
          <geotracker:meta c="5.6" s="16.36" />
        </extensions>
      </trkpt>
      <trkpt lat="-18.94354224" lon="138.66198192">
        <ele>197.58</ele>
        <time>2026-09-03T05:23:35Z</time>
        <extensions>
          <geotracker:meta c="5.85" s="17.89" />
        </extensions>
      </trkpt>
      <trkpt lat="-18.94235489" lon="138.66141851">
        <ele>198.15</ele>
        <time>2026-09-03T05:23:44Z</time>
        <extensions>
          <geotracker:meta c="5.84" s="15.92" />
        </extensions>
      </trkpt>
      <trkpt lat="-18.94110768" lon="138.6608049">
        <ele>199.24</ele>
        <time>2026-09-03T05:23:53Z</time>
        <extensions>
          <geotracker:meta c="5.85" s="17.1" />
        </extensions>
      </trkpt>
      <trkpt lat="-18.93965938" lon="138.66010671">
        <ele>201.08</ele>
        <time>2026-09-03T05:24:03Z</time>
        <extensions>
          <geotracker:meta c="5.84" s="18.36" />
        </extensions>
      </trkpt>
      <trkpt lat="-18.93820908" lon="138.65940062">
        <ele>200.88</ele>
        <time>2026-09-03T05:24:12Z</time>
        <extensions>
          <geotracker:meta c="5.85" s="20.65" />
        </extensions>
      </trkpt>
      <trkpt lat="-18.93638433" lon="138.65851248">
        <ele>199.12</ele>
        <time>2026-09-03T05:24:22Z</time>
        <extensions>
          <geotracker:meta c="5.85" s="23.25" />
        </extensions>
      </trkpt>
      <trkpt lat="-18.93439245" lon="138.65755978">
        <ele>195.68</ele>
        <time>2026-09-03T05:24:32Z</time>
        <extensions>
          <geotracker:meta c="5.86" s="25.23" />
        </extensions>
      </trkpt>
      <trkpt lat="-18.93228516" lon="138.6565544">
        <ele>195.98</ele>
        <time>2026-09-03T05:24:42Z</time>
        <extensions>
          <geotracker:meta c="5.85" s="25.29" />
        </extensions>
      </trkpt>
      <trkpt lat="-18.93046618" lon="138.65567169">
        <ele>197.2</ele>
        <time>2026-09-03T05:24:51Z</time>
        <extensions>
          <geotracker:meta c="5.87" s="24.72" />
        </extensions>
      </trkpt>
      <trkpt lat="-18.92873336" lon="138.65484734">
        <ele>196.37</ele>
        <time>2026-09-03T05:25:00Z</time>
        <extensions>
          <geotracker:meta c="5.86" s="22.68" />
        </extensions>
      </trkpt>
      <trkpt lat="-18.92508582" lon="138.65310293">
        <ele>195.14</ele>
        <time>2026-09-03T05:25:19Z</time>
        <extensions>
          <geotracker:meta c="5.85" s="23.18" />
        </extensions>
      </trkpt>
      <trkpt lat="-18.92328624" lon="138.65222904">
        <ele>195.35</ele>
        <time>2026-09-03T05:25:28Z</time>
        <extensions>
          <geotracker:meta c="5.85" s="24.98" />
        </extensions>
      </trkpt>
      <trkpt lat="-18.92149665" lon="138.6513556">
        <ele>195.53</ele>
        <time>2026-09-03T05:25:37Z</time>
        <extensions>
          <geotracker:meta c="5.85" s="23.99" />
        </extensions>
      </trkpt>
      <trkpt lat="-18.91965671" lon="138.65047096">
        <ele>196</ele>
        <time>2026-09-03T05:25:47Z</time>
        <extensions>
          <geotracker:meta c="5.85" s="22.32" />
        </extensions>
      </trkpt>
      <trkpt lat="-18.91798481" lon="138.64965884">
        <ele>195.66</ele>
        <time>2026-09-03T05:25:57Z</time>
        <extensions>
          <geotracker:meta c="5.82" s="20.01" />
        </extensions>
      </trkpt>
      <trkpt lat="-18.91671095" lon="138.64874054">
        <ele>196.45</ele>
        <time>2026-09-03T05:26:06Z</time>
        <extensions>
          <geotracker:meta c="5.82" s="19.61" />
        </extensions>
      </trkpt>
      <trkpt lat="-18.91506742" lon="138.64797588">
        <ele>197.55</ele>
        <time>2026-09-03T05:26:15Z</time>
        <extensions>
          <geotracker:meta c="5.89" s="23" />
        </extensions>
      </trkpt>
      <trkpt lat="-18.91327208" lon="138.64699914">
        <ele>199.63</ele>
        <time>2026-09-03T05:26:25Z</time>
        <extensions>
          <geotracker:meta c="5.63" s="21" />
        </extensions>
      </trkpt>
      <trkpt lat="-18.91180843" lon="138.64602863">
        <ele>201.03</ele>
        <time>2026-09-03T05:26:34Z</time>
        <extensions>
          <geotracker:meta c="5.83" s="22.2" />
        </extensions>
      </trkpt>
      <trkpt lat="-18.91004712" lon="138.64533938">
        <ele>202.89</ele>
        <time>2026-09-03T05:26:43Z</time>
        <extensions>
          <geotracker:meta c="6.04" s="23.38" />
        </extensions>
      </trkpt>
      <trkpt lat="-18.9082732" lon="138.64482598">
        <ele>204.12</ele>
        <time>2026-09-03T05:26:52Z</time>
        <extensions>
          <geotracker:meta c="5.89" s="22.51" />
        </extensions>
      </trkpt>
      <trkpt lat="-18.90638197" lon="138.6439408">
        <ele>202.89</ele>
        <time>2026-09-03T05:27:02Z</time>
        <extensions>
          <geotracker:meta c="5.86" s="22.68" />
        </extensions>
      </trkpt>
      <trkpt lat="-18.90455194" lon="138.64351961">
        <ele>199.81</ele>
        <time>2026-09-03T05:27:12Z</time>
        <extensions>
          <geotracker:meta c="0.04" s="17.56" />
        </extensions>
      </trkpt>
      <trkpt lat="-18.90362447" lon="138.6435587">
        <ele>198.4</ele>
        <time>2026-09-03T05:27:22Z</time>
        <extensions>
          <geotracker:meta c="0.03" s="5.78" />
        </extensions>
      </trkpt>
      <trkpt lat="-18.90278106" lon="138.64342006">
        <ele>200.27</ele>
        <time>2026-09-03T05:27:31Z</time>
        <extensions>
          <geotracker:meta c="5.96" s="13.45" />
        </extensions>
      </trkpt>
      <trkpt lat="-18.90141132" lon="138.6427701">
        <ele>201.8</ele>
        <time>2026-09-03T05:27:41Z</time>
        <extensions>
          <geotracker:meta c="5.79" s="18.98" />
        </extensions>
      </trkpt>
      <trkpt lat="-18.89991313" lon="138.64190622">
        <ele>204.18</ele>
        <time>2026-09-03T05:27:50Z</time>
        <extensions>
          <geotracker:meta c="5.76" s="22.06" />
        </extensions>
      </trkpt>
      <trkpt lat="-18.89647924" lon="138.63984938">
        <ele>209.77</ele>
        <time>2026-09-03T05:28:09Z</time>
        <extensions>
          <geotracker:meta c="5.77" s="22.65" />
        </extensions>
      </trkpt>
      <trkpt lat="-18.89483531" lon="138.63886902">
        <ele>212.07</ele>
        <time>2026-09-03T05:28:19Z</time>
        <extensions>
          <geotracker:meta c="5.78" s="19.85" />
        </extensions>
      </trkpt>
      <trkpt lat="-18.89328017" lon="138.63797663">
        <ele>212.7</ele>
        <time>2026-09-03T05:28:29Z</time>
        <extensions>
          <geotracker:meta c="5.77" s="18.93" />
        </extensions>
      </trkpt>
      <trkpt lat="-18.89185675" lon="138.63712972">
        <ele>211.71</ele>
        <time>2026-09-03T05:28:38Z</time>
        <extensions>
          <geotracker:meta c="5.78" s="21.79" />
        </extensions>
      </trkpt>
      <trkpt lat="-18.8900485" lon="138.63607817">
        <ele>208.14</ele>
        <time>2026-09-03T05:28:48Z</time>
        <extensions>
          <geotracker:meta c="5.78" s="23.11" />
        </extensions>
      </trkpt>
      <trkpt lat="-18.88848217" lon="138.63514292">
        <ele>207.17</ele>
        <time>2026-09-03T05:28:57Z</time>
        <extensions>
          <geotracker:meta c="5.77" s="22.88" />
        </extensions>
      </trkpt>
      <trkpt lat="-18.88660141" lon="138.63402339">
        <ele>206.23</ele>
        <time>2026-09-03T05:29:07Z</time>
        <extensions>
          <geotracker:meta c="5.78" s="24.06" />
        </extensions>
      </trkpt>
      <trkpt lat="-18.8848874" lon="138.63303391">
        <ele>205.25</ele>
        <time>2026-09-03T05:29:17Z</time>
        <extensions>
          <geotracker:meta c="5.78" s="20.03" />
        </extensions>
      </trkpt>
      <trkpt lat="-18.88346531" lon="138.63218268">
        <ele>206.31</ele>
        <time>2026-09-03T05:29:26Z</time>
        <extensions>
          <geotracker:meta c="5.77" s="20.96" />
        </extensions>
      </trkpt>
      <trkpt lat="-18.88167484" lon="138.63112614">
        <ele>207.32</ele>
        <time>2026-09-03T05:29:36Z</time>
        <extensions>
          <geotracker:meta c="5.77" s="23.91" />
        </extensions>
      </trkpt>
      <trkpt lat="-18.8799545" lon="138.63009532">
        <ele>208.31</ele>
        <time>2026-09-03T05:29:45Z</time>
        <extensions>
          <geotracker:meta c="5.77" s="24.17" />
        </extensions>
      </trkpt>
      <trkpt lat="-18.8780351" lon="138.6289358">
        <ele>208.8</ele>
        <time>2026-09-03T05:29:55Z</time>
        <extensions>
          <geotracker:meta c="5.75" s="24.96" />
        </extensions>
      </trkpt>
      <trkpt lat="-18.87624687" lon="138.62787978">
        <ele>209.74</ele>
        <time>2026-09-03T05:30:04Z</time>
        <extensions>
          <geotracker:meta c="5.76" s="25.34" />
        </extensions>
      </trkpt>
      <trkpt lat="-18.87443274" lon="138.62679834">
        <ele>210.12</ele>
        <time>2026-09-03T05:30:13Z</time>
        <extensions>
          <geotracker:meta c="5.77" s="25.78" />
        </extensions>
      </trkpt>
      <trkpt lat="-18.87260155" lon="138.62571015">
        <ele>211.14</ele>
        <time>2026-09-03T05:30:22Z</time>
        <extensions>
          <geotracker:meta c="5.78" s="26.08" />
        </extensions>
      </trkpt>
      <trkpt lat="-18.87076522" lon="138.62460839">
        <ele>211.4</ele>
        <time>2026-09-03T05:30:31Z</time>
        <extensions>
          <geotracker:meta c="5.77" s="25.92" />
        </extensions>
      </trkpt>
      <trkpt lat="-18.8670828" lon="138.62239714">
        <ele>213.08</ele>
        <time>2026-09-03T05:30:49Z</time>
        <extensions>
          <geotracker:meta c="5.77" s="26.01" />
        </extensions>
      </trkpt>
      <trkpt lat="-18.86525358" lon="138.6213065">
        <ele>213.67</ele>
        <time>2026-09-03T05:30:58Z</time>
        <extensions>
          <geotracker:meta c="5.77" s="26.11" />
        </extensions>
      </trkpt>
      <trkpt lat="-18.86331749" lon="138.61997713">
        <ele>215.31</ele>
        <time>2026-09-03T05:31:08Z</time>
        <extensions>
          <geotracker:meta c="5.56" s="25.51" />
        </extensions>
      </trkpt>
      <trkpt lat="-18.86192864" lon="138.61833953">
        <ele>216.44</ele>
        <time>2026-09-03T05:31:17Z</time>
        <extensions>
          <geotracker:meta c="5.42" s="25.26" />
        </extensions>
      </trkpt>
      <trkpt lat="-18.86052171" lon="138.61656316">
        <ele>216.81</ele>
        <time>2026-09-03T05:31:27Z</time>
        <extensions>
          <geotracker:meta c="5.41" s="24.84" />
        </extensions>
      </trkpt>
      <trkpt lat="-18.85917013" lon="138.61489115">
        <ele>216.63</ele>
        <time>2026-09-03T05:31:36Z</time>
        <extensions>
          <geotracker:meta c="5.42" s="26.28" />
        </extensions>
      </trkpt>
      <trkpt lat="-18.85776709" lon="138.61316698">
        <ele>215.69</ele>
        <time>2026-09-03T05:31:45Z</time>
        <extensions>
          <geotracker:meta c="5.42" s="26.36" />
        </extensions>
      </trkpt>
      <trkpt lat="-18.85624301" lon="138.61130786">
        <ele>215.19</ele>
        <time>2026-09-03T05:31:55Z</time>
        <extensions>
          <geotracker:meta c="5.43" s="25.79" />
        </extensions>
      </trkpt>
      <trkpt lat="-18.85489695" lon="138.60967746">
        <ele>214.17</ele>
        <time>2026-09-03T05:32:04Z</time>
        <extensions>
          <geotracker:meta c="5.41" s="24.26" />
        </extensions>
      </trkpt>
      <trkpt lat="-18.85359507" lon="138.60779628">
        <ele>213.44</ele>
        <time>2026-09-03T05:32:14Z</time>
        <extensions>
          <geotracker:meta c="5.39" s="24.93" />
        </extensions>
      </trkpt>
      <trkpt lat="-18.85212326" lon="138.60591707">
        <ele>212.27</ele>
        <time>2026-09-03T05:32:24Z</time>
        <extensions>
          <geotracker:meta c="5.4" s="26.01" />
        </extensions>
      </trkpt>
      <trkpt lat="-18.85067937" lon="138.60407475">
        <ele>211.68</ele>
        <time>2026-09-03T05:32:34Z</time>
        <extensions>
          <geotracker:meta c="5.41" s="24.54" />
        </extensions>
      </trkpt>
      <trkpt lat="-18.8492392" lon="138.60225533">
        <ele>210.12</ele>
        <time>2026-09-03T05:32:44Z</time>
        <extensions>
          <geotracker:meta c="5.4" s="25.49" />
        </extensions>
      </trkpt>
      <trkpt lat="-18.84793599" lon="138.6005976">
        <ele>212.16</ele>
        <time>2026-09-03T05:32:53Z</time>
        <extensions>
          <geotracker:meta c="5.41" s="24.2" />
        </extensions>
      </trkpt>
      <trkpt lat="-18.84655866" lon="138.59929458">
        <ele>212.34</ele>
        <time>2026-09-03T05:33:02Z</time>
        <extensions>
          <geotracker:meta c="5.81" s="22.11" />
        </extensions>
      </trkpt>
      <trkpt lat="-18.84505324" lon="138.59845141">
        <ele>212.31</ele>
        <time>2026-09-03T05:33:11Z</time>
        <extensions>
          <geotracker:meta c="5.56" s="21.82" />
        </extensions>
      </trkpt>
      <trkpt lat="-18.84378229" lon="138.59705877">
        <ele>214.09</ele>
        <time>2026-09-03T05:33:20Z</time>
        <extensions>
          <geotracker:meta c="5.52" s="23.06" />
        </extensions>
      </trkpt>
      <trkpt lat="-18.84140376" lon="138.59379385">
        <ele>210.96</ele>
        <time>2026-09-03T05:33:39Z</time>
        <extensions>
          <geotracker:meta c="5.4" s="21.64" />
        </extensions>
      </trkpt>
      <trkpt lat="-18.84032744" lon="138.5919733">
        <ele>209.88</ele>
        <time>2026-09-03T05:33:49Z</time>
        <extensions>
          <geotracker:meta c="5.24" s="23.52" />
        </extensions>
      </trkpt>
      <trkpt lat="-18.83922063" lon="138.5900147">
        <ele>207.93</ele>
        <time>2026-09-03T05:33:59Z</time>
        <extensions>
          <geotracker:meta c="5.24" s="24.05" />
        </extensions>
      </trkpt>
      <trkpt lat="-18.83821654" lon="138.58822872">
        <ele>205.88</ele>
        <time>2026-09-03T05:34:08Z</time>
        <extensions>
          <geotracker:meta c="5.24" s="24.86" />
        </extensions>
      </trkpt>
      <trkpt lat="-18.83721312" lon="138.58644532">
        <ele>207.12</ele>
        <time>2026-09-03T05:34:17Z</time>
        <extensions>
          <geotracker:meta c="5.25" s="22.32" />
        </extensions>
      </trkpt>
      <trkpt lat="-18.836334" lon="138.58487379">
        <ele>208.01</ele>
        <time>2026-09-03T05:34:27Z</time>
        <extensions>
          <geotracker:meta c="5.24" s="17.03" />
        </extensions>
      </trkpt>
      <trkpt lat="-18.83571334" lon="138.58377211">
        <ele>207.92</ele>
        <time>2026-09-03T05:34:36Z</time>
        <extensions>
          <geotracker:meta c="5.24" s="13.64" />
        </extensions>
      </trkpt>
      <trkpt lat="-18.83526329" lon="138.58297555">
        <ele>207.71</ele>
        <time>2026-09-03T05:34:45Z</time>
        <extensions>
          <geotracker:meta c="5.24" s="10.23" />
        </extensions>
      </trkpt>
      <trkpt lat="-18.83473306" lon="138.58201482">
        <ele>207.31</ele>
        <time>2026-09-03T05:34:55Z</time>
        <extensions>
          <geotracker:meta c="5.26" s="12.63" />
        </extensions>
      </trkpt>
      <trkpt lat="-18.83404518" lon="138.58080034">
        <ele>206.65</ele>
        <time>2026-09-03T05:35:05Z</time>
        <extensions>
          <geotracker:meta c="5.24" s="16.63" />
        </extensions>
      </trkpt>
      <trkpt lat="-18.83321347" lon="138.5793196">
        <ele>205.05</ele>
        <time>2026-09-03T05:35:15Z</time>
        <extensions>
          <geotracker:meta c="5.25" s="19.25" />
        </extensions>
      </trkpt>
      <trkpt lat="-18.83229593" lon="138.57768101">
        <ele>204.67</ele>
        <time>2026-09-03T05:35:25Z</time>
        <extensions>
          <geotracker:meta c="5.25" s="20.34" />
        </extensions>
      </trkpt>
      <trkpt lat="-18.83133779" lon="138.57595905">
        <ele>204.02</ele>
        <time>2026-09-03T05:35:35Z</time>
        <extensions>
          <geotracker:meta c="5.26" s="21.53" />
        </extensions>
      </trkpt>
      <trkpt lat="-18.83042811" lon="138.57434461">
        <ele>202.77</ele>
        <time>2026-09-03T05:35:44Z</time>
        <extensions>
          <geotracker:meta c="5.22" s="21.93" />
        </extensions>
      </trkpt>
      <trkpt lat="-18.82971688" lon="138.57265544">
        <ele>202.81</ele>
        <time>2026-09-03T05:35:53Z</time>
        <extensions>
          <geotracker:meta c="5.07" s="20.9" />
        </extensions>
      </trkpt>
      <trkpt lat="-18.82912308" lon="138.57099302">
        <ele>202.59</ele>
        <time>2026-09-03T05:36:03Z</time>
        <extensions>
          <geotracker:meta c="5.06" s="17.43" />
        </extensions>
      </trkpt>
      <trkpt lat="-18.82867035" lon="138.56975123">
        <ele>201.77</ele>
        <time>2026-09-03T05:36:12Z</time>
        <extensions>
          <geotracker:meta c="5.11" s="14.02" />
        </extensions>
      </trkpt>
      <trkpt lat="-18.82838702" lon="138.5689626">
        <ele>200.83</ele>
        <time>2026-09-03T05:36:22Z</time>
        <extensions>
          <geotracker:meta c="5.02" s="7.61" />
        </extensions>
      </trkpt>
      <trkpt lat="-18.82809815" lon="138.5681161">
        <ele>201.54</ele>
        <time>2026-09-03T05:36:31Z</time>
        <extensions>
          <geotracker:meta c="5.07" s="12.89" />
        </extensions>
      </trkpt>
      <trkpt lat="-18.82762041" lon="138.56672198">
        <ele>202.89</ele>
        <time>2026-09-03T05:36:41Z</time>
        <extensions>
          <geotracker:meta c="5.06" s="17.38" />
        </extensions>
      </trkpt>
      <trkpt lat="-18.82653642" lon="138.56365364">
        <ele>204.36</ele>
        <time>2026-09-03T05:36:59Z</time>
        <extensions>
          <geotracker:meta c="5.07" s="19.39" />
        </extensions>
      </trkpt>
      <trkpt lat="-18.82600725" lon="138.56215887">
        <ele>203.85</ele>
        <time>2026-09-03T05:37:08Z</time>
        <extensions>
          <geotracker:meta c="5.08" s="17.64" />
        </extensions>
      </trkpt>
      <trkpt lat="-18.82537135" lon="138.56033675">
        <ele>203.74</ele>
        <time>2026-09-03T05:37:21Z</time>
        <extensions>
          <geotracker:meta c="5.06" s="16.12" />
        </extensions>
      </trkpt>
      <trkpt lat="-18.82480653" lon="138.55870759">
        <ele>203.03</ele>
        <time>2026-09-03T05:37:31Z</time>
        <extensions>
          <geotracker:meta c="5.06" s="20.19" />
        </extensions>
      </trkpt>
      <trkpt lat="-18.82414659" lon="138.55681541">
        <ele>202.55</ele>
        <time>2026-09-03T05:37:41Z</time>
        <extensions>
          <geotracker:meta c="5.07" s="20.62" />
        </extensions>
      </trkpt>
      <trkpt lat="-18.82360502" lon="138.55531678">
        <ele>204.19</ele>
        <time>2026-09-03T05:37:50Z</time>
        <extensions>
          <geotracker:meta c="5.05" s="19.16" />
        </extensions>
      </trkpt>
      <trkpt lat="-18.8230891" lon="138.55384593">
        <ele>203.65</ele>
        <time>2026-09-03T05:37:59Z</time>
        <extensions>
          <geotracker:meta c="5.07" s="16.21" />
        </extensions>
      </trkpt>
      <trkpt lat="-18.82269885" lon="138.55272907">
        <ele>203.02</ele>
        <time>2026-09-03T05:38:08Z</time>
        <extensions>
          <geotracker:meta c="5.04" s="13.4" />
        </extensions>
      </trkpt>
      <trkpt lat="-18.82225212" lon="138.55144489">
        <ele>204.2</ele>
        <time>2026-09-03T05:38:18Z</time>
        <extensions>
          <geotracker:meta c="5.05" s="15.6" />
        </extensions>
      </trkpt>
      <trkpt lat="-18.82176" lon="138.55005852">
        <ele>203.43</ele>
        <time>2026-09-03T05:38:27Z</time>
        <extensions>
          <geotracker:meta c="5.06" s="18.43" />
        </extensions>
      </trkpt>
      <trkpt lat="-18.82117191" lon="138.54840067">
        <ele>202.32</ele>
        <time>2026-09-03T05:38:37Z</time>
        <extensions>
          <geotracker:meta c="5.08" s="17.53" />
        </extensions>
      </trkpt>
      <trkpt lat="-18.82067753" lon="138.54715983">
        <ele>201.61</ele>
        <time>2026-09-03T05:38:46Z</time>
        <extensions>
          <geotracker:meta c="5.13" s="14.54" />
        </extensions>
      </trkpt>
      <trkpt lat="-18.82014417" lon="138.54609963">
        <ele>198.8</ele>
        <time>2026-09-03T05:38:56Z</time>
        <extensions>
          <geotracker:meta c="5.19" s="9.33" />
        </extensions>
      </trkpt>
      <trkpt lat="-18.81993054" lon="138.54567762">
        <ele>198.26</ele>
        <time>2026-09-03T05:39:05Z</time>
        <extensions>
          <geotracker:meta c="5.16" s="4.5" />
        </extensions>
      </trkpt>
      <trkpt lat="-18.81959543" lon="138.54497767">
        <ele>199.04</ele>
        <time>2026-09-03T05:39:14Z</time>
        <extensions>
          <geotracker:meta c="5.19" s="12.25" />
        </extensions>
      </trkpt>
      <trkpt lat="-18.81905814" lon="138.54381797">
        <ele>198.86</ele>
        <time>2026-09-03T05:39:24Z</time>
        <extensions>
          <geotracker:meta c="5.19" s="13.22" />
        </extensions>
      </trkpt>
      <trkpt lat="-18.81859371" lon="138.54292256">
        <ele>198.92</ele>
        <time>2026-09-03T05:39:33Z</time>
        <extensions>
          <geotracker:meta c="5.2" s="11.28" />
        </extensions>
      </trkpt>
      <trkpt lat="-18.81781161" lon="138.54124088">
        <ele>199.99</ele>
        <time>2026-09-03T05:39:51Z</time>
        <extensions>
          <geotracker:meta c="5.13" s="10.25" />
        </extensions>
      </trkpt>
      <trkpt lat="-18.81728609" lon="138.540146">
        <ele>198.46</ele>
        <time>2026-09-03T05:40:01Z</time>
        <extensions>
          <geotracker:meta c="5.2" s="16.08" />
        </extensions>
      </trkpt>
      <trkpt lat="-18.81651066" lon="138.53857711">
        <ele>198.59</ele>
        <time>2026-09-03T05:40:11Z</time>
        <extensions>
          <geotracker:meta c="5.19" s="20.02" />
        </extensions>
      </trkpt>
      <trkpt lat="-18.81572753" lon="138.53698585">
        <ele>197.98</ele>
        <time>2026-09-03T05:40:20Z</time>
        <extensions>
          <geotracker:meta c="5.19" s="21.17" />
        </extensions>
      </trkpt>
      <trkpt lat="-18.81488653" lon="138.53525845">
        <ele>195.63</ele>
        <time>2026-09-03T05:40:30Z</time>
        <extensions>
          <geotracker:meta c="5.18" s="19.72" />
        </extensions>
      </trkpt>
      <trkpt lat="-18.81416437" lon="138.53377612">
        <ele>197.03</ele>
        <time>2026-09-03T05:40:39Z</time>
        <extensions>
          <geotracker:meta c="5.26" s="18.28" />
        </extensions>
      </trkpt>
      <trkpt lat="-18.81296799" lon="138.53262842">
        <ele>197.5</ele>
        <time>2026-09-03T05:40:48Z</time>
        <extensions>
          <geotracker:meta c="5.75" s="21.36" />
        </extensions>
      </trkpt>
      <trkpt lat="-18.81118159" lon="138.53174433">
        <ele>196.7</ele>
        <time>2026-09-03T05:40:58Z</time>
        <extensions>
          <geotracker:meta c="5.95" s="22.43" />
        </extensions>
      </trkpt>
      <trkpt lat="-18.80931566" lon="138.53133884">
        <ele>195.88</ele>
        <time>2026-09-03T05:41:07Z</time>
        <extensions>
          <geotracker:meta c="6.14" s="23.95" />
        </extensions>
      </trkpt>
      <trkpt lat="-18.80752481" lon="138.53108053">
        <ele>195.22</ele>
        <time>2026-09-03T05:41:16Z</time>
        <extensions>
          <geotracker:meta c="6.15" s="21.56" />
        </extensions>
      </trkpt>
      <trkpt lat="-18.80552636" lon="138.53078309">
        <ele>193.79</ele>
        <time>2026-09-03T05:41:26Z</time>
        <extensions>
          <geotracker:meta c="6.14" s="22.63" />
        </extensions>
      </trkpt>
      <trkpt lat="-18.8034538" lon="138.53047929">
        <ele>193.88</ele>
        <time>2026-09-03T05:41:36Z</time>
        <extensions>
          <geotracker:meta c="6.13" s="23.16" />
        </extensions>
      </trkpt>
      <trkpt lat="-18.80160981" lon="138.53018614">
        <ele>195</ele>
        <time>2026-09-03T05:41:45Z</time>
        <extensions>
          <geotracker:meta c="6.14" s="22.9" />
        </extensions>
      </trkpt>
      <trkpt lat="-18.79973976" lon="138.52991812">
        <ele>193.73</ele>
        <time>2026-09-03T05:41:54Z</time>
        <extensions>
          <geotracker:meta c="6.14" s="23.96" />
        </extensions>
      </trkpt>
      <trkpt lat="-18.79775689" lon="138.52961998">
        <ele>192.22</ele>
        <time>2026-09-03T05:42:03Z</time>
        <extensions>
          <geotracker:meta c="6.14" s="24.57" />
        </extensions>
      </trkpt>
      <trkpt lat="-18.79558822" lon="138.52929622">
        <ele>192.05</ele>
        <time>2026-09-03T05:42:13Z</time>
        <extensions>
          <geotracker:meta c="6.15" s="24.19" />
        </extensions>
      </trkpt>
      <trkpt lat="-18.79338401" lon="138.52896595">
        <ele>190.8</ele>
        <time>2026-09-03T05:42:23Z</time>
        <extensions>
          <geotracker:meta c="6.14" s="24.93" />
        </extensions>
      </trkpt>
      <trkpt lat="-18.79119638" lon="138.52862711">
        <ele>192.4</ele>
        <time>2026-09-03T05:42:33Z</time>
        <extensions>
          <geotracker:meta c="6.15" s="24.46" />
        </extensions>
      </trkpt>
      <trkpt lat="-18.78899943" lon="138.52830361">
        <ele>193.48</ele>
        <time>2026-09-03T05:42:43Z</time>
        <extensions>
          <geotracker:meta c="6.16" s="24.78" />
        </extensions>
      </trkpt>
      <trkpt lat="-18.78681821" lon="138.52798546">
        <ele>193.96</ele>
        <time>2026-09-03T05:42:53Z</time>
        <extensions>
          <geotracker:meta c="6.13" s="23.59" />
        </extensions>
      </trkpt>
      <trkpt lat="-18.78490697" lon="138.52771745">
        <ele>193.79</ele>
        <time>2026-09-03T05:43:02Z</time>
        <extensions>
          <geotracker:meta c="6.15" s="23.84" />
        </extensions>
      </trkpt>
      <trkpt lat="-18.7828325" lon="138.52740004">
        <ele>194.28</ele>
        <time>2026-09-03T05:43:12Z</time>
        <extensions>
          <geotracker:meta c="6.15" s="22.86" />
        </extensions>
      </trkpt>
      <trkpt lat="-18.78071422" lon="138.52709153">
        <ele>194.28</ele>
        <time>2026-09-03T05:43:22Z</time>
        <extensions>
          <geotracker:meta c="6.13" s="24.62" />
        </extensions>
      </trkpt>
      <trkpt lat="-18.77848668" lon="138.52676573">
        <ele>193.93</ele>
        <time>2026-09-03T05:43:32Z</time>
        <extensions>
          <geotracker:meta c="6.15" s="24.69" />
        </extensions>
      </trkpt>
      <trkpt lat="-18.77419636" lon="138.52613589">
        <ele>194.22</ele>
        <time>2026-09-03T05:43:51Z</time>
        <extensions>
          <geotracker:meta c="6.15" s="25.19" />
        </extensions>
      </trkpt>
      <trkpt lat="-18.77196984" lon="138.52580619">
        <ele>194.89</ele>
        <time>2026-09-03T05:44:01Z</time>
        <extensions>
          <geotracker:meta c="6.14" s="24.78" />
        </extensions>
      </trkpt>
      <trkpt lat="-18.76976245" lon="138.52548324">
        <ele>194.57</ele>
        <time>2026-09-03T05:44:11Z</time>
        <extensions>
          <geotracker:meta c="6.14" s="24.42" />
        </extensions>
      </trkpt>
      <trkpt lat="-18.76774798" lon="138.52519011">
        <ele>194.34</ele>
        <time>2026-09-03T05:44:20Z</time>
        <extensions>
          <geotracker:meta c="6.15" s="25.4" />
        </extensions>
      </trkpt>
      <trkpt lat="-18.76567375" lon="138.52490067">
        <ele>193.92</ele>
        <time>2026-09-03T05:44:29Z</time>
        <extensions>
          <geotracker:meta c="6.15" s="25.99" />
        </extensions>
      </trkpt>
      <trkpt lat="-18.7634582" lon="138.52456593">
        <ele>193.91</ele>
        <time>2026-09-03T05:44:39Z</time>
        <extensions>
          <geotracker:meta c="6.14" s="23.98" />
        </extensions>
      </trkpt>
      <trkpt lat="-18.76153211" lon="138.52426433">
        <ele>193.13</ele>
        <time>2026-09-03T05:44:48Z</time>
        <extensions>
          <geotracker:meta c="6.08" s="24.06" />
        </extensions>
      </trkpt>
      <trkpt lat="-18.75948244" lon="138.52350383">
        <ele>193.06</ele>
        <time>2026-09-03T05:44:58Z</time>
        <extensions>
          <geotracker:meta c="5.9" s="23.61" />
        </extensions>
      </trkpt>
      <trkpt lat="-18.757669" lon="138.52277901">
        <ele>192.07</ele>
        <time>2026-09-03T05:45:07Z</time>
        <extensions>
          <geotracker:meta c="5.94" s="23.58" />
        </extensions>
      </trkpt>
      <trkpt lat="-18.75587043" lon="138.52256801">
        <ele>188.74</ele>
        <time>2026-09-03T05:45:17Z</time>
        <extensions>
          <geotracker:meta c="0.02" s="15.49" />
        </extensions>
      </trkpt>
      <trkpt lat="-18.75509275" lon="138.52258796">
        <ele>184.24</ele>
        <time>2026-09-03T05:45:26Z</time>
        <extensions>
          <geotracker:meta c="0.03" s="4.93" />
        </extensions>
      </trkpt>
      <trkpt lat="-18.75456462" lon="138.52258876">
        <ele>184.35</ele>
        <time>2026-09-03T05:45:54Z</time>
        <extensions>
          <geotracker:meta c="6.03" s="3.87" />
        </extensions>
      </trkpt>
      <trkpt lat="-18.7539636" lon="138.52254734">
        <ele>188.64</ele>
        <time>2026-09-03T05:46:03Z</time>
        <extensions>
          <geotracker:meta c="6.24" s="9.88" />
        </extensions>
      </trkpt>
      <trkpt lat="-18.75305639" lon="138.52252563">
        <ele>191.97</ele>
        <time>2026-09-03T05:46:12Z</time>
        <extensions>
          <geotracker:meta c="6.27" s="11.77" />
        </extensions>
      </trkpt>
      <trkpt lat="-18.75199197" lon="138.52250775">
        <ele>192.14</ele>
        <time>2026-09-03T05:46:22Z</time>
        <extensions>
          <geotracker:meta c="6.27" s="12.48" />
        </extensions>
      </trkpt>
      <trkpt lat="-18.75071391" lon="138.52249749">
        <ele>191.16</ele>
        <time>2026-09-03T05:46:32Z</time>
        <extensions>
          <geotracker:meta c="6.24" s="14.62" />
        </extensions>
      </trkpt>
      <trkpt lat="-18.7492874" lon="138.5224771">
        <ele>190.74</ele>
        <time>2026-09-03T05:46:42Z</time>
        <extensions>
          <geotracker:meta c="6.28" s="16.99" />
        </extensions>
      </trkpt>
      <trkpt lat="-18.74680524" lon="138.5224486">
        <ele>190.84</ele>
        <time>2026-09-03T05:47:01Z</time>
        <extensions>
          <geotracker:meta c="6.28" s="14.19" />
        </extensions>
      </trkpt>
      <trkpt lat="-18.74543997" lon="138.52243029">
        <ele>189.71</ele>
        <time>2026-09-03T05:47:10Z</time>
        <extensions>
          <geotracker:meta c="6.27" s="18.52" />
        </extensions>
      </trkpt>
      <trkpt lat="-18.74380738" lon="138.52240811">
        <ele>189.14</ele>
        <time>2026-09-03T05:47:19Z</time>
        <extensions>
          <geotracker:meta c="6.28" s="21.05" />
        </extensions>
      </trkpt>
      <trkpt lat="-18.74205795" lon="138.5223881">
        <ele>189.1</ele>
        <time>2026-09-03T05:47:28Z</time>
        <extensions>
          <geotracker:meta c="6.27" s="21.62" />
        </extensions>
      </trkpt>
      <trkpt lat="-18.74009296" lon="138.52236124">
        <ele>188.38</ele>
        <time>2026-09-03T05:47:38Z</time>
        <extensions>
          <geotracker:meta c="6.28" s="22.03" />
        </extensions>
      </trkpt>
      <trkpt lat="-18.73823059" lon="138.52233526">
        <ele>188.15</ele>
        <time>2026-09-03T05:47:47Z</time>
        <extensions>
          <geotracker:meta c="6.27" s="23.38" />
        </extensions>
      </trkpt>
      <trkpt lat="-18.73637346" lon="138.52231728">
        <ele>187.78</ele>
        <time>2026-09-03T05:47:56Z</time>
        <extensions>
          <geotracker:meta c="6.27" s="22.9" />
        </extensions>
      </trkpt>
      <trkpt lat="-18.73435848" lon="138.52228114">
        <ele>187.1</ele>
        <time>2026-09-03T05:48:06Z</time>
        <extensions>
          <geotracker:meta c="6.27" s="22.35" />
        </extensions>
      </trkpt>
      <trkpt lat="-18.7322613" lon="138.52225501">
        <ele>186.73</ele>
        <time>2026-09-03T05:48:16Z</time>
        <extensions>
          <geotracker:meta c="6.28" s="23.58" />
        </extensions>
      </trkpt>
      <trkpt lat="-18.73010023" lon="138.52222863">
        <ele>185.95</ele>
        <time>2026-09-03T05:48:26Z</time>
        <extensions>
          <geotracker:meta c="6.26" s="24.16" />
        </extensions>
      </trkpt>
      <trkpt lat="-18.7281751" lon="138.5222065">
        <ele>185.3</ele>
        <time>2026-09-03T05:48:35Z</time>
        <extensions>
          <geotracker:meta c="6.27" s="23.66" />
        </extensions>
      </trkpt>
      <trkpt lat="-18.72625182" lon="138.52217919">
        <ele>184.45</ele>
        <time>2026-09-03T05:48:44Z</time>
        <extensions>
          <geotracker:meta c="6.26" s="23.75" />
        </extensions>
      </trkpt>
      <trkpt lat="-18.72438271" lon="138.5221569">
        <ele>184.23</ele>
        <time>2026-09-03T05:48:53Z</time>
        <extensions>
          <geotracker:meta c="6.27" s="22.69" />
        </extensions>
      </trkpt>
      <trkpt lat="-18.72231466" lon="138.5221276">
        <ele>183.24</ele>
        <time>2026-09-03T05:49:03Z</time>
        <extensions>
          <geotracker:meta c="6.27" s="23.02" />
        </extensions>
      </trkpt>
      <trkpt lat="-18.71848105" lon="138.52208559">
        <ele>182.15</ele>
        <time>2026-09-03T05:49:21Z</time>
        <extensions>
          <geotracker:meta c="6.27" s="24.41" />
        </extensions>
      </trkpt>
      <trkpt lat="-18.71627252" lon="138.52205091">
        <ele>179.74</ele>
        <time>2026-09-03T05:49:31Z</time>
        <extensions>
          <geotracker:meta c="6.27" s="24.61" />
        </extensions>
      </trkpt>
      <trkpt lat="-18.71422796" lon="138.52202422">
        <ele>178.82</ele>
        <time>2026-09-03T05:49:40Z</time>
        <extensions>
          <geotracker:meta c="6.27" s="25.72" />
        </extensions>
      </trkpt>
      <trkpt lat="-18.71183636" lon="138.52199249">
        <ele>177.56</ele>
        <time>2026-09-03T05:49:50Z</time>
        <extensions>
          <geotracker:meta c="6.28" s="26.82" />
        </extensions>
      </trkpt>
      <trkpt lat="-18.70949086" lon="138.52196842">
        <ele>176.35</ele>
        <time>2026-09-03T05:50:00Z</time>
        <extensions>
          <geotracker:meta c="6.26" s="25.71" />
        </extensions>
      </trkpt>
      <trkpt lat="-18.70742817" lon="138.52195231">
        <ele>175.7</ele>
        <time>2026-09-03T05:50:09Z</time>
        <extensions>
          <geotracker:meta c="6.27" s="24.23" />
        </extensions>
      </trkpt>
      <trkpt lat="-18.70566834" lon="138.52191714">
        <ele>173.58</ele>
        <time>2026-09-03T05:50:18Z</time>
        <extensions>
          <geotracker:meta c="6.25" s="19.98" />
        </extensions>
      </trkpt>
      <trkpt lat="-18.70437643" lon="138.52131762">
        <ele>171.09</ele>
        <time>2026-09-03T05:50:27Z</time>
        <extensions>
          <geotracker:meta c="5.38" s="16.6" />
        </extensions>
      </trkpt>
      <trkpt lat="-18.70363954" lon="138.52005416">
        <ele>171.62</ele>
        <time>2026-09-03T05:50:36Z</time>
        <extensions>
          <geotracker:meta c="5.26" s="17.93" />
        </extensions>
      </trkpt>
      <trkpt lat="-18.70284334" lon="138.51873051">
        <ele>175.41</ele>
        <time>2026-09-03T05:50:46Z</time>
        <extensions>
          <geotracker:meta c="5.26" s="16.34" />
        </extensions>
      </trkpt>
      <trkpt lat="-18.7020862" lon="138.51746865">
        <ele>175.95</ele>
        <time>2026-09-03T05:50:55Z</time>
        <extensions>
          <geotracker:meta c="5.28" s="17.1" />
        </extensions>
      </trkpt>
      <trkpt lat="-18.70140348" lon="138.51633643">
        <ele>175.98</ele>
        <time>2026-09-03T05:51:05Z</time>
        <extensions>
          <geotracker:meta c="5.27" s="11.94" />
        </extensions>
      </trkpt>
      <trkpt lat="-18.7011012" lon="138.51561346">
        <ele>175.31</ele>
        <time>2026-09-03T05:51:15Z</time>
        <extensions>
          <geotracker:meta c="4.25" s="6.45" />
        </extensions>
      </trkpt>
      <trkpt lat="-18.70162503" lon="138.51494077">
        <ele>175.51</ele>
        <time>2026-09-03T05:51:24Z</time>
        <extensions>
          <geotracker:meta c="4.09" s="11.89" />
        </extensions>
      </trkpt>
      <trkpt lat="-18.70200485" lon="138.51397586">
        <ele>175.15</ele>
        <time>2026-09-03T05:51:34Z</time>
        <extensions>
          <geotracker:meta c="4.64" s="8.79" />
        </extensions>
      </trkpt>
      <trkpt lat="-18.7017992" lon="138.51312489">
        <ele>176.38</ele>
        <time>2026-09-03T05:51:43Z</time>
        <extensions>
          <geotracker:meta c="5.08" s="13.02" />
        </extensions>
      </trkpt>
      <trkpt lat="-18.70137151" lon="138.51200899">
        <ele>176.53</ele>
        <time>2026-09-03T05:51:52Z</time>
        <extensions>
          <geotracker:meta c="5.09" s="15.08" />
        </extensions>
      </trkpt>
      <trkpt lat="-18.70127208" lon="138.5091598">
        <ele>176.2</ele>
        <time>2026-09-03T05:52:11Z</time>
        <extensions>
          <geotracker:meta c="4.47" s="17.34" />
        </extensions>
      </trkpt>
      <trkpt lat="-18.70351417" lon="138.50657508">
        <ele>178.18</ele>
        <time>2026-09-03T05:52:32Z</time>
        <extensions>
          <geotracker:meta c="3.65" s="19.1" />
        </extensions>
      </trkpt>
      <trkpt lat="-18.70499284" lon="138.50570026">
        <ele>178.78</ele>
        <time>2026-09-03T05:52:41Z</time>
        <extensions>
          <geotracker:meta c="3.66" s="22.18" />
        </extensions>
      </trkpt>
      <trkpt lat="-18.70666908" lon="138.50470886">
        <ele>180.47</ele>
        <time>2026-09-03T05:52:51Z</time>
        <extensions>
          <geotracker:meta c="3.66" s="21.07" />
        </extensions>
      </trkpt>
      <trkpt lat="-18.70814779" lon="138.50383642">
        <ele>181.71</ele>
        <time>2026-09-03T05:53:00Z</time>
        <extensions>
          <geotracker:meta c="3.62" s="20.81" />
        </extensions>
      </trkpt>
      <trkpt lat="-18.709673" lon="138.50332821">
        <ele>181.67</ele>
        <time>2026-09-03T05:53:09Z</time>
        <extensions>
          <geotracker:meta c="3.23" s="18.51" />
        </extensions>
      </trkpt>
      <trkpt lat="-18.71129706" lon="138.50339691">
        <ele>180.66</ele>
        <time>2026-09-03T05:53:19Z</time>
        <extensions>
          <geotracker:meta c="3.08" s="14.75" />
        </extensions>
      </trkpt>
      <trkpt lat="-18.71219724" lon="138.50344847">
        <ele>180.57</ele>
        <time>2026-09-03T05:53:29Z</time>
        <extensions>
          <geotracker:meta c="3.28" s="9.38" />
        </extensions>
      </trkpt>
      <trkpt lat="-18.71308696" lon="138.50301112">
        <ele>181.81</ele>
        <time>2026-09-03T05:53:38Z</time>
        <extensions>
          <geotracker:meta c="3.82" s="14.47" />
        </extensions>
      </trkpt>
      <trkpt lat="-18.71392811" lon="138.50184709">
        <ele>181.18</ele>
        <time>2026-09-03T05:53:48Z</time>
        <extensions>
          <geotracker:meta c="4.17" s="15.08" />
        </extensions>
      </trkpt>
      <trkpt lat="-18.71477212" lon="138.50097784">
        <ele>181.33</ele>
        <time>2026-09-03T05:53:57Z</time>
        <extensions>
          <geotracker:meta c="3.64" s="13.43" />
        </extensions>
      </trkpt>
      <trkpt lat="-18.7159081" lon="138.50065349">
        <ele>183.05</ele>
        <time>2026-09-03T05:54:06Z</time>
        <extensions>
          <geotracker:meta c="3.27" s="15.52" />
        </extensions>
      </trkpt>
      <trkpt lat="-18.7173653" lon="138.50030553">
        <ele>183.95</ele>
        <time>2026-09-03T05:54:16Z</time>
        <extensions>
          <geotracker:meta c="3.39" s="16.56" />
        </extensions>
      </trkpt>
      <trkpt lat="-18.71864283" lon="138.49981973">
        <ele>183.84</ele>
        <time>2026-09-03T05:54:25Z</time>
        <extensions>
          <geotracker:meta c="3.64" s="17.6" />
        </extensions>
      </trkpt>
      <trkpt lat="-18.71987322" lon="138.49911266">
        <ele>185.21</ele>
        <time>2026-09-03T05:54:34Z</time>
        <extensions>
          <geotracker:meta c="3.63" s="16.49" />
        </extensions>
      </trkpt>
      <trkpt lat="-18.72128985" lon="138.49855131">
        <ele>186.19</ele>
        <time>2026-09-03T05:54:44Z</time>
        <extensions>
          <geotracker:meta c="3.37" s="17.36" />
        </extensions>
      </trkpt>
      <trkpt lat="-18.72267345" lon="138.49825333">
        <ele>187.52</ele>
        <time>2026-09-03T05:54:53Z</time>
        <extensions>
          <geotracker:meta c="3.34" s="16.96" />
        </extensions>
      </trkpt>
      <trkpt lat="-18.72415895" lon="138.49791943">
        <ele>188.49</ele>
        <time>2026-09-03T05:55:03Z</time>
        <extensions>
          <geotracker:meta c="3.34" s="16.55" />
        </extensions>
      </trkpt>
      <trkpt lat="-18.72545155" lon="138.49737645">
        <ele>188.59</ele>
        <time>2026-09-03T05:55:13Z</time>
        <extensions>
          <geotracker:meta c="3.81" s="15.1" />
        </extensions>
      </trkpt>
      <trkpt lat="-18.72624442" lon="138.49634568">
        <ele>187.75</ele>
        <time>2026-09-03T05:55:23Z</time>
        <extensions>
          <geotracker:meta c="4.29" s="14.1" />
        </extensions>
      </trkpt>
      <trkpt lat="-18.7264608" lon="138.4939133">
        <ele>189.35</ele>
        <time>2026-09-03T05:55:42Z</time>
        <extensions>
          <geotracker:meta c="4.75" s="9.82" />
        </extensions>
      </trkpt>
      <trkpt lat="-18.72641138" lon="138.49308573">
        <ele>189.85</ele>
        <time>2026-09-03T05:56:01Z</time>
        <extensions>
          <geotracker:meta c="4.82" s="6.63" />
        </extensions>
      </trkpt>
      <trkpt lat="-18.72652308" lon="138.49240567">
        <ele>188.4</ele>
        <time>2026-09-03T05:56:11Z</time>
        <extensions>
          <geotracker:meta c="4.37" s="7.9" />
        </extensions>
      </trkpt>
      <trkpt lat="-18.72649604" lon="138.49178178">
        <ele>188.9</ele>
        <time>2026-09-03T05:56:20Z</time>
        <extensions>
          <geotracker:meta c="5.27" s="6.75" />
        </extensions>
      </trkpt>
      <trkpt lat="-18.72621687" lon="138.49119286">
        <ele>189.71</ele>
        <time>2026-09-03T05:56:30Z</time>
        <extensions>
          <geotracker:meta c="4.67" s="7.84" />
        </extensions>
      </trkpt>
      <trkpt lat="-18.72615814" lon="138.49048321">
        <ele>190.55</ele>
        <time>2026-09-03T05:56:40Z</time>
        <extensions>
          <geotracker:meta c="5.02" s="7.4" />
        </extensions>
      </trkpt>
      <trkpt lat="-18.7256963" lon="138.48991934">
        <ele>190.46</ele>
        <time>2026-09-03T05:56:49Z</time>
        <extensions>
          <geotracker:meta c="5.59" s="9.65" />
        </extensions>
      </trkpt>
      <trkpt lat="-18.72496451" lon="138.48944854">
        <ele>191.34</ele>
        <time>2026-09-03T05:56:59Z</time>
        <extensions>
          <geotracker:meta c="6" s="9.71" />
        </extensions>
      </trkpt>
      <trkpt lat="-18.72418155" lon="138.48938091">
        <ele>190.81</ele>
        <time>2026-09-03T05:57:08Z</time>
        <extensions>
          <geotracker:meta c="0.09" s="9.57" />
        </extensions>
      </trkpt>
      <trkpt lat="-18.72337464" lon="138.48947969">
        <ele>191.15</ele>
        <time>2026-09-03T05:57:17Z</time>
        <extensions>
          <geotracker:meta c="0.08" s="10.49" />
        </extensions>
      </trkpt>
      <trkpt lat="-18.72251717" lon="138.48966034">
        <ele>191.16</ele>
        <time>2026-09-03T05:57:26Z</time>
        <extensions>
          <geotracker:meta c="0.39" s="10.71" />
        </extensions>
      </trkpt>
      <trkpt lat="-18.72173273" lon="138.48997579">
        <ele>192.03</ele>
        <time>2026-09-03T05:57:35Z</time>
        <extensions>
          <geotracker:meta c="0.4" s="9.17" />
        </extensions>
      </trkpt>
      <trkpt lat="-18.7212381" lon="138.49041697">
        <ele>192.59</ele>
        <time>2026-09-03T05:57:44Z</time>
        <extensions>
          <geotracker:meta c="0.86" s="8" />
        </extensions>
      </trkpt>
      <trkpt lat="-18.72071125" lon="138.49079943">
        <ele>193.76</ele>
        <time>2026-09-03T05:57:53Z</time>
        <extensions>
          <geotracker:meta c="0.63" s="8.52" />
        </extensions>
      </trkpt>
      <trkpt lat="-18.71921748" lon="138.49154761">
        <ele>196.87</ele>
        <time>2026-09-03T05:58:12Z</time>
        <extensions>
          <geotracker:meta c="0.15" s="12.57" />
        </extensions>
      </trkpt>
      <trkpt lat="-18.71812757" lon="138.49195948">
        <ele>199.25</ele>
        <time>2026-09-03T05:58:22Z</time>
        <extensions>
          <geotracker:meta c="0.32" s="12.89" />
        </extensions>
      </trkpt>
      <trkpt lat="-18.71710191" lon="138.49234739">
        <ele>202.05</ele>
        <time>2026-09-03T05:58:32Z</time>
        <extensions>
          <geotracker:meta c="0.33" s="9.85" />
        </extensions>
      </trkpt>
      <trkpt lat="-18.7161622" lon="138.49243641">
        <ele>196.71</ele>
        <time>2026-09-03T05:58:42Z</time>
        <extensions>
          <geotracker:meta c="0.02" s="11.09" />
        </extensions>
      </trkpt>
      <trkpt lat="-18.71529253" lon="138.49246494">
        <ele>194.22</ele>
        <time>2026-09-03T05:58:51Z</time>
        <extensions>
          <geotracker:meta c="0.01" s="10.22" />
        </extensions>
      </trkpt>
      <trkpt lat="-18.71453119" lon="138.49197989">
        <ele>192.2</ele>
        <time>2026-09-03T05:59:01Z</time>
        <extensions>
          <geotracker:meta c="5.56" s="9.69" />
        </extensions>
      </trkpt>
      <trkpt lat="-18.71376129" lon="138.49184145">
        <ele>193.04</ele>
        <time>2026-09-03T05:59:11Z</time>
        <extensions>
          <geotracker:meta c="6.18" s="9.68" />
        </extensions>
      </trkpt>
      <trkpt lat="-18.71291295" lon="138.49179398">
        <ele>191.83</ele>
        <time>2026-09-03T05:59:21Z</time>
        <extensions>
          <geotracker:meta c="0.24" s="9.94" />
        </extensions>
      </trkpt>
      <trkpt lat="-18.71206433" lon="138.49225215">
        <ele>187.07</ele>
        <time>2026-09-03T05:59:31Z</time>
        <extensions>
          <geotracker:meta c="0.24" s="11.35" />
        </extensions>
      </trkpt>
      <trkpt lat="-18.71107038" lon="138.49225894">
        <ele>187.29</ele>
        <time>2026-09-03T05:59:41Z</time>
        <extensions>
          <geotracker:meta c="6.18" s="10.05" />
        </extensions>
      </trkpt>
      <trkpt lat="-18.71024616" lon="138.49194436">
        <ele>184.55</ele>
        <time>2026-09-03T05:59:51Z</time>
        <extensions>
          <geotracker:meta c="5.87" s="9.56" />
        </extensions>
      </trkpt>
      <trkpt lat="-18.70947238" lon="138.49177659">
        <ele>184.37</ele>
        <time>2026-09-03T06:00:00Z</time>
        <extensions>
          <geotracker:meta c="6.06" s="10.25" />
        </extensions>
      </trkpt>
      <trkpt lat="-18.70856345" lon="138.49159862">
        <ele>182.16</ele>
        <time>2026-09-03T06:00:10Z</time>
        <extensions>
          <geotracker:meta c="6.16" s="10.45" />
        </extensions>
      </trkpt>
      <trkpt lat="-18.70769875" lon="138.49179498">
        <ele>179.44</ele>
        <time>2026-09-03T06:00:19Z</time>
        <extensions>
          <geotracker:meta c="0.29" s="11.89" />
        </extensions>
      </trkpt>
      <trkpt lat="-18.7068837" lon="138.49197692">
        <ele>178.48</ele>
        <time>2026-09-03T06:00:28Z</time>
        <extensions>
          <geotracker:meta c="0.11" s="8.12" />
        </extensions>
      </trkpt>
      <trkpt lat="-18.70619361" lon="138.49174872">
        <ele>179.11</ele>
        <time>2026-09-03T06:00:37Z</time>
        <extensions>
          <geotracker:meta c="5.94" s="10.69" />
        </extensions>
      </trkpt>
      <trkpt lat="-18.70535238" lon="138.49139338">
        <ele>179.48</ele>
        <time>2026-09-03T06:00:46Z</time>
        <extensions>
          <geotracker:meta c="5.95" s="11.38" />
        </extensions>
      </trkpt>
      <trkpt lat="-18.70441099" lon="138.49114095">
        <ele>180.94</ele>
        <time>2026-09-03T06:00:56Z</time>
        <extensions>
          <geotracker:meta c="6.02" s="11" />
        </extensions>
      </trkpt>
      <trkpt lat="-18.70344323" lon="138.49071822">
        <ele>180.62</ele>
        <time>2026-09-03T06:01:06Z</time>
        <extensions>
          <geotracker:meta c="5.84" s="11.23" />
        </extensions>
      </trkpt>
      <trkpt lat="-18.70281044" lon="138.49027294">
        <ele>181.05</ele>
        <time>2026-09-03T06:01:15Z</time>
        <extensions>
          <geotracker:meta c="5.46" s="8.01" />
        </extensions>
      </trkpt>
      <trkpt lat="-18.7024975" lon="138.48987938">
        <ele>179.88</ele>
        <time>2026-09-03T06:01:24Z</time>
        <extensions>
          <geotracker:meta c="5.46" s="4.28" />
        </extensions>
      </trkpt>
      <trkpt lat="-18.70193461" lon="138.48928527">
        <ele>181.61</ele>
        <time>2026-09-03T06:01:44Z</time>
        <extensions>
          <geotracker:meta c="5.54" s="6.7" />
        </extensions>
      </trkpt>
      <trkpt lat="-18.70144737" lon="138.48891046">
        <ele>184.59</ele>
        <time>2026-09-03T06:01:54Z</time>
        <extensions>
          <geotracker:meta c="5.7" s="5.87" />
        </extensions>
      </trkpt>
      <trkpt lat="-18.70147996" lon="138.48810784">
        <ele>185.02</ele>
        <time>2026-09-03T06:02:12Z</time>
        <extensions>
          <geotracker:meta c="3.83" s="4.43" />
        </extensions>
      </trkpt>
      <trkpt lat="-18.70128908" lon="138.48739448">
        <ele>186.31</ele>
        <time>2026-09-03T06:02:30Z</time>
        <extensions>
          <geotracker:meta c="5.09" s="4.37" />
        </extensions>
      </trkpt>
      <trkpt lat="-18.70098105" lon="138.48749307">
        <ele>186.3</ele>
        <time>2026-09-03T06:04:45Z</time>
        <extensions>
          <geotracker:meta c="0.07" s="1.52" />
        </extensions>
      </trkpt>
      <trkpt lat="-18.70061869" lon="138.48744263">
        <ele>174.56</ele>
        <time>2026-09-03T06:07:15Z</time>
        <extensions>
          <geotracker:meta c="5.38" s="0.76" />
        </extensions>
      </trkpt>
      <trkpt lat="-18.70205361" lon="138.4894516">
        <ele>183.36</ele>
        <time>2026-09-03T06:22:16Z</time>
        <extensions>
          <geotracker:meta c="2.36" s="9.88" />
        </extensions>
      </trkpt>
      <trkpt lat="-18.70296439" lon="138.49043527">
        <ele>185.71</ele>
        <time>2026-09-03T06:22:40Z</time>
        <extensions>
          <geotracker:meta c="2.49" s="7.68" />
        </extensions>
      </trkpt>
      <trkpt lat="-18.70352875" lon="138.49078225">
        <ele>184.23</ele>
        <time>2026-09-03T06:22:49Z</time>
        <extensions>
          <geotracker:meta c="2.78" s="8.11" />
        </extensions>
      </trkpt>
      <trkpt lat="-18.7041289" lon="138.49107185">
        <ele>184.1</ele>
        <time>2026-09-03T06:22:58Z</time>
        <extensions>
          <geotracker:meta c="2.8" s="8.48" />
        </extensions>
      </trkpt>
      <trkpt lat="-18.70487077" lon="138.49128067">
        <ele>183.67</ele>
        <time>2026-09-03T06:23:07Z</time>
        <extensions>
          <geotracker:meta c="2.9" s="9.9" />
        </extensions>
      </trkpt>
      <trkpt lat="-18.70720399" lon="138.49195555">
        <ele>179.72</ele>
        <time>2026-09-03T06:23:33Z</time>
        <extensions>
          <geotracker:meta c="3.28" s="9.95" />
        </extensions>
      </trkpt>
      <trkpt lat="-18.70877823" lon="138.49166831">
        <ele>185.27</ele>
        <time>2026-09-03T06:23:53Z</time>
        <extensions>
          <geotracker:meta c="2.95" s="10.02" />
        </extensions>
      </trkpt>
      <trkpt lat="-18.70972492" lon="138.49186865">
        <ele>187.39</ele>
        <time>2026-09-03T06:24:03Z</time>
        <extensions>
          <geotracker:meta c="2.92" s="10.73" />
        </extensions>
      </trkpt>
      <trkpt lat="-18.71161873" lon="138.4923064">
        <ele>193.07</ele>
        <time>2026-09-03T06:24:23Z</time>
        <extensions>
          <geotracker:meta c="3.12" s="11.18" />
        </extensions>
      </trkpt>
      <trkpt lat="-18.71490332" lon="138.49230329">
        <ele>195.33</ele>
        <time>2026-09-03T06:25:03Z</time>
        <extensions>
          <geotracker:meta c="2.48" s="10.26" />
        </extensions>
      </trkpt>
      <trkpt lat="-18.71579929" lon="138.49246014">
        <ele>199.01</ele>
        <time>2026-09-03T06:25:13Z</time>
        <extensions>
          <geotracker:meta c="3.15" s="10.91" />
        </extensions>
      </trkpt>
      <trkpt lat="-18.71685576" lon="138.49243051">
        <ele>203.93</ele>
        <time>2026-09-03T06:25:23Z</time>
        <extensions>
          <geotracker:meta c="3.21" s="11.02" />
        </extensions>
      </trkpt>
      <trkpt lat="-18.71782141" lon="138.49208643">
        <ele>200.97</ele>
        <time>2026-09-03T06:25:33Z</time>
        <extensions>
          <geotracker:meta c="3.42" s="12.84" />
        </extensions>
      </trkpt>
      <trkpt lat="-18.71895452" lon="138.49165868">
        <ele>201.12</ele>
        <time>2026-09-03T06:25:43Z</time>
        <extensions>
          <geotracker:meta c="3.44" s="12.78" />
        </extensions>
      </trkpt>
      <trkpt lat="-18.72005522" lon="138.49144584">
        <ele>198.21</ele>
        <time>2026-09-03T06:25:53Z</time>
        <extensions>
          <geotracker:meta c="3.45" s="11.84" />
        </extensions>
      </trkpt>
      <trkpt lat="-18.72081925" lon="138.49078493">
        <ele>197.74</ele>
        <time>2026-09-03T06:26:03Z</time>
        <extensions>
          <geotracker:meta c="3.79" s="10.31" />
        </extensions>
      </trkpt>
      <trkpt lat="-18.72146633" lon="138.49018439">
        <ele>196.13</ele>
        <time>2026-09-03T06:26:13Z</time>
        <extensions>
          <geotracker:meta c="3.93" s="9.49" />
        </extensions>
      </trkpt>
      <trkpt lat="-18.72236867" lon="138.48975057">
        <ele>195.25</ele>
        <time>2026-09-03T06:26:23Z</time>
        <extensions>
          <geotracker:meta c="3.53" s="11.79" />
        </extensions>
      </trkpt>
      <trkpt lat="-18.72342891" lon="138.48949336">
        <ele>196.78</ele>
        <time>2026-09-03T06:26:33Z</time>
        <extensions>
          <geotracker:meta c="3.21" s="12.76" />
        </extensions>
      </trkpt>
      <trkpt lat="-18.72458723" lon="138.48941226">
        <ele>196.53</ele>
        <time>2026-09-03T06:26:43Z</time>
        <extensions>
          <geotracker:meta c="3.1" s="12.49" />
        </extensions>
      </trkpt>
      <trkpt lat="-18.72560906" lon="138.48982693">
        <ele>192.7</ele>
        <time>2026-09-03T06:26:53Z</time>
        <extensions>
          <geotracker:meta c="2.47" s="12.06" />
        </extensions>
      </trkpt>
      <trkpt lat="-18.72619807" lon="138.49068612">
        <ele>192.33</ele>
        <time>2026-09-03T06:27:03Z</time>
        <extensions>
          <geotracker:meta c="1.8" s="11.17" />
        </extensions>
      </trkpt>
      <trkpt lat="-18.72645672" lon="138.4916317">
        <ele>192.95</ele>
        <time>2026-09-03T06:27:13Z</time>
        <extensions>
          <geotracker:meta c="2.28" s="10.17" />
        </extensions>
      </trkpt>
      <trkpt lat="-18.72649508" lon="138.49251522">
        <ele>189.09</ele>
        <time>2026-09-03T06:27:23Z</time>
        <extensions>
          <geotracker:meta c="1.23" s="10.63" />
        </extensions>
      </trkpt>
      <trkpt lat="-18.72643634" lon="138.49342993">
        <ele>192.03</ele>
        <time>2026-09-03T06:27:33Z</time>
        <extensions>
          <geotracker:meta c="1.54" s="6.93" />
        </extensions>
      </trkpt>
      <trkpt lat="-18.7264575" lon="138.49427807">
        <ele>190.2</ele>
        <time>2026-09-03T06:27:43Z</time>
        <extensions>
          <geotracker:meta c="1.6" s="11.88" />
        </extensions>
      </trkpt>
      <trkpt lat="-18.72646283" lon="138.49563743">
        <ele>186.93</ele>
        <time>2026-09-03T06:27:53Z</time>
        <extensions>
          <geotracker:meta c="1.45" s="15.94" />
        </extensions>
      </trkpt>
      <trkpt lat="-18.72422402" lon="138.49790286">
        <ele>191.13</ele>
        <time>2026-09-03T06:28:13Z</time>
        <extensions>
          <geotracker:meta c="0.22" s="19.55" />
        </extensions>
      </trkpt>
      <trkpt lat="-18.71908467" lon="138.49957134">
        <ele>187.9</ele>
        <time>2026-09-03T06:28:43Z</time>
        <extensions>
          <geotracker:meta c="0.5" s="19.95" />
        </extensions>
      </trkpt>
      <trkpt lat="-18.71565276" lon="138.5006715">
        <ele>186.86</ele>
        <time>2026-09-03T06:29:03Z</time>
        <extensions>
          <geotracker:meta c="0.16" s="18.7" />
        </extensions>
      </trkpt>
      <trkpt lat="-18.70895112" lon="138.50349885">
        <ele>186.4</ele>
        <time>2026-09-03T06:30:03Z</time>
        <extensions>
          <geotracker:meta c="0.3" s="14.31" />
        </extensions>
      </trkpt>
      <trkpt lat="-18.70613489" lon="138.50501106">
        <ele>184.08</ele>
        <time>2026-09-03T06:30:23Z</time>
        <extensions>
          <geotracker:meta c="0.5" s="19.32" />
        </extensions>
      </trkpt>
      <trkpt lat="-18.70460711" lon="138.50591667">
        <ele>184.02</ele>
        <time>2026-09-03T06:30:33Z</time>
        <extensions>
          <geotracker:meta c="0.51" s="19.26" />
        </extensions>
      </trkpt>
      <trkpt lat="-18.70109942" lon="138.51107308">
        <ele>179.15</ele>
        <time>2026-09-03T06:31:13Z</time>
        <extensions>
          <geotracker:meta c="1.65" s="17.28" />
        </extensions>
      </trkpt>
    </trkseg>
    <trkseg>
      <trkpt lat="-18.69106386" lon="138.53177671">
        <ele>176.46</ele>
        <time>2026-09-03T06:33:29Z</time>
        <extensions>
          <geotracker:meta c="1.03" s="13.15" />
        </extensions>
      </trkpt>
      <trkpt lat="-18.69063104" lon="138.53123061">
        <ele>177.58</ele>
        <time>2026-09-03T06:34:14Z</time>
        <extensions>
          <geotracker:meta c="5.33" s="3.55" />
        </extensions>
      </trkpt>
      <trkpt lat="-18.69045232" lon="138.53090289">
        <ele>177.15</ele>
        <time>2026-09-03T06:44:22Z</time>
        <extensions>
          <geotracker:meta c="2.25" s="1.35" />
        </extensions>
      </trkpt>
      <trkpt lat="-18.6889989" lon="138.52771765">
        <ele>175.99</ele>
        <time>2026-09-03T06:54:04Z</time>
        <extensions>
          <geotracker:meta c="3.98" s="1.16" />
        </extensions>
      </trkpt>
      <trkpt lat="-18.68858492" lon="138.52875961">
        <ele>173.98</ele>
        <time>2026-09-03T06:56:34Z</time>
        <extensions>
          <geotracker:meta c="1.14" s="1.53" />
        </extensions>
      </trkpt>
      <trkpt lat="-18.689193" lon="138.52793827">
        <ele>175.55</ele>
        <time>2026-09-03T07:34:05Z</time>
        <extensions>
          <geotracker:meta c="3.58" s="0.88" />
        </extensions>
      </trkpt>
      <trkpt lat="-18.68922321" lon="138.52833525">
        <ele>173.84</ele>
        <time>2026-09-03T07:36:10Z</time>
        <extensions>
          <geotracker:meta c="0.64" s="2.83" />
        </extensions>
      </trkpt>
    </trkseg>
  </trk>
</gpx>